mkdir: cannot create directory ‘Simulations’: File exists
mkdir: cannot create directory ‘replica_1’: File exists
mkdir: cannot create directory ‘298.0K’: File exists
mkdir: cannot create directory ‘1.0Bar’: File exists
NOTE: Some configuration directories are not set up yet: 
	/home/zoe/.gromacswrapper
	/home/zoe/.gromacswrapper/qscripts
	/home/zoe/.gromacswrapper/templates
NOTE: You can create the configuration file and directories with:
	>>> import gromacs
	>>> gromacs.config.setup()
Before starting the calculations there is some information and formatting that is required from you. This is important for ensuring the scripts being applied function as intended.
We are able to create the system of interest through our python scripts. If this is a requirement, you will need to provide the gro files containing the AA {central}_AA.gro and UA {solvent}_UAS.gro and associated topology files for these molecules. The central atom will be equilibrated, minimised and have the number of requested solvent atoms added to a 5*5*5 box. Please ensure the central and solvent atoms are given different names in this case. If this isn't required the gro file for the system should be titled either {central}.gro for a system of all the same molecules or {central}_in_{solvent}.gro if for a mixture.
For systems that require the application of both UA and AA molecules that appears differently in the topology file, we request that these are separated into different .itp files labelled in the following format:f'{central}_AA.itp' and f'{solvent}_UA.itp', listed in the topology file using the #include notation. If your system is a mixture it should be labeled using f'{central}_in_{solvent}.top'. Otherwise, if using using a system that appears the same in the topology file when split into UA and AA we request that these are included as f'{central}.top'. You will be asked for the name of your central and solvent molecule names for this purposes.
There are some additional requirements for the formating of your topology file. If a dummy atom is present, ensure the [atomtypes] section, either within the topology file or associated forcefield contains the following columns ;name typ MW q dummy V@nm W@kj/mol where A represents atom and D represents the dummy. If not, the following column structure is accepted ;name typ MW q V@nm W@kj/mol. This is require for the generation of the oniom file.
With this information are you ready to get started? yes or no?
Please continue with the next steps
Does your system require separated .itp files? yes/no?
What is your central and solvent molecues?
Central molecules?
Its SMILE String?
Its residue name?
Surrounding Solvent?
Its SMILE String?
Its residue name?
What is your solvent keyword for Gaussian?
Does the central atom you are using require the application of a dummy atom?
What is the scaling ratio for your charges?
qr1:
qr2:
qr3:
Do you need the gro system generated?
What is the experimental density of your?
What is the molar mass of your?
What is the experimental dielectric constant of your molecule?
What is the experimental refractive index of your molecule?
What is the experimental dipole moment of your molecule in the gas phase?
How many replicas would you like to run?
What temperatures (in K) would you like to run your simulations to run at? (please use 1, 2, ... format)
What pressures (in K) would you like to run your simulations to run at? (please use 1, 2, ... format)
24.0
2567
2.0475
processing conf3_*.gro files
opt-test_vacuum/nvt_vacuum.out opt-test dipole_l 1.5801
opt-test_vacuum/nvt_vacuum.out opt-test dipole_m 1.5801
opt-test_vacuum/nvt_vacuum.out opt-test dipole_h 1.5801
opt-test
       dipole_l  dipole_m  dipole_h
count    1.0000    1.0000    1.0000
mean     1.5801    1.5801    1.5801
std         NaN       NaN       NaN
min      1.5801    1.5801    1.5801
25%      1.5801    1.5801    1.5801
50%      1.5801    1.5801    1.5801
75%      1.5801    1.5801    1.5801
max      1.5801    1.5801    1.5801
     config  dipole_l  dipole_m  dipole_h
0  opt-test    1.5801    1.5801    1.5801
2.1168
   dipole_l  dipole_m  dipole_h
0    2.1168    2.1168    2.1168
       dipole_l  dipole_m  dipole_h
count    1.0000    1.0000    1.0000
mean     2.1168    2.1168    2.1168
std         NaN       NaN       NaN
min      2.1168    2.1168    2.1168
25%      2.1168    2.1168    2.1168
50%      2.1168    2.1168    2.1168
75%      2.1168    2.1168    2.1168
max      2.1168    2.1168    2.1168
   dipole_l  dipole_m  dipole_h
0    2.1168    2.1168    2.1168
2.1155
   dipole_l  dipole_m  dipole_h
0    2.1155    2.1155    2.1155
       dipole_l  dipole_m  dipole_h
count    1.0000    1.0000    1.0000
mean     2.1155    2.1155    2.1155
std         NaN       NaN       NaN
min      2.1155    2.1155    2.1155
25%      2.1155    2.1155    2.1155
50%      2.1155    2.1155    2.1155
75%      2.1155    2.1155    2.1155
max      2.1155    2.1155    2.1155
   dipole_l  dipole_m  dipole_h
0    2.1155    2.1155    2.1155
['./Simulations/replica_1/298.0K/1.0Bar']
original directory: /home/zoe/Research/SCEE_Project/Results/Aromatics_Chapter/Ethanol_MJ
Running on host: zoe-OptiPlex-SFF-Plus-7010
/home/zoe/Research/SCEE_Project/Results/Aromatics_Chapter/Ethanol_MJ/Simulations/replica_1/298.0K/1.0Bar
processing conf_*.gro files
['./Ethanol_c15_q1.inp', './Ethanol_c75_q1.inp', './Ethanol_c51_q2.inp', './Ethanol_c111_q3.inp', './Ethanol_c71_q1.inp', './Ethanol_c168_q1.inp', './Ethanol_c167_q2.inp', './Ethanol_c183_q1.inp', './Ethanol_c176_q3.inp', './Ethanol_c136_q1.inp', './Ethanol_c122_q1.inp', './Ethanol_c115_q3.inp', './Ethanol_c170_q1.inp', './Ethanol_c198_q2.inp', './Ethanol_c131_q2.inp', './Ethanol_c92_q2.inp', './Ethanol_c44_q1.inp', './Ethanol_c52_q2.inp', './Ethanol_c30_q2.inp', './Ethanol_c85_q3.inp', './Ethanol_c144_q3.inp', './Ethanol_c119_q3.inp', './Ethanol_c89_q2.inp', './Ethanol_c157_q2.inp', './Ethanol_c7_q3.inp', './Ethanol_c130_q2.inp', './Ethanol_c187_q2.inp', './Ethanol_c87_q3.inp', './Ethanol_c130_q1.inp', './Ethanol_c101_q2.inp', './Ethanol_c26_q1.inp', './Ethanol_c148_q3.inp', './Ethanol_c151_q3.inp', './Ethanol_c108_q3.inp', './Ethanol_c45_q2.inp', './Ethanol_c141_q1.inp', './Ethanol_c169_q2.inp', './Ethanol_c47_q1.inp', './Ethanol_c90_q2.inp', './Ethanol_c129_q3.inp', './Ethanol_c75_q2.inp', './Ethanol_c91_q1.inp', './Ethanol_c191_q2.inp', './Ethanol_c26_q3.inp', './Ethanol_c146_q1.inp', './Ethanol_c15_q2.inp', './Ethanol_c3_q3.inp', './Ethanol_c160_q2.inp', './Ethanol_c113_q2.inp', './Ethanol_c163_q1.inp', './Ethanol_c112_q1.inp', './Ethanol_c159_q3.inp', './Ethanol_c191_q1.inp', './Ethanol_c4_q3.inp', './Ethanol_c44_q2.inp', './Ethanol_c106_q2.inp', './Ethanol_c164_q3.inp', './Ethanol_c166_q2.inp', './Ethanol_c46_q1.inp', './Ethanol_c178_q3.inp', './Ethanol_c77_q1.inp', './Ethanol_c57_q2.inp', './Ethanol_c170_q2.inp', './Ethanol_c153_q1.inp', './Ethanol_c109_q3.inp', './Ethanol_c22_q2.inp', './Ethanol_c86_q1.inp', './Ethanol_c147_q2.inp', './Ethanol_c36_q1.inp', './Ethanol_c186_q2.inp', './Ethanol_c164_q1.inp', './Ethanol_c43_q2.inp', './Ethanol_c200_q2.inp', './Ethanol_c139_q1.inp', './Ethanol_c99_q1.inp', './Ethanol_c61_q2.inp', './Ethanol_c50_q3.inp', './Ethanol_c171_q3.inp', './Ethanol_c127_q3.inp', './Ethanol_c83_q3.inp', './Ethanol_c193_q2.inp', './Ethanol_c120_q1.inp', './Ethanol_c29_q3.inp', './Ethanol_c71_q3.inp', './Ethanol_c22_q3.inp', './Ethanol_c21_q3.inp', './Ethanol_c41_q1.inp', './Ethanol_c83_q2.inp', './Ethanol_c84_q1.inp', './Ethanol_c9_q2.inp', './Ethanol_c13_q1.inp', './Ethanol_c90_q3.inp', './Ethanol_c183_q2.inp', './Ethanol_c54_q3.inp', './Ethanol_c192_q3.inp', './Ethanol_c27_q1.inp', './Ethanol_c195_q1.inp', './Ethanol_c140_q3.inp', './Ethanol_c1_q2.inp', './Ethanol_c113_q1.inp', './Ethanol_c137_q3.inp', './Ethanol_c177_q2.inp', './Ethanol_c100_q2.inp', './Ethanol_c123_q2.inp', './Ethanol_c35_q3.inp', './Ethanol_c12_q3.inp', './Ethanol_c95_q1.inp', './Ethanol_c95_q2.inp', './Ethanol_c140_q1.inp', './Ethanol_c162_q3.inp', './Ethanol_c51_q1.inp', './Ethanol_c121_q3.inp', './Ethanol_c18_q3.inp', './Ethanol_c38_q1.inp', './Ethanol_c23_q2.inp', './Ethanol_c137_q1.inp', './Ethanol_c152_q2.inp', './Ethanol_c56_q2.inp', './Ethanol_c107_q2.inp', './Ethanol_c139_q2.inp', './Ethanol_c32_q1.inp', './Ethanol_c141_q3.inp', './Ethanol_c162_q2.inp', './Ethanol_c80_q3.inp', './Ethanol_c30_q1.inp', './Ethanol_c195_q3.inp', './Ethanol_c187_q3.inp', './Ethanol_c171_q1.inp', './Ethanol_c144_q1.inp', './Ethanol_c198_q3.inp', './Ethanol_c92_q3.inp', './Ethanol_c6_q1.inp', './Ethanol_c65_q3.inp', './Ethanol_c63_q3.inp', './Ethanol_c111_q2.inp', './Ethanol_c124_q3.inp', './Ethanol_c180_q1.inp', './Ethanol_c132_q2.inp', './Ethanol_c131_q1.inp', './Ethanol_c71_q2.inp', './Ethanol_c156_q3.inp', './Ethanol_c184_q2.inp', './Ethanol_c196_q3.inp', './Ethanol_c172_q1.inp', './Ethanol_c182_q2.inp', './Ethanol_c134_q2.inp', './Ethanol_c94_q3.inp', './Ethanol_c124_q2.inp', './Ethanol_c40_q1.inp', './Ethanol_c14_q1.inp', './Ethanol_c90_q1.inp', './Ethanol_c34_q1.inp', './Ethanol_c69_q3.inp', './Ethanol_c194_q1.inp', './Ethanol_c198_q1.inp', './Ethanol_c48_q3.inp', './Ethanol_c32_q3.inp', './Ethanol_c175_q3.inp', './Ethanol_c188_q3.inp', './Ethanol_c151_q2.inp', './Ethanol_c103_q2.inp', './Ethanol_c50_q2.inp', './Ethanol_c26_q2.inp', './Ethanol_c30_q3.inp', './Ethanol_c89_q3.inp', './Ethanol_c4_q2.inp', './Ethanol_c161_q2.inp', './Ethanol_c182_q3.inp', './Ethanol_c116_q1.inp', './Ethanol_c12_q1.inp', './Ethanol_c14_q3.inp', './Ethanol_c117_q3.inp', './Ethanol_c176_q2.inp', './Ethanol_c15_q3.inp', './Ethanol_c78_q2.inp', './Ethanol_c16_q1.inp', './Ethanol_c102_q1.inp', './Ethanol_c199_q2.inp', './Ethanol_c81_q2.inp', './Ethanol_c102_q3.inp', './Ethanol_c79_q2.inp', './Ethanol_c31_q1.inp', './Ethanol_c103_q3.inp', './Ethanol_c53_q3.inp', './Ethanol_c139_q3.inp', './Ethanol_c155_q2.inp', './Ethanol_c70_q3.inp', './Ethanol_c55_q2.inp', './Ethanol_c66_q1.inp', './Ethanol_c29_q2.inp', './Ethanol_c148_q1.inp', './Ethanol_c33_q3.inp', './Ethanol_c197_q1.inp', './Ethanol_c63_q2.inp', './Ethanol_c122_q2.inp', './Ethanol_c2_q1.inp', './Ethanol_c24_q1.inp', './Ethanol_c149_q2.inp', './Ethanol_c157_q3.inp', './Ethanol_c133_q2.inp', './Ethanol_c126_q3.inp', './Ethanol_c181_q3.inp', './Ethanol_c29_q1.inp', './Ethanol_c98_q2.inp', './Ethanol_c105_q1.inp', './Ethanol_c177_q3.inp', './Ethanol_c45_q1.inp', './Ethanol_c28_q3.inp', './Ethanol_c77_q2.inp', './Ethanol_c27_q2.inp', './Ethanol_c190_q1.inp', './Ethanol_c67_q1.inp', './Ethanol_c166_q3.inp', './Ethanol_c24_q2.inp', './Ethanol_c58_q3.inp', './Ethanol_c197_q3.inp', './Ethanol_c60_q3.inp', './Ethanol_c126_q1.inp', './Ethanol_c77_q3.inp', './Ethanol_c21_q1.inp', './Ethanol_c23_q1.inp', './Ethanol_c146_q2.inp', './Ethanol_c55_q1.inp', './Ethanol_c73_q2.inp', './Ethanol_c74_q1.inp', './Ethanol_c125_q1.inp', './Ethanol_c47_q3.inp', './Ethanol_c111_q1.inp', './Ethanol_c11_q3.inp', './Ethanol_c16_q2.inp', './Ethanol_c85_q1.inp', './Ethanol_c13_q2.inp', './Ethanol_c191_q3.inp', './Ethanol_c9_q3.inp', './Ethanol_c150_q1.inp', './Ethanol_c18_q1.inp', './Ethanol_c18_q2.inp', './Ethanol_c64_q3.inp', './Ethanol_c132_q3.inp', './Ethanol_c113_q3.inp', './Ethanol_c127_q2.inp', './Ethanol_c179_q2.inp', './Ethanol_c97_q2.inp', './Ethanol_c159_q1.inp', './Ethanol_c96_q1.inp', './Ethanol_c37_q1.inp', './Ethanol_c25_q3.inp', './Ethanol_c67_q3.inp', './Ethanol_c62_q1.inp', './Ethanol_c84_q2.inp', './Ethanol_c73_q1.inp', './Ethanol_c25_q2.inp', './Ethanol_c46_q2.inp', './Ethanol_c169_q1.inp', './Ethanol_c94_q2.inp', './Ethanol_c192_q1.inp', './Ethanol_c175_q1.inp', './Ethanol_c166_q1.inp', './Ethanol_c2_q3.inp', './Ethanol_c49_q3.inp', './Ethanol_c42_q2.inp', './Ethanol_c110_q1.inp', './Ethanol_c154_q2.inp', './Ethanol_c135_q1.inp', './Ethanol_c172_q3.inp', './Ethanol_c142_q3.inp', './Ethanol_c101_q1.inp', './Ethanol_c136_q2.inp', './Ethanol_c23_q3.inp', './Ethanol_c163_q2.inp', './Ethanol_c128_q2.inp', './Ethanol_c180_q2.inp', './Ethanol_c171_q2.inp', './Ethanol_c81_q3.inp', './Ethanol_c76_q3.inp', './Ethanol_c165_q3.inp', './Ethanol_c79_q1.inp', './Ethanol_c118_q3.inp', './Ethanol_c93_q3.inp', './Ethanol_c190_q2.inp', './Ethanol_c59_q1.inp', './Ethanol_c172_q2.inp', './Ethanol_c36_q2.inp', './Ethanol_c143_q2.inp', './Ethanol_c8_q3.inp', './Ethanol_c147_q1.inp', './Ethanol_c178_q1.inp', './Ethanol_c145_q3.inp', './Ethanol_c82_q3.inp', './Ethanol_c185_q3.inp', './Ethanol_c53_q1.inp', './Ethanol_c1_q3.inp', './Ethanol_c17_q1.inp', './Ethanol_c68_q3.inp', './Ethanol_c123_q3.inp', './Ethanol_c192_q2.inp', './Ethanol_c196_q2.inp', './Ethanol_c8_q1.inp', './Ethanol_c52_q1.inp', './Ethanol_c92_q1.inp', './Ethanol_c133_q3.inp', './Ethanol_c194_q2.inp', './Ethanol_c96_q2.inp', './Ethanol_c94_q1.inp', './Ethanol_c110_q2.inp', './Ethanol_c88_q1.inp', './Ethanol_c181_q2.inp', './Ethanol_c59_q2.inp', './Ethanol_c16_q3.inp', './Ethanol_c20_q1.inp', './Ethanol_c144_q2.inp', './Ethanol_c21_q2.inp', './Ethanol_c100_q3.inp', './Ethanol_c70_q2.inp', './Ethanol_c74_q3.inp', './Ethanol_c168_q3.inp', './Ethanol_c52_q3.inp', './Ethanol_c147_q3.inp', './Ethanol_c24_q3.inp', './Ethanol_c134_q1.inp', './Ethanol_c2_q2.inp', './Ethanol_c135_q2.inp', './Ethanol_c150_q2.inp', './Ethanol_c155_q3.inp', './Ethanol_c45_q3.inp', './Ethanol_c22_q1.inp', './Ethanol_c72_q2.inp', './Ethanol_c33_q1.inp', './Ethanol_c168_q2.inp', './Ethanol_c194_q3.inp', './Ethanol_c141_q2.inp', './Ethanol_c39_q3.inp', './Ethanol_c95_q3.inp', './Ethanol_c142_q2.inp', './Ethanol_c138_q2.inp', './Ethanol_c109_q2.inp', './Ethanol_c167_q3.inp', './Ethanol_c49_q2.inp', './Ethanol_c54_q1.inp', './Ethanol_c63_q1.inp', './Ethanol_c184_q3.inp', './Ethanol_c25_q1.inp', './Ethanol_c98_q1.inp', './Ethanol_c158_q2.inp', './Ethanol_c33_q2.inp', './Ethanol_c138_q1.inp', './Ethanol_c66_q2.inp', './Ethanol_c35_q1.inp', './Ethanol_c170_q3.inp', './Ethanol_c135_q3.inp', './Ethanol_c47_q2.inp', './Ethanol_c38_q3.inp', './Ethanol_c161_q3.inp', './Ethanol_c82_q1.inp', './Ethanol_c78_q3.inp', './Ethanol_c155_q1.inp', './Ethanol_c177_q1.inp', './Ethanol_c50_q1.inp', './Ethanol_c179_q3.inp', './Ethanol_c74_q2.inp', './Ethanol_c87_q2.inp', './Ethanol_c91_q2.inp', './Ethanol_c181_q1.inp', './Ethanol_c145_q2.inp', './Ethanol_c42_q3.inp', './Ethanol_c58_q1.inp', './Ethanol_c69_q1.inp', './Ethanol_c165_q2.inp', './Ethanol_c57_q3.inp', './Ethanol_c153_q2.inp', './Ethanol_c89_q1.inp', './Ethanol_c120_q3.inp', './Ethanol_c13_q3.inp', './Ethanol_c36_q3.inp', './Ethanol_c125_q2.inp', './Ethanol_c183_q3.inp', './Ethanol_c41_q2.inp', './Ethanol_c20_q3.inp', './Ethanol_c19_q3.inp', './Ethanol_c193_q3.inp', './Ethanol_c86_q2.inp', './Ethanol_c154_q3.inp', './Ethanol_c49_q1.inp', './Ethanol_c5_q3.inp', './Ethanol_c61_q1.inp', './Ethanol_c125_q3.inp', './Ethanol_c137_q2.inp', './Ethanol_c143_q1.inp', './Ethanol_c39_q1.inp', './Ethanol_c55_q3.inp', './Ethanol_c107_q3.inp', './Ethanol_c69_q2.inp', './Ethanol_c73_q3.inp', './Ethanol_c164_q2.inp', './Ethanol_c35_q2.inp', './Ethanol_c163_q3.inp', './Ethanol_c175_q2.inp', './Ethanol_c178_q2.inp', './Ethanol_c190_q3.inp', './Ethanol_c88_q3.inp', './Ethanol_c54_q2.inp', './Ethanol_c31_q3.inp', './Ethanol_c3_q1.inp', './Ethanol_c34_q2.inp', './Ethanol_c99_q2.inp', './Ethanol_c58_q2.inp', './Ethanol_c117_q2.inp', './Ethanol_c173_q3.inp', './Ethanol_c160_q3.inp', './Ethanol_c96_q3.inp', './Ethanol_c173_q2.inp', './Ethanol_c28_q2.inp', './Ethanol_c82_q2.inp', './Ethanol_c40_q2.inp', './Ethanol_c34_q3.inp', './Ethanol_c180_q3.inp', './Ethanol_c106_q3.inp', './Ethanol_c143_q3.inp', './Ethanol_c107_q1.inp', './Ethanol_c145_q1.inp', './Ethanol_c182_q1.inp', './Ethanol_c129_q2.inp', './Ethanol_c80_q1.inp', './Ethanol_c56_q3.inp', './Ethanol_c76_q1.inp', './Ethanol_c87_q1.inp', './Ethanol_c37_q3.inp', './Ethanol_c193_q1.inp', './Ethanol_c70_q1.inp', './Ethanol_c174_q3.inp', './Ethanol_c199_q3.inp', './Ethanol_c81_q1.inp', './Ethanol_c68_q2.inp', './Ethanol_c7_q1.inp', './Ethanol_c200_q1.inp', './Ethanol_c39_q2.inp', './Ethanol_c117_q1.inp', './Ethanol_c100_q1.inp', './Ethanol_c152_q3.inp', './Ethanol_c136_q3.inp', './Ethanol_c72_q1.inp', './Ethanol_c43_q1.inp', './Ethanol_c150_q3.inp', './Ethanol_c80_q2.inp', './Ethanol_c112_q3.inp', './Ethanol_c126_q2.inp', './Ethanol_c11_q2.inp', './Ethanol_c121_q2.inp', './Ethanol_c8_q2.inp', './Ethanol_c185_q1.inp', './Ethanol_c10_q2.inp', './Ethanol_c118_q1.inp', './Ethanol_c97_q3.inp', './Ethanol_c174_q1.inp', './Ethanol_c41_q3.inp', './Ethanol_c17_q2.inp', './Ethanol_c189_q3.inp', './Ethanol_c169_q3.inp', './Ethanol_c200_q3.inp', './Ethanol_c78_q1.inp', './Ethanol_c199_q1.inp', './Ethanol_c28_q1.inp', './Ethanol_c65_q1.inp', './Ethanol_c158_q1.inp', './Ethanol_c184_q1.inp', './Ethanol_c19_q2.inp', './Ethanol_c56_q1.inp', './Ethanol_c188_q2.inp', './Ethanol_c167_q1.inp', './Ethanol_c97_q1.inp', './Ethanol_c196_q1.inp', './Ethanol_c119_q1.inp', './Ethanol_c132_q1.inp', './Ethanol_c110_q3.inp', './Ethanol_c134_q3.inp', './Ethanol_c93_q1.inp', './Ethanol_c121_q1.inp', './Ethanol_c1_q1.inp', './Ethanol_c152_q1.inp', './Ethanol_c32_q2.inp', './Ethanol_c116_q2.inp', './Ethanol_c51_q3.inp', './Ethanol_c6_q3.inp', './Ethanol_c60_q1.inp', './Ethanol_c5_q1.inp', './Ethanol_c114_q2.inp', './Ethanol_c120_q2.inp', './Ethanol_c131_q3.inp', './Ethanol_c19_q1.inp', './Ethanol_c57_q1.inp', './Ethanol_c64_q1.inp', './Ethanol_c115_q1.inp', './Ethanol_c9_q1.inp', './Ethanol_c149_q1.inp', './Ethanol_c48_q2.inp', './Ethanol_c122_q3.inp', './Ethanol_c67_q2.inp', './Ethanol_c64_q2.inp', './Ethanol_c72_q3.inp', './Ethanol_c157_q1.inp', './Ethanol_c61_q3.inp', './Ethanol_c123_q1.inp', './Ethanol_c129_q1.inp', './Ethanol_c154_q1.inp', './Ethanol_c173_q1.inp', './Ethanol_c128_q1.inp', './Ethanol_c79_q3.inp', './Ethanol_c46_q3.inp', './Ethanol_c197_q2.inp', './Ethanol_c105_q3.inp', './Ethanol_c43_q3.inp', './Ethanol_c14_q2.inp', './Ethanol_c102_q2.inp', './Ethanol_c128_q3.inp', './Ethanol_c4_q1.inp', './Ethanol_c127_q1.inp', './Ethanol_c108_q1.inp', './Ethanol_c179_q1.inp', './Ethanol_c185_q2.inp', './Ethanol_c158_q3.inp', './Ethanol_c112_q2.inp', './Ethanol_c148_q2.inp', './Ethanol_c93_q2.inp', './Ethanol_c159_q2.inp', './Ethanol_c156_q2.inp', './Ethanol_c153_q3.inp', './Ethanol_c114_q1.inp', './Ethanol_c10_q3.inp', './Ethanol_c6_q2.inp', './Ethanol_c42_q1.inp', './Ethanol_c116_q3.inp', './Ethanol_c20_q2.inp', './Ethanol_c104_q1.inp', './Ethanol_c3_q2.inp', './Ethanol_c106_q1.inp', './Ethanol_c103_q1.inp', './Ethanol_c186_q1.inp', './Ethanol_c186_q3.inp', './Ethanol_c53_q2.inp', './Ethanol_c124_q1.inp', './Ethanol_c101_q3.inp', './Ethanol_c161_q1.inp', './Ethanol_c189_q2.inp', './Ethanol_c142_q1.inp', './Ethanol_c91_q3.inp', './Ethanol_c174_q2.inp', './Ethanol_c109_q1.inp', './Ethanol_c5_q2.inp', './Ethanol_c189_q1.inp', './Ethanol_c104_q2.inp', './Ethanol_c38_q2.inp', './Ethanol_c108_q2.inp', './Ethanol_c66_q3.inp', './Ethanol_c48_q1.inp', './Ethanol_c118_q2.inp', './Ethanol_c140_q2.inp', './Ethanol_c40_q3.inp', './Ethanol_c65_q2.inp', './Ethanol_c44_q3.inp', './Ethanol_c62_q3.inp', './Ethanol_c99_q3.inp', './Ethanol_c119_q2.inp', './Ethanol_c17_q3.inp', './Ethanol_c83_q1.inp', './Ethanol_c160_q1.inp', './Ethanol_c133_q1.inp', './Ethanol_c88_q2.inp', './Ethanol_c7_q2.inp', './Ethanol_c114_q3.inp', './Ethanol_c188_q1.inp', './Ethanol_c149_q3.inp', './Ethanol_c176_q1.inp', './Ethanol_c11_q1.inp', './Ethanol_c138_q3.inp', './Ethanol_c84_q3.inp', './Ethanol_c151_q1.inp', './Ethanol_c37_q2.inp', './Ethanol_c62_q2.inp', './Ethanol_c98_q3.inp', './Ethanol_c12_q2.inp', './Ethanol_c10_q1.inp', './Ethanol_c60_q2.inp', './Ethanol_c146_q3.inp', './Ethanol_c115_q2.inp', './Ethanol_c162_q1.inp', './Ethanol_c105_q2.inp', './Ethanol_c31_q2.inp', './Ethanol_c187_q1.inp', './Ethanol_c130_q3.inp', './Ethanol_c76_q2.inp', './Ethanol_c68_q1.inp', './Ethanol_c195_q2.inp', './Ethanol_c165_q1.inp', './Ethanol_c86_q3.inp', './Ethanol_c85_q2.inp', './Ethanol_c59_q3.inp', './Ethanol_c156_q1.inp', './Ethanol_c27_q3.inp', './Ethanol_c75_q3.inp', './Ethanol_c104_q3.inp']
./Ethanol_c15_q1
./opt-test-SCEE/Ethanol_c15_q1.dat
./Ethanol_c75_q1
./opt-test-SCEE/Ethanol_c75_q1.dat
./Ethanol_c51_q2
./opt-test-SCEE/Ethanol_c51_q2.dat
./Ethanol_c111_q3
./opt-test-SCEE/Ethanol_c111_q3.dat
./Ethanol_c71_q1
./opt-test-SCEE/Ethanol_c71_q1.dat
./Ethanol_c168_q1
./opt-test-SCEE/Ethanol_c168_q1.dat
./Ethanol_c167_q2
./opt-test-SCEE/Ethanol_c167_q2.dat
./Ethanol_c183_q1
./opt-test-SCEE/Ethanol_c183_q1.dat
./Ethanol_c176_q3
./opt-test-SCEE/Ethanol_c176_q3.dat
./Ethanol_c136_q1
./opt-test-SCEE/Ethanol_c136_q1.dat
./Ethanol_c122_q1
./opt-test-SCEE/Ethanol_c122_q1.dat
./Ethanol_c115_q3
./opt-test-SCEE/Ethanol_c115_q3.dat
./Ethanol_c170_q1
./opt-test-SCEE/Ethanol_c170_q1.dat
./Ethanol_c198_q2
./opt-test-SCEE/Ethanol_c198_q2.dat
./Ethanol_c131_q2
./opt-test-SCEE/Ethanol_c131_q2.dat
./Ethanol_c92_q2
./opt-test-SCEE/Ethanol_c92_q2.dat
./Ethanol_c44_q1
./opt-test-SCEE/Ethanol_c44_q1.dat
./Ethanol_c52_q2
./opt-test-SCEE/Ethanol_c52_q2.dat
./Ethanol_c30_q2
./opt-test-SCEE/Ethanol_c30_q2.dat
./Ethanol_c85_q3
./opt-test-SCEE/Ethanol_c85_q3.dat
./Ethanol_c144_q3
./opt-test-SCEE/Ethanol_c144_q3.dat
./Ethanol_c119_q3
./opt-test-SCEE/Ethanol_c119_q3.dat
./Ethanol_c89_q2
./opt-test-SCEE/Ethanol_c89_q2.dat
./Ethanol_c157_q2
./opt-test-SCEE/Ethanol_c157_q2.dat
./Ethanol_c7_q3
./opt-test-SCEE/Ethanol_c7_q3.dat
./Ethanol_c130_q2
./opt-test-SCEE/Ethanol_c130_q2.dat
./Ethanol_c187_q2
./opt-test-SCEE/Ethanol_c187_q2.dat
./Ethanol_c87_q3
./opt-test-SCEE/Ethanol_c87_q3.dat
./Ethanol_c130_q1
./opt-test-SCEE/Ethanol_c130_q1.dat
./Ethanol_c101_q2
./opt-test-SCEE/Ethanol_c101_q2.dat
./Ethanol_c26_q1
./opt-test-SCEE/Ethanol_c26_q1.dat
./Ethanol_c148_q3
./opt-test-SCEE/Ethanol_c148_q3.dat
./Ethanol_c151_q3
./opt-test-SCEE/Ethanol_c151_q3.dat
./Ethanol_c108_q3
./opt-test-SCEE/Ethanol_c108_q3.dat
./Ethanol_c45_q2
./opt-test-SCEE/Ethanol_c45_q2.dat
./Ethanol_c141_q1
./opt-test-SCEE/Ethanol_c141_q1.dat
./Ethanol_c169_q2
./opt-test-SCEE/Ethanol_c169_q2.dat
./Ethanol_c47_q1
./opt-test-SCEE/Ethanol_c47_q1.dat
./Ethanol_c90_q2
./opt-test-SCEE/Ethanol_c90_q2.dat
./Ethanol_c129_q3
./opt-test-SCEE/Ethanol_c129_q3.dat
./Ethanol_c75_q2
./opt-test-SCEE/Ethanol_c75_q2.dat
./Ethanol_c91_q1
./opt-test-SCEE/Ethanol_c91_q1.dat
./Ethanol_c191_q2
./opt-test-SCEE/Ethanol_c191_q2.dat
./Ethanol_c26_q3
./opt-test-SCEE/Ethanol_c26_q3.dat
./Ethanol_c146_q1
./opt-test-SCEE/Ethanol_c146_q1.dat
./Ethanol_c15_q2
./opt-test-SCEE/Ethanol_c15_q2.dat
./Ethanol_c3_q3
./opt-test-SCEE/Ethanol_c3_q3.dat
./Ethanol_c160_q2
./opt-test-SCEE/Ethanol_c160_q2.dat
./Ethanol_c113_q2
./opt-test-SCEE/Ethanol_c113_q2.dat
./Ethanol_c163_q1
./opt-test-SCEE/Ethanol_c163_q1.dat
./Ethanol_c112_q1
./opt-test-SCEE/Ethanol_c112_q1.dat
./Ethanol_c159_q3
./opt-test-SCEE/Ethanol_c159_q3.dat
./Ethanol_c191_q1
./opt-test-SCEE/Ethanol_c191_q1.dat
./Ethanol_c4_q3
./opt-test-SCEE/Ethanol_c4_q3.dat
./Ethanol_c44_q2
./opt-test-SCEE/Ethanol_c44_q2.dat
./Ethanol_c106_q2
./opt-test-SCEE/Ethanol_c106_q2.dat
./Ethanol_c164_q3
./opt-test-SCEE/Ethanol_c164_q3.dat
./Ethanol_c166_q2
./opt-test-SCEE/Ethanol_c166_q2.dat
./Ethanol_c46_q1
./opt-test-SCEE/Ethanol_c46_q1.dat
./Ethanol_c178_q3
./opt-test-SCEE/Ethanol_c178_q3.dat
./Ethanol_c77_q1
./opt-test-SCEE/Ethanol_c77_q1.dat
./Ethanol_c57_q2
./opt-test-SCEE/Ethanol_c57_q2.dat
./Ethanol_c170_q2
./opt-test-SCEE/Ethanol_c170_q2.dat
./Ethanol_c153_q1
./opt-test-SCEE/Ethanol_c153_q1.dat
./Ethanol_c109_q3
./opt-test-SCEE/Ethanol_c109_q3.dat
./Ethanol_c22_q2
./opt-test-SCEE/Ethanol_c22_q2.dat
./Ethanol_c86_q1
./opt-test-SCEE/Ethanol_c86_q1.dat
./Ethanol_c147_q2
./opt-test-SCEE/Ethanol_c147_q2.dat
./Ethanol_c36_q1
./opt-test-SCEE/Ethanol_c36_q1.dat
./Ethanol_c186_q2
./opt-test-SCEE/Ethanol_c186_q2.dat
./Ethanol_c164_q1
./opt-test-SCEE/Ethanol_c164_q1.dat
./Ethanol_c43_q2
./opt-test-SCEE/Ethanol_c43_q2.dat
./Ethanol_c200_q2
./opt-test-SCEE/Ethanol_c200_q2.dat
./Ethanol_c139_q1
./opt-test-SCEE/Ethanol_c139_q1.dat
./Ethanol_c99_q1
./opt-test-SCEE/Ethanol_c99_q1.dat
./Ethanol_c61_q2
./opt-test-SCEE/Ethanol_c61_q2.dat
./Ethanol_c50_q3
./opt-test-SCEE/Ethanol_c50_q3.dat
./Ethanol_c171_q3
./opt-test-SCEE/Ethanol_c171_q3.dat
./Ethanol_c127_q3
./opt-test-SCEE/Ethanol_c127_q3.dat
./Ethanol_c83_q3
./opt-test-SCEE/Ethanol_c83_q3.dat
./Ethanol_c193_q2
./opt-test-SCEE/Ethanol_c193_q2.dat
./Ethanol_c120_q1
./opt-test-SCEE/Ethanol_c120_q1.dat
./Ethanol_c29_q3
./opt-test-SCEE/Ethanol_c29_q3.dat
./Ethanol_c71_q3
./opt-test-SCEE/Ethanol_c71_q3.dat
./Ethanol_c22_q3
./opt-test-SCEE/Ethanol_c22_q3.dat
./Ethanol_c21_q3
./opt-test-SCEE/Ethanol_c21_q3.dat
./Ethanol_c41_q1
./opt-test-SCEE/Ethanol_c41_q1.dat
./Ethanol_c83_q2
./opt-test-SCEE/Ethanol_c83_q2.dat
./Ethanol_c84_q1
./opt-test-SCEE/Ethanol_c84_q1.dat
./Ethanol_c9_q2
./opt-test-SCEE/Ethanol_c9_q2.dat
./Ethanol_c13_q1
./opt-test-SCEE/Ethanol_c13_q1.dat
./Ethanol_c90_q3
./opt-test-SCEE/Ethanol_c90_q3.dat
./Ethanol_c183_q2
./opt-test-SCEE/Ethanol_c183_q2.dat
./Ethanol_c54_q3
./opt-test-SCEE/Ethanol_c54_q3.dat
./Ethanol_c192_q3
./opt-test-SCEE/Ethanol_c192_q3.dat
./Ethanol_c27_q1
./opt-test-SCEE/Ethanol_c27_q1.dat
./Ethanol_c195_q1
./opt-test-SCEE/Ethanol_c195_q1.dat
./Ethanol_c140_q3
./opt-test-SCEE/Ethanol_c140_q3.dat
./Ethanol_c1_q2
./opt-test-SCEE/Ethanol_c1_q2.dat
./Ethanol_c113_q1
./opt-test-SCEE/Ethanol_c113_q1.dat
./Ethanol_c137_q3
./opt-test-SCEE/Ethanol_c137_q3.dat
./Ethanol_c177_q2
./opt-test-SCEE/Ethanol_c177_q2.dat
./Ethanol_c100_q2
./opt-test-SCEE/Ethanol_c100_q2.dat
./Ethanol_c123_q2
./opt-test-SCEE/Ethanol_c123_q2.dat
./Ethanol_c35_q3
./opt-test-SCEE/Ethanol_c35_q3.dat
./Ethanol_c12_q3
./opt-test-SCEE/Ethanol_c12_q3.dat
./Ethanol_c95_q1
./opt-test-SCEE/Ethanol_c95_q1.dat
./Ethanol_c95_q2
./opt-test-SCEE/Ethanol_c95_q2.dat
./Ethanol_c140_q1
./opt-test-SCEE/Ethanol_c140_q1.dat
./Ethanol_c162_q3
./opt-test-SCEE/Ethanol_c162_q3.dat
./Ethanol_c51_q1
./opt-test-SCEE/Ethanol_c51_q1.dat
./Ethanol_c121_q3
./opt-test-SCEE/Ethanol_c121_q3.dat
./Ethanol_c18_q3
./opt-test-SCEE/Ethanol_c18_q3.dat
./Ethanol_c38_q1
./opt-test-SCEE/Ethanol_c38_q1.dat
./Ethanol_c23_q2
./opt-test-SCEE/Ethanol_c23_q2.dat
./Ethanol_c137_q1
./opt-test-SCEE/Ethanol_c137_q1.dat
./Ethanol_c152_q2
./opt-test-SCEE/Ethanol_c152_q2.dat
./Ethanol_c56_q2
./opt-test-SCEE/Ethanol_c56_q2.dat
./Ethanol_c107_q2
./opt-test-SCEE/Ethanol_c107_q2.dat
./Ethanol_c139_q2
./opt-test-SCEE/Ethanol_c139_q2.dat
./Ethanol_c32_q1
./opt-test-SCEE/Ethanol_c32_q1.dat
./Ethanol_c141_q3
./opt-test-SCEE/Ethanol_c141_q3.dat
./Ethanol_c162_q2
./opt-test-SCEE/Ethanol_c162_q2.dat
./Ethanol_c80_q3
./opt-test-SCEE/Ethanol_c80_q3.dat
./Ethanol_c30_q1
./opt-test-SCEE/Ethanol_c30_q1.dat
./Ethanol_c195_q3
./opt-test-SCEE/Ethanol_c195_q3.dat
./Ethanol_c187_q3
./opt-test-SCEE/Ethanol_c187_q3.dat
./Ethanol_c171_q1
./opt-test-SCEE/Ethanol_c171_q1.dat
./Ethanol_c144_q1
./opt-test-SCEE/Ethanol_c144_q1.dat
./Ethanol_c198_q3
./opt-test-SCEE/Ethanol_c198_q3.dat
./Ethanol_c92_q3
./opt-test-SCEE/Ethanol_c92_q3.dat
./Ethanol_c6_q1
./opt-test-SCEE/Ethanol_c6_q1.dat
./Ethanol_c65_q3
./opt-test-SCEE/Ethanol_c65_q3.dat
./Ethanol_c63_q3
./opt-test-SCEE/Ethanol_c63_q3.dat
./Ethanol_c111_q2
./opt-test-SCEE/Ethanol_c111_q2.dat
./Ethanol_c124_q3
./opt-test-SCEE/Ethanol_c124_q3.dat
./Ethanol_c180_q1
./opt-test-SCEE/Ethanol_c180_q1.dat
./Ethanol_c132_q2
./opt-test-SCEE/Ethanol_c132_q2.dat
./Ethanol_c131_q1
./opt-test-SCEE/Ethanol_c131_q1.dat
./Ethanol_c71_q2
./opt-test-SCEE/Ethanol_c71_q2.dat
./Ethanol_c156_q3
./opt-test-SCEE/Ethanol_c156_q3.dat
./Ethanol_c184_q2
./opt-test-SCEE/Ethanol_c184_q2.dat
./Ethanol_c196_q3
./opt-test-SCEE/Ethanol_c196_q3.dat
./Ethanol_c172_q1
./opt-test-SCEE/Ethanol_c172_q1.dat
./Ethanol_c182_q2
./opt-test-SCEE/Ethanol_c182_q2.dat
./Ethanol_c134_q2
./opt-test-SCEE/Ethanol_c134_q2.dat
./Ethanol_c94_q3
./opt-test-SCEE/Ethanol_c94_q3.dat
./Ethanol_c124_q2
./opt-test-SCEE/Ethanol_c124_q2.dat
./Ethanol_c40_q1
./opt-test-SCEE/Ethanol_c40_q1.dat
./Ethanol_c14_q1
./opt-test-SCEE/Ethanol_c14_q1.dat
./Ethanol_c90_q1
./opt-test-SCEE/Ethanol_c90_q1.dat
./Ethanol_c34_q1
./opt-test-SCEE/Ethanol_c34_q1.dat
./Ethanol_c69_q3
./opt-test-SCEE/Ethanol_c69_q3.dat
./Ethanol_c194_q1
./opt-test-SCEE/Ethanol_c194_q1.dat
./Ethanol_c198_q1
./opt-test-SCEE/Ethanol_c198_q1.dat
./Ethanol_c48_q3
./opt-test-SCEE/Ethanol_c48_q3.dat
./Ethanol_c32_q3
./opt-test-SCEE/Ethanol_c32_q3.dat
./Ethanol_c175_q3
./opt-test-SCEE/Ethanol_c175_q3.dat
./Ethanol_c188_q3
./opt-test-SCEE/Ethanol_c188_q3.dat
./Ethanol_c151_q2
./opt-test-SCEE/Ethanol_c151_q2.dat
./Ethanol_c103_q2
./opt-test-SCEE/Ethanol_c103_q2.dat
./Ethanol_c50_q2
./opt-test-SCEE/Ethanol_c50_q2.dat
./Ethanol_c26_q2
./opt-test-SCEE/Ethanol_c26_q2.dat
./Ethanol_c30_q3
./opt-test-SCEE/Ethanol_c30_q3.dat
./Ethanol_c89_q3
./opt-test-SCEE/Ethanol_c89_q3.dat
./Ethanol_c4_q2
./opt-test-SCEE/Ethanol_c4_q2.dat
./Ethanol_c161_q2
./opt-test-SCEE/Ethanol_c161_q2.dat
./Ethanol_c182_q3
./opt-test-SCEE/Ethanol_c182_q3.dat
./Ethanol_c116_q1
./opt-test-SCEE/Ethanol_c116_q1.dat
./Ethanol_c12_q1
./opt-test-SCEE/Ethanol_c12_q1.dat
./Ethanol_c14_q3
./opt-test-SCEE/Ethanol_c14_q3.dat
./Ethanol_c117_q3
./opt-test-SCEE/Ethanol_c117_q3.dat
./Ethanol_c176_q2
./opt-test-SCEE/Ethanol_c176_q2.dat
./Ethanol_c15_q3
./opt-test-SCEE/Ethanol_c15_q3.dat
./Ethanol_c78_q2
./opt-test-SCEE/Ethanol_c78_q2.dat
./Ethanol_c16_q1
./opt-test-SCEE/Ethanol_c16_q1.dat
./Ethanol_c102_q1
./opt-test-SCEE/Ethanol_c102_q1.dat
./Ethanol_c199_q2
./opt-test-SCEE/Ethanol_c199_q2.dat
./Ethanol_c81_q2
./opt-test-SCEE/Ethanol_c81_q2.dat
./Ethanol_c102_q3
./opt-test-SCEE/Ethanol_c102_q3.dat
./Ethanol_c79_q2
./opt-test-SCEE/Ethanol_c79_q2.dat
./Ethanol_c31_q1
./opt-test-SCEE/Ethanol_c31_q1.dat
./Ethanol_c103_q3
./opt-test-SCEE/Ethanol_c103_q3.dat
./Ethanol_c53_q3
./opt-test-SCEE/Ethanol_c53_q3.dat
./Ethanol_c139_q3
./opt-test-SCEE/Ethanol_c139_q3.dat
./Ethanol_c155_q2
./opt-test-SCEE/Ethanol_c155_q2.dat
./Ethanol_c70_q3
./opt-test-SCEE/Ethanol_c70_q3.dat
./Ethanol_c55_q2
./opt-test-SCEE/Ethanol_c55_q2.dat
./Ethanol_c66_q1
./opt-test-SCEE/Ethanol_c66_q1.dat
./Ethanol_c29_q2
./opt-test-SCEE/Ethanol_c29_q2.dat
./Ethanol_c148_q1
./opt-test-SCEE/Ethanol_c148_q1.dat
./Ethanol_c33_q3
./opt-test-SCEE/Ethanol_c33_q3.dat
./Ethanol_c197_q1
./opt-test-SCEE/Ethanol_c197_q1.dat
./Ethanol_c63_q2
./opt-test-SCEE/Ethanol_c63_q2.dat
./Ethanol_c122_q2
./opt-test-SCEE/Ethanol_c122_q2.dat
./Ethanol_c2_q1
./opt-test-SCEE/Ethanol_c2_q1.dat
./Ethanol_c24_q1
./opt-test-SCEE/Ethanol_c24_q1.dat
./Ethanol_c149_q2
./opt-test-SCEE/Ethanol_c149_q2.dat
./Ethanol_c157_q3
./opt-test-SCEE/Ethanol_c157_q3.dat
./Ethanol_c133_q2
./opt-test-SCEE/Ethanol_c133_q2.dat
./Ethanol_c126_q3
./opt-test-SCEE/Ethanol_c126_q3.dat
./Ethanol_c181_q3
./opt-test-SCEE/Ethanol_c181_q3.dat
./Ethanol_c29_q1
./opt-test-SCEE/Ethanol_c29_q1.dat
./Ethanol_c98_q2
./opt-test-SCEE/Ethanol_c98_q2.dat
./Ethanol_c105_q1
./opt-test-SCEE/Ethanol_c105_q1.dat
./Ethanol_c177_q3
./opt-test-SCEE/Ethanol_c177_q3.dat
./Ethanol_c45_q1
./opt-test-SCEE/Ethanol_c45_q1.dat
./Ethanol_c28_q3
./opt-test-SCEE/Ethanol_c28_q3.dat
./Ethanol_c77_q2
./opt-test-SCEE/Ethanol_c77_q2.dat
./Ethanol_c27_q2
./opt-test-SCEE/Ethanol_c27_q2.dat
./Ethanol_c190_q1
./opt-test-SCEE/Ethanol_c190_q1.dat
./Ethanol_c67_q1
./opt-test-SCEE/Ethanol_c67_q1.dat
./Ethanol_c166_q3
./opt-test-SCEE/Ethanol_c166_q3.dat
./Ethanol_c24_q2
./opt-test-SCEE/Ethanol_c24_q2.dat
./Ethanol_c58_q3
./opt-test-SCEE/Ethanol_c58_q3.dat
./Ethanol_c197_q3
./opt-test-SCEE/Ethanol_c197_q3.dat
./Ethanol_c60_q3
./opt-test-SCEE/Ethanol_c60_q3.dat
./Ethanol_c126_q1
./opt-test-SCEE/Ethanol_c126_q1.dat
./Ethanol_c77_q3
./opt-test-SCEE/Ethanol_c77_q3.dat
./Ethanol_c21_q1
./opt-test-SCEE/Ethanol_c21_q1.dat
./Ethanol_c23_q1
./opt-test-SCEE/Ethanol_c23_q1.dat
./Ethanol_c146_q2
./opt-test-SCEE/Ethanol_c146_q2.dat
./Ethanol_c55_q1
./opt-test-SCEE/Ethanol_c55_q1.dat
./Ethanol_c73_q2
./opt-test-SCEE/Ethanol_c73_q2.dat
./Ethanol_c74_q1
./opt-test-SCEE/Ethanol_c74_q1.dat
./Ethanol_c125_q1
./opt-test-SCEE/Ethanol_c125_q1.dat
./Ethanol_c47_q3
./opt-test-SCEE/Ethanol_c47_q3.dat
./Ethanol_c111_q1
./opt-test-SCEE/Ethanol_c111_q1.dat
./Ethanol_c11_q3
./opt-test-SCEE/Ethanol_c11_q3.dat
./Ethanol_c16_q2
./opt-test-SCEE/Ethanol_c16_q2.dat
./Ethanol_c85_q1
./opt-test-SCEE/Ethanol_c85_q1.dat
./Ethanol_c13_q2
./opt-test-SCEE/Ethanol_c13_q2.dat
./Ethanol_c191_q3
./opt-test-SCEE/Ethanol_c191_q3.dat
./Ethanol_c9_q3
./opt-test-SCEE/Ethanol_c9_q3.dat
./Ethanol_c150_q1
./opt-test-SCEE/Ethanol_c150_q1.dat
./Ethanol_c18_q1
./opt-test-SCEE/Ethanol_c18_q1.dat
./Ethanol_c18_q2
./opt-test-SCEE/Ethanol_c18_q2.dat
./Ethanol_c64_q3
./opt-test-SCEE/Ethanol_c64_q3.dat
./Ethanol_c132_q3
./opt-test-SCEE/Ethanol_c132_q3.dat
./Ethanol_c113_q3
./opt-test-SCEE/Ethanol_c113_q3.dat
./Ethanol_c127_q2
./opt-test-SCEE/Ethanol_c127_q2.dat
./Ethanol_c179_q2
./opt-test-SCEE/Ethanol_c179_q2.dat
./Ethanol_c97_q2
./opt-test-SCEE/Ethanol_c97_q2.dat
./Ethanol_c159_q1
./opt-test-SCEE/Ethanol_c159_q1.dat
./Ethanol_c96_q1
./opt-test-SCEE/Ethanol_c96_q1.dat
./Ethanol_c37_q1
./opt-test-SCEE/Ethanol_c37_q1.dat
./Ethanol_c25_q3
./opt-test-SCEE/Ethanol_c25_q3.dat
./Ethanol_c67_q3
./opt-test-SCEE/Ethanol_c67_q3.dat
./Ethanol_c62_q1
./opt-test-SCEE/Ethanol_c62_q1.dat
./Ethanol_c84_q2
./opt-test-SCEE/Ethanol_c84_q2.dat
./Ethanol_c73_q1
./opt-test-SCEE/Ethanol_c73_q1.dat
./Ethanol_c25_q2
./opt-test-SCEE/Ethanol_c25_q2.dat
./Ethanol_c46_q2
./opt-test-SCEE/Ethanol_c46_q2.dat
./Ethanol_c169_q1
./opt-test-SCEE/Ethanol_c169_q1.dat
./Ethanol_c94_q2
./opt-test-SCEE/Ethanol_c94_q2.dat
./Ethanol_c192_q1
./opt-test-SCEE/Ethanol_c192_q1.dat
./Ethanol_c175_q1
./opt-test-SCEE/Ethanol_c175_q1.dat
./Ethanol_c166_q1
./opt-test-SCEE/Ethanol_c166_q1.dat
./Ethanol_c2_q3
./opt-test-SCEE/Ethanol_c2_q3.dat
./Ethanol_c49_q3
./opt-test-SCEE/Ethanol_c49_q3.dat
./Ethanol_c42_q2
./opt-test-SCEE/Ethanol_c42_q2.dat
./Ethanol_c110_q1
./opt-test-SCEE/Ethanol_c110_q1.dat
./Ethanol_c154_q2
./opt-test-SCEE/Ethanol_c154_q2.dat
./Ethanol_c135_q1
./opt-test-SCEE/Ethanol_c135_q1.dat
./Ethanol_c172_q3
./opt-test-SCEE/Ethanol_c172_q3.dat
./Ethanol_c142_q3
./opt-test-SCEE/Ethanol_c142_q3.dat
./Ethanol_c101_q1
./opt-test-SCEE/Ethanol_c101_q1.dat
./Ethanol_c136_q2
./opt-test-SCEE/Ethanol_c136_q2.dat
./Ethanol_c23_q3
./opt-test-SCEE/Ethanol_c23_q3.dat
./Ethanol_c163_q2
./opt-test-SCEE/Ethanol_c163_q2.dat
./Ethanol_c128_q2
./opt-test-SCEE/Ethanol_c128_q2.dat
./Ethanol_c180_q2
./opt-test-SCEE/Ethanol_c180_q2.dat
./Ethanol_c171_q2
./opt-test-SCEE/Ethanol_c171_q2.dat
./Ethanol_c81_q3
./opt-test-SCEE/Ethanol_c81_q3.dat
./Ethanol_c76_q3
./opt-test-SCEE/Ethanol_c76_q3.dat
./Ethanol_c165_q3
./opt-test-SCEE/Ethanol_c165_q3.dat
./Ethanol_c79_q1
./opt-test-SCEE/Ethanol_c79_q1.dat
./Ethanol_c118_q3
./opt-test-SCEE/Ethanol_c118_q3.dat
./Ethanol_c93_q3
./opt-test-SCEE/Ethanol_c93_q3.dat
./Ethanol_c190_q2
./opt-test-SCEE/Ethanol_c190_q2.dat
./Ethanol_c59_q1
./opt-test-SCEE/Ethanol_c59_q1.dat
./Ethanol_c172_q2
./opt-test-SCEE/Ethanol_c172_q2.dat
./Ethanol_c36_q2
./opt-test-SCEE/Ethanol_c36_q2.dat
./Ethanol_c143_q2
./opt-test-SCEE/Ethanol_c143_q2.dat
./Ethanol_c8_q3
./opt-test-SCEE/Ethanol_c8_q3.dat
./Ethanol_c147_q1
./opt-test-SCEE/Ethanol_c147_q1.dat
./Ethanol_c178_q1
./opt-test-SCEE/Ethanol_c178_q1.dat
./Ethanol_c145_q3
./opt-test-SCEE/Ethanol_c145_q3.dat
./Ethanol_c82_q3
./opt-test-SCEE/Ethanol_c82_q3.dat
./Ethanol_c185_q3
./opt-test-SCEE/Ethanol_c185_q3.dat
./Ethanol_c53_q1
./opt-test-SCEE/Ethanol_c53_q1.dat
./Ethanol_c1_q3
./opt-test-SCEE/Ethanol_c1_q3.dat
./Ethanol_c17_q1
./opt-test-SCEE/Ethanol_c17_q1.dat
./Ethanol_c68_q3
./opt-test-SCEE/Ethanol_c68_q3.dat
./Ethanol_c123_q3
./opt-test-SCEE/Ethanol_c123_q3.dat
./Ethanol_c192_q2
./opt-test-SCEE/Ethanol_c192_q2.dat
./Ethanol_c196_q2
./opt-test-SCEE/Ethanol_c196_q2.dat
./Ethanol_c8_q1
./opt-test-SCEE/Ethanol_c8_q1.dat
./Ethanol_c52_q1
./opt-test-SCEE/Ethanol_c52_q1.dat
./Ethanol_c92_q1
./opt-test-SCEE/Ethanol_c92_q1.dat
./Ethanol_c133_q3
./opt-test-SCEE/Ethanol_c133_q3.dat
./Ethanol_c194_q2
./opt-test-SCEE/Ethanol_c194_q2.dat
./Ethanol_c96_q2
./opt-test-SCEE/Ethanol_c96_q2.dat
./Ethanol_c94_q1
./opt-test-SCEE/Ethanol_c94_q1.dat
./Ethanol_c110_q2
./opt-test-SCEE/Ethanol_c110_q2.dat
./Ethanol_c88_q1
./opt-test-SCEE/Ethanol_c88_q1.dat
./Ethanol_c181_q2
./opt-test-SCEE/Ethanol_c181_q2.dat
./Ethanol_c59_q2
./opt-test-SCEE/Ethanol_c59_q2.dat
./Ethanol_c16_q3
./opt-test-SCEE/Ethanol_c16_q3.dat
./Ethanol_c20_q1
./opt-test-SCEE/Ethanol_c20_q1.dat
./Ethanol_c144_q2
./opt-test-SCEE/Ethanol_c144_q2.dat
./Ethanol_c21_q2
./opt-test-SCEE/Ethanol_c21_q2.dat
./Ethanol_c100_q3
./opt-test-SCEE/Ethanol_c100_q3.dat
./Ethanol_c70_q2
./opt-test-SCEE/Ethanol_c70_q2.dat
./Ethanol_c74_q3
./opt-test-SCEE/Ethanol_c74_q3.dat
./Ethanol_c168_q3
./opt-test-SCEE/Ethanol_c168_q3.dat
./Ethanol_c52_q3
./opt-test-SCEE/Ethanol_c52_q3.dat
./Ethanol_c147_q3
./opt-test-SCEE/Ethanol_c147_q3.dat
./Ethanol_c24_q3
./opt-test-SCEE/Ethanol_c24_q3.dat
./Ethanol_c134_q1
./opt-test-SCEE/Ethanol_c134_q1.dat
./Ethanol_c2_q2
./opt-test-SCEE/Ethanol_c2_q2.dat
./Ethanol_c135_q2
./opt-test-SCEE/Ethanol_c135_q2.dat
./Ethanol_c150_q2
./opt-test-SCEE/Ethanol_c150_q2.dat
./Ethanol_c155_q3
./opt-test-SCEE/Ethanol_c155_q3.dat
./Ethanol_c45_q3
./opt-test-SCEE/Ethanol_c45_q3.dat
./Ethanol_c22_q1
./opt-test-SCEE/Ethanol_c22_q1.dat
./Ethanol_c72_q2
./opt-test-SCEE/Ethanol_c72_q2.dat
./Ethanol_c33_q1
./opt-test-SCEE/Ethanol_c33_q1.dat
./Ethanol_c168_q2
./opt-test-SCEE/Ethanol_c168_q2.dat
./Ethanol_c194_q3
./opt-test-SCEE/Ethanol_c194_q3.dat
./Ethanol_c141_q2
./opt-test-SCEE/Ethanol_c141_q2.dat
./Ethanol_c39_q3
./opt-test-SCEE/Ethanol_c39_q3.dat
./Ethanol_c95_q3
./opt-test-SCEE/Ethanol_c95_q3.dat
./Ethanol_c142_q2
./opt-test-SCEE/Ethanol_c142_q2.dat
./Ethanol_c138_q2
./opt-test-SCEE/Ethanol_c138_q2.dat
./Ethanol_c109_q2
./opt-test-SCEE/Ethanol_c109_q2.dat
./Ethanol_c167_q3
./opt-test-SCEE/Ethanol_c167_q3.dat
./Ethanol_c49_q2
./opt-test-SCEE/Ethanol_c49_q2.dat
./Ethanol_c54_q1
./opt-test-SCEE/Ethanol_c54_q1.dat
./Ethanol_c63_q1
./opt-test-SCEE/Ethanol_c63_q1.dat
./Ethanol_c184_q3
./opt-test-SCEE/Ethanol_c184_q3.dat
./Ethanol_c25_q1
./opt-test-SCEE/Ethanol_c25_q1.dat
./Ethanol_c98_q1
./opt-test-SCEE/Ethanol_c98_q1.dat
./Ethanol_c158_q2
./opt-test-SCEE/Ethanol_c158_q2.dat
./Ethanol_c33_q2
./opt-test-SCEE/Ethanol_c33_q2.dat
./Ethanol_c138_q1
./opt-test-SCEE/Ethanol_c138_q1.dat
./Ethanol_c66_q2
./opt-test-SCEE/Ethanol_c66_q2.dat
./Ethanol_c35_q1
./opt-test-SCEE/Ethanol_c35_q1.dat
./Ethanol_c170_q3
./opt-test-SCEE/Ethanol_c170_q3.dat
./Ethanol_c135_q3
./opt-test-SCEE/Ethanol_c135_q3.dat
./Ethanol_c47_q2
./opt-test-SCEE/Ethanol_c47_q2.dat
./Ethanol_c38_q3
./opt-test-SCEE/Ethanol_c38_q3.dat
./Ethanol_c161_q3
./opt-test-SCEE/Ethanol_c161_q3.dat
./Ethanol_c82_q1
./opt-test-SCEE/Ethanol_c82_q1.dat
./Ethanol_c78_q3
./opt-test-SCEE/Ethanol_c78_q3.dat
./Ethanol_c155_q1
./opt-test-SCEE/Ethanol_c155_q1.dat
./Ethanol_c177_q1
./opt-test-SCEE/Ethanol_c177_q1.dat
./Ethanol_c50_q1
./opt-test-SCEE/Ethanol_c50_q1.dat
./Ethanol_c179_q3
./opt-test-SCEE/Ethanol_c179_q3.dat
./Ethanol_c74_q2
./opt-test-SCEE/Ethanol_c74_q2.dat
./Ethanol_c87_q2
./opt-test-SCEE/Ethanol_c87_q2.dat
./Ethanol_c91_q2
./opt-test-SCEE/Ethanol_c91_q2.dat
./Ethanol_c181_q1
./opt-test-SCEE/Ethanol_c181_q1.dat
./Ethanol_c145_q2
./opt-test-SCEE/Ethanol_c145_q2.dat
./Ethanol_c42_q3
./opt-test-SCEE/Ethanol_c42_q3.dat
./Ethanol_c58_q1
./opt-test-SCEE/Ethanol_c58_q1.dat
./Ethanol_c69_q1
./opt-test-SCEE/Ethanol_c69_q1.dat
./Ethanol_c165_q2
./opt-test-SCEE/Ethanol_c165_q2.dat
./Ethanol_c57_q3
./opt-test-SCEE/Ethanol_c57_q3.dat
./Ethanol_c153_q2
./opt-test-SCEE/Ethanol_c153_q2.dat
./Ethanol_c89_q1
./opt-test-SCEE/Ethanol_c89_q1.dat
./Ethanol_c120_q3
./opt-test-SCEE/Ethanol_c120_q3.dat
./Ethanol_c13_q3
./opt-test-SCEE/Ethanol_c13_q3.dat
./Ethanol_c36_q3
./opt-test-SCEE/Ethanol_c36_q3.dat
./Ethanol_c125_q2
./opt-test-SCEE/Ethanol_c125_q2.dat
./Ethanol_c183_q3
./opt-test-SCEE/Ethanol_c183_q3.dat
./Ethanol_c41_q2
./opt-test-SCEE/Ethanol_c41_q2.dat
./Ethanol_c20_q3
./opt-test-SCEE/Ethanol_c20_q3.dat
./Ethanol_c19_q3
./opt-test-SCEE/Ethanol_c19_q3.dat
./Ethanol_c193_q3
./opt-test-SCEE/Ethanol_c193_q3.dat
./Ethanol_c86_q2
./opt-test-SCEE/Ethanol_c86_q2.dat
./Ethanol_c154_q3
./opt-test-SCEE/Ethanol_c154_q3.dat
./Ethanol_c49_q1
./opt-test-SCEE/Ethanol_c49_q1.dat
./Ethanol_c5_q3
./opt-test-SCEE/Ethanol_c5_q3.dat
./Ethanol_c61_q1
./opt-test-SCEE/Ethanol_c61_q1.dat
./Ethanol_c125_q3
./opt-test-SCEE/Ethanol_c125_q3.dat
./Ethanol_c137_q2
./opt-test-SCEE/Ethanol_c137_q2.dat
./Ethanol_c143_q1
./opt-test-SCEE/Ethanol_c143_q1.dat
./Ethanol_c39_q1
./opt-test-SCEE/Ethanol_c39_q1.dat
./Ethanol_c55_q3
./opt-test-SCEE/Ethanol_c55_q3.dat
./Ethanol_c107_q3
./opt-test-SCEE/Ethanol_c107_q3.dat
./Ethanol_c69_q2
./opt-test-SCEE/Ethanol_c69_q2.dat
./Ethanol_c73_q3
./opt-test-SCEE/Ethanol_c73_q3.dat
./Ethanol_c164_q2
./opt-test-SCEE/Ethanol_c164_q2.dat
./Ethanol_c35_q2
./opt-test-SCEE/Ethanol_c35_q2.dat
./Ethanol_c163_q3
./opt-test-SCEE/Ethanol_c163_q3.dat
./Ethanol_c175_q2
./opt-test-SCEE/Ethanol_c175_q2.dat
./Ethanol_c178_q2
./opt-test-SCEE/Ethanol_c178_q2.dat
./Ethanol_c190_q3
./opt-test-SCEE/Ethanol_c190_q3.dat
./Ethanol_c88_q3
./opt-test-SCEE/Ethanol_c88_q3.dat
./Ethanol_c54_q2
./opt-test-SCEE/Ethanol_c54_q2.dat
./Ethanol_c31_q3
./opt-test-SCEE/Ethanol_c31_q3.dat
./Ethanol_c3_q1
./opt-test-SCEE/Ethanol_c3_q1.dat
./Ethanol_c34_q2
./opt-test-SCEE/Ethanol_c34_q2.dat
./Ethanol_c99_q2
./opt-test-SCEE/Ethanol_c99_q2.dat
./Ethanol_c58_q2
./opt-test-SCEE/Ethanol_c58_q2.dat
./Ethanol_c117_q2
./opt-test-SCEE/Ethanol_c117_q2.dat
./Ethanol_c173_q3
./opt-test-SCEE/Ethanol_c173_q3.dat
./Ethanol_c160_q3
./opt-test-SCEE/Ethanol_c160_q3.dat
./Ethanol_c96_q3
./opt-test-SCEE/Ethanol_c96_q3.dat
./Ethanol_c173_q2
./opt-test-SCEE/Ethanol_c173_q2.dat
./Ethanol_c28_q2
./opt-test-SCEE/Ethanol_c28_q2.dat
./Ethanol_c82_q2
./opt-test-SCEE/Ethanol_c82_q2.dat
./Ethanol_c40_q2
./opt-test-SCEE/Ethanol_c40_q2.dat
./Ethanol_c34_q3
./opt-test-SCEE/Ethanol_c34_q3.dat
./Ethanol_c180_q3
./opt-test-SCEE/Ethanol_c180_q3.dat
./Ethanol_c106_q3
./opt-test-SCEE/Ethanol_c106_q3.dat
./Ethanol_c143_q3
./opt-test-SCEE/Ethanol_c143_q3.dat
./Ethanol_c107_q1
./opt-test-SCEE/Ethanol_c107_q1.dat
./Ethanol_c145_q1
./opt-test-SCEE/Ethanol_c145_q1.dat
./Ethanol_c182_q1
./opt-test-SCEE/Ethanol_c182_q1.dat
./Ethanol_c129_q2
./opt-test-SCEE/Ethanol_c129_q2.dat
./Ethanol_c80_q1
./opt-test-SCEE/Ethanol_c80_q1.dat
./Ethanol_c56_q3
./opt-test-SCEE/Ethanol_c56_q3.dat
./Ethanol_c76_q1
./opt-test-SCEE/Ethanol_c76_q1.dat
./Ethanol_c87_q1
./opt-test-SCEE/Ethanol_c87_q1.dat
./Ethanol_c37_q3
./opt-test-SCEE/Ethanol_c37_q3.dat
./Ethanol_c193_q1
./opt-test-SCEE/Ethanol_c193_q1.dat
./Ethanol_c70_q1
./opt-test-SCEE/Ethanol_c70_q1.dat
./Ethanol_c174_q3
./opt-test-SCEE/Ethanol_c174_q3.dat
./Ethanol_c199_q3
./opt-test-SCEE/Ethanol_c199_q3.dat
./Ethanol_c81_q1
./opt-test-SCEE/Ethanol_c81_q1.dat
./Ethanol_c68_q2
./opt-test-SCEE/Ethanol_c68_q2.dat
./Ethanol_c7_q1
./opt-test-SCEE/Ethanol_c7_q1.dat
./Ethanol_c200_q1
./opt-test-SCEE/Ethanol_c200_q1.dat
./Ethanol_c39_q2
./opt-test-SCEE/Ethanol_c39_q2.dat
./Ethanol_c117_q1
./opt-test-SCEE/Ethanol_c117_q1.dat
./Ethanol_c100_q1
./opt-test-SCEE/Ethanol_c100_q1.dat
./Ethanol_c152_q3
./opt-test-SCEE/Ethanol_c152_q3.dat
./Ethanol_c136_q3
./opt-test-SCEE/Ethanol_c136_q3.dat
./Ethanol_c72_q1
./opt-test-SCEE/Ethanol_c72_q1.dat
./Ethanol_c43_q1
./opt-test-SCEE/Ethanol_c43_q1.dat
./Ethanol_c150_q3
./opt-test-SCEE/Ethanol_c150_q3.dat
./Ethanol_c80_q2
./opt-test-SCEE/Ethanol_c80_q2.dat
./Ethanol_c112_q3
./opt-test-SCEE/Ethanol_c112_q3.dat
./Ethanol_c126_q2
./opt-test-SCEE/Ethanol_c126_q2.dat
./Ethanol_c11_q2
./opt-test-SCEE/Ethanol_c11_q2.dat
./Ethanol_c121_q2
./opt-test-SCEE/Ethanol_c121_q2.dat
./Ethanol_c8_q2
./opt-test-SCEE/Ethanol_c8_q2.dat
./Ethanol_c185_q1
./opt-test-SCEE/Ethanol_c185_q1.dat
./Ethanol_c10_q2
./opt-test-SCEE/Ethanol_c10_q2.dat
./Ethanol_c118_q1
./opt-test-SCEE/Ethanol_c118_q1.dat
./Ethanol_c97_q3
./opt-test-SCEE/Ethanol_c97_q3.dat
./Ethanol_c174_q1
./opt-test-SCEE/Ethanol_c174_q1.dat
./Ethanol_c41_q3
./opt-test-SCEE/Ethanol_c41_q3.dat
./Ethanol_c17_q2
./opt-test-SCEE/Ethanol_c17_q2.dat
./Ethanol_c189_q3
./opt-test-SCEE/Ethanol_c189_q3.dat
./Ethanol_c169_q3
./opt-test-SCEE/Ethanol_c169_q3.dat
./Ethanol_c200_q3
./opt-test-SCEE/Ethanol_c200_q3.dat
./Ethanol_c78_q1
./opt-test-SCEE/Ethanol_c78_q1.dat
./Ethanol_c199_q1
./opt-test-SCEE/Ethanol_c199_q1.dat
./Ethanol_c28_q1
./opt-test-SCEE/Ethanol_c28_q1.dat
./Ethanol_c65_q1
./opt-test-SCEE/Ethanol_c65_q1.dat
./Ethanol_c158_q1
./opt-test-SCEE/Ethanol_c158_q1.dat
Preparing Ethanol_c100_q1.dat -> Ethanol_c100_q1.out on /home/zoe/Research/Gaussian/scratch
Preparing Ethanol_c100_q2.dat -> Ethanol_c100_q2.out on /home/zoe/Research/Gaussian/scratch
Preparing Ethanol_c100_q3.dat -> Ethanol_c100_q3.out on /home/zoe/Research/Gaussian/scratch
Preparing Ethanol_c101_q1.dat -> Ethanol_c101_q1.out on /home/zoe/Research/Gaussian/scratch
Preparing Ethanol_c101_q2.dat -> Ethanol_c101_q2.out on /home/zoe/Research/Gaussian/scratch
Preparing Ethanol_c101_q3.dat -> Ethanol_c101_q3.out on /home/zoe/Research/Gaussian/scratch
Preparing Ethanol_c102_q1.dat -> Ethanol_c102_q1.out on /home/zoe/Research/Gaussian/scratch
Preparing Ethanol_c102_q2.dat -> Ethanol_c102_q2.out on /home/zoe/Research/Gaussian/scratch
Preparing Ethanol_c102_q3.dat -> Ethanol_c102_q3.out on /home/zoe/Research/Gaussian/scratch
Preparing Ethanol_c103_q1.dat -> Ethanol_c103_q1.out on /home/zoe/Research/Gaussian/scratch
Preparing Ethanol_c103_q2.dat -> Ethanol_c103_q2.out on /home/zoe/Research/Gaussian/scratch
Preparing Ethanol_c103_q3.dat -> Ethanol_c103_q3.out on /home/zoe/Research/Gaussian/scratch
Error: segmentation violation
   rax 0000000000000000, rbx ffffffffffffffff, rcx 000008c0c644553b
   rdx 0000000000000000, rsp 00007ffcb45fb138, rbp 00007ffcb45fb710
   rsi 000000000000000b, rdi 000000000000fbb4, r8  00000000c0001000
   r9  0000000000000000, r10 000008c0c6417980, r11 0000000000000202
   r12 0000000000000000, r13 0000000000000000, r14 00007ffcb45fb758
   r15 000008c006fea8f8
  --- traceback not available
Aborted (core dumped)
Preparing Ethanol_c104_q1.dat -> Ethanol_c104_q1.out on /home/zoe/Research/Gaussian/scratch
Preparing Ethanol_c104_q2.dat -> Ethanol_c104_q2.out on /home/zoe/Research/Gaussian/scratch
Preparing Ethanol_c104_q3.dat -> Ethanol_c104_q3.out on /home/zoe/Research/Gaussian/scratch
Error: segmentation violation
   rax 0000000000000000, rbx ffffffffffffffff, rcx 000012bef344553b
   rdx 0000000000000000, rsp 00007ffdeda72c58, rbp 00007ffdeda73230
   rsi 000000000000000b, rdi 0000000000013f97, r8  00000000c0001000
   r9  0000000000000000, r10 000012bef3417980, r11 0000000000000202
   r12 0000000000000000, r13 0000000000000000, r14 00007ffdeda73278
   r15 0000000000001fab
  --- traceback not available
Aborted (core dumped)
Preparing Ethanol_c105_q1.dat -> Ethanol_c105_q1.out on /home/zoe/Research/Gaussian/scratch
Error: segmentation violation
   rax 0000000000000000, rbx ffffffffffffffff, rcx 0000127400e4553b
   rdx 0000000000000000, rsp 00007fffa759fc58, rbp 00007fffa75a0230
   rsi 000000000000000b, rdi 0000000000015a51, r8  00000000c0001000
   r9  0000000000000000, r10 0000127400e17980, r11 0000000000000202
   r12 0000000000000000, r13 0000000000000000, r14 00007fffa75a0278
   r15 000000000000203b
  --- traceback not available
Aborted (core dumped)
Preparing Ethanol_c105_q2.dat -> Ethanol_c105_q2.out on /home/zoe/Research/Gaussian/scratch
Preparing Ethanol_c105_q3.dat -> Ethanol_c105_q3.out on /home/zoe/Research/Gaussian/scratch
Preparing Ethanol_c106_q1.dat -> Ethanol_c106_q1.out on /home/zoe/Research/Gaussian/scratch
Preparing Ethanol_c106_q2.dat -> Ethanol_c106_q2.out on /home/zoe/Research/Gaussian/scratch
Preparing Ethanol_c106_q3.dat -> Ethanol_c106_q3.out on /home/zoe/Research/Gaussian/scratch
Preparing Ethanol_c107_q1.dat -> Ethanol_c107_q1.out on /home/zoe/Research/Gaussian/scratch
Error: segmentation violation
   rax 0000000000000000, rbx ffffffffffffffff, rcx 00000d5f61a4553b
   rdx 0000000000000000, rsp 00007ffd2f11e9a8, rbp 00007ffd2f11ef80
   rsi 000000000000000b, rdi 0000000000018b29, r8  00000000c0001000
   r9  0000000000000000, r10 00000d5f61a17980, r11 0000000000000202
   r12 0000000000000000, r13 0000000000000000, r14 00007ffd2f11efc8
   r15 000000000000203b
  --- traceback not available
Aborted (core dumped)
Preparing Ethanol_c107_q2.dat -> Ethanol_c107_q2.out on /home/zoe/Research/Gaussian/scratch
Preparing Ethanol_c107_q3.dat -> Ethanol_c107_q3.out on /home/zoe/Research/Gaussian/scratch
Error: segmentation violation
   rax 0000000000000000, rbx ffffffffffffffff, rcx 000009aefc24553b
   rdx 0000000000000000, rsp 00007ffd923c9fa8, rbp 00007ffd923ca580
   rsi 000000000000000b, rdi 000000000001d227, r8  00000000c0001000
   r9  0000000000000000, r10 000009aefc217980, r11 0000000000000202
   r12 0000000000000000, r13 0000000000000000, r14 00007ffd923ca5c8
   r15 0000000000001f7b
  --- traceback not available
Aborted (core dumped)
Preparing Ethanol_c108_q1.dat -> Ethanol_c108_q1.out on /home/zoe/Research/Gaussian/scratch
Error: segmentation violation
   rax 0000000000000000, rbx ffffffffffffffff, rcx 000010e46444553b
   rdx 0000000000000000, rsp 00007ffcb4192f28, rbp 00007ffcb4193500
   rsi 000000000000000b, rdi 000000000001de13, r8  00000000c0001000
   r9  0000000000000000, r10 000010e464417980, r11 0000000000000206
   r12 0000000000000000, r13 0000000000000000, r14 00007ffcb4193548
   r15 0000000000001f7b
  --- traceback not available
Aborted (core dumped)
Preparing Ethanol_c108_q2.dat -> Ethanol_c108_q2.out on /home/zoe/Research/Gaussian/scratch
Preparing Ethanol_c108_q3.dat -> Ethanol_c108_q3.out on /home/zoe/Research/Gaussian/scratch
Preparing Ethanol_c109_q1.dat -> Ethanol_c109_q1.out on /home/zoe/Research/Gaussian/scratch
Error: segmentation violation
   rax 0000000000000000, rbx ffffffffffffffff, rcx 000014badfe4553b
   rdx 0000000000000000, rsp 00007ffec2edb848, rbp 00007ffec2edbe20
   rsi 000000000000000b, rdi 00000000000217bc, r8  00000000c0001000
   r9  0000000000000000, r10 000014badfe17980, r11 0000000000000206
   r12 0000000000000000, r13 0000000000000000, r14 00007ffec2edbe68
   r15 0000000000001f7b
  --- traceback not available
Aborted (core dumped)
Preparing Ethanol_c109_q2.dat -> Ethanol_c109_q2.out on /home/zoe/Research/Gaussian/scratch
Preparing Ethanol_c109_q3.dat -> Ethanol_c109_q3.out on /home/zoe/Research/Gaussian/scratch
Preparing Ethanol_c10_q1.dat -> Ethanol_c10_q1.out on /home/zoe/Research/Gaussian/scratch
Error: segmentation violation
   rax 0000000000000000, rbx ffffffffffffffff, rcx 00001345df84553b
   rdx 0000000000000000, rsp 00007ffe0ff2bcf8, rbp 00007ffe0ff2c2d0
   rsi 000000000000000b, rdi 0000000000023cce, r8  00000000c0001000
   r9  0000000000000000, r10 00001345df817980, r11 0000000000000202
   r12 0000000000000000, r13 0000000000000000, r14 00007ffe0ff2c318
   r15 000000000000206b
  --- traceback not available
Aborted (core dumped)
Preparing Ethanol_c10_q2.dat -> Ethanol_c10_q2.out on /home/zoe/Research/Gaussian/scratch
Preparing Ethanol_c10_q3.dat -> Ethanol_c10_q3.out on /home/zoe/Research/Gaussian/scratch
Preparing Ethanol_c110_q1.dat -> Ethanol_c110_q1.out on /home/zoe/Research/Gaussian/scratch
Preparing Ethanol_c110_q2.dat -> Ethanol_c110_q2.out on /home/zoe/Research/Gaussian/scratch
Preparing Ethanol_c110_q3.dat -> Ethanol_c110_q3.out on /home/zoe/Research/Gaussian/scratch
Preparing Ethanol_c111_q1.dat -> Ethanol_c111_q1.out on /home/zoe/Research/Gaussian/scratch
Preparing Ethanol_c111_q2.dat -> Ethanol_c111_q2.out on /home/zoe/Research/Gaussian/scratch
Error: segmentation violation
   rax 0000000000000000, rbx ffffffffffffffff, rcx 00000b04f164553b
   rdx 0000000000000000, rsp 00007ffea1dc4848, rbp 00007ffea1dc4e20
   rsi 000000000000000b, rdi 000000000002783b, r8  00000000c0001000
   r9  0000000000000000, r10 00000b04f1617980, r11 0000000000000206
   r12 0000000000000000, r13 0000000000000000, r14 00007ffea1dc4e68
   r15 000000000000200b
  --- traceback not available
Aborted (core dumped)
Preparing Ethanol_c111_q3.dat -> Ethanol_c111_q3.out on /home/zoe/Research/Gaussian/scratch
Preparing Ethanol_c112_q1.dat -> Ethanol_c112_q1.out on /home/zoe/Research/Gaussian/scratch
Preparing Ethanol_c112_q2.dat -> Ethanol_c112_q2.out on /home/zoe/Research/Gaussian/scratch
Preparing Ethanol_c112_q3.dat -> Ethanol_c112_q3.out on /home/zoe/Research/Gaussian/scratch
Preparing Ethanol_c113_q1.dat -> Ethanol_c113_q1.out on /home/zoe/Research/Gaussian/scratch
Preparing Ethanol_c113_q2.dat -> Ethanol_c113_q2.out on /home/zoe/Research/Gaussian/scratch
Preparing Ethanol_c113_q3.dat -> Ethanol_c113_q3.out on /home/zoe/Research/Gaussian/scratch
Preparing Ethanol_c114_q1.dat -> Ethanol_c114_q1.out on /home/zoe/Research/Gaussian/scratch
Preparing Ethanol_c114_q2.dat -> Ethanol_c114_q2.out on /home/zoe/Research/Gaussian/scratch
Preparing Ethanol_c114_q3.dat -> Ethanol_c114_q3.out on /home/zoe/Research/Gaussian/scratch
Preparing Ethanol_c115_q1.dat -> Ethanol_c115_q1.out on /home/zoe/Research/Gaussian/scratch
Error: segmentation violation
   rax 0000000000000000, rbx ffffffffffffffff, rcx 00000fdbefe4553b
   rdx 0000000000000000, rsp 00007ffc564c84a8, rbp 00007ffc564c8a80
   rsi 000000000000000b, rdi 000000000002da41, r8  00000000c0001000
   r9  0000000000000000, r10 00000fdbefe17980, r11 0000000000000202
   r12 0000000000000000, r13 0000000000000000, r14 00007ffc564c8ac8
   r15 000000000000206b
  --- traceback not available
Aborted (core dumped)
Preparing Ethanol_c115_q2.dat -> Ethanol_c115_q2.out on /home/zoe/Research/Gaussian/scratch
Preparing Ethanol_c115_q3.dat -> Ethanol_c115_q3.out on /home/zoe/Research/Gaussian/scratch
Preparing Ethanol_c116_q1.dat -> Ethanol_c116_q1.out on /home/zoe/Research/Gaussian/scratch
Preparing Ethanol_c116_q2.dat -> Ethanol_c116_q2.out on /home/zoe/Research/Gaussian/scratch
Preparing Ethanol_c116_q3.dat -> Ethanol_c116_q3.out on /home/zoe/Research/Gaussian/scratch
Preparing Ethanol_c117_q1.dat -> Ethanol_c117_q1.out on /home/zoe/Research/Gaussian/scratch
Preparing Ethanol_c117_q2.dat -> Ethanol_c117_q2.out on /home/zoe/Research/Gaussian/scratch
Preparing Ethanol_c117_q3.dat -> Ethanol_c117_q3.out on /home/zoe/Research/Gaussian/scratch
Preparing Ethanol_c118_q1.dat -> Ethanol_c118_q1.out on /home/zoe/Research/Gaussian/scratch
Preparing Ethanol_c118_q2.dat -> Ethanol_c118_q2.out on /home/zoe/Research/Gaussian/scratch
Preparing Ethanol_c118_q3.dat -> Ethanol_c118_q3.out on /home/zoe/Research/Gaussian/scratch
Preparing Ethanol_c119_q1.dat -> Ethanol_c119_q1.out on /home/zoe/Research/Gaussian/scratch
Preparing Ethanol_c119_q2.dat -> Ethanol_c119_q2.out on /home/zoe/Research/Gaussian/scratch
Preparing Ethanol_c119_q3.dat -> Ethanol_c119_q3.out on /home/zoe/Research/Gaussian/scratch
Preparing Ethanol_c11_q1.dat -> Ethanol_c11_q1.out on /home/zoe/Research/Gaussian/scratch
Error: segmentation violation
   rax 0000000000000000, rbx ffffffffffffffff, rcx 00000c726f44553b
   rdx 0000000000000000, rsp 00007ffd397051c8, rbp 00007ffd397057a0
   rsi 000000000000000b, rdi 0000000000035616, r8  00000000c0001000
   r9  0000000000000000, r10 00000c726f417980, r11 0000000000000202
   r12 0000000000000000, r13 0000000000000000, r14 00007ffd397057e8
   r15 0000000000001fdb
  --- traceback not available
Aborted (core dumped)
Preparing Ethanol_c11_q2.dat -> Ethanol_c11_q2.out on /home/zoe/Research/Gaussian/scratch
Preparing Ethanol_c11_q3.dat -> Ethanol_c11_q3.out on /home/zoe/Research/Gaussian/scratch
Preparing Ethanol_c120_q1.dat -> Ethanol_c120_q1.out on /home/zoe/Research/Gaussian/scratch
Preparing Ethanol_c120_q2.dat -> Ethanol_c120_q2.out on /home/zoe/Research/Gaussian/scratch
Preparing Ethanol_c120_q3.dat -> Ethanol_c120_q3.out on /home/zoe/Research/Gaussian/scratch
Preparing Ethanol_c121_q1.dat -> Ethanol_c121_q1.out on /home/zoe/Research/Gaussian/scratch
Preparing Ethanol_c121_q2.dat -> Ethanol_c121_q2.out on /home/zoe/Research/Gaussian/scratch
Preparing Ethanol_c121_q3.dat -> Ethanol_c121_q3.out on /home/zoe/Research/Gaussian/scratch
Preparing Ethanol_c122_q1.dat -> Ethanol_c122_q1.out on /home/zoe/Research/Gaussian/scratch
Preparing Ethanol_c122_q2.dat -> Ethanol_c122_q2.out on /home/zoe/Research/Gaussian/scratch
Preparing Ethanol_c122_q3.dat -> Ethanol_c122_q3.out on /home/zoe/Research/Gaussian/scratch
Preparing Ethanol_c123_q1.dat -> Ethanol_c123_q1.out on /home/zoe/Research/Gaussian/scratch
Preparing Ethanol_c123_q2.dat -> Ethanol_c123_q2.out on /home/zoe/Research/Gaussian/scratch
Preparing Ethanol_c123_q3.dat -> Ethanol_c123_q3.out on /home/zoe/Research/Gaussian/scratch
Preparing Ethanol_c124_q1.dat -> Ethanol_c124_q1.out on /home/zoe/Research/Gaussian/scratch
Preparing Ethanol_c124_q2.dat -> Ethanol_c124_q2.out on /home/zoe/Research/Gaussian/scratch
Preparing Ethanol_c124_q3.dat -> Ethanol_c124_q3.out on /home/zoe/Research/Gaussian/scratch
Preparing Ethanol_c125_q1.dat -> Ethanol_c125_q1.out on /home/zoe/Research/Gaussian/scratch
Error: segmentation violation
   rax 0000000000000000, rbx ffffffffffffffff, rcx 00000d675c44553b
   rdx 0000000000000000, rsp 00007ffd8fc778b8, rbp 00007ffd8fc77e90
   rsi 000000000000000b, rdi 000000000003e140, r8  00000000c0001000
   r9  0000000000000000, r10 00000d675c417980, r11 0000000000000206
   r12 0000000000000000, r13 0000000000000000, r14 00007ffd8fc77ed8
   r15 0000000000001f1b
  --- traceback not available
Aborted (core dumped)
Preparing Ethanol_c125_q2.dat -> Ethanol_c125_q2.out on /home/zoe/Research/Gaussian/scratch
Preparing Ethanol_c125_q3.dat -> Ethanol_c125_q3.out on /home/zoe/Research/Gaussian/scratch
Preparing Ethanol_c126_q1.dat -> Ethanol_c126_q1.out on /home/zoe/Research/Gaussian/scratch
Preparing Ethanol_c126_q2.dat -> Ethanol_c126_q2.out on /home/zoe/Research/Gaussian/scratch
Preparing Ethanol_c126_q3.dat -> Ethanol_c126_q3.out on /home/zoe/Research/Gaussian/scratch
Preparing Ethanol_c127_q1.dat -> Ethanol_c127_q1.out on /home/zoe/Research/Gaussian/scratch
Preparing Ethanol_c127_q2.dat -> Ethanol_c127_q2.out on /home/zoe/Research/Gaussian/scratch
Preparing Ethanol_c127_q3.dat -> Ethanol_c127_q3.out on /home/zoe/Research/Gaussian/scratch
Error: segmentation violation
   rax 0000000000000000, rbx ffffffffffffffff, rcx 00000cf9f8a4553b
   rdx 0000000000000000, rsp 00007ffe848fcda8, rbp 00007ffe848fd380
   rsi 000000000000000b, rdi 0000000000044755, r8  00000000c0001000
   r9  0000000000000000, r10 00000cf9f8a17980, r11 0000000000000202
   r12 0000000000000000, r13 0000000000000000, r14 00007ffe848fd3c8
   r15 000000000000203b
  --- traceback not available
Aborted (core dumped)
Preparing Ethanol_c128_q1.dat -> Ethanol_c128_q1.out on /home/zoe/Research/Gaussian/scratch
Error: segmentation violation
   rax 0000000000000000, rbx ffffffffffffffff, rcx 000008067c04553b
   rdx 0000000000000000, rsp 00007ffefe4be878, rbp 00007ffefe4bee50
   rsi 000000000000000b, rdi 0000000000045eda, r8  00000000c0001000
   r9  0000000000000000, r10 000008067c017980, r11 0000000000000206
   r12 0000000000000000, r13 0000000000000000, r14 00007ffefe4bee98
   r15 000000000000200b
  --- traceback not available
Aborted (core dumped)
Preparing Ethanol_c128_q2.dat -> Ethanol_c128_q2.out on /home/zoe/Research/Gaussian/scratch
Preparing Ethanol_c128_q3.dat -> Ethanol_c128_q3.out on /home/zoe/Research/Gaussian/scratch
Preparing Ethanol_c129_q1.dat -> Ethanol_c129_q1.out on /home/zoe/Research/Gaussian/scratch
Preparing Ethanol_c129_q2.dat -> Ethanol_c129_q2.out on /home/zoe/Research/Gaussian/scratch
Preparing Ethanol_c129_q3.dat -> Ethanol_c129_q3.out on /home/zoe/Research/Gaussian/scratch
Preparing Ethanol_c12_q1.dat -> Ethanol_c12_q1.out on /home/zoe/Research/Gaussian/scratch
Error: segmentation violation
   rax 0000000000000000, rbx ffffffffffffffff, rcx 00000d90e924553b
   rdx 0000000000000000, rsp 00007fff4e373c18, rbp 00007fff4e3741f0
   rsi 000000000000000b, rdi 000000000004901e, r8  00000000c0001000
   r9  0000000000000000, r10 00000d90e9217980, r11 0000000000000206
   r12 0000000000000000, r13 0000000000000000, r14 00007fff4e374238
   r15 000000000000200b
  --- traceback not available
Aborted (core dumped)
Preparing Ethanol_c12_q2.dat -> Ethanol_c12_q2.out on /home/zoe/Research/Gaussian/scratch
Preparing Ethanol_c12_q3.dat -> Ethanol_c12_q3.out on /home/zoe/Research/Gaussian/scratch
Preparing Ethanol_c130_q1.dat -> Ethanol_c130_q1.out on /home/zoe/Research/Gaussian/scratch
Preparing Ethanol_c130_q2.dat -> Ethanol_c130_q2.out on /home/zoe/Research/Gaussian/scratch
Preparing Ethanol_c130_q3.dat -> Ethanol_c130_q3.out on /home/zoe/Research/Gaussian/scratch
Preparing Ethanol_c131_q1.dat -> Ethanol_c131_q1.out on /home/zoe/Research/Gaussian/scratch
Preparing Ethanol_c131_q2.dat -> Ethanol_c131_q2.out on /home/zoe/Research/Gaussian/scratch
Preparing Ethanol_c131_q3.dat -> Ethanol_c131_q3.out on /home/zoe/Research/Gaussian/scratch
Error: segmentation violation
   rax 0000000000000000, rbx ffffffffffffffff, rcx 00000ffd4a64553b
   rdx 0000000000000000, rsp 00007ffd4fdb8978, rbp 00007ffd4fdb8f50
   rsi 000000000000000b, rdi 000000000004e806, r8  00000000c0001000
   r9  0000000000000000, r10 00000ffd4a617980, r11 0000000000000206
   r12 0000000000000000, r13 0000000000000000, r14 00007ffd4fdb8f98
   r15 000000000000212b
  --- traceback not available
Aborted (core dumped)
Preparing Ethanol_c132_q1.dat -> Ethanol_c132_q1.out on /home/zoe/Research/Gaussian/scratch
Preparing Ethanol_c132_q2.dat -> Ethanol_c132_q2.out on /home/zoe/Research/Gaussian/scratch
Preparing Ethanol_c132_q3.dat -> Ethanol_c132_q3.out on /home/zoe/Research/Gaussian/scratch
Preparing Ethanol_c133_q1.dat -> Ethanol_c133_q1.out on /home/zoe/Research/Gaussian/scratch
Preparing Ethanol_c133_q2.dat -> Ethanol_c133_q2.out on /home/zoe/Research/Gaussian/scratch
Preparing Ethanol_c133_q3.dat -> Ethanol_c133_q3.out on /home/zoe/Research/Gaussian/scratch
Preparing Ethanol_c134_q1.dat -> Ethanol_c134_q1.out on /home/zoe/Research/Gaussian/scratch
Preparing Ethanol_c134_q2.dat -> Ethanol_c134_q2.out on /home/zoe/Research/Gaussian/scratch
Error: segmentation violation
   rax 0000000000000000, rbx ffffffffffffffff, rcx 00000d1b0a04553b
   rdx 0000000000000000, rsp 00007ffc634896c8, rbp 00007ffc63489ca0
   rsi 000000000000000b, rdi 0000000000053101, r8  00000000c0001000
   r9  0000000000000000, r10 00000d1b0a017980, r11 0000000000000202
   r12 0000000000000000, r13 0000000000000000, r14 00007ffc63489ce8
   r15 00000000000020cb
  --- traceback not available
Aborted (core dumped)
Preparing Ethanol_c134_q3.dat -> Ethanol_c134_q3.out on /home/zoe/Research/Gaussian/scratch
Preparing Ethanol_c135_q1.dat -> Ethanol_c135_q1.out on /home/zoe/Research/Gaussian/scratch
Preparing Ethanol_c135_q2.dat -> Ethanol_c135_q2.out on /home/zoe/Research/Gaussian/scratch
Preparing Ethanol_c135_q3.dat -> Ethanol_c135_q3.out on /home/zoe/Research/Gaussian/scratch
Preparing Ethanol_c136_q1.dat -> Ethanol_c136_q1.out on /home/zoe/Research/Gaussian/scratch
Preparing Ethanol_c136_q2.dat -> Ethanol_c136_q2.out on /home/zoe/Research/Gaussian/scratch
Preparing Ethanol_c136_q3.dat -> Ethanol_c136_q3.out on /home/zoe/Research/Gaussian/scratch
Preparing Ethanol_c137_q1.dat -> Ethanol_c137_q1.out on /home/zoe/Research/Gaussian/scratch
Preparing Ethanol_c137_q2.dat -> Ethanol_c137_q2.out on /home/zoe/Research/Gaussian/scratch
Preparing Ethanol_c137_q3.dat -> Ethanol_c137_q3.out on /home/zoe/Research/Gaussian/scratch
Preparing Ethanol_c138_q1.dat -> Ethanol_c138_q1.out on /home/zoe/Research/Gaussian/scratch
Preparing Ethanol_c138_q2.dat -> Ethanol_c138_q2.out on /home/zoe/Research/Gaussian/scratch
Preparing Ethanol_c138_q3.dat -> Ethanol_c138_q3.out on /home/zoe/Research/Gaussian/scratch
Preparing Ethanol_c139_q1.dat -> Ethanol_c139_q1.out on /home/zoe/Research/Gaussian/scratch
Preparing Ethanol_c139_q2.dat -> Ethanol_c139_q2.out on /home/zoe/Research/Gaussian/scratch
Error: segmentation violation
   rax 0000000000000000, rbx ffffffffffffffff, rcx 00000f2f4ee4553b
   rdx 0000000000000000, rsp 00007ffea17ea458, rbp 00007ffea17eaa30
   rsi 000000000000000b, rdi 000000000005d7eb, r8  00000000c0001000
   r9  0000000000000000, r10 00000f2f4ee17980, r11 0000000000000202
   r12 0000000000000000, r13 0000000000000000, r14 00007ffea17eaa78
   r15 00000f2e8f9ee7f8
  --- traceback not available
Aborted (core dumped)
Preparing Ethanol_c139_q3.dat -> Ethanol_c139_q3.out on /home/zoe/Research/Gaussian/scratch
Preparing Ethanol_c13_q1.dat -> Ethanol_c13_q1.out on /home/zoe/Research/Gaussian/scratch
Preparing Ethanol_c13_q2.dat -> Ethanol_c13_q2.out on /home/zoe/Research/Gaussian/scratch
Preparing Ethanol_c13_q3.dat -> Ethanol_c13_q3.out on /home/zoe/Research/Gaussian/scratch
Preparing Ethanol_c140_q1.dat -> Ethanol_c140_q1.out on /home/zoe/Research/Gaussian/scratch
Preparing Ethanol_c140_q2.dat -> Ethanol_c140_q2.out on /home/zoe/Research/Gaussian/scratch
Preparing Ethanol_c140_q3.dat -> Ethanol_c140_q3.out on /home/zoe/Research/Gaussian/scratch
Preparing Ethanol_c141_q1.dat -> Ethanol_c141_q1.out on /home/zoe/Research/Gaussian/scratch
Error: segmentation violation
   rax 0000000000000000, rbx ffffffffffffffff, rcx 0000102d5ee4553b
   rdx 0000000000000000, rsp 00007fff74bd0dd8, rbp 00007fff74bd13b0
   rsi 000000000000000b, rdi 0000000000060fb5, r8  00000000c0001000
   r9  0000000000000000, r10 0000102d5ee17980, r11 0000000000000206
   r12 0000000000000000, r13 0000000000000000, r14 00007fff74bd13f8
   r15 000000000000200b
  --- traceback not available
Aborted (core dumped)
Preparing Ethanol_c141_q2.dat -> Ethanol_c141_q2.out on /home/zoe/Research/Gaussian/scratch
Error: segmentation violation
   rax 0000000000000000, rbx ffffffffffffffff, rcx 00000c192144553b
   rdx 0000000000000000, rsp 00007ffd34db7d58, rbp 00007ffd34db8330
   rsi 000000000000000b, rdi 00000000000610af, r8  00000000c0001000
   r9  0000000000000000, r10 00000c1921417980, r11 0000000000000202
   r12 0000000000000000, r13 0000000000000000, r14 00007ffd34db8378
   r15 000000000000200b
  --- traceback not available
Aborted (core dumped)
Preparing Ethanol_c141_q3.dat -> Ethanol_c141_q3.out on /home/zoe/Research/Gaussian/scratch
Error: segmentation violation
   rax 0000000000000000, rbx ffffffffffffffff, rcx 00000df238a4553b
   rdx 0000000000000000, rsp 00007ffe84ed3a48, rbp 00007ffe84ed4020
   rsi 000000000000000b, rdi 000000000006559a, r8  00000000c0001000
   r9  0000000000000000, r10 00000df238a17980, r11 0000000000000206
   r12 0000000000000000, r13 0000000000000000, r14 00007ffe84ed4068
   r15 000000000000206b
  --- traceback not available
Aborted (core dumped)
Preparing Ethanol_c142_q1.dat -> Ethanol_c142_q1.out on /home/zoe/Research/Gaussian/scratch
Error: segmentation violation
   rax 0000000000000000, rbx ffffffffffffffff, rcx 00000f0ef8e4553b
   rdx 0000000000000000, rsp 00007ffed4fe7678, rbp 00007ffed4fe7c50
   rsi 000000000000000b, rdi 00000000000656cc, r8  00000000c0001000
   r9  0000000000000000, r10 00000f0ef8e17980, r11 0000000000000206
   r12 0000000000000000, r13 0000000000000000, r14 00007ffed4fe7c98
   r15 000000000000206b
  --- traceback not available
Aborted (core dumped)
Preparing Ethanol_c142_q2.dat -> Ethanol_c142_q2.out on /home/zoe/Research/Gaussian/scratch
Preparing Ethanol_c142_q3.dat -> Ethanol_c142_q3.out on /home/zoe/Research/Gaussian/scratch
Preparing Ethanol_c143_q1.dat -> Ethanol_c143_q1.out on /home/zoe/Research/Gaussian/scratch
Error: segmentation violation
   rax 0000000000000000, rbx ffffffffffffffff, rcx 00000fa334c4553b
   rdx 0000000000000000, rsp 00007ffc9af1a8b8, rbp 00007ffc9af1ae90
   rsi 000000000000000b, rdi 0000000000069cfd, r8  00000000c0001000
   r9  0000000000000000, r10 00000fa334c17980, r11 0000000000000206
   r12 0000000000000000, r13 0000000000000000, r14 00007ffc9af1aed8
   r15 000000000000206b
  --- traceback not available
Aborted (core dumped)
Preparing Ethanol_c143_q2.dat -> Ethanol_c143_q2.out on /home/zoe/Research/Gaussian/scratch
Error: segmentation violation
   rax 0000000000000000, rbx ffffffffffffffff, rcx 00000e08d024553b
   rdx 0000000000000000, rsp 00007ffd538b8f18, rbp 00007ffd538b94f0
   rsi 000000000000000b, rdi 000000000006b716, r8  00000000c0001000
   r9  0000000000000000, r10 00000e08d0217980, r11 0000000000000206
   r12 0000000000000000, r13 0000000000000000, r14 00007ffd538b9538
   r15 00000e0810de9ff8
  --- traceback not available
Aborted (core dumped)
Preparing Ethanol_c143_q3.dat -> Ethanol_c143_q3.out on /home/zoe/Research/Gaussian/scratch
Preparing Ethanol_c144_q1.dat -> Ethanol_c144_q1.out on /home/zoe/Research/Gaussian/scratch
Preparing Ethanol_c144_q2.dat -> Ethanol_c144_q2.out on /home/zoe/Research/Gaussian/scratch
Preparing Ethanol_c144_q3.dat -> Ethanol_c144_q3.out on /home/zoe/Research/Gaussian/scratch
Preparing Ethanol_c145_q1.dat -> Ethanol_c145_q1.out on /home/zoe/Research/Gaussian/scratch
Preparing Ethanol_c145_q2.dat -> Ethanol_c145_q2.out on /home/zoe/Research/Gaussian/scratch
Preparing Ethanol_c145_q3.dat -> Ethanol_c145_q3.out on /home/zoe/Research/Gaussian/scratch
Preparing Ethanol_c146_q1.dat -> Ethanol_c146_q1.out on /home/zoe/Research/Gaussian/scratch
Error: segmentation violation
   rax 0000000000000000, rbx ffffffffffffffff, rcx 000010312ce4553b
   rdx 0000000000000000, rsp 00007fffd18efdc8, rbp 00007fffd18f03a0
   rsi 000000000000000b, rdi 0000000000071f12, r8  00000000c0001000
   r9  0000000000000000, r10 000010312ce17980, r11 0000000000000202
   r12 0000000000000000, r13 0000000000000000, r14 00007fffd18f03e8
   r15 0000000000001f1b
  --- traceback not available
Aborted (core dumped)
Preparing Ethanol_c146_q2.dat -> Ethanol_c146_q2.out on /home/zoe/Research/Gaussian/scratch
Preparing Ethanol_c146_q3.dat -> Ethanol_c146_q3.out on /home/zoe/Research/Gaussian/scratch
Error: segmentation violation
   rax 0000000000000000, rbx ffffffffffffffff, rcx 000011724b64553b
   rdx 0000000000000000, rsp 00007ffd54d4af78, rbp 00007ffd54d4b550
   rsi 000000000000000b, rdi 0000000000072991, r8  00000000c0001000
   r9  0000000000000000, r10 000011724b617980, r11 0000000000000206
   r12 0000000000000000, r13 0000000000000000, r14 00007ffd54d4b598
   r15 0000000000001f1b
  --- traceback not available
Aborted (core dumped)
Preparing Ethanol_c147_q1.dat -> Ethanol_c147_q1.out on /home/zoe/Research/Gaussian/scratch
Preparing Ethanol_c147_q2.dat -> Ethanol_c147_q2.out on /home/zoe/Research/Gaussian/scratch
Preparing Ethanol_c147_q3.dat -> Ethanol_c147_q3.out on /home/zoe/Research/Gaussian/scratch
Error: segmentation violation
   rax 0000000000000000, rbx ffffffffffffffff, rcx 00000f5be004553b
   rdx 0000000000000000, rsp 00007ffc725b9508, rbp 00007ffc725b9ae0
   rsi 000000000000000b, rdi 000000000007859a, r8  00000000c0001000
   r9  0000000000000000, r10 00000f5be0017980, r11 0000000000000202
   r12 0000000000000000, r13 0000000000000000, r14 00007ffc725b9b28
   r15 000000000000200b
  --- traceback not available
Aborted (core dumped)
Preparing Ethanol_c148_q1.dat -> Ethanol_c148_q1.out on /home/zoe/Research/Gaussian/scratch
Error: segmentation violation
   rax 0000000000000000, rbx ffffffffffffffff, rcx 00000c1e6ea4553b
   rdx 0000000000000000, rsp 00007ffc7db29778, rbp 00007ffc7db29d50
   rsi 000000000000000b, rdi 0000000000078c2d, r8  00000000c0001000
   r9  0000000000000000, r10 00000c1e6ea17980, r11 0000000000000206
   r12 0000000000000000, r13 0000000000000000, r14 00007ffc7db29d98
   r15 000000000000200b
  --- traceback not available
Aborted (core dumped)
Preparing Ethanol_c148_q2.dat -> Ethanol_c148_q2.out on /home/zoe/Research/Gaussian/scratch
Preparing Ethanol_c148_q3.dat -> Ethanol_c148_q3.out on /home/zoe/Research/Gaussian/scratch
Preparing Ethanol_c149_q1.dat -> Ethanol_c149_q1.out on /home/zoe/Research/Gaussian/scratch
Error: segmentation violation
   rax 0000000000000000, rbx ffffffffffffffff, rcx 00000aeae984553b
   rdx 0000000000000000, rsp 00007fff4ed0a878, rbp 00007fff4ed0ae50
   rsi 000000000000000b, rdi 000000000007d6b8, r8  00000000c0001000
   r9  0000000000000000, r10 00000aeae9817980, r11 0000000000000206
   r12 0000000000000000, r13 0000000000000000, r14 00007fff4ed0ae98
   r15 00000aea297ff050
  --- traceback not available
Aborted (core dumped)
Preparing Ethanol_c149_q2.dat -> Ethanol_c149_q2.out on /home/zoe/Research/Gaussian/scratch
Preparing Ethanol_c149_q3.dat -> Ethanol_c149_q3.out on /home/zoe/Research/Gaussian/scratch
Preparing Ethanol_c14_q1.dat -> Ethanol_c14_q1.out on /home/zoe/Research/Gaussian/scratch
Preparing Ethanol_c14_q2.dat -> Ethanol_c14_q2.out on /home/zoe/Research/Gaussian/scratch
Preparing Ethanol_c14_q3.dat -> Ethanol_c14_q3.out on /home/zoe/Research/Gaussian/scratch
Preparing Ethanol_c150_q1.dat -> Ethanol_c150_q1.out on /home/zoe/Research/Gaussian/scratch
Preparing Ethanol_c150_q2.dat -> Ethanol_c150_q2.out on /home/zoe/Research/Gaussian/scratch
Preparing Ethanol_c150_q3.dat -> Ethanol_c150_q3.out on /home/zoe/Research/Gaussian/scratch
Preparing Ethanol_c151_q1.dat -> Ethanol_c151_q1.out on /home/zoe/Research/Gaussian/scratch
Preparing Ethanol_c151_q2.dat -> Ethanol_c151_q2.out on /home/zoe/Research/Gaussian/scratch
Preparing Ethanol_c151_q3.dat -> Ethanol_c151_q3.out on /home/zoe/Research/Gaussian/scratch
Preparing Ethanol_c152_q1.dat -> Ethanol_c152_q1.out on /home/zoe/Research/Gaussian/scratch
Preparing Ethanol_c152_q2.dat -> Ethanol_c152_q2.out on /home/zoe/Research/Gaussian/scratch
Error: segmentation violation
   rax 0000000000000000, rbx ffffffffffffffff, rcx 000014082a04553b
   rdx 0000000000000000, rsp 00007fffd29c3e28, rbp 00007fffd29c4400
   rsi 000000000000000b, rdi 00000000000861eb, r8  00000000c0001000
   r9  0000000000000000, r10 000014082a017980, r11 0000000000000206
   r12 0000000000000000, r13 0000000000000000, r14 00007fffd29c4448
   r15 0000000000001fdb
  --- traceback not available
Aborted (core dumped)
Preparing Ethanol_c152_q3.dat -> Ethanol_c152_q3.out on /home/zoe/Research/Gaussian/scratch
Killed
Killed
Preparing Ethanol_c153_q1.dat -> Ethanol_c153_q1.out on /home/zoe/Research/Gaussian/scratch
Killed
Preparing Ethanol_c153_q2.dat -> Ethanol_c153_q2.out on /home/zoe/Research/Gaussian/scratch
Preparing Ethanol_c153_q3.dat -> Ethanol_c153_q3.out on /home/zoe/Research/Gaussian/scratch
Killed
Preparing Ethanol_c154_q1.dat -> Ethanol_c154_q1.out on /home/zoe/Research/Gaussian/scratch
Killed
Killed
Preparing Ethanol_c154_q2.dat -> Ethanol_c154_q2.out on /home/zoe/Research/Gaussian/scratch
Killed
Preparing Ethanol_c154_q3.dat -> Ethanol_c154_q3.out on /home/zoe/Research/Gaussian/scratch
Preparing Ethanol_c155_q1.dat -> Ethanol_c155_q1.out on /home/zoe/Research/Gaussian/scratch
Killed
Preparing Ethanol_c155_q2.dat -> Ethanol_c155_q2.out on /home/zoe/Research/Gaussian/scratch
Killed
Preparing Ethanol_c155_q3.dat -> Ethanol_c155_q3.out on /home/zoe/Research/Gaussian/scratch
Killed
Preparing Ethanol_c156_q1.dat -> Ethanol_c156_q1.out on /home/zoe/Research/Gaussian/scratch
Killed
Killed
Preparing Ethanol_c156_q2.dat -> Ethanol_c156_q2.out on /home/zoe/Research/Gaussian/scratch
Preparing Ethanol_c156_q3.dat -> Ethanol_c156_q3.out on /home/zoe/Research/Gaussian/scratch
Killed
Killed
Preparing Ethanol_c157_q1.dat -> Ethanol_c157_q1.out on /home/zoe/Research/Gaussian/scratch
Preparing Ethanol_c157_q2.dat -> Ethanol_c157_q2.out on /home/zoe/Research/Gaussian/scratch
Killed
Preparing Ethanol_c157_q3.dat -> Ethanol_c157_q3.out on /home/zoe/Research/Gaussian/scratch
Killed
Preparing Ethanol_c158_q1.dat -> Ethanol_c158_q1.out on /home/zoe/Research/Gaussian/scratch
Killed
Killed
Preparing Ethanol_c158_q2.dat -> Ethanol_c158_q2.out on /home/zoe/Research/Gaussian/scratch
Killed
Preparing Ethanol_c158_q3.dat -> Ethanol_c158_q3.out on /home/zoe/Research/Gaussian/scratch
Killed
Preparing Ethanol_c159_q1.dat -> Ethanol_c159_q1.out on /home/zoe/Research/Gaussian/scratch
Preparing Ethanol_c159_q2.dat -> Ethanol_c159_q2.out on /home/zoe/Research/Gaussian/scratch
Killed
Preparing Ethanol_c159_q3.dat -> Ethanol_c159_q3.out on /home/zoe/Research/Gaussian/scratch
Killed
Preparing Ethanol_c15_q1.dat -> Ethanol_c15_q1.out on /home/zoe/Research/Gaussian/scratch
Killed
Preparing Ethanol_c15_q2.dat -> Ethanol_c15_q2.out on /home/zoe/Research/Gaussian/scratch
Killed
Killed
Preparing Ethanol_c15_q3.dat -> Ethanol_c15_q3.out on /home/zoe/Research/Gaussian/scratch
Preparing Ethanol_c160_q1.dat -> Ethanol_c160_q1.out on /home/zoe/Research/Gaussian/scratch
Killed
Preparing Ethanol_c160_q2.dat -> Ethanol_c160_q2.out on /home/zoe/Research/Gaussian/scratch
Killed
Preparing Ethanol_c160_q3.dat -> Ethanol_c160_q3.out on /home/zoe/Research/Gaussian/scratch
Killed
Preparing Ethanol_c161_q1.dat -> Ethanol_c161_q1.out on /home/zoe/Research/Gaussian/scratch
Killed
Preparing Ethanol_c161_q2.dat -> Ethanol_c161_q2.out on /home/zoe/Research/Gaussian/scratch
Killed
Preparing Ethanol_c161_q3.dat -> Ethanol_c161_q3.out on /home/zoe/Research/Gaussian/scratch
Killed
Killed
Preparing Ethanol_c162_q1.dat -> Ethanol_c162_q1.out on /home/zoe/Research/Gaussian/scratch
Killed
Preparing Ethanol_c162_q2.dat -> Ethanol_c162_q2.out on /home/zoe/Research/Gaussian/scratch
Killed
Preparing Ethanol_c162_q3.dat -> Ethanol_c162_q3.out on /home/zoe/Research/Gaussian/scratch
Preparing Ethanol_c163_q1.dat -> Ethanol_c163_q1.out on /home/zoe/Research/Gaussian/scratch
Killed
Killed
Preparing Ethanol_c163_q2.dat -> Ethanol_c163_q2.out on /home/zoe/Research/Gaussian/scratch
Preparing Ethanol_c163_q3.dat -> Ethanol_c163_q3.out on /home/zoe/Research/Gaussian/scratch
Killed
Preparing Ethanol_c164_q1.dat -> Ethanol_c164_q1.out on /home/zoe/Research/Gaussian/scratch
Killed
Killed
Preparing Ethanol_c164_q2.dat -> Ethanol_c164_q2.out on /home/zoe/Research/Gaussian/scratch
Killed
Preparing Ethanol_c164_q3.dat -> Ethanol_c164_q3.out on /home/zoe/Research/Gaussian/scratch
Preparing Ethanol_c165_q1.dat -> Ethanol_c165_q1.out on /home/zoe/Research/Gaussian/scratch
Killed
Preparing Ethanol_c165_q2.dat -> Ethanol_c165_q2.out on /home/zoe/Research/Gaussian/scratch
Killed
Killed
Preparing Ethanol_c165_q3.dat -> Ethanol_c165_q3.out on /home/zoe/Research/Gaussian/scratch
Preparing Ethanol_c166_q1.dat -> Ethanol_c166_q1.out on /home/zoe/Research/Gaussian/scratch
Killed
Preparing Ethanol_c166_q2.dat -> Ethanol_c166_q2.out on /home/zoe/Research/Gaussian/scratch
Killed
Killed
Preparing Ethanol_c166_q3.dat -> Ethanol_c166_q3.out on /home/zoe/Research/Gaussian/scratch
Preparing Ethanol_c167_q1.dat -> Ethanol_c167_q1.out on /home/zoe/Research/Gaussian/scratch
Killed
Killed
Preparing Ethanol_c167_q2.dat -> Ethanol_c167_q2.out on /home/zoe/Research/Gaussian/scratch
Killed
Preparing Ethanol_c167_q3.dat -> Ethanol_c167_q3.out on /home/zoe/Research/Gaussian/scratch
Preparing Ethanol_c168_q1.dat -> Ethanol_c168_q1.out on /home/zoe/Research/Gaussian/scratch
Killed
Killed
Preparing Ethanol_c168_q2.dat -> Ethanol_c168_q2.out on /home/zoe/Research/Gaussian/scratch
Preparing Ethanol_c168_q3.dat -> Ethanol_c168_q3.out on /home/zoe/Research/Gaussian/scratch
Killed
Killed
Preparing Ethanol_c169_q1.dat -> Ethanol_c169_q1.out on /home/zoe/Research/Gaussian/scratch
Killed
Preparing Ethanol_c169_q2.dat -> Ethanol_c169_q2.out on /home/zoe/Research/Gaussian/scratch
Killed
Preparing Ethanol_c169_q3.dat -> Ethanol_c169_q3.out on /home/zoe/Research/Gaussian/scratch
Preparing Ethanol_c16_q1.dat -> Ethanol_c16_q1.out on /home/zoe/Research/Gaussian/scratch
Killed
Killed
Preparing Ethanol_c16_q2.dat -> Ethanol_c16_q2.out on /home/zoe/Research/Gaussian/scratch
Preparing Ethanol_c16_q3.dat -> Ethanol_c16_q3.out on /home/zoe/Research/Gaussian/scratch
Killed
Killed
Preparing Ethanol_c170_q1.dat -> Ethanol_c170_q1.out on /home/zoe/Research/Gaussian/scratch
Preparing Ethanol_c170_q2.dat -> Ethanol_c170_q2.out on /home/zoe/Research/Gaussian/scratch
Killed
Preparing Ethanol_c170_q3.dat -> Ethanol_c170_q3.out on /home/zoe/Research/Gaussian/scratch
Killed
Killed
Preparing Ethanol_c171_q1.dat -> Ethanol_c171_q1.out on /home/zoe/Research/Gaussian/scratch
Killed
Preparing Ethanol_c171_q2.dat -> Ethanol_c171_q2.out on /home/zoe/Research/Gaussian/scratch
Killed
Preparing Ethanol_c171_q3.dat -> Ethanol_c171_q3.out on /home/zoe/Research/Gaussian/scratch
Preparing Ethanol_c172_q1.dat -> Ethanol_c172_q1.out on /home/zoe/Research/Gaussian/scratch
Killed
Killed
Preparing Ethanol_c172_q2.dat -> Ethanol_c172_q2.out on /home/zoe/Research/Gaussian/scratch
Preparing Ethanol_c172_q3.dat -> Ethanol_c172_q3.out on /home/zoe/Research/Gaussian/scratch
Killed
Preparing Ethanol_c173_q1.dat -> Ethanol_c173_q1.out on /home/zoe/Research/Gaussian/scratch
Killed
Killed
Preparing Ethanol_c173_q2.dat -> Ethanol_c173_q2.out on /home/zoe/Research/Gaussian/scratch
Preparing Ethanol_c173_q3.dat -> Ethanol_c173_q3.out on /home/zoe/Research/Gaussian/scratch
Killed
Preparing Ethanol_c174_q1.dat -> Ethanol_c174_q1.out on /home/zoe/Research/Gaussian/scratch
Killed
Killed
Preparing Ethanol_c174_q2.dat -> Ethanol_c174_q2.out on /home/zoe/Research/Gaussian/scratch
Preparing Ethanol_c174_q3.dat -> Ethanol_c174_q3.out on /home/zoe/Research/Gaussian/scratch
Killed
Killed
Preparing Ethanol_c175_q1.dat -> Ethanol_c175_q1.out on /home/zoe/Research/Gaussian/scratch
Preparing Ethanol_c175_q2.dat -> Ethanol_c175_q2.out on /home/zoe/Research/Gaussian/scratch
Killed
Preparing Ethanol_c175_q3.dat -> Ethanol_c175_q3.out on /home/zoe/Research/Gaussian/scratch
Killed
Preparing Ethanol_c176_q1.dat -> Ethanol_c176_q1.out on /home/zoe/Research/Gaussian/scratch
Killed
Killed
Preparing Ethanol_c176_q2.dat -> Ethanol_c176_q2.out on /home/zoe/Research/Gaussian/scratch
Killed
Preparing Ethanol_c176_q3.dat -> Ethanol_c176_q3.out on /home/zoe/Research/Gaussian/scratch
Killed
Preparing Ethanol_c177_q1.dat -> Ethanol_c177_q1.out on /home/zoe/Research/Gaussian/scratch
Killed
Preparing Ethanol_c177_q2.dat -> Ethanol_c177_q2.out on /home/zoe/Research/Gaussian/scratch
Preparing Ethanol_c177_q3.dat -> Ethanol_c177_q3.out on /home/zoe/Research/Gaussian/scratch
Killed
Killed
Preparing Ethanol_c178_q1.dat -> Ethanol_c178_q1.out on /home/zoe/Research/Gaussian/scratch
Preparing Ethanol_c178_q2.dat -> Ethanol_c178_q2.out on /home/zoe/Research/Gaussian/scratch
Killed
Preparing Ethanol_c178_q3.dat -> Ethanol_c178_q3.out on /home/zoe/Research/Gaussian/scratch
Killed
Preparing Ethanol_c179_q1.dat -> Ethanol_c179_q1.out on /home/zoe/Research/Gaussian/scratch
Killed
Killed
Preparing Ethanol_c179_q2.dat -> Ethanol_c179_q2.out on /home/zoe/Research/Gaussian/scratch
Killed
Preparing Ethanol_c179_q3.dat -> Ethanol_c179_q3.out on /home/zoe/Research/Gaussian/scratch
Preparing Ethanol_c17_q1.dat -> Ethanol_c17_q1.out on /home/zoe/Research/Gaussian/scratch
Killed
Preparing Ethanol_c17_q2.dat -> Ethanol_c17_q2.out on /home/zoe/Research/Gaussian/scratch
Killed
Preparing Ethanol_c17_q3.dat -> Ethanol_c17_q3.out on /home/zoe/Research/Gaussian/scratch
Killed
Preparing Ethanol_c180_q1.dat -> Ethanol_c180_q1.out on /home/zoe/Research/Gaussian/scratch
Killed
Preparing Ethanol_c180_q2.dat -> Ethanol_c180_q2.out on /home/zoe/Research/Gaussian/scratch
Killed
Killed
Preparing Ethanol_c180_q3.dat -> Ethanol_c180_q3.out on /home/zoe/Research/Gaussian/scratch
Killed
Preparing Ethanol_c181_q1.dat -> Ethanol_c181_q1.out on /home/zoe/Research/Gaussian/scratch
Preparing Ethanol_c181_q2.dat -> Ethanol_c181_q2.out on /home/zoe/Research/Gaussian/scratch
Killed
Killed
Preparing Ethanol_c181_q3.dat -> Ethanol_c181_q3.out on /home/zoe/Research/Gaussian/scratch
Preparing Ethanol_c182_q1.dat -> Ethanol_c182_q1.out on /home/zoe/Research/Gaussian/scratch
Killed
Preparing Ethanol_c182_q2.dat -> Ethanol_c182_q2.out on /home/zoe/Research/Gaussian/scratch
Killed
Killed
Preparing Ethanol_c182_q3.dat -> Ethanol_c182_q3.out on /home/zoe/Research/Gaussian/scratch
Killed
Preparing Ethanol_c183_q1.dat -> Ethanol_c183_q1.out on /home/zoe/Research/Gaussian/scratch
Preparing Ethanol_c183_q2.dat -> Ethanol_c183_q2.out on /home/zoe/Research/Gaussian/scratch
Killed
Killed
Preparing Ethanol_c183_q3.dat -> Ethanol_c183_q3.out on /home/zoe/Research/Gaussian/scratch
Preparing Ethanol_c184_q1.dat -> Ethanol_c184_q1.out on /home/zoe/Research/Gaussian/scratch
Killed
Killed
Preparing Ethanol_c184_q2.dat -> Ethanol_c184_q2.out on /home/zoe/Research/Gaussian/scratch
Killed
Preparing Ethanol_c184_q3.dat -> Ethanol_c184_q3.out on /home/zoe/Research/Gaussian/scratch
Preparing Ethanol_c185_q1.dat -> Ethanol_c185_q1.out on /home/zoe/Research/Gaussian/scratch
Killed
Preparing Ethanol_c185_q2.dat -> Ethanol_c185_q2.out on /home/zoe/Research/Gaussian/scratch
Killed
Preparing Ethanol_c185_q3.dat -> Ethanol_c185_q3.out on /home/zoe/Research/Gaussian/scratch
Killed
Killed
Preparing Ethanol_c186_q1.dat -> Ethanol_c186_q1.out on /home/zoe/Research/Gaussian/scratch
Preparing Ethanol_c186_q2.dat -> Ethanol_c186_q2.out on /home/zoe/Research/Gaussian/scratch
Killed
Preparing Ethanol_c186_q3.dat -> Ethanol_c186_q3.out on /home/zoe/Research/Gaussian/scratch
Killed
Killed
Preparing Ethanol_c187_q1.dat -> Ethanol_c187_q1.out on /home/zoe/Research/Gaussian/scratch
Preparing Ethanol_c187_q2.dat -> Ethanol_c187_q2.out on /home/zoe/Research/Gaussian/scratch
Killed
Preparing Ethanol_c187_q3.dat -> Ethanol_c187_q3.out on /home/zoe/Research/Gaussian/scratch
Killed
Preparing Ethanol_c188_q1.dat -> Ethanol_c188_q1.out on /home/zoe/Research/Gaussian/scratch
Killed
Killed
Preparing Ethanol_c188_q2.dat -> Ethanol_c188_q2.out on /home/zoe/Research/Gaussian/scratch
Preparing Ethanol_c188_q3.dat -> Ethanol_c188_q3.out on /home/zoe/Research/Gaussian/scratch
Killed
Killed
Preparing Ethanol_c189_q1.dat -> Ethanol_c189_q1.out on /home/zoe/Research/Gaussian/scratch
Preparing Ethanol_c189_q2.dat -> Ethanol_c189_q2.out on /home/zoe/Research/Gaussian/scratch
Killed
Preparing Ethanol_c189_q3.dat -> Ethanol_c189_q3.out on /home/zoe/Research/Gaussian/scratch
Killed
Killed
Preparing Ethanol_c18_q1.dat -> Ethanol_c18_q1.out on /home/zoe/Research/Gaussian/scratch
Killed
Preparing Ethanol_c18_q2.dat -> Ethanol_c18_q2.out on /home/zoe/Research/Gaussian/scratch
Preparing Ethanol_c18_q3.dat -> Ethanol_c18_q3.out on /home/zoe/Research/Gaussian/scratch
Killed
Preparing Ethanol_c190_q1.dat -> Ethanol_c190_q1.out on /home/zoe/Research/Gaussian/scratch
Killed
Killed
Preparing Ethanol_c190_q2.dat -> Ethanol_c190_q2.out on /home/zoe/Research/Gaussian/scratch
Preparing Ethanol_c190_q3.dat -> Ethanol_c190_q3.out on /home/zoe/Research/Gaussian/scratch
Killed
Killed
Preparing Ethanol_c191_q1.dat -> Ethanol_c191_q1.out on /home/zoe/Research/Gaussian/scratch
Killed
Preparing Ethanol_c191_q2.dat -> Ethanol_c191_q2.out on /home/zoe/Research/Gaussian/scratch
Killed
Preparing Ethanol_c191_q3.dat -> Ethanol_c191_q3.out on /home/zoe/Research/Gaussian/scratch
Preparing Ethanol_c192_q1.dat -> Ethanol_c192_q1.out on /home/zoe/Research/Gaussian/scratch
Killed
Killed
Preparing Ethanol_c192_q2.dat -> Ethanol_c192_q2.out on /home/zoe/Research/Gaussian/scratch
Killed
Preparing Ethanol_c192_q3.dat -> Ethanol_c192_q3.out on /home/zoe/Research/Gaussian/scratch
Killed
Preparing Ethanol_c193_q1.dat -> Ethanol_c193_q1.out on /home/zoe/Research/Gaussian/scratch
Preparing Ethanol_c193_q2.dat -> Ethanol_c193_q2.out on /home/zoe/Research/Gaussian/scratch
Killed
Killed
Preparing Ethanol_c193_q3.dat -> Ethanol_c193_q3.out on /home/zoe/Research/Gaussian/scratch
Killed
Preparing Ethanol_c194_q1.dat -> Ethanol_c194_q1.out on /home/zoe/Research/Gaussian/scratch
Preparing Ethanol_c194_q2.dat -> Ethanol_c194_q2.out on /home/zoe/Research/Gaussian/scratch
Killed
Killed
Preparing Ethanol_c194_q3.dat -> Ethanol_c194_q3.out on /home/zoe/Research/Gaussian/scratch
Killed
Preparing Ethanol_c195_q1.dat -> Ethanol_c195_q1.out on /home/zoe/Research/Gaussian/scratch
Preparing Ethanol_c195_q2.dat -> Ethanol_c195_q2.out on /home/zoe/Research/Gaussian/scratch
Killed
Killed
Preparing Ethanol_c195_q3.dat -> Ethanol_c195_q3.out on /home/zoe/Research/Gaussian/scratch
Killed
Preparing Ethanol_c196_q1.dat -> Ethanol_c196_q1.out on /home/zoe/Research/Gaussian/scratch
Preparing Ethanol_c196_q2.dat -> Ethanol_c196_q2.out on /home/zoe/Research/Gaussian/scratch
Killed
Killed
Preparing Ethanol_c196_q3.dat -> Ethanol_c196_q3.out on /home/zoe/Research/Gaussian/scratch
Preparing Ethanol_c197_q1.dat -> Ethanol_c197_q1.out on /home/zoe/Research/Gaussian/scratch
Killed
Killed
Preparing Ethanol_c197_q2.dat -> Ethanol_c197_q2.out on /home/zoe/Research/Gaussian/scratch
Preparing Ethanol_c197_q3.dat -> Ethanol_c197_q3.out on /home/zoe/Research/Gaussian/scratch
Killed
Preparing Ethanol_c198_q1.dat -> Ethanol_c198_q1.out on /home/zoe/Research/Gaussian/scratch
Killed
Killed
Preparing Ethanol_c198_q2.dat -> Ethanol_c198_q2.out on /home/zoe/Research/Gaussian/scratch
Preparing Ethanol_c198_q3.dat -> Ethanol_c198_q3.out on /home/zoe/Research/Gaussian/scratch
Killed
Preparing Ethanol_c199_q1.dat -> Ethanol_c199_q1.out on /home/zoe/Research/Gaussian/scratch
Killed
Preparing Ethanol_c199_q2.dat -> Ethanol_c199_q2.out on /home/zoe/Research/Gaussian/scratch
Killed
Killed
Preparing Ethanol_c199_q3.dat -> Ethanol_c199_q3.out on /home/zoe/Research/Gaussian/scratch
Preparing Ethanol_c19_q1.dat -> Ethanol_c19_q1.out on /home/zoe/Research/Gaussian/scratch
Killed
Preparing Ethanol_c19_q2.dat -> Ethanol_c19_q2.out on /home/zoe/Research/Gaussian/scratch
Killed
Killed
Preparing Ethanol_c19_q3.dat -> Ethanol_c19_q3.out on /home/zoe/Research/Gaussian/scratch
Killed
Preparing Ethanol_c1_q1.dat -> Ethanol_c1_q1.out on /home/zoe/Research/Gaussian/scratch
Killed
Preparing Ethanol_c1_q2.dat -> Ethanol_c1_q2.out on /home/zoe/Research/Gaussian/scratch
Killed
Preparing Ethanol_c1_q3.dat -> Ethanol_c1_q3.out on /home/zoe/Research/Gaussian/scratch
Killed
Preparing Ethanol_c200_q1.dat -> Ethanol_c200_q1.out on /home/zoe/Research/Gaussian/scratch
Preparing Ethanol_c200_q2.dat -> Ethanol_c200_q2.out on /home/zoe/Research/Gaussian/scratch
Killed
Killed
Preparing Ethanol_c200_q3.dat -> Ethanol_c200_q3.out on /home/zoe/Research/Gaussian/scratch
Killed
Preparing Ethanol_c20_q1.dat -> Ethanol_c20_q1.out on /home/zoe/Research/Gaussian/scratch
Preparing Ethanol_c20_q2.dat -> Ethanol_c20_q2.out on /home/zoe/Research/Gaussian/scratch
Killed
Killed
Preparing Ethanol_c20_q3.dat -> Ethanol_c20_q3.out on /home/zoe/Research/Gaussian/scratch
Preparing Ethanol_c21_q1.dat -> Ethanol_c21_q1.out on /home/zoe/Research/Gaussian/scratch
Killed
Killed
Preparing Ethanol_c21_q2.dat -> Ethanol_c21_q2.out on /home/zoe/Research/Gaussian/scratch
Preparing Ethanol_c21_q3.dat -> Ethanol_c21_q3.out on /home/zoe/Research/Gaussian/scratch
Killed
Killed
Preparing Ethanol_c22_q1.dat -> Ethanol_c22_q1.out on /home/zoe/Research/Gaussian/scratch
Killed
Preparing Ethanol_c22_q2.dat -> Ethanol_c22_q2.out on /home/zoe/Research/Gaussian/scratch
Killed
Preparing Ethanol_c22_q3.dat -> Ethanol_c22_q3.out on /home/zoe/Research/Gaussian/scratch
Killed
Preparing Ethanol_c23_q1.dat -> Ethanol_c23_q1.out on /home/zoe/Research/Gaussian/scratch
Preparing Ethanol_c23_q2.dat -> Ethanol_c23_q2.out on /home/zoe/Research/Gaussian/scratch
Killed
Killed
Preparing Ethanol_c23_q3.dat -> Ethanol_c23_q3.out on /home/zoe/Research/Gaussian/scratch
Preparing Ethanol_c24_q1.dat -> Ethanol_c24_q1.out on /home/zoe/Research/Gaussian/scratch
Killed
Preparing Ethanol_c24_q2.dat -> Ethanol_c24_q2.out on /home/zoe/Research/Gaussian/scratch
Killed
Killed
Preparing Ethanol_c24_q3.dat -> Ethanol_c24_q3.out on /home/zoe/Research/Gaussian/scratch
Killed
Preparing Ethanol_c25_q1.dat -> Ethanol_c25_q1.out on /home/zoe/Research/Gaussian/scratch
Killed
Preparing Ethanol_c25_q2.dat -> Ethanol_c25_q2.out on /home/zoe/Research/Gaussian/scratch
Killed
Preparing Ethanol_c25_q3.dat -> Ethanol_c25_q3.out on /home/zoe/Research/Gaussian/scratch
Killed
Preparing Ethanol_c26_q1.dat -> Ethanol_c26_q1.out on /home/zoe/Research/Gaussian/scratch
Preparing Ethanol_c26_q2.dat -> Ethanol_c26_q2.out on /home/zoe/Research/Gaussian/scratch
Killed
Killed
Preparing Ethanol_c26_q3.dat -> Ethanol_c26_q3.out on /home/zoe/Research/Gaussian/scratch
Killed
Preparing Ethanol_c27_q1.dat -> Ethanol_c27_q1.out on /home/zoe/Research/Gaussian/scratch
Preparing Ethanol_c27_q2.dat -> Ethanol_c27_q2.out on /home/zoe/Research/Gaussian/scratch
Killed
Killed
Preparing Ethanol_c27_q3.dat -> Ethanol_c27_q3.out on /home/zoe/Research/Gaussian/scratch
Killed
Preparing Ethanol_c28_q1.dat -> Ethanol_c28_q1.out on /home/zoe/Research/Gaussian/scratch
Preparing Ethanol_c28_q2.dat -> Ethanol_c28_q2.out on /home/zoe/Research/Gaussian/scratch
Killed
Preparing Ethanol_c28_q3.dat -> Ethanol_c28_q3.out on /home/zoe/Research/Gaussian/scratch
Killed
Killed
Preparing Ethanol_c29_q1.dat -> Ethanol_c29_q1.out on /home/zoe/Research/Gaussian/scratch
Preparing Ethanol_c29_q2.dat -> Ethanol_c29_q2.out on /home/zoe/Research/Gaussian/scratch
Killed
Killed
Preparing Ethanol_c29_q3.dat -> Ethanol_c29_q3.out on /home/zoe/Research/Gaussian/scratch
Preparing Ethanol_c2_q1.dat -> Ethanol_c2_q1.out on /home/zoe/Research/Gaussian/scratch
Killed
Killed
Preparing Ethanol_c2_q2.dat -> Ethanol_c2_q2.out on /home/zoe/Research/Gaussian/scratch
Killed
Preparing Ethanol_c2_q3.dat -> Ethanol_c2_q3.out on /home/zoe/Research/Gaussian/scratch
Killed
Preparing Ethanol_c30_q1.dat -> Ethanol_c30_q1.out on /home/zoe/Research/Gaussian/scratch
Preparing Ethanol_c30_q2.dat -> Ethanol_c30_q2.out on /home/zoe/Research/Gaussian/scratch
Killed
Killed
Preparing Ethanol_c30_q3.dat -> Ethanol_c30_q3.out on /home/zoe/Research/Gaussian/scratch
Preparing Ethanol_c31_q1.dat -> Ethanol_c31_q1.out on /home/zoe/Research/Gaussian/scratch
Killed
Preparing Ethanol_c31_q2.dat -> Ethanol_c31_q2.out on /home/zoe/Research/Gaussian/scratch
Killed
Preparing Ethanol_c31_q3.dat -> Ethanol_c31_q3.out on /home/zoe/Research/Gaussian/scratch
Killed
Killed
Preparing Ethanol_c32_q1.dat -> Ethanol_c32_q1.out on /home/zoe/Research/Gaussian/scratch
Preparing Ethanol_c32_q2.dat -> Ethanol_c32_q2.out on /home/zoe/Research/Gaussian/scratch
Killed
Preparing Ethanol_c32_q3.dat -> Ethanol_c32_q3.out on /home/zoe/Research/Gaussian/scratch
Killed
Killed
Preparing Ethanol_c33_q1.dat -> Ethanol_c33_q1.out on /home/zoe/Research/Gaussian/scratch
Killed
Preparing Ethanol_c33_q2.dat -> Ethanol_c33_q2.out on /home/zoe/Research/Gaussian/scratch
Preparing Ethanol_c33_q3.dat -> Ethanol_c33_q3.out on /home/zoe/Research/Gaussian/scratch
Killed
Preparing Ethanol_c34_q1.dat -> Ethanol_c34_q1.out on /home/zoe/Research/Gaussian/scratch
Killed
Preparing Ethanol_c34_q2.dat -> Ethanol_c34_q2.out on /home/zoe/Research/Gaussian/scratch
Killed
Preparing Ethanol_c34_q3.dat -> Ethanol_c34_q3.out on /home/zoe/Research/Gaussian/scratch
Killed
Preparing Ethanol_c35_q1.dat -> Ethanol_c35_q1.out on /home/zoe/Research/Gaussian/scratch
Killed
Killed
Preparing Ethanol_c35_q2.dat -> Ethanol_c35_q2.out on /home/zoe/Research/Gaussian/scratch
Preparing Ethanol_c35_q3.dat -> Ethanol_c35_q3.out on /home/zoe/Research/Gaussian/scratch
Killed
Preparing Ethanol_c36_q1.dat -> Ethanol_c36_q1.out on /home/zoe/Research/Gaussian/scratch
Killed
Preparing Ethanol_c36_q2.dat -> Ethanol_c36_q2.out on /home/zoe/Research/Gaussian/scratch
Killed
Preparing Ethanol_c36_q3.dat -> Ethanol_c36_q3.out on /home/zoe/Research/Gaussian/scratch
Killed
Preparing Ethanol_c37_q1.dat -> Ethanol_c37_q1.out on /home/zoe/Research/Gaussian/scratch
Killed
Preparing Ethanol_c37_q2.dat -> Ethanol_c37_q2.out on /home/zoe/Research/Gaussian/scratch
Killed
Killed
Preparing Ethanol_c37_q3.dat -> Ethanol_c37_q3.out on /home/zoe/Research/Gaussian/scratch
Preparing Ethanol_c38_q1.dat -> Ethanol_c38_q1.out on /home/zoe/Research/Gaussian/scratch
Killed
Preparing Ethanol_c38_q2.dat -> Ethanol_c38_q2.out on /home/zoe/Research/Gaussian/scratch
Killed
Killed
Preparing Ethanol_c38_q3.dat -> Ethanol_c38_q3.out on /home/zoe/Research/Gaussian/scratch
Killed
Preparing Ethanol_c39_q1.dat -> Ethanol_c39_q1.out on /home/zoe/Research/Gaussian/scratch
Killed
Preparing Ethanol_c39_q2.dat -> Ethanol_c39_q2.out on /home/zoe/Research/Gaussian/scratch
Preparing Ethanol_c39_q3.dat -> Ethanol_c39_q3.out on /home/zoe/Research/Gaussian/scratch
Killed
Preparing Ethanol_c3_q1.dat -> Ethanol_c3_q1.out on /home/zoe/Research/Gaussian/scratch
Killed
Killed
Preparing Ethanol_c3_q2.dat -> Ethanol_c3_q2.out on /home/zoe/Research/Gaussian/scratch
Preparing Ethanol_c3_q3.dat -> Ethanol_c3_q3.out on /home/zoe/Research/Gaussian/scratch
Killed
Killed
Preparing Ethanol_c40_q1.dat -> Ethanol_c40_q1.out on /home/zoe/Research/Gaussian/scratch
Killed
Preparing Ethanol_c40_q2.dat -> Ethanol_c40_q2.out on /home/zoe/Research/Gaussian/scratch
Killed
Preparing Ethanol_c40_q3.dat -> Ethanol_c40_q3.out on /home/zoe/Research/Gaussian/scratch
Preparing Ethanol_c41_q1.dat -> Ethanol_c41_q1.out on /home/zoe/Research/Gaussian/scratch
Killed
Preparing Ethanol_c41_q2.dat -> Ethanol_c41_q2.out on /home/zoe/Research/Gaussian/scratch
Killed
Preparing Ethanol_c41_q3.dat -> Ethanol_c41_q3.out on /home/zoe/Research/Gaussian/scratch
Killed
Killed
Preparing Ethanol_c42_q1.dat -> Ethanol_c42_q1.out on /home/zoe/Research/Gaussian/scratch
Preparing Ethanol_c42_q2.dat -> Ethanol_c42_q2.out on /home/zoe/Research/Gaussian/scratch
Killed
Killed
Preparing Ethanol_c42_q3.dat -> Ethanol_c42_q3.out on /home/zoe/Research/Gaussian/scratch
Preparing Ethanol_c43_q1.dat -> Ethanol_c43_q1.out on /home/zoe/Research/Gaussian/scratch
Killed
Killed
Preparing Ethanol_c43_q2.dat -> Ethanol_c43_q2.out on /home/zoe/Research/Gaussian/scratch
Killed
Preparing Ethanol_c43_q3.dat -> Ethanol_c43_q3.out on /home/zoe/Research/Gaussian/scratch
Killed
Preparing Ethanol_c44_q1.dat -> Ethanol_c44_q1.out on /home/zoe/Research/Gaussian/scratch
Killed
Preparing Ethanol_c44_q2.dat -> Ethanol_c44_q2.out on /home/zoe/Research/Gaussian/scratch
Killed
Preparing Ethanol_c44_q3.dat -> Ethanol_c44_q3.out on /home/zoe/Research/Gaussian/scratch
Preparing Ethanol_c45_q1.dat -> Ethanol_c45_q1.out on /home/zoe/Research/Gaussian/scratch
Killed
Preparing Ethanol_c45_q2.dat -> Ethanol_c45_q2.out on /home/zoe/Research/Gaussian/scratch
Killed
Killed
Preparing Ethanol_c45_q3.dat -> Ethanol_c45_q3.out on /home/zoe/Research/Gaussian/scratch
Killed
Preparing Ethanol_c46_q1.dat -> Ethanol_c46_q1.out on /home/zoe/Research/Gaussian/scratch
Killed
Preparing Ethanol_c46_q2.dat -> Ethanol_c46_q2.out on /home/zoe/Research/Gaussian/scratch
Killed
Preparing Ethanol_c46_q3.dat -> Ethanol_c46_q3.out on /home/zoe/Research/Gaussian/scratch
Killed
Preparing Ethanol_c47_q1.dat -> Ethanol_c47_q1.out on /home/zoe/Research/Gaussian/scratch
Killed
Preparing Ethanol_c47_q2.dat -> Ethanol_c47_q2.out on /home/zoe/Research/Gaussian/scratch
Killed
Preparing Ethanol_c47_q3.dat -> Ethanol_c47_q3.out on /home/zoe/Research/Gaussian/scratch
Preparing Ethanol_c48_q1.dat -> Ethanol_c48_q1.out on /home/zoe/Research/Gaussian/scratch
Killed
Killed
Preparing Ethanol_c48_q2.dat -> Ethanol_c48_q2.out on /home/zoe/Research/Gaussian/scratch
Killed
Preparing Ethanol_c48_q3.dat -> Ethanol_c48_q3.out on /home/zoe/Research/Gaussian/scratch
Preparing Ethanol_c49_q1.dat -> Ethanol_c49_q1.out on /home/zoe/Research/Gaussian/scratch
Killed
Preparing Ethanol_c49_q2.dat -> Ethanol_c49_q2.out on /home/zoe/Research/Gaussian/scratch
Killed
Preparing Ethanol_c49_q3.dat -> Ethanol_c49_q3.out on /home/zoe/Research/Gaussian/scratch
Killed
Killed
Preparing Ethanol_c4_q1.dat -> Ethanol_c4_q1.out on /home/zoe/Research/Gaussian/scratch
Preparing Ethanol_c4_q2.dat -> Ethanol_c4_q2.out on /home/zoe/Research/Gaussian/scratch
Killed
Preparing Ethanol_c4_q3.dat -> Ethanol_c4_q3.out on /home/zoe/Research/Gaussian/scratch
Killed
Killed
Preparing Ethanol_c50_q1.dat -> Ethanol_c50_q1.out on /home/zoe/Research/Gaussian/scratch
Killed
Preparing Ethanol_c50_q2.dat -> Ethanol_c50_q2.out on /home/zoe/Research/Gaussian/scratch
Preparing Ethanol_c50_q3.dat -> Ethanol_c50_q3.out on /home/zoe/Research/Gaussian/scratch
Killed
Preparing Ethanol_c51_q1.dat -> Ethanol_c51_q1.out on /home/zoe/Research/Gaussian/scratch
Killed
Killed
Preparing Ethanol_c51_q2.dat -> Ethanol_c51_q2.out on /home/zoe/Research/Gaussian/scratch
Killed
Preparing Ethanol_c51_q3.dat -> Ethanol_c51_q3.out on /home/zoe/Research/Gaussian/scratch
Preparing Ethanol_c52_q1.dat -> Ethanol_c52_q1.out on /home/zoe/Research/Gaussian/scratch
Killed
Preparing Ethanol_c52_q2.dat -> Ethanol_c52_q2.out on /home/zoe/Research/Gaussian/scratch
Killed
Preparing Ethanol_c52_q3.dat -> Ethanol_c52_q3.out on /home/zoe/Research/Gaussian/scratch
Killed
Killed
Preparing Ethanol_c53_q1.dat -> Ethanol_c53_q1.out on /home/zoe/Research/Gaussian/scratch
Killed
Preparing Ethanol_c53_q2.dat -> Ethanol_c53_q2.out on /home/zoe/Research/Gaussian/scratch
Preparing Ethanol_c53_q3.dat -> Ethanol_c53_q3.out on /home/zoe/Research/Gaussian/scratch
Killed
Preparing Ethanol_c54_q1.dat -> Ethanol_c54_q1.out on /home/zoe/Research/Gaussian/scratch
Killed
Killed
Preparing Ethanol_c54_q2.dat -> Ethanol_c54_q2.out on /home/zoe/Research/Gaussian/scratch
Preparing Ethanol_c54_q3.dat -> Ethanol_c54_q3.out on /home/zoe/Research/Gaussian/scratch
Killed
Killed
Preparing Ethanol_c55_q1.dat -> Ethanol_c55_q1.out on /home/zoe/Research/Gaussian/scratch
Killed
Preparing Ethanol_c55_q2.dat -> Ethanol_c55_q2.out on /home/zoe/Research/Gaussian/scratch
Killed
Preparing Ethanol_c55_q3.dat -> Ethanol_c55_q3.out on /home/zoe/Research/Gaussian/scratch
Killed
Preparing Ethanol_c56_q1.dat -> Ethanol_c56_q1.out on /home/zoe/Research/Gaussian/scratch
Preparing Ethanol_c56_q2.dat -> Ethanol_c56_q2.out on /home/zoe/Research/Gaussian/scratch
Killed
Killed
Preparing Ethanol_c56_q3.dat -> Ethanol_c56_q3.out on /home/zoe/Research/Gaussian/scratch
Preparing Ethanol_c57_q1.dat -> Ethanol_c57_q1.out on /home/zoe/Research/Gaussian/scratch
Killed
Killed
Preparing Ethanol_c57_q2.dat -> Ethanol_c57_q2.out on /home/zoe/Research/Gaussian/scratch
Killed
Preparing Ethanol_c57_q3.dat -> Ethanol_c57_q3.out on /home/zoe/Research/Gaussian/scratch
Preparing Ethanol_c58_q1.dat -> Ethanol_c58_q1.out on /home/zoe/Research/Gaussian/scratch
Killed
Preparing Ethanol_c58_q2.dat -> Ethanol_c58_q2.out on /home/zoe/Research/Gaussian/scratch
Killed
Killed
Preparing Ethanol_c58_q3.dat -> Ethanol_c58_q3.out on /home/zoe/Research/Gaussian/scratch
Killed
Preparing Ethanol_c59_q1.dat -> Ethanol_c59_q1.out on /home/zoe/Research/Gaussian/scratch
Killed
Preparing Ethanol_c59_q2.dat -> Ethanol_c59_q2.out on /home/zoe/Research/Gaussian/scratch
Preparing Ethanol_c59_q3.dat -> Ethanol_c59_q3.out on /home/zoe/Research/Gaussian/scratch
Killed
Killed
Preparing Ethanol_c5_q1.dat -> Ethanol_c5_q1.out on /home/zoe/Research/Gaussian/scratch
Killed
Preparing Ethanol_c5_q2.dat -> Ethanol_c5_q2.out on /home/zoe/Research/Gaussian/scratch
Killed
Preparing Ethanol_c5_q3.dat -> Ethanol_c5_q3.out on /home/zoe/Research/Gaussian/scratch
Preparing Ethanol_c60_q1.dat -> Ethanol_c60_q1.out on /home/zoe/Research/Gaussian/scratch
Killed
Killed
Preparing Ethanol_c60_q2.dat -> Ethanol_c60_q2.out on /home/zoe/Research/Gaussian/scratch
Killed
Preparing Ethanol_c60_q3.dat -> Ethanol_c60_q3.out on /home/zoe/Research/Gaussian/scratch
Killed
Preparing Ethanol_c61_q1.dat -> Ethanol_c61_q1.out on /home/zoe/Research/Gaussian/scratch
Preparing Ethanol_c61_q2.dat -> Ethanol_c61_q2.out on /home/zoe/Research/Gaussian/scratch
Killed
Preparing Ethanol_c61_q3.dat -> Ethanol_c61_q3.out on /home/zoe/Research/Gaussian/scratch
Killed
Killed
Preparing Ethanol_c62_q1.dat -> Ethanol_c62_q1.out on /home/zoe/Research/Gaussian/scratch
Killed
Preparing Ethanol_c62_q2.dat -> Ethanol_c62_q2.out on /home/zoe/Research/Gaussian/scratch
Killed
Preparing Ethanol_c62_q3.dat -> Ethanol_c62_q3.out on /home/zoe/Research/Gaussian/scratch
Killed
Preparing Ethanol_c63_q1.dat -> Ethanol_c63_q1.out on /home/zoe/Research/Gaussian/scratch
Killed
Preparing Ethanol_c63_q2.dat -> Ethanol_c63_q2.out on /home/zoe/Research/Gaussian/scratch
Killed
Preparing Ethanol_c63_q3.dat -> Ethanol_c63_q3.out on /home/zoe/Research/Gaussian/scratch
Killed
Preparing Ethanol_c64_q1.dat -> Ethanol_c64_q1.out on /home/zoe/Research/Gaussian/scratch
Killed
Preparing Ethanol_c64_q2.dat -> Ethanol_c64_q2.out on /home/zoe/Research/Gaussian/scratch
Preparing Ethanol_c64_q3.dat -> Ethanol_c64_q3.out on /home/zoe/Research/Gaussian/scratch
Killed
Killed
Preparing Ethanol_c65_q1.dat -> Ethanol_c65_q1.out on /home/zoe/Research/Gaussian/scratch
Preparing Ethanol_c65_q2.dat -> Ethanol_c65_q2.out on /home/zoe/Research/Gaussian/scratch
Killed
Killed
Preparing Ethanol_c65_q3.dat -> Ethanol_c65_q3.out on /home/zoe/Research/Gaussian/scratch
Killed
Preparing Ethanol_c66_q1.dat -> Ethanol_c66_q1.out on /home/zoe/Research/Gaussian/scratch
Killed
Preparing Ethanol_c66_q2.dat -> Ethanol_c66_q2.out on /home/zoe/Research/Gaussian/scratch
Killed
Preparing Ethanol_c66_q3.dat -> Ethanol_c66_q3.out on /home/zoe/Research/Gaussian/scratch
Preparing Ethanol_c67_q1.dat -> Ethanol_c67_q1.out on /home/zoe/Research/Gaussian/scratch
Killed
Killed
Preparing Ethanol_c67_q2.dat -> Ethanol_c67_q2.out on /home/zoe/Research/Gaussian/scratch
Preparing Ethanol_c67_q3.dat -> Ethanol_c67_q3.out on /home/zoe/Research/Gaussian/scratch
Killed
Preparing Ethanol_c68_q1.dat -> Ethanol_c68_q1.out on /home/zoe/Research/Gaussian/scratch
Killed
Killed
Preparing Ethanol_c68_q2.dat -> Ethanol_c68_q2.out on /home/zoe/Research/Gaussian/scratch
Killed
Preparing Ethanol_c68_q3.dat -> Ethanol_c68_q3.out on /home/zoe/Research/Gaussian/scratch
Killed
Preparing Ethanol_c69_q1.dat -> Ethanol_c69_q1.out on /home/zoe/Research/Gaussian/scratch
Killed
Preparing Ethanol_c69_q2.dat -> Ethanol_c69_q2.out on /home/zoe/Research/Gaussian/scratch
Preparing Ethanol_c69_q3.dat -> Ethanol_c69_q3.out on /home/zoe/Research/Gaussian/scratch
Killed
Killed
Preparing Ethanol_c6_q1.dat -> Ethanol_c6_q1.out on /home/zoe/Research/Gaussian/scratch
Preparing Ethanol_c6_q2.dat -> Ethanol_c6_q2.out on /home/zoe/Research/Gaussian/scratch
Killed
Killed
Preparing Ethanol_c6_q3.dat -> Ethanol_c6_q3.out on /home/zoe/Research/Gaussian/scratch
Killed
Preparing Ethanol_c70_q1.dat -> Ethanol_c70_q1.out on /home/zoe/Research/Gaussian/scratch
Preparing Ethanol_c70_q2.dat -> Ethanol_c70_q2.out on /home/zoe/Research/Gaussian/scratch
Killed
Killed
Preparing Ethanol_c70_q3.dat -> Ethanol_c70_q3.out on /home/zoe/Research/Gaussian/scratch
Preparing Ethanol_c71_q1.dat -> Ethanol_c71_q1.out on /home/zoe/Research/Gaussian/scratch
Killed
Killed
Preparing Ethanol_c71_q2.dat -> Ethanol_c71_q2.out on /home/zoe/Research/Gaussian/scratch
Killed
Preparing Ethanol_c71_q3.dat -> Ethanol_c71_q3.out on /home/zoe/Research/Gaussian/scratch
Killed
Preparing Ethanol_c72_q1.dat -> Ethanol_c72_q1.out on /home/zoe/Research/Gaussian/scratch
Killed
Preparing Ethanol_c72_q2.dat -> Ethanol_c72_q2.out on /home/zoe/Research/Gaussian/scratch
Killed
Preparing Ethanol_c72_q3.dat -> Ethanol_c72_q3.out on /home/zoe/Research/Gaussian/scratch
Killed
Preparing Ethanol_c73_q1.dat -> Ethanol_c73_q1.out on /home/zoe/Research/Gaussian/scratch
Preparing Ethanol_c73_q2.dat -> Ethanol_c73_q2.out on /home/zoe/Research/Gaussian/scratch
Killed
Killed
Preparing Ethanol_c73_q3.dat -> Ethanol_c73_q3.out on /home/zoe/Research/Gaussian/scratch
Killed
Preparing Ethanol_c74_q1.dat -> Ethanol_c74_q1.out on /home/zoe/Research/Gaussian/scratch
Preparing Ethanol_c74_q2.dat -> Ethanol_c74_q2.out on /home/zoe/Research/Gaussian/scratch
Killed
Killed
Preparing Ethanol_c74_q3.dat -> Ethanol_c74_q3.out on /home/zoe/Research/Gaussian/scratch
Killed
Preparing Ethanol_c75_q1.dat -> Ethanol_c75_q1.out on /home/zoe/Research/Gaussian/scratch
Killed
Preparing Ethanol_c75_q2.dat -> Ethanol_c75_q2.out on /home/zoe/Research/Gaussian/scratch
Preparing Ethanol_c75_q3.dat -> Ethanol_c75_q3.out on /home/zoe/Research/Gaussian/scratch
Killed
Preparing Ethanol_c76_q1.dat -> Ethanol_c76_q1.out on /home/zoe/Research/Gaussian/scratch
Killed
Killed
Preparing Ethanol_c76_q2.dat -> Ethanol_c76_q2.out on /home/zoe/Research/Gaussian/scratch
Preparing Ethanol_c76_q3.dat -> Ethanol_c76_q3.out on /home/zoe/Research/Gaussian/scratch
Killed
Preparing Ethanol_c77_q1.dat -> Ethanol_c77_q1.out on /home/zoe/Research/Gaussian/scratch
Killed
Preparing Ethanol_c77_q2.dat -> Ethanol_c77_q2.out on /home/zoe/Research/Gaussian/scratch
Killed
Preparing Ethanol_c77_q3.dat -> Ethanol_c77_q3.out on /home/zoe/Research/Gaussian/scratch
Killed
Killed
Preparing Ethanol_c78_q1.dat -> Ethanol_c78_q1.out on /home/zoe/Research/Gaussian/scratch
Preparing Ethanol_c78_q2.dat -> Ethanol_c78_q2.out on /home/zoe/Research/Gaussian/scratch
Killed
Preparing Ethanol_c78_q3.dat -> Ethanol_c78_q3.out on /home/zoe/Research/Gaussian/scratch
Killed
Preparing Ethanol_c79_q1.dat -> Ethanol_c79_q1.out on /home/zoe/Research/Gaussian/scratch
Killed
Killed
Preparing Ethanol_c79_q2.dat -> Ethanol_c79_q2.out on /home/zoe/Research/Gaussian/scratch
Preparing Ethanol_c79_q3.dat -> Ethanol_c79_q3.out on /home/zoe/Research/Gaussian/scratch
Killed
Preparing Ethanol_c7_q1.dat -> Ethanol_c7_q1.out on /home/zoe/Research/Gaussian/scratch
Killed
Killed
Preparing Ethanol_c7_q2.dat -> Ethanol_c7_q2.out on /home/zoe/Research/Gaussian/scratch
Preparing Ethanol_c7_q3.dat -> Ethanol_c7_q3.out on /home/zoe/Research/Gaussian/scratch
Killed
Killed
Preparing Ethanol_c80_q1.dat -> Ethanol_c80_q1.out on /home/zoe/Research/Gaussian/scratch
Preparing Ethanol_c80_q2.dat -> Ethanol_c80_q2.out on /home/zoe/Research/Gaussian/scratch
Killed
Killed
Preparing Ethanol_c80_q3.dat -> Ethanol_c80_q3.out on /home/zoe/Research/Gaussian/scratch
Preparing Ethanol_c81_q1.dat -> Ethanol_c81_q1.out on /home/zoe/Research/Gaussian/scratch
Killed
Preparing Ethanol_c81_q2.dat -> Ethanol_c81_q2.out on /home/zoe/Research/Gaussian/scratch
Killed
Preparing Ethanol_c81_q3.dat -> Ethanol_c81_q3.out on /home/zoe/Research/Gaussian/scratch
Killed
Killed
Preparing Ethanol_c82_q1.dat -> Ethanol_c82_q1.out on /home/zoe/Research/Gaussian/scratch
Killed
Preparing Ethanol_c82_q2.dat -> Ethanol_c82_q2.out on /home/zoe/Research/Gaussian/scratch
Killed
Preparing Ethanol_c82_q3.dat -> Ethanol_c82_q3.out on /home/zoe/Research/Gaussian/scratch
Preparing Ethanol_c83_q1.dat -> Ethanol_c83_q1.out on /home/zoe/Research/Gaussian/scratch
Killed
Preparing Ethanol_c83_q2.dat -> Ethanol_c83_q2.out on /home/zoe/Research/Gaussian/scratch
Killed
Killed
Preparing Ethanol_c83_q3.dat -> Ethanol_c83_q3.out on /home/zoe/Research/Gaussian/scratch
Killed
Preparing Ethanol_c84_q1.dat -> Ethanol_c84_q1.out on /home/zoe/Research/Gaussian/scratch
Killed
Preparing Ethanol_c84_q2.dat -> Ethanol_c84_q2.out on /home/zoe/Research/Gaussian/scratch
Preparing Ethanol_c84_q3.dat -> Ethanol_c84_q3.out on /home/zoe/Research/Gaussian/scratch
Killed
Killed
Preparing Ethanol_c85_q1.dat -> Ethanol_c85_q1.out on /home/zoe/Research/Gaussian/scratch
Killed
Preparing Ethanol_c85_q2.dat -> Ethanol_c85_q2.out on /home/zoe/Research/Gaussian/scratch
Preparing Ethanol_c85_q3.dat -> Ethanol_c85_q3.out on /home/zoe/Research/Gaussian/scratch
Killed
Preparing Ethanol_c86_q1.dat -> Ethanol_c86_q1.out on /home/zoe/Research/Gaussian/scratch
Killed
Preparing Ethanol_c86_q2.dat -> Ethanol_c86_q2.out on /home/zoe/Research/Gaussian/scratch
Killed
Preparing Ethanol_c86_q3.dat -> Ethanol_c86_q3.out on /home/zoe/Research/Gaussian/scratch
Killed
Killed
Preparing Ethanol_c87_q1.dat -> Ethanol_c87_q1.out on /home/zoe/Research/Gaussian/scratch
Preparing Ethanol_c87_q2.dat -> Ethanol_c87_q2.out on /home/zoe/Research/Gaussian/scratch
Killed
Killed
Preparing Ethanol_c87_q3.dat -> Ethanol_c87_q3.out on /home/zoe/Research/Gaussian/scratch
Killed
Preparing Ethanol_c88_q1.dat -> Ethanol_c88_q1.out on /home/zoe/Research/Gaussian/scratch
Preparing Ethanol_c88_q2.dat -> Ethanol_c88_q2.out on /home/zoe/Research/Gaussian/scratch
Killed
Preparing Ethanol_c88_q3.dat -> Ethanol_c88_q3.out on /home/zoe/Research/Gaussian/scratch
Killed
Killed
Preparing Ethanol_c89_q1.dat -> Ethanol_c89_q1.out on /home/zoe/Research/Gaussian/scratch
Preparing Ethanol_c89_q2.dat -> Ethanol_c89_q2.out on /home/zoe/Research/Gaussian/scratch
Killed
Preparing Ethanol_c89_q3.dat -> Ethanol_c89_q3.out on /home/zoe/Research/Gaussian/scratch
Killed
Killed
Preparing Ethanol_c8_q1.dat -> Ethanol_c8_q1.out on /home/zoe/Research/Gaussian/scratch
Preparing Ethanol_c8_q2.dat -> Ethanol_c8_q2.out on /home/zoe/Research/Gaussian/scratch
Killed
Preparing Ethanol_c8_q3.dat -> Ethanol_c8_q3.out on /home/zoe/Research/Gaussian/scratch
Killed
Killed
Preparing Ethanol_c90_q1.dat -> Ethanol_c90_q1.out on /home/zoe/Research/Gaussian/scratch
Preparing Ethanol_c90_q2.dat -> Ethanol_c90_q2.out on /home/zoe/Research/Gaussian/scratch
Killed
Killed
Preparing Ethanol_c90_q3.dat -> Ethanol_c90_q3.out on /home/zoe/Research/Gaussian/scratch
Killed
Preparing Ethanol_c91_q1.dat -> Ethanol_c91_q1.out on /home/zoe/Research/Gaussian/scratch
Killed
Preparing Ethanol_c91_q2.dat -> Ethanol_c91_q2.out on /home/zoe/Research/Gaussian/scratch
Preparing Ethanol_c91_q3.dat -> Ethanol_c91_q3.out on /home/zoe/Research/Gaussian/scratch
Killed
Killed
Preparing Ethanol_c92_q1.dat -> Ethanol_c92_q1.out on /home/zoe/Research/Gaussian/scratch
Killed
Preparing Ethanol_c92_q2.dat -> Ethanol_c92_q2.out on /home/zoe/Research/Gaussian/scratch
Preparing Ethanol_c92_q3.dat -> Ethanol_c92_q3.out on /home/zoe/Research/Gaussian/scratch
Killed
Killed
Preparing Ethanol_c93_q1.dat -> Ethanol_c93_q1.out on /home/zoe/Research/Gaussian/scratch
Killed
Preparing Ethanol_c93_q2.dat -> Ethanol_c93_q2.out on /home/zoe/Research/Gaussian/scratch
Preparing Ethanol_c93_q3.dat -> Ethanol_c93_q3.out on /home/zoe/Research/Gaussian/scratch
Killed
Killed
Preparing Ethanol_c94_q1.dat -> Ethanol_c94_q1.out on /home/zoe/Research/Gaussian/scratch
Killed
Preparing Ethanol_c94_q2.dat -> Ethanol_c94_q2.out on /home/zoe/Research/Gaussian/scratch
Killed
Preparing Ethanol_c94_q3.dat -> Ethanol_c94_q3.out on /home/zoe/Research/Gaussian/scratch
Preparing Ethanol_c95_q1.dat -> Ethanol_c95_q1.out on /home/zoe/Research/Gaussian/scratch
Killed
Killed
Preparing Ethanol_c95_q2.dat -> Ethanol_c95_q2.out on /home/zoe/Research/Gaussian/scratch
Killed
Preparing Ethanol_c95_q3.dat -> Ethanol_c95_q3.out on /home/zoe/Research/Gaussian/scratch
Killed
Preparing Ethanol_c96_q1.dat -> Ethanol_c96_q1.out on /home/zoe/Research/Gaussian/scratch
Preparing Ethanol_c96_q2.dat -> Ethanol_c96_q2.out on /home/zoe/Research/Gaussian/scratch
Killed
Preparing Ethanol_c96_q3.dat -> Ethanol_c96_q3.out on /home/zoe/Research/Gaussian/scratch
Killed
Killed
Preparing Ethanol_c97_q1.dat -> Ethanol_c97_q1.out on /home/zoe/Research/Gaussian/scratch
Preparing Ethanol_c97_q2.dat -> Ethanol_c97_q2.out on /home/zoe/Research/Gaussian/scratch
Killed
Killed
Preparing Ethanol_c97_q3.dat -> Ethanol_c97_q3.out on /home/zoe/Research/Gaussian/scratch
Preparing Ethanol_c98_q1.dat -> Ethanol_c98_q1.out on /home/zoe/Research/Gaussian/scratch
Killed
Preparing Ethanol_c98_q2.dat -> Ethanol_c98_q2.out on /home/zoe/Research/Gaussian/scratch
Killed
Killed
Preparing Ethanol_c98_q3.dat -> Ethanol_c98_q3.out on /home/zoe/Research/Gaussian/scratch
Killed
Preparing Ethanol_c99_q1.dat -> Ethanol_c99_q1.out on /home/zoe/Research/Gaussian/scratch
Preparing Ethanol_c99_q2.dat -> Ethanol_c99_q2.out on /home/zoe/Research/Gaussian/scratch
Killed
Killed
Preparing Ethanol_c99_q3.dat -> Ethanol_c99_q3.out on /home/zoe/Research/Gaussian/scratch
Killed
Preparing Ethanol_c9_q1.dat -> Ethanol_c9_q1.out on /home/zoe/Research/Gaussian/scratch
Killed
Preparing Ethanol_c9_q2.dat -> Ethanol_c9_q2.out on /home/zoe/Research/Gaussian/scratch
Killed
Preparing Ethanol_c9_q3.dat -> Ethanol_c9_q3.out on /home/zoe/Research/Gaussian/scratch
Killed
Killed
./Ethanol_c184_q1
./opt-test-SCEE/Ethanol_c184_q1.dat
./Ethanol_c19_q2
./opt-test-SCEE/Ethanol_c19_q2.dat
./Ethanol_c56_q1
./opt-test-SCEE/Ethanol_c56_q1.dat
./Ethanol_c188_q2
./opt-test-SCEE/Ethanol_c188_q2.dat
./Ethanol_c167_q1
./opt-test-SCEE/Ethanol_c167_q1.dat
./Ethanol_c97_q1
./opt-test-SCEE/Ethanol_c97_q1.dat
./Ethanol_c196_q1
./opt-test-SCEE/Ethanol_c196_q1.dat
./Ethanol_c119_q1
./opt-test-SCEE/Ethanol_c119_q1.dat
./Ethanol_c132_q1
./opt-test-SCEE/Ethanol_c132_q1.dat
./Ethanol_c110_q3
./opt-test-SCEE/Ethanol_c110_q3.dat
./Ethanol_c134_q3
./opt-test-SCEE/Ethanol_c134_q3.dat
./Ethanol_c93_q1
./opt-test-SCEE/Ethanol_c93_q1.dat
./Ethanol_c121_q1
./opt-test-SCEE/Ethanol_c121_q1.dat
./Ethanol_c1_q1
./opt-test-SCEE/Ethanol_c1_q1.dat
./Ethanol_c152_q1
./opt-test-SCEE/Ethanol_c152_q1.dat
./Ethanol_c32_q2
./opt-test-SCEE/Ethanol_c32_q2.dat
./Ethanol_c116_q2
./opt-test-SCEE/Ethanol_c116_q2.dat
./Ethanol_c51_q3
./opt-test-SCEE/Ethanol_c51_q3.dat
./Ethanol_c6_q3
./opt-test-SCEE/Ethanol_c6_q3.dat
./Ethanol_c60_q1
./opt-test-SCEE/Ethanol_c60_q1.dat
./Ethanol_c5_q1
./opt-test-SCEE/Ethanol_c5_q1.dat
./Ethanol_c114_q2
./opt-test-SCEE/Ethanol_c114_q2.dat
./Ethanol_c120_q2
./opt-test-SCEE/Ethanol_c120_q2.dat
./Ethanol_c131_q3
./opt-test-SCEE/Ethanol_c131_q3.dat
./Ethanol_c19_q1
./opt-test-SCEE/Ethanol_c19_q1.dat
./Ethanol_c57_q1
./opt-test-SCEE/Ethanol_c57_q1.dat
./Ethanol_c64_q1
./opt-test-SCEE/Ethanol_c64_q1.dat
./Ethanol_c115_q1
./opt-test-SCEE/Ethanol_c115_q1.dat
./Ethanol_c9_q1
./opt-test-SCEE/Ethanol_c9_q1.dat
./Ethanol_c149_q1
./opt-test-SCEE/Ethanol_c149_q1.dat
./Ethanol_c48_q2
./opt-test-SCEE/Ethanol_c48_q2.dat
./Ethanol_c122_q3
./opt-test-SCEE/Ethanol_c122_q3.dat
./Ethanol_c67_q2
./opt-test-SCEE/Ethanol_c67_q2.dat
./Ethanol_c64_q2
./opt-test-SCEE/Ethanol_c64_q2.dat
./Ethanol_c72_q3
./opt-test-SCEE/Ethanol_c72_q3.dat
./Ethanol_c157_q1
./opt-test-SCEE/Ethanol_c157_q1.dat
./Ethanol_c61_q3
./opt-test-SCEE/Ethanol_c61_q3.dat
./Ethanol_c123_q1
./opt-test-SCEE/Ethanol_c123_q1.dat
./Ethanol_c129_q1
./opt-test-SCEE/Ethanol_c129_q1.dat
./Ethanol_c154_q1
./opt-test-SCEE/Ethanol_c154_q1.dat
./Ethanol_c173_q1
./opt-test-SCEE/Ethanol_c173_q1.dat
./Ethanol_c128_q1
./opt-test-SCEE/Ethanol_c128_q1.dat
./Ethanol_c79_q3
./opt-test-SCEE/Ethanol_c79_q3.dat
./Ethanol_c46_q3
./opt-test-SCEE/Ethanol_c46_q3.dat
./Ethanol_c197_q2
./opt-test-SCEE/Ethanol_c197_q2.dat
./Ethanol_c105_q3
./opt-test-SCEE/Ethanol_c105_q3.dat
./Ethanol_c43_q3
./opt-test-SCEE/Ethanol_c43_q3.dat
./Ethanol_c14_q2
./opt-test-SCEE/Ethanol_c14_q2.dat
./Ethanol_c102_q2
./opt-test-SCEE/Ethanol_c102_q2.dat
./Ethanol_c128_q3
./opt-test-SCEE/Ethanol_c128_q3.dat
./Ethanol_c4_q1
./opt-test-SCEE/Ethanol_c4_q1.dat
./Ethanol_c127_q1
./opt-test-SCEE/Ethanol_c127_q1.dat
./Ethanol_c108_q1
./opt-test-SCEE/Ethanol_c108_q1.dat
./Ethanol_c179_q1
./opt-test-SCEE/Ethanol_c179_q1.dat
./Ethanol_c185_q2
./opt-test-SCEE/Ethanol_c185_q2.dat
./Ethanol_c158_q3
./opt-test-SCEE/Ethanol_c158_q3.dat
./Ethanol_c112_q2
./opt-test-SCEE/Ethanol_c112_q2.dat
./Ethanol_c148_q2
./opt-test-SCEE/Ethanol_c148_q2.dat
./Ethanol_c93_q2
./opt-test-SCEE/Ethanol_c93_q2.dat
./Ethanol_c159_q2
./opt-test-SCEE/Ethanol_c159_q2.dat
./Ethanol_c156_q2
./opt-test-SCEE/Ethanol_c156_q2.dat
./Ethanol_c153_q3
./opt-test-SCEE/Ethanol_c153_q3.dat
./Ethanol_c114_q1
./opt-test-SCEE/Ethanol_c114_q1.dat
./Ethanol_c10_q3
./opt-test-SCEE/Ethanol_c10_q3.dat
./Ethanol_c6_q2
./opt-test-SCEE/Ethanol_c6_q2.dat
./Ethanol_c42_q1
./opt-test-SCEE/Ethanol_c42_q1.dat
./Ethanol_c116_q3
./opt-test-SCEE/Ethanol_c116_q3.dat
./Ethanol_c20_q2
./opt-test-SCEE/Ethanol_c20_q2.dat
./Ethanol_c104_q1
./opt-test-SCEE/Ethanol_c104_q1.dat
./Ethanol_c3_q2
./opt-test-SCEE/Ethanol_c3_q2.dat
./Ethanol_c106_q1
./opt-test-SCEE/Ethanol_c106_q1.dat
./Ethanol_c103_q1
./opt-test-SCEE/Ethanol_c103_q1.dat
./Ethanol_c186_q1
./opt-test-SCEE/Ethanol_c186_q1.dat
./Ethanol_c186_q3
./opt-test-SCEE/Ethanol_c186_q3.dat
./Ethanol_c53_q2
./opt-test-SCEE/Ethanol_c53_q2.dat
./Ethanol_c124_q1
./opt-test-SCEE/Ethanol_c124_q1.dat
./Ethanol_c101_q3
./opt-test-SCEE/Ethanol_c101_q3.dat
./Ethanol_c161_q1
./opt-test-SCEE/Ethanol_c161_q1.dat
./Ethanol_c189_q2
./opt-test-SCEE/Ethanol_c189_q2.dat
./Ethanol_c142_q1
./opt-test-SCEE/Ethanol_c142_q1.dat
./Ethanol_c91_q3
./opt-test-SCEE/Ethanol_c91_q3.dat
./Ethanol_c174_q2
./opt-test-SCEE/Ethanol_c174_q2.dat
./Ethanol_c109_q1
./opt-test-SCEE/Ethanol_c109_q1.dat
./Ethanol_c5_q2
./opt-test-SCEE/Ethanol_c5_q2.dat
./Ethanol_c189_q1
./opt-test-SCEE/Ethanol_c189_q1.dat
./Ethanol_c104_q2
./opt-test-SCEE/Ethanol_c104_q2.dat
./Ethanol_c38_q2
./opt-test-SCEE/Ethanol_c38_q2.dat
./Ethanol_c108_q2
./opt-test-SCEE/Ethanol_c108_q2.dat
./Ethanol_c66_q3
./opt-test-SCEE/Ethanol_c66_q3.dat
./Ethanol_c48_q1
./opt-test-SCEE/Ethanol_c48_q1.dat
./Ethanol_c118_q2
./opt-test-SCEE/Ethanol_c118_q2.dat
./Ethanol_c140_q2
./opt-test-SCEE/Ethanol_c140_q2.dat
./Ethanol_c40_q3
./opt-test-SCEE/Ethanol_c40_q3.dat
./Ethanol_c65_q2
./opt-test-SCEE/Ethanol_c65_q2.dat
./Ethanol_c44_q3
./opt-test-SCEE/Ethanol_c44_q3.dat
./Ethanol_c62_q3
./opt-test-SCEE/Ethanol_c62_q3.dat
./Ethanol_c99_q3
./opt-test-SCEE/Ethanol_c99_q3.dat
./Ethanol_c119_q2
./opt-test-SCEE/Ethanol_c119_q2.dat
./Ethanol_c17_q3
./opt-test-SCEE/Ethanol_c17_q3.dat
./Ethanol_c83_q1
./opt-test-SCEE/Ethanol_c83_q1.dat
./Ethanol_c160_q1
./opt-test-SCEE/Ethanol_c160_q1.dat
./Ethanol_c133_q1
./opt-test-SCEE/Ethanol_c133_q1.dat
./Ethanol_c88_q2
./opt-test-SCEE/Ethanol_c88_q2.dat
./Ethanol_c7_q2
./opt-test-SCEE/Ethanol_c7_q2.dat
./Ethanol_c114_q3
./opt-test-SCEE/Ethanol_c114_q3.dat
./Ethanol_c188_q1
./opt-test-SCEE/Ethanol_c188_q1.dat
./Ethanol_c149_q3
./opt-test-SCEE/Ethanol_c149_q3.dat
./Ethanol_c176_q1
./opt-test-SCEE/Ethanol_c176_q1.dat
./Ethanol_c11_q1
./opt-test-SCEE/Ethanol_c11_q1.dat
./Ethanol_c138_q3
./opt-test-SCEE/Ethanol_c138_q3.dat
./Ethanol_c84_q3
./opt-test-SCEE/Ethanol_c84_q3.dat
./Ethanol_c151_q1
./opt-test-SCEE/Ethanol_c151_q1.dat
./Ethanol_c37_q2
./opt-test-SCEE/Ethanol_c37_q2.dat
./Ethanol_c62_q2
./opt-test-SCEE/Ethanol_c62_q2.dat
./Ethanol_c98_q3
./opt-test-SCEE/Ethanol_c98_q3.dat
./Ethanol_c12_q2
./opt-test-SCEE/Ethanol_c12_q2.dat
./Ethanol_c10_q1
./opt-test-SCEE/Ethanol_c10_q1.dat
./Ethanol_c60_q2
./opt-test-SCEE/Ethanol_c60_q2.dat
./Ethanol_c146_q3
./opt-test-SCEE/Ethanol_c146_q3.dat
./Ethanol_c115_q2
./opt-test-SCEE/Ethanol_c115_q2.dat
./Ethanol_c162_q1
./opt-test-SCEE/Ethanol_c162_q1.dat
./Ethanol_c105_q2
./opt-test-SCEE/Ethanol_c105_q2.dat
./Ethanol_c31_q2
./opt-test-SCEE/Ethanol_c31_q2.dat
./Ethanol_c187_q1
./opt-test-SCEE/Ethanol_c187_q1.dat
./Ethanol_c130_q3
./opt-test-SCEE/Ethanol_c130_q3.dat
./Ethanol_c76_q2
./opt-test-SCEE/Ethanol_c76_q2.dat
./Ethanol_c68_q1
./opt-test-SCEE/Ethanol_c68_q1.dat
./Ethanol_c195_q2
./opt-test-SCEE/Ethanol_c195_q2.dat
./Ethanol_c165_q1
./opt-test-SCEE/Ethanol_c165_q1.dat
./Ethanol_c86_q3
./opt-test-SCEE/Ethanol_c86_q3.dat
./Ethanol_c85_q2
./opt-test-SCEE/Ethanol_c85_q2.dat
./Ethanol_c59_q3
./opt-test-SCEE/Ethanol_c59_q3.dat
./Ethanol_c156_q1
./opt-test-SCEE/Ethanol_c156_q1.dat
./Ethanol_c27_q3
./opt-test-SCEE/Ethanol_c27_q3.dat
./Ethanol_c75_q3
./opt-test-SCEE/Ethanol_c75_q3.dat
./Ethanol_c104_q3
./opt-test-SCEE/Ethanol_c104_q3.dat
['./Ethanol_c196_q1_chg.inp', './Ethanol_c64_q1_chg.inp', './Ethanol_c165_q3_chg.inp', './Ethanol_c160_q3_chg.inp', './Ethanol_c165_q1_chg.inp', './Ethanol_c45_q2_chg.inp', './Ethanol_c160_q1_chg.inp', './Ethanol_c150_q2_chg.inp', './Ethanol_c186_q3_chg.inp', './Ethanol_c94_q3_chg.inp', './Ethanol_c183_q2_chg.inp', './Ethanol_c24_q2_chg.inp', './Ethanol_c82_q1_chg.inp', './Ethanol_c140_q3_chg.inp', './Ethanol_c170_q2_chg.inp', './Ethanol_c150_q3_chg.inp', './Ethanol_c58_q2_chg.inp', './Ethanol_c4_q2_chg.inp', './Ethanol_c91_q2_chg.inp', './Ethanol_c60_q2_chg.inp', './Ethanol_c136_q2_chg.inp', './Ethanol_c119_q2_chg.inp', './Ethanol_c103_q1_chg.inp', './Ethanol_c152_q3_chg.inp', './Ethanol_c173_q3_chg.inp', './Ethanol_c15_q2_chg.inp', './Ethanol_c122_q2_chg.inp', './Ethanol_c68_q2_chg.inp', './Ethanol_c11_q2_chg.inp', './Ethanol_c29_q1_chg.inp', './Ethanol_c65_q3_chg.inp', './Ethanol_c174_q3_chg.inp', './Ethanol_c42_q1_chg.inp', './Ethanol_c62_q3_chg.inp', './Ethanol_c29_q3_chg.inp', './Ethanol_c143_q2_chg.inp', './Ethanol_c52_q2_chg.inp', './Ethanol_c140_q1_chg.inp', './Ethanol_c69_q2_chg.inp', './Ethanol_c101_q3_chg.inp', './Ethanol_c93_q3_chg.inp', './Ethanol_c187_q2_chg.inp', './Ethanol_c172_q1_chg.inp', './Ethanol_c157_q3_chg.inp', './Ethanol_c68_q3_chg.inp', './Ethanol_c97_q2_chg.inp', './Ethanol_c35_q3_chg.inp', './Ethanol_c37_q3_chg.inp', './Ethanol_c191_q2_chg.inp', './Ethanol_c75_q2_chg.inp', './Ethanol_c85_q2_chg.inp', './Ethanol_c108_q2_chg.inp', './Ethanol_c138_q3_chg.inp', './Ethanol_c63_q3_chg.inp', './Ethanol_c148_q3_chg.inp', './Ethanol_c66_q1_chg.inp', './Ethanol_c102_q3_chg.inp', './Ethanol_c175_q3_chg.inp', './Ethanol_c99_q3_chg.inp', './Ethanol_c139_q1_chg.inp', './Ethanol_c71_q1_chg.inp', './Ethanol_c16_q1_chg.inp', './Ethanol_c151_q3_chg.inp', './Ethanol_c115_q3_chg.inp', './Ethanol_c190_q2_chg.inp', './Ethanol_c199_q1_chg.inp', './Ethanol_c128_q1_chg.inp', './Ethanol_c109_q3_chg.inp', './Ethanol_c140_q2_chg.inp', './Ethanol_c17_q1_chg.inp', './Ethanol_c120_q3_chg.inp', './Ethanol_c20_q1_chg.inp', './Ethanol_c198_q2_chg.inp', './Ethanol_c21_q3_chg.inp', './Ethanol_c154_q3_chg.inp', './Ethanol_c158_q1_chg.inp', './Ethanol_c70_q2_chg.inp', './Ethanol_c5_q3_chg.inp', './Ethanol_c47_q3_chg.inp', './Ethanol_c57_q3_chg.inp', './Ethanol_c90_q1_chg.inp', './Ethanol_c69_q1_chg.inp', './Ethanol_c75_q3_chg.inp', './Ethanol_c189_q1_chg.inp', './Ethanol_c162_q1_chg.inp', './Ethanol_c129_q3_chg.inp', './Ethanol_c131_q1_chg.inp', './Ethanol_c32_q3_chg.inp', './Ethanol_c85_q3_chg.inp', './Ethanol_c125_q2_chg.inp', './Ethanol_c181_q1_chg.inp', './Ethanol_c83_q2_chg.inp', './Ethanol_c169_q3_chg.inp', './Ethanol_c84_q1_chg.inp', './Ethanol_c110_q1_chg.inp', './Ethanol_c123_q2_chg.inp', './Ethanol_c77_q3_chg.inp', './Ethanol_c141_q3_chg.inp', './Ethanol_c107_q3_chg.inp', './Ethanol_c12_q1_chg.inp', './Ethanol_c74_q1_chg.inp', './Ethanol_c76_q3_chg.inp', './Ethanol_c191_q3_chg.inp', './Ethanol_c185_q3_chg.inp', './Ethanol_c158_q3_chg.inp', './Ethanol_c149_q3_chg.inp', './Ethanol_c168_q2_chg.inp', './Ethanol_c63_q2_chg.inp', './Ethanol_c59_q2_chg.inp', './Ethanol_c44_q3_chg.inp', './Ethanol_c180_q1_chg.inp', './Ethanol_c80_q3_chg.inp', './Ethanol_c145_q2_chg.inp', './Ethanol_c14_q2_chg.inp', './Ethanol_c177_q1_chg.inp', './Ethanol_c53_q2_chg.inp', './Ethanol_c12_q3_chg.inp', './Ethanol_c40_q1_chg.inp', './Ethanol_c132_q3_chg.inp', './Ethanol_c71_q2_chg.inp', './Ethanol_c82_q2_chg.inp', './Ethanol_c74_q2_chg.inp', './Ethanol_c18_q1_chg.inp', './Ethanol_c96_q2_chg.inp', './Ethanol_c65_q1_chg.inp', './Ethanol_c103_q3_chg.inp', './Ethanol_c194_q1_chg.inp', './Ethanol_c98_q3_chg.inp', './Ethanol_c31_q3_chg.inp', './Ethanol_c144_q3_chg.inp', './Ethanol_c151_q2_chg.inp', './Ethanol_c173_q1_chg.inp', './Ethanol_c195_q1_chg.inp', './Ethanol_c38_q2_chg.inp', './Ethanol_c137_q1_chg.inp', './Ethanol_c121_q1_chg.inp', './Ethanol_c55_q1_chg.inp', './Ethanol_c76_q1_chg.inp', './Ethanol_c167_q2_chg.inp', './Ethanol_c92_q2_chg.inp', './Ethanol_c54_q2_chg.inp', './Ethanol_c73_q1_chg.inp', './Ethanol_c23_q3_chg.inp', './Ethanol_c6_q3_chg.inp', './Ethanol_c169_q1_chg.inp', './Ethanol_c32_q1_chg.inp', './Ethanol_c168_q3_chg.inp', './Ethanol_c133_q3_chg.inp', './Ethanol_c1_q2_chg.inp', './Ethanol_c9_q2_chg.inp', './Ethanol_c32_q2_chg.inp', './Ethanol_c70_q1_chg.inp', './Ethanol_c164_q1_chg.inp', './Ethanol_c35_q2_chg.inp', './Ethanol_c158_q2_chg.inp', './Ethanol_c48_q1_chg.inp', './Ethanol_c167_q1_chg.inp', './Ethanol_c30_q3_chg.inp', './Ethanol_c152_q1_chg.inp', './Ethanol_c127_q1_chg.inp', './Ethanol_c54_q1_chg.inp', './Ethanol_c115_q2_chg.inp', './Ethanol_c133_q2_chg.inp', './Ethanol_c94_q2_chg.inp', './Ethanol_c89_q1_chg.inp', './Ethanol_c25_q2_chg.inp', './Ethanol_c27_q1_chg.inp', './Ethanol_c194_q2_chg.inp', './Ethanol_c6_q1_chg.inp', './Ethanol_c159_q2_chg.inp', './Ethanol_c86_q1_chg.inp', './Ethanol_c185_q2_chg.inp', './Ethanol_c90_q3_chg.inp', './Ethanol_c124_q2_chg.inp', './Ethanol_c15_q3_chg.inp', './Ethanol_c114_q2_chg.inp', './Ethanol_c24_q3_chg.inp', './Ethanol_c3_q3_chg.inp', './Ethanol_c108_q3_chg.inp', './Ethanol_c139_q2_chg.inp', './Ethanol_c94_q1_chg.inp', './Ethanol_c16_q3_chg.inp', './Ethanol_c102_q1_chg.inp', './Ethanol_c19_q1_chg.inp', './Ethanol_c97_q3_chg.inp', './Ethanol_c23_q2_chg.inp', './Ethanol_c146_q2_chg.inp', './Ethanol_c53_q1_chg.inp', './Ethanol_c9_q1_chg.inp', './Ethanol_c67_q3_chg.inp', './Ethanol_c14_q1_chg.inp', './Ethanol_c186_q1_chg.inp', './Ethanol_c60_q1_chg.inp', './Ethanol_c183_q3_chg.inp', './Ethanol_c16_q2_chg.inp', './Ethanol_c93_q2_chg.inp', './Ethanol_c197_q2_chg.inp', './Ethanol_c106_q2_chg.inp', './Ethanol_c20_q2_chg.inp', './Ethanol_c10_q1_chg.inp', './Ethanol_c170_q1_chg.inp', './Ethanol_c136_q1_chg.inp', './Ethanol_c127_q3_chg.inp', './Ethanol_c130_q3_chg.inp', './Ethanol_c11_q1_chg.inp', './Ethanol_c81_q1_chg.inp', './Ethanol_c13_q3_chg.inp', './Ethanol_c114_q3_chg.inp', './Ethanol_c61_q1_chg.inp', './Ethanol_c171_q1_chg.inp', './Ethanol_c177_q2_chg.inp', './Ethanol_c48_q2_chg.inp', './Ethanol_c57_q2_chg.inp', './Ethanol_c100_q3_chg.inp', './Ethanol_c35_q1_chg.inp', './Ethanol_c70_q3_chg.inp', './Ethanol_c36_q3_chg.inp', './Ethanol_c130_q2_chg.inp', './Ethanol_c170_q3_chg.inp', './Ethanol_c43_q1_chg.inp', './Ethanol_c182_q1_chg.inp', './Ethanol_c8_q1_chg.inp', './Ethanol_c93_q1_chg.inp', './Ethanol_c192_q2_chg.inp', './Ethanol_c164_q2_chg.inp', './Ethanol_c188_q3_chg.inp', './Ethanol_c87_q3_chg.inp', './Ethanol_c166_q2_chg.inp', './Ethanol_c85_q1_chg.inp', './Ethanol_c42_q3_chg.inp', './Ethanol_c34_q2_chg.inp', './Ethanol_c152_q2_chg.inp', './Ethanol_c143_q3_chg.inp', './Ethanol_c154_q2_chg.inp', './Ethanol_c30_q1_chg.inp', './Ethanol_c102_q2_chg.inp', './Ethanol_c123_q1_chg.inp', './Ethanol_c181_q2_chg.inp', './Ethanol_c163_q3_chg.inp', './Ethanol_c179_q3_chg.inp', './Ethanol_c105_q1_chg.inp', './Ethanol_c7_q1_chg.inp', './Ethanol_c122_q3_chg.inp', './Ethanol_c24_q1_chg.inp', './Ethanol_c137_q3_chg.inp', './Ethanol_c147_q2_chg.inp', './Ethanol_c82_q3_chg.inp', './Ethanol_c110_q3_chg.inp', './Ethanol_c59_q1_chg.inp', './Ethanol_c109_q1_chg.inp', './Ethanol_c163_q1_chg.inp', './Ethanol_c75_q1_chg.inp', './Ethanol_c54_q3_chg.inp', './Ethanol_c124_q1_chg.inp', './Ethanol_c92_q1_chg.inp', './Ethanol_c153_q2_chg.inp', './Ethanol_c155_q3_chg.inp', './Ethanol_c18_q3_chg.inp', './Ethanol_c87_q1_chg.inp', './Ethanol_c142_q3_chg.inp', './Ethanol_c106_q3_chg.inp', './Ethanol_c142_q2_chg.inp', './Ethanol_c40_q2_chg.inp', './Ethanol_c19_q3_chg.inp', './Ethanol_c72_q3_chg.inp', './Ethanol_c14_q3_chg.inp', './Ethanol_c144_q2_chg.inp', './Ethanol_c22_q3_chg.inp', './Ethanol_c157_q1_chg.inp', './Ethanol_c183_q1_chg.inp', './Ethanol_c8_q2_chg.inp', './Ethanol_c10_q3_chg.inp', './Ethanol_c72_q1_chg.inp', './Ethanol_c121_q3_chg.inp', './Ethanol_c39_q2_chg.inp', './Ethanol_c189_q3_chg.inp', './Ethanol_c180_q3_chg.inp', './Ethanol_c150_q1_chg.inp', './Ethanol_c120_q1_chg.inp', './Ethanol_c101_q1_chg.inp', './Ethanol_c125_q1_chg.inp', './Ethanol_c48_q3_chg.inp', './Ethanol_c135_q2_chg.inp', './Ethanol_c26_q3_chg.inp', './Ethanol_c118_q3_chg.inp', './Ethanol_c7_q2_chg.inp', './Ethanol_c112_q2_chg.inp', './Ethanol_c187_q1_chg.inp', './Ethanol_c90_q2_chg.inp', './Ethanol_c33_q2_chg.inp', './Ethanol_c2_q2_chg.inp', './Ethanol_c88_q1_chg.inp', './Ethanol_c172_q2_chg.inp', './Ethanol_c111_q2_chg.inp', './Ethanol_c116_q1_chg.inp', './Ethanol_c185_q1_chg.inp', './Ethanol_c4_q1_chg.inp', './Ethanol_c120_q2_chg.inp', './Ethanol_c57_q1_chg.inp', './Ethanol_c166_q1_chg.inp', './Ethanol_c22_q1_chg.inp', './Ethanol_c113_q1_chg.inp', './Ethanol_c101_q2_chg.inp', './Ethanol_c189_q2_chg.inp', './Ethanol_c11_q3_chg.inp', './Ethanol_c174_q2_chg.inp', './Ethanol_c198_q1_chg.inp', './Ethanol_c191_q1_chg.inp', './Ethanol_c9_q3_chg.inp', './Ethanol_c145_q3_chg.inp', './Ethanol_c61_q3_chg.inp', './Ethanol_c149_q1_chg.inp', './Ethanol_c119_q1_chg.inp', './Ethanol_c187_q3_chg.inp', './Ethanol_c74_q3_chg.inp', './Ethanol_c126_q1_chg.inp', './Ethanol_c99_q1_chg.inp', './Ethanol_c69_q3_chg.inp', './Ethanol_c199_q3_chg.inp', './Ethanol_c17_q3_chg.inp', './Ethanol_c107_q1_chg.inp', './Ethanol_c162_q2_chg.inp', './Ethanol_c200_q2_chg.inp', './Ethanol_c143_q1_chg.inp', './Ethanol_c41_q1_chg.inp', './Ethanol_c147_q3_chg.inp', './Ethanol_c118_q2_chg.inp', './Ethanol_c116_q2_chg.inp', './Ethanol_c159_q1_chg.inp', './Ethanol_c196_q3_chg.inp', './Ethanol_c76_q2_chg.inp', './Ethanol_c179_q2_chg.inp', './Ethanol_c50_q1_chg.inp', './Ethanol_c161_q2_chg.inp', './Ethanol_c121_q2_chg.inp', './Ethanol_c135_q1_chg.inp', './Ethanol_c29_q2_chg.inp', './Ethanol_c87_q2_chg.inp', './Ethanol_c159_q3_chg.inp', './Ethanol_c21_q1_chg.inp', './Ethanol_c193_q2_chg.inp', './Ethanol_c197_q1_chg.inp', './Ethanol_c49_q2_chg.inp', './Ethanol_c41_q3_chg.inp', './Ethanol_c136_q3_chg.inp', './Ethanol_c134_q2_chg.inp', './Ethanol_c77_q1_chg.inp', './Ethanol_c117_q1_chg.inp', './Ethanol_c59_q3_chg.inp', './Ethanol_c148_q2_chg.inp', './Ethanol_c100_q1_chg.inp', './Ethanol_c53_q3_chg.inp', './Ethanol_c104_q3_chg.inp', './Ethanol_c73_q2_chg.inp', './Ethanol_c182_q3_chg.inp', './Ethanol_c34_q1_chg.inp', './Ethanol_c128_q2_chg.inp', './Ethanol_c147_q1_chg.inp', './Ethanol_c1_q3_chg.inp', './Ethanol_c155_q2_chg.inp', './Ethanol_c117_q2_chg.inp', './Ethanol_c19_q2_chg.inp', './Ethanol_c178_q2_chg.inp', './Ethanol_c6_q2_chg.inp', './Ethanol_c66_q3_chg.inp', './Ethanol_c137_q2_chg.inp', './Ethanol_c92_q3_chg.inp', './Ethanol_c200_q3_chg.inp', './Ethanol_c40_q3_chg.inp', './Ethanol_c95_q3_chg.inp', './Ethanol_c7_q3_chg.inp', './Ethanol_c111_q3_chg.inp', './Ethanol_c175_q2_chg.inp', './Ethanol_c161_q1_chg.inp', './Ethanol_c44_q1_chg.inp', './Ethanol_c25_q3_chg.inp', './Ethanol_c113_q3_chg.inp', './Ethanol_c45_q1_chg.inp', './Ethanol_c55_q2_chg.inp', './Ethanol_c130_q1_chg.inp', './Ethanol_c113_q2_chg.inp', './Ethanol_c39_q3_chg.inp', './Ethanol_c157_q2_chg.inp', './Ethanol_c148_q1_chg.inp', './Ethanol_c119_q3_chg.inp', './Ethanol_c100_q2_chg.inp', './Ethanol_c78_q2_chg.inp', './Ethanol_c36_q2_chg.inp', './Ethanol_c164_q3_chg.inp', './Ethanol_c2_q3_chg.inp', './Ethanol_c175_q1_chg.inp', './Ethanol_c55_q3_chg.inp', './Ethanol_c81_q2_chg.inp', './Ethanol_c112_q3_chg.inp', './Ethanol_c58_q3_chg.inp', './Ethanol_c8_q3_chg.inp', './Ethanol_c98_q1_chg.inp', './Ethanol_c22_q2_chg.inp', './Ethanol_c34_q3_chg.inp', './Ethanol_c64_q3_chg.inp', './Ethanol_c199_q2_chg.inp', './Ethanol_c138_q1_chg.inp', './Ethanol_c78_q3_chg.inp', './Ethanol_c124_q3_chg.inp', './Ethanol_c114_q1_chg.inp', './Ethanol_c88_q3_chg.inp', './Ethanol_c46_q3_chg.inp', './Ethanol_c184_q2_chg.inp', './Ethanol_c138_q2_chg.inp', './Ethanol_c171_q2_chg.inp', './Ethanol_c65_q2_chg.inp', './Ethanol_c99_q2_chg.inp', './Ethanol_c105_q3_chg.inp', './Ethanol_c52_q3_chg.inp', './Ethanol_c83_q1_chg.inp', './Ethanol_c162_q3_chg.inp', './Ethanol_c79_q3_chg.inp', './Ethanol_c28_q1_chg.inp', './Ethanol_c166_q3_chg.inp', './Ethanol_c104_q2_chg.inp', './Ethanol_c98_q2_chg.inp', './Ethanol_c178_q3_chg.inp', './Ethanol_c67_q1_chg.inp', './Ethanol_c46_q2_chg.inp', './Ethanol_c180_q2_chg.inp', './Ethanol_c20_q3_chg.inp', './Ethanol_c4_q3_chg.inp', './Ethanol_c134_q3_chg.inp', './Ethanol_c60_q3_chg.inp', './Ethanol_c139_q3_chg.inp', './Ethanol_c73_q3_chg.inp', './Ethanol_c42_q2_chg.inp', './Ethanol_c50_q3_chg.inp', './Ethanol_c151_q1_chg.inp', './Ethanol_c84_q3_chg.inp', './Ethanol_c86_q3_chg.inp', './Ethanol_c15_q1_chg.inp', './Ethanol_c178_q1_chg.inp', './Ethanol_c28_q3_chg.inp', './Ethanol_c149_q2_chg.inp', './Ethanol_c46_q1_chg.inp', './Ethanol_c27_q2_chg.inp', './Ethanol_c168_q1_chg.inp', './Ethanol_c50_q2_chg.inp', './Ethanol_c66_q2_chg.inp', './Ethanol_c153_q1_chg.inp', './Ethanol_c165_q2_chg.inp', './Ethanol_c106_q1_chg.inp', './Ethanol_c169_q2_chg.inp', './Ethanol_c186_q2_chg.inp', './Ethanol_c21_q2_chg.inp', './Ethanol_c145_q1_chg.inp', './Ethanol_c195_q2_chg.inp', './Ethanol_c63_q1_chg.inp', './Ethanol_c89_q2_chg.inp', './Ethanol_c31_q1_chg.inp', './Ethanol_c110_q2_chg.inp', './Ethanol_c144_q1_chg.inp', './Ethanol_c156_q2_chg.inp', './Ethanol_c38_q1_chg.inp', './Ethanol_c188_q2_chg.inp', './Ethanol_c155_q1_chg.inp', './Ethanol_c95_q1_chg.inp', './Ethanol_c117_q3_chg.inp', './Ethanol_c163_q2_chg.inp', './Ethanol_c27_q3_chg.inp', './Ethanol_c28_q2_chg.inp', './Ethanol_c153_q3_chg.inp', './Ethanol_c179_q1_chg.inp', './Ethanol_c129_q2_chg.inp', './Ethanol_c197_q3_chg.inp', './Ethanol_c190_q1_chg.inp', './Ethanol_c61_q2_chg.inp', './Ethanol_c84_q2_chg.inp', './Ethanol_c171_q3_chg.inp', './Ethanol_c80_q1_chg.inp', './Ethanol_c37_q2_chg.inp', './Ethanol_c129_q1_chg.inp', './Ethanol_c174_q1_chg.inp', './Ethanol_c56_q1_chg.inp', './Ethanol_c146_q1_chg.inp', './Ethanol_c134_q1_chg.inp', './Ethanol_c131_q2_chg.inp', './Ethanol_c72_q2_chg.inp', './Ethanol_c133_q1_chg.inp', './Ethanol_c17_q2_chg.inp', './Ethanol_c195_q3_chg.inp', './Ethanol_c51_q2_chg.inp', './Ethanol_c91_q3_chg.inp', './Ethanol_c91_q1_chg.inp', './Ethanol_c44_q2_chg.inp', './Ethanol_c31_q2_chg.inp', './Ethanol_c39_q1_chg.inp', './Ethanol_c184_q1_chg.inp', './Ethanol_c18_q2_chg.inp', './Ethanol_c10_q2_chg.inp', './Ethanol_c38_q3_chg.inp', './Ethanol_c62_q2_chg.inp', './Ethanol_c190_q3_chg.inp', './Ethanol_c126_q3_chg.inp', './Ethanol_c154_q1_chg.inp', './Ethanol_c89_q3_chg.inp', './Ethanol_c30_q2_chg.inp', './Ethanol_c193_q3_chg.inp', './Ethanol_c83_q3_chg.inp', './Ethanol_c12_q2_chg.inp', './Ethanol_c13_q2_chg.inp', './Ethanol_c37_q1_chg.inp', './Ethanol_c128_q3_chg.inp', './Ethanol_c36_q1_chg.inp', './Ethanol_c78_q1_chg.inp', './Ethanol_c49_q3_chg.inp', './Ethanol_c200_q1_chg.inp', './Ethanol_c45_q3_chg.inp', './Ethanol_c193_q1_chg.inp', './Ethanol_c156_q1_chg.inp', './Ethanol_c25_q1_chg.inp', './Ethanol_c116_q3_chg.inp', './Ethanol_c172_q3_chg.inp', './Ethanol_c47_q1_chg.inp', './Ethanol_c127_q2_chg.inp', './Ethanol_c146_q3_chg.inp', './Ethanol_c182_q2_chg.inp', './Ethanol_c96_q3_chg.inp', './Ethanol_c160_q2_chg.inp', './Ethanol_c104_q1_chg.inp', './Ethanol_c141_q1_chg.inp', './Ethanol_c97_q1_chg.inp', './Ethanol_c192_q1_chg.inp', './Ethanol_c176_q1_chg.inp', './Ethanol_c111_q1_chg.inp', './Ethanol_c194_q3_chg.inp', './Ethanol_c5_q2_chg.inp', './Ethanol_c56_q2_chg.inp', './Ethanol_c68_q1_chg.inp', './Ethanol_c62_q1_chg.inp', './Ethanol_c2_q1_chg.inp', './Ethanol_c41_q2_chg.inp', './Ethanol_c43_q3_chg.inp', './Ethanol_c122_q1_chg.inp', './Ethanol_c105_q2_chg.inp', './Ethanol_c23_q1_chg.inp', './Ethanol_c115_q1_chg.inp', './Ethanol_c142_q1_chg.inp', './Ethanol_c192_q3_chg.inp', './Ethanol_c156_q3_chg.inp', './Ethanol_c108_q1_chg.inp', './Ethanol_c77_q2_chg.inp', './Ethanol_c52_q1_chg.inp', './Ethanol_c58_q1_chg.inp', './Ethanol_c1_q1_chg.inp', './Ethanol_c141_q2_chg.inp', './Ethanol_c80_q2_chg.inp', './Ethanol_c96_q1_chg.inp', './Ethanol_c125_q3_chg.inp', './Ethanol_c3_q2_chg.inp', './Ethanol_c184_q3_chg.inp', './Ethanol_c196_q2_chg.inp', './Ethanol_c132_q1_chg.inp', './Ethanol_c173_q2_chg.inp', './Ethanol_c177_q3_chg.inp', './Ethanol_c123_q3_chg.inp', './Ethanol_c198_q3_chg.inp', './Ethanol_c132_q2_chg.inp', './Ethanol_c86_q2_chg.inp', './Ethanol_c13_q1_chg.inp', './Ethanol_c33_q1_chg.inp', './Ethanol_c26_q2_chg.inp', './Ethanol_c49_q1_chg.inp', './Ethanol_c176_q2_chg.inp', './Ethanol_c43_q2_chg.inp', './Ethanol_c79_q2_chg.inp', './Ethanol_c71_q3_chg.inp', './Ethanol_c118_q1_chg.inp', './Ethanol_c176_q3_chg.inp', './Ethanol_c188_q1_chg.inp', './Ethanol_c81_q3_chg.inp', './Ethanol_c167_q3_chg.inp', './Ethanol_c67_q2_chg.inp', './Ethanol_c51_q1_chg.inp', './Ethanol_c109_q2_chg.inp', './Ethanol_c161_q3_chg.inp', './Ethanol_c95_q2_chg.inp', './Ethanol_c51_q3_chg.inp', './Ethanol_c88_q2_chg.inp', './Ethanol_c56_q3_chg.inp', './Ethanol_c3_q1_chg.inp', './Ethanol_c126_q2_chg.inp', './Ethanol_c181_q3_chg.inp', './Ethanol_c5_q1_chg.inp', './Ethanol_c33_q3_chg.inp', './Ethanol_c131_q3_chg.inp', './Ethanol_c64_q2_chg.inp', './Ethanol_c26_q1_chg.inp', './Ethanol_c79_q1_chg.inp', './Ethanol_c135_q3_chg.inp', './Ethanol_c47_q2_chg.inp', './Ethanol_c107_q2_chg.inp', './Ethanol_c103_q2_chg.inp', './Ethanol_c112_q1_chg.inp']
./opt-test-SCEE/Ethanol_c196_q1.out ./opt-test-SCEE/Ethanol_c196_q1_v1.dat
Traceback (most recent call last):
  File "/home/zoe/Research/SCEE_Project/Results/Aromatics_Chapter/Ethanol_MJ/Run_SCEE.py", line 675, in <module>
    Molecule.init_v1()
  File "/home/zoe/Research/SCEE_Project/Results/Aromatics_Chapter/Ethanol_MJ/SCEE.py", line 116, in init_v1
    data = raw_data[-1].split('\n')
           ~~~~~~~~^^^^
IndexError: list index out of range
Traceback (most recent call last):
  File "/home/zoe/Research/SCEE_Project/Results/Aromatics_Chapter/Ethanol_MJ/Run_SCEE.py", line 7, in <module>
    import matplotlib.pyplot as plt
ModuleNotFoundError: No module named 'matplotlib'
/home/zoe/Research/SCEE_Project/Results/Aromatics_Chapter/Ethanol_MJ/SCEE.py:209: SyntaxWarning: invalid escape sequence '\('
  re_dipole = ' Dipole moment \(field-independent basis, Debye\):(?:.*\n){2}'
/home/zoe/Research/SCEE_Project/Results/Aromatics_Chapter/Ethanol_MJ/SCEE.py:225: SyntaxWarning: invalid escape sequence '\('
  re_quad = ' Quadrupole moment \(field-independent basis, Debye-Ang\):(?:.*\n){3}'
/home/zoe/Research/SCEE_Project/Results/Aromatics_Chapter/Ethanol_MJ/SCEE.py:245: SyntaxWarning: invalid escape sequence '\('
  re_oct = ' Octapole moment \(field-independent basis, Debye-Ang\*\*2\):(?:.*\n){4}'
/home/zoe/Research/SCEE_Project/Results/Aromatics_Chapter/Ethanol_MJ/Vacuum.py:129: SyntaxWarning: invalid escape sequence '\('
  re_dipole = ' Dipole moment \(field-independent basis, Debye\):(?:.*\n){2}'
/home/zoe/Research/SCEE_Project/Results/Aromatics_Chapter/Ethanol_MJ/Vacuum.py:140: SyntaxWarning: invalid escape sequence '\('
  re_quad = ' Quadrupole moment \(field-independent basis, Debye-Ang\):(?:.*\n){3}'
/home/zoe/Research/SCEE_Project/Results/Aromatics_Chapter/Ethanol_MJ/Vacuum.py:152: SyntaxWarning: invalid escape sequence '\('
  re_oct = ' Octapole moment \(field-independent basis, Debye-Ang\*\*2\):(?:.*\n){4}'
mkdir: cannot create directory ‘Simulations’: File exists
mkdir: cannot create directory ‘replica_1’: File exists
mkdir: cannot create directory ‘298.0K’: File exists
mkdir: cannot create directory ‘1.0Bar’: File exists
NOTE: Some configuration directories are not set up yet: 
	/home/zoe/.gromacswrapper
	/home/zoe/.gromacswrapper/qscripts
	/home/zoe/.gromacswrapper/templates
NOTE: You can create the configuration file and directories with:
	>>> import gromacs
	>>> gromacs.config.setup()
Before starting the calculations there is some information and formatting that is required from you. This is important for ensuring the scripts being applied function as intended.
We are able to create the system of interest through our python scripts. If this is a requirement, you will need to provide the gro files containing the AA {central}_AA.gro and UA {solvent}_UAS.gro and associated topology files for these molecules. The central atom will be equilibrated, minimised and have the number of requested solvent atoms added to a 5*5*5 box. Please ensure the central and solvent atoms are given different names in this case. If this isn't required the gro file for the system should be titled either {central}.gro for a system of all the same molecules or {central}_in_{solvent}.gro if for a mixture.
For systems that require the application of both UA and AA molecules that appears differently in the topology file, we request that these are separated into different .itp files labelled in the following format:f'{central}_AA.itp' and f'{solvent}_UA.itp', listed in the topology file using the #include notation. If your system is a mixture it should be labeled using f'{central}_in_{solvent}.top'. Otherwise, if using using a system that appears the same in the topology file when split into UA and AA we request that these are included as f'{central}.top'. You will be asked for the name of your central and solvent molecule names for this purposes.
There are some additional requirements for the formating of your topology file. If a dummy atom is present, ensure the [atomtypes] section, either within the topology file or associated forcefield contains the following columns ;name typ MW q dummy V@nm W@kj/mol where A represents atom and D represents the dummy. If not, the following column structure is accepted ;name typ MW q V@nm W@kj/mol. This is require for the generation of the oniom file.
With this information are you ready to get started? yes or no?
Please continue with the next steps
Does your system require separated .itp files? yes/no?
What is your central and solvent molecues?
Central molecules?
Its SMILE String?
Its residue name?
Surrounding Solvent?
Its SMILE String?
Its residue name?
What is your solvent keyword for Gaussian?
Does the central atom you are using require the application of a dummy atom?
What is the scaling ratio for your charges?
qr1:
qr2:
qr3:
Do you need the gro system generated?
What is the experimental density of your?
What is the molar mass of your?
What is the experimental dielectric constant of your molecule?
What is the experimental refractive index of your molecule?
What is the experimental dipole moment of your molecule in the gas phase?
How many replicas would you like to run?
What temperatures (in K) would you like to run your simulations to run at? (please use 1, 2, ... format)
What pressures (in K) would you like to run your simulations to run at? (please use 1, 2, ... format)
24.0
2567
2.0475
processing conf3_*.gro files
opt-test_vacuum/nvt_vacuum.out opt-test dipole_l 1.5801
opt-test_vacuum/nvt_vacuum.out opt-test dipole_m 1.5801
opt-test_vacuum/nvt_vacuum.out opt-test dipole_h 1.5801
opt-test
       dipole_l  dipole_m  dipole_h
count    1.0000    1.0000    1.0000
mean     1.5801    1.5801    1.5801
std         NaN       NaN       NaN
min      1.5801    1.5801    1.5801
25%      1.5801    1.5801    1.5801
50%      1.5801    1.5801    1.5801
75%      1.5801    1.5801    1.5801
max      1.5801    1.5801    1.5801
     config  dipole_l  dipole_m  dipole_h
0  opt-test    1.5801    1.5801    1.5801
2.1168
   dipole_l  dipole_m  dipole_h
0    2.1168    2.1168    2.1168
       dipole_l  dipole_m  dipole_h
count    1.0000    1.0000    1.0000
mean     2.1168    2.1168    2.1168
std         NaN       NaN       NaN
min      2.1168    2.1168    2.1168
25%      2.1168    2.1168    2.1168
50%      2.1168    2.1168    2.1168
75%      2.1168    2.1168    2.1168
max      2.1168    2.1168    2.1168
   dipole_l  dipole_m  dipole_h
0    2.1168    2.1168    2.1168
2.1155
   dipole_l  dipole_m  dipole_h
0    2.1155    2.1155    2.1155
       dipole_l  dipole_m  dipole_h
count    1.0000    1.0000    1.0000
mean     2.1155    2.1155    2.1155
std         NaN       NaN       NaN
min      2.1155    2.1155    2.1155
25%      2.1155    2.1155    2.1155
50%      2.1155    2.1155    2.1155
75%      2.1155    2.1155    2.1155
max      2.1155    2.1155    2.1155
   dipole_l  dipole_m  dipole_h
0    2.1155    2.1155    2.1155
['./Simulations/replica_1/298.0K/1.0Bar']
original directory: /home/zoe/Research/SCEE_Project/Results/Aromatics_Chapter/Ethanol_MJ
Running on host: zoe-OptiPlex-SFF-Plus-7010
/home/zoe/Research/SCEE_Project/Results/Aromatics_Chapter/Ethanol_MJ/Simulations/replica_1/298.0K/1.0Bar
processing conf_*.gro files
['./Ethanol_c15_q1.inp', './Ethanol_c75_q1.inp', './Ethanol_c51_q2.inp', './Ethanol_c111_q3.inp', './Ethanol_c71_q1.inp', './Ethanol_c168_q1.inp', './Ethanol_c167_q2.inp', './Ethanol_c183_q1.inp', './Ethanol_c176_q3.inp', './Ethanol_c136_q1.inp', './Ethanol_c122_q1.inp', './Ethanol_c115_q3.inp', './Ethanol_c170_q1.inp', './Ethanol_c198_q2.inp', './Ethanol_c131_q2.inp', './Ethanol_c92_q2.inp', './Ethanol_c44_q1.inp', './Ethanol_c52_q2.inp', './Ethanol_c30_q2.inp', './Ethanol_c85_q3.inp', './Ethanol_c144_q3.inp', './Ethanol_c119_q3.inp', './Ethanol_c89_q2.inp', './Ethanol_c157_q2.inp', './Ethanol_c7_q3.inp', './Ethanol_c130_q2.inp', './Ethanol_c187_q2.inp', './Ethanol_c87_q3.inp', './Ethanol_c130_q1.inp', './Ethanol_c101_q2.inp', './Ethanol_c26_q1.inp', './Ethanol_c148_q3.inp', './Ethanol_c151_q3.inp', './Ethanol_c108_q3.inp', './Ethanol_c45_q2.inp', './Ethanol_c141_q1.inp', './Ethanol_c169_q2.inp', './Ethanol_c47_q1.inp', './Ethanol_c90_q2.inp', './Ethanol_c129_q3.inp', './Ethanol_c75_q2.inp', './Ethanol_c91_q1.inp', './Ethanol_c191_q2.inp', './Ethanol_c26_q3.inp', './Ethanol_c146_q1.inp', './Ethanol_c15_q2.inp', './Ethanol_c3_q3.inp', './Ethanol_c160_q2.inp', './Ethanol_c113_q2.inp', './Ethanol_c163_q1.inp', './Ethanol_c112_q1.inp', './Ethanol_c159_q3.inp', './Ethanol_c191_q1.inp', './Ethanol_c4_q3.inp', './Ethanol_c44_q2.inp', './Ethanol_c106_q2.inp', './Ethanol_c164_q3.inp', './Ethanol_c166_q2.inp', './Ethanol_c46_q1.inp', './Ethanol_c178_q3.inp', './Ethanol_c77_q1.inp', './Ethanol_c57_q2.inp', './Ethanol_c170_q2.inp', './Ethanol_c153_q1.inp', './Ethanol_c109_q3.inp', './Ethanol_c22_q2.inp', './Ethanol_c86_q1.inp', './Ethanol_c147_q2.inp', './Ethanol_c36_q1.inp', './Ethanol_c186_q2.inp', './Ethanol_c164_q1.inp', './Ethanol_c43_q2.inp', './Ethanol_c200_q2.inp', './Ethanol_c139_q1.inp', './Ethanol_c99_q1.inp', './Ethanol_c61_q2.inp', './Ethanol_c50_q3.inp', './Ethanol_c171_q3.inp', './Ethanol_c127_q3.inp', './Ethanol_c83_q3.inp', './Ethanol_c193_q2.inp', './Ethanol_c120_q1.inp', './Ethanol_c29_q3.inp', './Ethanol_c71_q3.inp', './Ethanol_c22_q3.inp', './Ethanol_c21_q3.inp', './Ethanol_c41_q1.inp', './Ethanol_c83_q2.inp', './Ethanol_c84_q1.inp', './Ethanol_c9_q2.inp', './Ethanol_c13_q1.inp', './Ethanol_c90_q3.inp', './Ethanol_c183_q2.inp', './Ethanol_c54_q3.inp', './Ethanol_c192_q3.inp', './Ethanol_c27_q1.inp', './Ethanol_c195_q1.inp', './Ethanol_c140_q3.inp', './Ethanol_c1_q2.inp', './Ethanol_c113_q1.inp', './Ethanol_c137_q3.inp', './Ethanol_c177_q2.inp', './Ethanol_c100_q2.inp', './Ethanol_c123_q2.inp', './Ethanol_c35_q3.inp', './Ethanol_c12_q3.inp', './Ethanol_c95_q1.inp', './Ethanol_c95_q2.inp', './Ethanol_c140_q1.inp', './Ethanol_c162_q3.inp', './Ethanol_c51_q1.inp', './Ethanol_c121_q3.inp', './Ethanol_c18_q3.inp', './Ethanol_c38_q1.inp', './Ethanol_c23_q2.inp', './Ethanol_c137_q1.inp', './Ethanol_c152_q2.inp', './Ethanol_c56_q2.inp', './Ethanol_c107_q2.inp', './Ethanol_c139_q2.inp', './Ethanol_c32_q1.inp', './Ethanol_c141_q3.inp', './Ethanol_c162_q2.inp', './Ethanol_c80_q3.inp', './Ethanol_c30_q1.inp', './Ethanol_c195_q3.inp', './Ethanol_c187_q3.inp', './Ethanol_c171_q1.inp', './Ethanol_c144_q1.inp', './Ethanol_c198_q3.inp', './Ethanol_c92_q3.inp', './Ethanol_c6_q1.inp', './Ethanol_c65_q3.inp', './Ethanol_c63_q3.inp', './Ethanol_c111_q2.inp', './Ethanol_c124_q3.inp', './Ethanol_c180_q1.inp', './Ethanol_c132_q2.inp', './Ethanol_c131_q1.inp', './Ethanol_c71_q2.inp', './Ethanol_c156_q3.inp', './Ethanol_c184_q2.inp', './Ethanol_c196_q3.inp', './Ethanol_c172_q1.inp', './Ethanol_c182_q2.inp', './Ethanol_c134_q2.inp', './Ethanol_c94_q3.inp', './Ethanol_c124_q2.inp', './Ethanol_c40_q1.inp', './Ethanol_c14_q1.inp', './Ethanol_c90_q1.inp', './Ethanol_c34_q1.inp', './Ethanol_c69_q3.inp', './Ethanol_c194_q1.inp', './Ethanol_c198_q1.inp', './Ethanol_c48_q3.inp', './Ethanol_c32_q3.inp', './Ethanol_c175_q3.inp', './Ethanol_c188_q3.inp', './Ethanol_c151_q2.inp', './Ethanol_c103_q2.inp', './Ethanol_c50_q2.inp', './Ethanol_c26_q2.inp', './Ethanol_c30_q3.inp', './Ethanol_c89_q3.inp', './Ethanol_c4_q2.inp', './Ethanol_c161_q2.inp', './Ethanol_c182_q3.inp', './Ethanol_c116_q1.inp', './Ethanol_c12_q1.inp', './Ethanol_c14_q3.inp', './Ethanol_c117_q3.inp', './Ethanol_c176_q2.inp', './Ethanol_c15_q3.inp', './Ethanol_c78_q2.inp', './Ethanol_c16_q1.inp', './Ethanol_c102_q1.inp', './Ethanol_c199_q2.inp', './Ethanol_c81_q2.inp', './Ethanol_c102_q3.inp', './Ethanol_c79_q2.inp', './Ethanol_c31_q1.inp', './Ethanol_c103_q3.inp', './Ethanol_c53_q3.inp', './Ethanol_c139_q3.inp', './Ethanol_c155_q2.inp', './Ethanol_c70_q3.inp', './Ethanol_c55_q2.inp', './Ethanol_c66_q1.inp', './Ethanol_c29_q2.inp', './Ethanol_c148_q1.inp', './Ethanol_c33_q3.inp', './Ethanol_c197_q1.inp', './Ethanol_c63_q2.inp', './Ethanol_c122_q2.inp', './Ethanol_c2_q1.inp', './Ethanol_c24_q1.inp', './Ethanol_c149_q2.inp', './Ethanol_c157_q3.inp', './Ethanol_c133_q2.inp', './Ethanol_c126_q3.inp', './Ethanol_c181_q3.inp', './Ethanol_c29_q1.inp', './Ethanol_c98_q2.inp', './Ethanol_c105_q1.inp', './Ethanol_c177_q3.inp', './Ethanol_c45_q1.inp', './Ethanol_c28_q3.inp', './Ethanol_c77_q2.inp', './Ethanol_c27_q2.inp', './Ethanol_c190_q1.inp', './Ethanol_c67_q1.inp', './Ethanol_c166_q3.inp', './Ethanol_c24_q2.inp', './Ethanol_c58_q3.inp', './Ethanol_c197_q3.inp', './Ethanol_c60_q3.inp', './Ethanol_c126_q1.inp', './Ethanol_c77_q3.inp', './Ethanol_c21_q1.inp', './Ethanol_c23_q1.inp', './Ethanol_c146_q2.inp', './Ethanol_c55_q1.inp', './Ethanol_c73_q2.inp', './Ethanol_c74_q1.inp', './Ethanol_c125_q1.inp', './Ethanol_c47_q3.inp', './Ethanol_c111_q1.inp', './Ethanol_c11_q3.inp', './Ethanol_c16_q2.inp', './Ethanol_c85_q1.inp', './Ethanol_c13_q2.inp', './Ethanol_c191_q3.inp', './Ethanol_c9_q3.inp', './Ethanol_c150_q1.inp', './Ethanol_c18_q1.inp', './Ethanol_c18_q2.inp', './Ethanol_c64_q3.inp', './Ethanol_c132_q3.inp', './Ethanol_c113_q3.inp', './Ethanol_c127_q2.inp', './Ethanol_c179_q2.inp', './Ethanol_c97_q2.inp', './Ethanol_c159_q1.inp', './Ethanol_c96_q1.inp', './Ethanol_c37_q1.inp', './Ethanol_c25_q3.inp', './Ethanol_c67_q3.inp', './Ethanol_c62_q1.inp', './Ethanol_c84_q2.inp', './Ethanol_c73_q1.inp', './Ethanol_c25_q2.inp', './Ethanol_c46_q2.inp', './Ethanol_c169_q1.inp', './Ethanol_c94_q2.inp', './Ethanol_c192_q1.inp', './Ethanol_c175_q1.inp', './Ethanol_c166_q1.inp', './Ethanol_c2_q3.inp', './Ethanol_c49_q3.inp', './Ethanol_c42_q2.inp', './Ethanol_c110_q1.inp', './Ethanol_c154_q2.inp', './Ethanol_c135_q1.inp', './Ethanol_c172_q3.inp', './Ethanol_c142_q3.inp', './Ethanol_c101_q1.inp', './Ethanol_c136_q2.inp', './Ethanol_c23_q3.inp', './Ethanol_c163_q2.inp', './Ethanol_c128_q2.inp', './Ethanol_c180_q2.inp', './Ethanol_c171_q2.inp', './Ethanol_c81_q3.inp', './Ethanol_c76_q3.inp', './Ethanol_c165_q3.inp', './Ethanol_c79_q1.inp', './Ethanol_c118_q3.inp', './Ethanol_c93_q3.inp', './Ethanol_c190_q2.inp', './Ethanol_c59_q1.inp', './Ethanol_c172_q2.inp', './Ethanol_c36_q2.inp', './Ethanol_c143_q2.inp', './Ethanol_c8_q3.inp', './Ethanol_c147_q1.inp', './Ethanol_c178_q1.inp', './Ethanol_c145_q3.inp', './Ethanol_c82_q3.inp', './Ethanol_c185_q3.inp', './Ethanol_c53_q1.inp', './Ethanol_c1_q3.inp', './Ethanol_c17_q1.inp', './Ethanol_c68_q3.inp', './Ethanol_c123_q3.inp', './Ethanol_c192_q2.inp', './Ethanol_c196_q2.inp', './Ethanol_c8_q1.inp', './Ethanol_c52_q1.inp', './Ethanol_c92_q1.inp', './Ethanol_c133_q3.inp', './Ethanol_c194_q2.inp', './Ethanol_c96_q2.inp', './Ethanol_c94_q1.inp', './Ethanol_c110_q2.inp', './Ethanol_c88_q1.inp', './Ethanol_c181_q2.inp', './Ethanol_c59_q2.inp', './Ethanol_c16_q3.inp', './Ethanol_c20_q1.inp', './Ethanol_c144_q2.inp', './Ethanol_c21_q2.inp', './Ethanol_c100_q3.inp', './Ethanol_c70_q2.inp', './Ethanol_c74_q3.inp', './Ethanol_c168_q3.inp', './Ethanol_c52_q3.inp', './Ethanol_c147_q3.inp', './Ethanol_c24_q3.inp', './Ethanol_c134_q1.inp', './Ethanol_c2_q2.inp', './Ethanol_c135_q2.inp', './Ethanol_c150_q2.inp', './Ethanol_c155_q3.inp', './Ethanol_c45_q3.inp', './Ethanol_c22_q1.inp', './Ethanol_c72_q2.inp', './Ethanol_c33_q1.inp', './Ethanol_c168_q2.inp', './Ethanol_c194_q3.inp', './Ethanol_c141_q2.inp', './Ethanol_c39_q3.inp', './Ethanol_c95_q3.inp', './Ethanol_c142_q2.inp', './Ethanol_c138_q2.inp', './Ethanol_c109_q2.inp', './Ethanol_c167_q3.inp', './Ethanol_c49_q2.inp', './Ethanol_c54_q1.inp', './Ethanol_c63_q1.inp', './Ethanol_c184_q3.inp', './Ethanol_c25_q1.inp', './Ethanol_c98_q1.inp', './Ethanol_c158_q2.inp', './Ethanol_c33_q2.inp', './Ethanol_c138_q1.inp', './Ethanol_c66_q2.inp', './Ethanol_c35_q1.inp', './Ethanol_c170_q3.inp', './Ethanol_c135_q3.inp', './Ethanol_c47_q2.inp', './Ethanol_c38_q3.inp', './Ethanol_c161_q3.inp', './Ethanol_c82_q1.inp', './Ethanol_c78_q3.inp', './Ethanol_c155_q1.inp', './Ethanol_c177_q1.inp', './Ethanol_c50_q1.inp', './Ethanol_c179_q3.inp', './Ethanol_c74_q2.inp', './Ethanol_c87_q2.inp', './Ethanol_c91_q2.inp', './Ethanol_c181_q1.inp', './Ethanol_c145_q2.inp', './Ethanol_c42_q3.inp', './Ethanol_c58_q1.inp', './Ethanol_c69_q1.inp', './Ethanol_c165_q2.inp', './Ethanol_c57_q3.inp', './Ethanol_c153_q2.inp', './Ethanol_c89_q1.inp', './Ethanol_c120_q3.inp', './Ethanol_c13_q3.inp', './Ethanol_c36_q3.inp', './Ethanol_c125_q2.inp', './Ethanol_c183_q3.inp', './Ethanol_c41_q2.inp', './Ethanol_c20_q3.inp', './Ethanol_c19_q3.inp', './Ethanol_c193_q3.inp', './Ethanol_c86_q2.inp', './Ethanol_c154_q3.inp', './Ethanol_c49_q1.inp', './Ethanol_c5_q3.inp', './Ethanol_c61_q1.inp', './Ethanol_c125_q3.inp', './Ethanol_c137_q2.inp', './Ethanol_c143_q1.inp', './Ethanol_c39_q1.inp', './Ethanol_c55_q3.inp', './Ethanol_c107_q3.inp', './Ethanol_c69_q2.inp', './Ethanol_c73_q3.inp', './Ethanol_c164_q2.inp', './Ethanol_c35_q2.inp', './Ethanol_c163_q3.inp', './Ethanol_c175_q2.inp', './Ethanol_c178_q2.inp', './Ethanol_c190_q3.inp', './Ethanol_c88_q3.inp', './Ethanol_c54_q2.inp', './Ethanol_c31_q3.inp', './Ethanol_c3_q1.inp', './Ethanol_c34_q2.inp', './Ethanol_c99_q2.inp', './Ethanol_c58_q2.inp', './Ethanol_c117_q2.inp', './Ethanol_c173_q3.inp', './Ethanol_c160_q3.inp', './Ethanol_c96_q3.inp', './Ethanol_c173_q2.inp', './Ethanol_c28_q2.inp', './Ethanol_c82_q2.inp', './Ethanol_c40_q2.inp', './Ethanol_c34_q3.inp', './Ethanol_c180_q3.inp', './Ethanol_c106_q3.inp', './Ethanol_c143_q3.inp', './Ethanol_c107_q1.inp', './Ethanol_c145_q1.inp', './Ethanol_c182_q1.inp', './Ethanol_c129_q2.inp', './Ethanol_c80_q1.inp', './Ethanol_c56_q3.inp', './Ethanol_c76_q1.inp', './Ethanol_c87_q1.inp', './Ethanol_c37_q3.inp', './Ethanol_c193_q1.inp', './Ethanol_c70_q1.inp', './Ethanol_c174_q3.inp', './Ethanol_c199_q3.inp', './Ethanol_c81_q1.inp', './Ethanol_c68_q2.inp', './Ethanol_c7_q1.inp', './Ethanol_c200_q1.inp', './Ethanol_c39_q2.inp', './Ethanol_c117_q1.inp', './Ethanol_c100_q1.inp', './Ethanol_c152_q3.inp', './Ethanol_c136_q3.inp', './Ethanol_c72_q1.inp', './Ethanol_c43_q1.inp', './Ethanol_c150_q3.inp', './Ethanol_c80_q2.inp', './Ethanol_c112_q3.inp', './Ethanol_c126_q2.inp', './Ethanol_c11_q2.inp', './Ethanol_c121_q2.inp', './Ethanol_c8_q2.inp', './Ethanol_c185_q1.inp', './Ethanol_c10_q2.inp', './Ethanol_c118_q1.inp', './Ethanol_c97_q3.inp', './Ethanol_c174_q1.inp', './Ethanol_c41_q3.inp', './Ethanol_c17_q2.inp', './Ethanol_c189_q3.inp', './Ethanol_c169_q3.inp', './Ethanol_c200_q3.inp', './Ethanol_c78_q1.inp', './Ethanol_c199_q1.inp', './Ethanol_c28_q1.inp', './Ethanol_c65_q1.inp', './Ethanol_c158_q1.inp', './Ethanol_c184_q1.inp', './Ethanol_c19_q2.inp', './Ethanol_c56_q1.inp', './Ethanol_c188_q2.inp', './Ethanol_c167_q1.inp', './Ethanol_c97_q1.inp', './Ethanol_c196_q1.inp', './Ethanol_c119_q1.inp', './Ethanol_c132_q1.inp', './Ethanol_c110_q3.inp', './Ethanol_c134_q3.inp', './Ethanol_c93_q1.inp', './Ethanol_c121_q1.inp', './Ethanol_c1_q1.inp', './Ethanol_c152_q1.inp', './Ethanol_c32_q2.inp', './Ethanol_c116_q2.inp', './Ethanol_c51_q3.inp', './Ethanol_c6_q3.inp', './Ethanol_c60_q1.inp', './Ethanol_c5_q1.inp', './Ethanol_c114_q2.inp', './Ethanol_c120_q2.inp', './Ethanol_c131_q3.inp', './Ethanol_c19_q1.inp', './Ethanol_c57_q1.inp', './Ethanol_c64_q1.inp', './Ethanol_c115_q1.inp', './Ethanol_c9_q1.inp', './Ethanol_c149_q1.inp', './Ethanol_c48_q2.inp', './Ethanol_c122_q3.inp', './Ethanol_c67_q2.inp', './Ethanol_c64_q2.inp', './Ethanol_c72_q3.inp', './Ethanol_c157_q1.inp', './Ethanol_c61_q3.inp', './Ethanol_c123_q1.inp', './Ethanol_c129_q1.inp', './Ethanol_c154_q1.inp', './Ethanol_c173_q1.inp', './Ethanol_c128_q1.inp', './Ethanol_c79_q3.inp', './Ethanol_c46_q3.inp', './Ethanol_c197_q2.inp', './Ethanol_c105_q3.inp', './Ethanol_c43_q3.inp', './Ethanol_c14_q2.inp', './Ethanol_c102_q2.inp', './Ethanol_c128_q3.inp', './Ethanol_c4_q1.inp', './Ethanol_c127_q1.inp', './Ethanol_c108_q1.inp', './Ethanol_c179_q1.inp', './Ethanol_c185_q2.inp', './Ethanol_c158_q3.inp', './Ethanol_c112_q2.inp', './Ethanol_c148_q2.inp', './Ethanol_c93_q2.inp', './Ethanol_c159_q2.inp', './Ethanol_c156_q2.inp', './Ethanol_c153_q3.inp', './Ethanol_c114_q1.inp', './Ethanol_c10_q3.inp', './Ethanol_c6_q2.inp', './Ethanol_c42_q1.inp', './Ethanol_c116_q3.inp', './Ethanol_c20_q2.inp', './Ethanol_c104_q1.inp', './Ethanol_c3_q2.inp', './Ethanol_c106_q1.inp', './Ethanol_c103_q1.inp', './Ethanol_c186_q1.inp', './Ethanol_c186_q3.inp', './Ethanol_c53_q2.inp', './Ethanol_c124_q1.inp', './Ethanol_c101_q3.inp', './Ethanol_c161_q1.inp', './Ethanol_c189_q2.inp', './Ethanol_c142_q1.inp', './Ethanol_c91_q3.inp', './Ethanol_c174_q2.inp', './Ethanol_c109_q1.inp', './Ethanol_c5_q2.inp', './Ethanol_c189_q1.inp', './Ethanol_c104_q2.inp', './Ethanol_c38_q2.inp', './Ethanol_c108_q2.inp', './Ethanol_c66_q3.inp', './Ethanol_c48_q1.inp', './Ethanol_c118_q2.inp', './Ethanol_c140_q2.inp', './Ethanol_c40_q3.inp', './Ethanol_c65_q2.inp', './Ethanol_c44_q3.inp', './Ethanol_c62_q3.inp', './Ethanol_c99_q3.inp', './Ethanol_c119_q2.inp', './Ethanol_c17_q3.inp', './Ethanol_c83_q1.inp', './Ethanol_c160_q1.inp', './Ethanol_c133_q1.inp', './Ethanol_c88_q2.inp', './Ethanol_c7_q2.inp', './Ethanol_c114_q3.inp', './Ethanol_c188_q1.inp', './Ethanol_c149_q3.inp', './Ethanol_c176_q1.inp', './Ethanol_c11_q1.inp', './Ethanol_c138_q3.inp', './Ethanol_c84_q3.inp', './Ethanol_c151_q1.inp', './Ethanol_c37_q2.inp', './Ethanol_c62_q2.inp', './Ethanol_c98_q3.inp', './Ethanol_c12_q2.inp', './Ethanol_c10_q1.inp', './Ethanol_c60_q2.inp', './Ethanol_c146_q3.inp', './Ethanol_c115_q2.inp', './Ethanol_c162_q1.inp', './Ethanol_c105_q2.inp', './Ethanol_c31_q2.inp', './Ethanol_c187_q1.inp', './Ethanol_c130_q3.inp', './Ethanol_c76_q2.inp', './Ethanol_c68_q1.inp', './Ethanol_c195_q2.inp', './Ethanol_c165_q1.inp', './Ethanol_c86_q3.inp', './Ethanol_c85_q2.inp', './Ethanol_c59_q3.inp', './Ethanol_c156_q1.inp', './Ethanol_c27_q3.inp', './Ethanol_c75_q3.inp', './Ethanol_c104_q3.inp']
./Ethanol_c15_q1
./opt-test-SCEE/Ethanol_c15_q1.dat
./Ethanol_c75_q1
./opt-test-SCEE/Ethanol_c75_q1.dat
./Ethanol_c51_q2
./opt-test-SCEE/Ethanol_c51_q2.dat
./Ethanol_c111_q3
./opt-test-SCEE/Ethanol_c111_q3.dat
./Ethanol_c71_q1
./opt-test-SCEE/Ethanol_c71_q1.dat
./Ethanol_c168_q1
./opt-test-SCEE/Ethanol_c168_q1.dat
./Ethanol_c167_q2
./opt-test-SCEE/Ethanol_c167_q2.dat
./Ethanol_c183_q1
./opt-test-SCEE/Ethanol_c183_q1.dat
./Ethanol_c176_q3
./opt-test-SCEE/Ethanol_c176_q3.dat
./Ethanol_c136_q1
./opt-test-SCEE/Ethanol_c136_q1.dat
./Ethanol_c122_q1
./opt-test-SCEE/Ethanol_c122_q1.dat
./Ethanol_c115_q3
./opt-test-SCEE/Ethanol_c115_q3.dat
./Ethanol_c170_q1
./opt-test-SCEE/Ethanol_c170_q1.dat
./Ethanol_c198_q2
./opt-test-SCEE/Ethanol_c198_q2.dat
./Ethanol_c131_q2
./opt-test-SCEE/Ethanol_c131_q2.dat
./Ethanol_c92_q2
./opt-test-SCEE/Ethanol_c92_q2.dat
./Ethanol_c44_q1
./opt-test-SCEE/Ethanol_c44_q1.dat
./Ethanol_c52_q2
./opt-test-SCEE/Ethanol_c52_q2.dat
./Ethanol_c30_q2
./opt-test-SCEE/Ethanol_c30_q2.dat
./Ethanol_c85_q3
./opt-test-SCEE/Ethanol_c85_q3.dat
./Ethanol_c144_q3
./opt-test-SCEE/Ethanol_c144_q3.dat
./Ethanol_c119_q3
./opt-test-SCEE/Ethanol_c119_q3.dat
./Ethanol_c89_q2
./opt-test-SCEE/Ethanol_c89_q2.dat
./Ethanol_c157_q2
./opt-test-SCEE/Ethanol_c157_q2.dat
./Ethanol_c7_q3
./opt-test-SCEE/Ethanol_c7_q3.dat
./Ethanol_c130_q2
./opt-test-SCEE/Ethanol_c130_q2.dat
./Ethanol_c187_q2
./opt-test-SCEE/Ethanol_c187_q2.dat
./Ethanol_c87_q3
./opt-test-SCEE/Ethanol_c87_q3.dat
./Ethanol_c130_q1
./opt-test-SCEE/Ethanol_c130_q1.dat
./Ethanol_c101_q2
./opt-test-SCEE/Ethanol_c101_q2.dat
./Ethanol_c26_q1
./opt-test-SCEE/Ethanol_c26_q1.dat
./Ethanol_c148_q3
./opt-test-SCEE/Ethanol_c148_q3.dat
./Ethanol_c151_q3
./opt-test-SCEE/Ethanol_c151_q3.dat
./Ethanol_c108_q3
./opt-test-SCEE/Ethanol_c108_q3.dat
./Ethanol_c45_q2
./opt-test-SCEE/Ethanol_c45_q2.dat
./Ethanol_c141_q1
./opt-test-SCEE/Ethanol_c141_q1.dat
./Ethanol_c169_q2
./opt-test-SCEE/Ethanol_c169_q2.dat
./Ethanol_c47_q1
./opt-test-SCEE/Ethanol_c47_q1.dat
./Ethanol_c90_q2
./opt-test-SCEE/Ethanol_c90_q2.dat
./Ethanol_c129_q3
./opt-test-SCEE/Ethanol_c129_q3.dat
./Ethanol_c75_q2
./opt-test-SCEE/Ethanol_c75_q2.dat
./Ethanol_c91_q1
./opt-test-SCEE/Ethanol_c91_q1.dat
./Ethanol_c191_q2
./opt-test-SCEE/Ethanol_c191_q2.dat
./Ethanol_c26_q3
./opt-test-SCEE/Ethanol_c26_q3.dat
./Ethanol_c146_q1
./opt-test-SCEE/Ethanol_c146_q1.dat
./Ethanol_c15_q2
./opt-test-SCEE/Ethanol_c15_q2.dat
./Ethanol_c3_q3
./opt-test-SCEE/Ethanol_c3_q3.dat
./Ethanol_c160_q2
./opt-test-SCEE/Ethanol_c160_q2.dat
./Ethanol_c113_q2
./opt-test-SCEE/Ethanol_c113_q2.dat
./Ethanol_c163_q1
./opt-test-SCEE/Ethanol_c163_q1.dat
./Ethanol_c112_q1
./opt-test-SCEE/Ethanol_c112_q1.dat
./Ethanol_c159_q3
./opt-test-SCEE/Ethanol_c159_q3.dat
./Ethanol_c191_q1
./opt-test-SCEE/Ethanol_c191_q1.dat
./Ethanol_c4_q3
./opt-test-SCEE/Ethanol_c4_q3.dat
./Ethanol_c44_q2
./opt-test-SCEE/Ethanol_c44_q2.dat
./Ethanol_c106_q2
./opt-test-SCEE/Ethanol_c106_q2.dat
./Ethanol_c164_q3
./opt-test-SCEE/Ethanol_c164_q3.dat
./Ethanol_c166_q2
./opt-test-SCEE/Ethanol_c166_q2.dat
./Ethanol_c46_q1
./opt-test-SCEE/Ethanol_c46_q1.dat
./Ethanol_c178_q3
./opt-test-SCEE/Ethanol_c178_q3.dat
./Ethanol_c77_q1
./opt-test-SCEE/Ethanol_c77_q1.dat
./Ethanol_c57_q2
./opt-test-SCEE/Ethanol_c57_q2.dat
./Ethanol_c170_q2
./opt-test-SCEE/Ethanol_c170_q2.dat
./Ethanol_c153_q1
./opt-test-SCEE/Ethanol_c153_q1.dat
./Ethanol_c109_q3
./opt-test-SCEE/Ethanol_c109_q3.dat
./Ethanol_c22_q2
./opt-test-SCEE/Ethanol_c22_q2.dat
./Ethanol_c86_q1
./opt-test-SCEE/Ethanol_c86_q1.dat
./Ethanol_c147_q2
./opt-test-SCEE/Ethanol_c147_q2.dat
./Ethanol_c36_q1
./opt-test-SCEE/Ethanol_c36_q1.dat
./Ethanol_c186_q2
./opt-test-SCEE/Ethanol_c186_q2.dat
./Ethanol_c164_q1
./opt-test-SCEE/Ethanol_c164_q1.dat
./Ethanol_c43_q2
./opt-test-SCEE/Ethanol_c43_q2.dat
./Ethanol_c200_q2
./opt-test-SCEE/Ethanol_c200_q2.dat
./Ethanol_c139_q1
./opt-test-SCEE/Ethanol_c139_q1.dat
./Ethanol_c99_q1
./opt-test-SCEE/Ethanol_c99_q1.dat
./Ethanol_c61_q2
./opt-test-SCEE/Ethanol_c61_q2.dat
./Ethanol_c50_q3
./opt-test-SCEE/Ethanol_c50_q3.dat
./Ethanol_c171_q3
./opt-test-SCEE/Ethanol_c171_q3.dat
./Ethanol_c127_q3
./opt-test-SCEE/Ethanol_c127_q3.dat
./Ethanol_c83_q3
./opt-test-SCEE/Ethanol_c83_q3.dat
./Ethanol_c193_q2
./opt-test-SCEE/Ethanol_c193_q2.dat
./Ethanol_c120_q1
./opt-test-SCEE/Ethanol_c120_q1.dat
./Ethanol_c29_q3
./opt-test-SCEE/Ethanol_c29_q3.dat
./Ethanol_c71_q3
./opt-test-SCEE/Ethanol_c71_q3.dat
./Ethanol_c22_q3
./opt-test-SCEE/Ethanol_c22_q3.dat
./Ethanol_c21_q3
./opt-test-SCEE/Ethanol_c21_q3.dat
./Ethanol_c41_q1
./opt-test-SCEE/Ethanol_c41_q1.dat
./Ethanol_c83_q2
./opt-test-SCEE/Ethanol_c83_q2.dat
./Ethanol_c84_q1
./opt-test-SCEE/Ethanol_c84_q1.dat
./Ethanol_c9_q2
./opt-test-SCEE/Ethanol_c9_q2.dat
./Ethanol_c13_q1
./opt-test-SCEE/Ethanol_c13_q1.dat
./Ethanol_c90_q3
./opt-test-SCEE/Ethanol_c90_q3.dat
./Ethanol_c183_q2
./opt-test-SCEE/Ethanol_c183_q2.dat
./Ethanol_c54_q3
./opt-test-SCEE/Ethanol_c54_q3.dat
./Ethanol_c192_q3
./opt-test-SCEE/Ethanol_c192_q3.dat
./Ethanol_c27_q1
./opt-test-SCEE/Ethanol_c27_q1.dat
./Ethanol_c195_q1
./opt-test-SCEE/Ethanol_c195_q1.dat
./Ethanol_c140_q3
./opt-test-SCEE/Ethanol_c140_q3.dat
./Ethanol_c1_q2
./opt-test-SCEE/Ethanol_c1_q2.dat
./Ethanol_c113_q1
./opt-test-SCEE/Ethanol_c113_q1.dat
./Ethanol_c137_q3
./opt-test-SCEE/Ethanol_c137_q3.dat
./Ethanol_c177_q2
./opt-test-SCEE/Ethanol_c177_q2.dat
./Ethanol_c100_q2
./opt-test-SCEE/Ethanol_c100_q2.dat
./Ethanol_c123_q2
./opt-test-SCEE/Ethanol_c123_q2.dat
./Ethanol_c35_q3
./opt-test-SCEE/Ethanol_c35_q3.dat
./Ethanol_c12_q3
./opt-test-SCEE/Ethanol_c12_q3.dat
./Ethanol_c95_q1
./opt-test-SCEE/Ethanol_c95_q1.dat
./Ethanol_c95_q2
./opt-test-SCEE/Ethanol_c95_q2.dat
./Ethanol_c140_q1
./opt-test-SCEE/Ethanol_c140_q1.dat
./Ethanol_c162_q3
./opt-test-SCEE/Ethanol_c162_q3.dat
./Ethanol_c51_q1
./opt-test-SCEE/Ethanol_c51_q1.dat
./Ethanol_c121_q3
./opt-test-SCEE/Ethanol_c121_q3.dat
./Ethanol_c18_q3
./opt-test-SCEE/Ethanol_c18_q3.dat
./Ethanol_c38_q1
./opt-test-SCEE/Ethanol_c38_q1.dat
./Ethanol_c23_q2
./opt-test-SCEE/Ethanol_c23_q2.dat
./Ethanol_c137_q1
./opt-test-SCEE/Ethanol_c137_q1.dat
./Ethanol_c152_q2
./opt-test-SCEE/Ethanol_c152_q2.dat
./Ethanol_c56_q2
./opt-test-SCEE/Ethanol_c56_q2.dat
./Ethanol_c107_q2
./opt-test-SCEE/Ethanol_c107_q2.dat
./Ethanol_c139_q2
./opt-test-SCEE/Ethanol_c139_q2.dat
./Ethanol_c32_q1
./opt-test-SCEE/Ethanol_c32_q1.dat
./Ethanol_c141_q3
./opt-test-SCEE/Ethanol_c141_q3.dat
./Ethanol_c162_q2
./opt-test-SCEE/Ethanol_c162_q2.dat
./Ethanol_c80_q3
./opt-test-SCEE/Ethanol_c80_q3.dat
./Ethanol_c30_q1
./opt-test-SCEE/Ethanol_c30_q1.dat
./Ethanol_c195_q3
./opt-test-SCEE/Ethanol_c195_q3.dat
./Ethanol_c187_q3
./opt-test-SCEE/Ethanol_c187_q3.dat
./Ethanol_c171_q1
./opt-test-SCEE/Ethanol_c171_q1.dat
./Ethanol_c144_q1
./opt-test-SCEE/Ethanol_c144_q1.dat
./Ethanol_c198_q3
./opt-test-SCEE/Ethanol_c198_q3.dat
./Ethanol_c92_q3
./opt-test-SCEE/Ethanol_c92_q3.dat
./Ethanol_c6_q1
./opt-test-SCEE/Ethanol_c6_q1.dat
./Ethanol_c65_q3
./opt-test-SCEE/Ethanol_c65_q3.dat
./Ethanol_c63_q3
./opt-test-SCEE/Ethanol_c63_q3.dat
./Ethanol_c111_q2
./opt-test-SCEE/Ethanol_c111_q2.dat
./Ethanol_c124_q3
./opt-test-SCEE/Ethanol_c124_q3.dat
./Ethanol_c180_q1
./opt-test-SCEE/Ethanol_c180_q1.dat
./Ethanol_c132_q2
./opt-test-SCEE/Ethanol_c132_q2.dat
./Ethanol_c131_q1
./opt-test-SCEE/Ethanol_c131_q1.dat
./Ethanol_c71_q2
./opt-test-SCEE/Ethanol_c71_q2.dat
./Ethanol_c156_q3
./opt-test-SCEE/Ethanol_c156_q3.dat
./Ethanol_c184_q2
./opt-test-SCEE/Ethanol_c184_q2.dat
./Ethanol_c196_q3
./opt-test-SCEE/Ethanol_c196_q3.dat
./Ethanol_c172_q1
./opt-test-SCEE/Ethanol_c172_q1.dat
./Ethanol_c182_q2
./opt-test-SCEE/Ethanol_c182_q2.dat
./Ethanol_c134_q2
./opt-test-SCEE/Ethanol_c134_q2.dat
./Ethanol_c94_q3
./opt-test-SCEE/Ethanol_c94_q3.dat
./Ethanol_c124_q2
./opt-test-SCEE/Ethanol_c124_q2.dat
./Ethanol_c40_q1
./opt-test-SCEE/Ethanol_c40_q1.dat
./Ethanol_c14_q1
./opt-test-SCEE/Ethanol_c14_q1.dat
./Ethanol_c90_q1
./opt-test-SCEE/Ethanol_c90_q1.dat
./Ethanol_c34_q1
./opt-test-SCEE/Ethanol_c34_q1.dat
./Ethanol_c69_q3
./opt-test-SCEE/Ethanol_c69_q3.dat
./Ethanol_c194_q1
./opt-test-SCEE/Ethanol_c194_q1.dat
./Ethanol_c198_q1
./opt-test-SCEE/Ethanol_c198_q1.dat
./Ethanol_c48_q3
./opt-test-SCEE/Ethanol_c48_q3.dat
./Ethanol_c32_q3
./opt-test-SCEE/Ethanol_c32_q3.dat
./Ethanol_c175_q3
./opt-test-SCEE/Ethanol_c175_q3.dat
./Ethanol_c188_q3
./opt-test-SCEE/Ethanol_c188_q3.dat
./Ethanol_c151_q2
./opt-test-SCEE/Ethanol_c151_q2.dat
./Ethanol_c103_q2
./opt-test-SCEE/Ethanol_c103_q2.dat
./Ethanol_c50_q2
./opt-test-SCEE/Ethanol_c50_q2.dat
./Ethanol_c26_q2
./opt-test-SCEE/Ethanol_c26_q2.dat
./Ethanol_c30_q3
./opt-test-SCEE/Ethanol_c30_q3.dat
./Ethanol_c89_q3
./opt-test-SCEE/Ethanol_c89_q3.dat
./Ethanol_c4_q2
./opt-test-SCEE/Ethanol_c4_q2.dat
./Ethanol_c161_q2
./opt-test-SCEE/Ethanol_c161_q2.dat
./Ethanol_c182_q3
./opt-test-SCEE/Ethanol_c182_q3.dat
./Ethanol_c116_q1
./opt-test-SCEE/Ethanol_c116_q1.dat
./Ethanol_c12_q1
./opt-test-SCEE/Ethanol_c12_q1.dat
./Ethanol_c14_q3
./opt-test-SCEE/Ethanol_c14_q3.dat
./Ethanol_c117_q3
./opt-test-SCEE/Ethanol_c117_q3.dat
./Ethanol_c176_q2
./opt-test-SCEE/Ethanol_c176_q2.dat
./Ethanol_c15_q3
./opt-test-SCEE/Ethanol_c15_q3.dat
./Ethanol_c78_q2
./opt-test-SCEE/Ethanol_c78_q2.dat
./Ethanol_c16_q1
./opt-test-SCEE/Ethanol_c16_q1.dat
./Ethanol_c102_q1
./opt-test-SCEE/Ethanol_c102_q1.dat
./Ethanol_c199_q2
./opt-test-SCEE/Ethanol_c199_q2.dat
./Ethanol_c81_q2
./opt-test-SCEE/Ethanol_c81_q2.dat
./Ethanol_c102_q3
./opt-test-SCEE/Ethanol_c102_q3.dat
./Ethanol_c79_q2
./opt-test-SCEE/Ethanol_c79_q2.dat
./Ethanol_c31_q1
./opt-test-SCEE/Ethanol_c31_q1.dat
./Ethanol_c103_q3
./opt-test-SCEE/Ethanol_c103_q3.dat
./Ethanol_c53_q3
./opt-test-SCEE/Ethanol_c53_q3.dat
./Ethanol_c139_q3
./opt-test-SCEE/Ethanol_c139_q3.dat
./Ethanol_c155_q2
./opt-test-SCEE/Ethanol_c155_q2.dat
./Ethanol_c70_q3
./opt-test-SCEE/Ethanol_c70_q3.dat
./Ethanol_c55_q2
./opt-test-SCEE/Ethanol_c55_q2.dat
./Ethanol_c66_q1
./opt-test-SCEE/Ethanol_c66_q1.dat
./Ethanol_c29_q2
./opt-test-SCEE/Ethanol_c29_q2.dat
./Ethanol_c148_q1
./opt-test-SCEE/Ethanol_c148_q1.dat
./Ethanol_c33_q3
./opt-test-SCEE/Ethanol_c33_q3.dat
./Ethanol_c197_q1
./opt-test-SCEE/Ethanol_c197_q1.dat
./Ethanol_c63_q2
./opt-test-SCEE/Ethanol_c63_q2.dat
./Ethanol_c122_q2
./opt-test-SCEE/Ethanol_c122_q2.dat
./Ethanol_c2_q1
./opt-test-SCEE/Ethanol_c2_q1.dat
./Ethanol_c24_q1
./opt-test-SCEE/Ethanol_c24_q1.dat
./Ethanol_c149_q2
./opt-test-SCEE/Ethanol_c149_q2.dat
./Ethanol_c157_q3
./opt-test-SCEE/Ethanol_c157_q3.dat
./Ethanol_c133_q2
./opt-test-SCEE/Ethanol_c133_q2.dat
./Ethanol_c126_q3
./opt-test-SCEE/Ethanol_c126_q3.dat
./Ethanol_c181_q3
./opt-test-SCEE/Ethanol_c181_q3.dat
./Ethanol_c29_q1
./opt-test-SCEE/Ethanol_c29_q1.dat
./Ethanol_c98_q2
./opt-test-SCEE/Ethanol_c98_q2.dat
./Ethanol_c105_q1
./opt-test-SCEE/Ethanol_c105_q1.dat
./Ethanol_c177_q3
./opt-test-SCEE/Ethanol_c177_q3.dat
./Ethanol_c45_q1
./opt-test-SCEE/Ethanol_c45_q1.dat
./Ethanol_c28_q3
./opt-test-SCEE/Ethanol_c28_q3.dat
./Ethanol_c77_q2
./opt-test-SCEE/Ethanol_c77_q2.dat
./Ethanol_c27_q2
./opt-test-SCEE/Ethanol_c27_q2.dat
./Ethanol_c190_q1
./opt-test-SCEE/Ethanol_c190_q1.dat
./Ethanol_c67_q1
./opt-test-SCEE/Ethanol_c67_q1.dat
./Ethanol_c166_q3
./opt-test-SCEE/Ethanol_c166_q3.dat
./Ethanol_c24_q2
./opt-test-SCEE/Ethanol_c24_q2.dat
./Ethanol_c58_q3
./opt-test-SCEE/Ethanol_c58_q3.dat
./Ethanol_c197_q3
./opt-test-SCEE/Ethanol_c197_q3.dat
./Ethanol_c60_q3
./opt-test-SCEE/Ethanol_c60_q3.dat
./Ethanol_c126_q1
./opt-test-SCEE/Ethanol_c126_q1.dat
./Ethanol_c77_q3
./opt-test-SCEE/Ethanol_c77_q3.dat
./Ethanol_c21_q1
./opt-test-SCEE/Ethanol_c21_q1.dat
./Ethanol_c23_q1
./opt-test-SCEE/Ethanol_c23_q1.dat
./Ethanol_c146_q2
./opt-test-SCEE/Ethanol_c146_q2.dat
./Ethanol_c55_q1
./opt-test-SCEE/Ethanol_c55_q1.dat
./Ethanol_c73_q2
./opt-test-SCEE/Ethanol_c73_q2.dat
./Ethanol_c74_q1
./opt-test-SCEE/Ethanol_c74_q1.dat
./Ethanol_c125_q1
./opt-test-SCEE/Ethanol_c125_q1.dat
./Ethanol_c47_q3
./opt-test-SCEE/Ethanol_c47_q3.dat
./Ethanol_c111_q1
./opt-test-SCEE/Ethanol_c111_q1.dat
./Ethanol_c11_q3
./opt-test-SCEE/Ethanol_c11_q3.dat
./Ethanol_c16_q2
./opt-test-SCEE/Ethanol_c16_q2.dat
./Ethanol_c85_q1
./opt-test-SCEE/Ethanol_c85_q1.dat
./Ethanol_c13_q2
./opt-test-SCEE/Ethanol_c13_q2.dat
./Ethanol_c191_q3
./opt-test-SCEE/Ethanol_c191_q3.dat
./Ethanol_c9_q3
./opt-test-SCEE/Ethanol_c9_q3.dat
./Ethanol_c150_q1
./opt-test-SCEE/Ethanol_c150_q1.dat
./Ethanol_c18_q1
./opt-test-SCEE/Ethanol_c18_q1.dat
./Ethanol_c18_q2
./opt-test-SCEE/Ethanol_c18_q2.dat
./Ethanol_c64_q3
./opt-test-SCEE/Ethanol_c64_q3.dat
./Ethanol_c132_q3
./opt-test-SCEE/Ethanol_c132_q3.dat
./Ethanol_c113_q3
./opt-test-SCEE/Ethanol_c113_q3.dat
./Ethanol_c127_q2
./opt-test-SCEE/Ethanol_c127_q2.dat
./Ethanol_c179_q2
./opt-test-SCEE/Ethanol_c179_q2.dat
./Ethanol_c97_q2
./opt-test-SCEE/Ethanol_c97_q2.dat
./Ethanol_c159_q1
./opt-test-SCEE/Ethanol_c159_q1.dat
./Ethanol_c96_q1
./opt-test-SCEE/Ethanol_c96_q1.dat
./Ethanol_c37_q1
./opt-test-SCEE/Ethanol_c37_q1.dat
./Ethanol_c25_q3
./opt-test-SCEE/Ethanol_c25_q3.dat
./Ethanol_c67_q3
./opt-test-SCEE/Ethanol_c67_q3.dat
./Ethanol_c62_q1
./opt-test-SCEE/Ethanol_c62_q1.dat
./Ethanol_c84_q2
./opt-test-SCEE/Ethanol_c84_q2.dat
./Ethanol_c73_q1
./opt-test-SCEE/Ethanol_c73_q1.dat
./Ethanol_c25_q2
./opt-test-SCEE/Ethanol_c25_q2.dat
./Ethanol_c46_q2
./opt-test-SCEE/Ethanol_c46_q2.dat
./Ethanol_c169_q1
./opt-test-SCEE/Ethanol_c169_q1.dat
./Ethanol_c94_q2
./opt-test-SCEE/Ethanol_c94_q2.dat
./Ethanol_c192_q1
./opt-test-SCEE/Ethanol_c192_q1.dat
./Ethanol_c175_q1
./opt-test-SCEE/Ethanol_c175_q1.dat
./Ethanol_c166_q1
./opt-test-SCEE/Ethanol_c166_q1.dat
./Ethanol_c2_q3
./opt-test-SCEE/Ethanol_c2_q3.dat
./Ethanol_c49_q3
./opt-test-SCEE/Ethanol_c49_q3.dat
./Ethanol_c42_q2
./opt-test-SCEE/Ethanol_c42_q2.dat
./Ethanol_c110_q1
./opt-test-SCEE/Ethanol_c110_q1.dat
./Ethanol_c154_q2
./opt-test-SCEE/Ethanol_c154_q2.dat
./Ethanol_c135_q1
./opt-test-SCEE/Ethanol_c135_q1.dat
./Ethanol_c172_q3
./opt-test-SCEE/Ethanol_c172_q3.dat
./Ethanol_c142_q3
./opt-test-SCEE/Ethanol_c142_q3.dat
./Ethanol_c101_q1
./opt-test-SCEE/Ethanol_c101_q1.dat
./Ethanol_c136_q2
./opt-test-SCEE/Ethanol_c136_q2.dat
./Ethanol_c23_q3
./opt-test-SCEE/Ethanol_c23_q3.dat
./Ethanol_c163_q2
./opt-test-SCEE/Ethanol_c163_q2.dat
./Ethanol_c128_q2
./opt-test-SCEE/Ethanol_c128_q2.dat
./Ethanol_c180_q2
./opt-test-SCEE/Ethanol_c180_q2.dat
./Ethanol_c171_q2
./opt-test-SCEE/Ethanol_c171_q2.dat
./Ethanol_c81_q3
./opt-test-SCEE/Ethanol_c81_q3.dat
./Ethanol_c76_q3
./opt-test-SCEE/Ethanol_c76_q3.dat
./Ethanol_c165_q3
./opt-test-SCEE/Ethanol_c165_q3.dat
./Ethanol_c79_q1
./opt-test-SCEE/Ethanol_c79_q1.dat
./Ethanol_c118_q3
./opt-test-SCEE/Ethanol_c118_q3.dat
./Ethanol_c93_q3
./opt-test-SCEE/Ethanol_c93_q3.dat
./Ethanol_c190_q2
./opt-test-SCEE/Ethanol_c190_q2.dat
./Ethanol_c59_q1
./opt-test-SCEE/Ethanol_c59_q1.dat
./Ethanol_c172_q2
./opt-test-SCEE/Ethanol_c172_q2.dat
./Ethanol_c36_q2
./opt-test-SCEE/Ethanol_c36_q2.dat
./Ethanol_c143_q2
./opt-test-SCEE/Ethanol_c143_q2.dat
./Ethanol_c8_q3
./opt-test-SCEE/Ethanol_c8_q3.dat
./Ethanol_c147_q1
./opt-test-SCEE/Ethanol_c147_q1.dat
./Ethanol_c178_q1
./opt-test-SCEE/Ethanol_c178_q1.dat
./Ethanol_c145_q3
./opt-test-SCEE/Ethanol_c145_q3.dat
./Ethanol_c82_q3
./opt-test-SCEE/Ethanol_c82_q3.dat
./Ethanol_c185_q3
./opt-test-SCEE/Ethanol_c185_q3.dat
./Ethanol_c53_q1
./opt-test-SCEE/Ethanol_c53_q1.dat
./Ethanol_c1_q3
./opt-test-SCEE/Ethanol_c1_q3.dat
./Ethanol_c17_q1
./opt-test-SCEE/Ethanol_c17_q1.dat
./Ethanol_c68_q3
./opt-test-SCEE/Ethanol_c68_q3.dat
./Ethanol_c123_q3
./opt-test-SCEE/Ethanol_c123_q3.dat
./Ethanol_c192_q2
./opt-test-SCEE/Ethanol_c192_q2.dat
./Ethanol_c196_q2
./opt-test-SCEE/Ethanol_c196_q2.dat
./Ethanol_c8_q1
./opt-test-SCEE/Ethanol_c8_q1.dat
./Ethanol_c52_q1
./opt-test-SCEE/Ethanol_c52_q1.dat
./Ethanol_c92_q1
./opt-test-SCEE/Ethanol_c92_q1.dat
./Ethanol_c133_q3
./opt-test-SCEE/Ethanol_c133_q3.dat
./Ethanol_c194_q2
./opt-test-SCEE/Ethanol_c194_q2.dat
./Ethanol_c96_q2
./opt-test-SCEE/Ethanol_c96_q2.dat
./Ethanol_c94_q1
./opt-test-SCEE/Ethanol_c94_q1.dat
./Ethanol_c110_q2
./opt-test-SCEE/Ethanol_c110_q2.dat
./Ethanol_c88_q1
./opt-test-SCEE/Ethanol_c88_q1.dat
./Ethanol_c181_q2
./opt-test-SCEE/Ethanol_c181_q2.dat
./Ethanol_c59_q2
./opt-test-SCEE/Ethanol_c59_q2.dat
./Ethanol_c16_q3
./opt-test-SCEE/Ethanol_c16_q3.dat
./Ethanol_c20_q1
./opt-test-SCEE/Ethanol_c20_q1.dat
./Ethanol_c144_q2
./opt-test-SCEE/Ethanol_c144_q2.dat
./Ethanol_c21_q2
./opt-test-SCEE/Ethanol_c21_q2.dat
./Ethanol_c100_q3
./opt-test-SCEE/Ethanol_c100_q3.dat
./Ethanol_c70_q2
./opt-test-SCEE/Ethanol_c70_q2.dat
./Ethanol_c74_q3
./opt-test-SCEE/Ethanol_c74_q3.dat
./Ethanol_c168_q3
./opt-test-SCEE/Ethanol_c168_q3.dat
./Ethanol_c52_q3
./opt-test-SCEE/Ethanol_c52_q3.dat
./Ethanol_c147_q3
./opt-test-SCEE/Ethanol_c147_q3.dat
./Ethanol_c24_q3
./opt-test-SCEE/Ethanol_c24_q3.dat
./Ethanol_c134_q1
./opt-test-SCEE/Ethanol_c134_q1.dat
./Ethanol_c2_q2
./opt-test-SCEE/Ethanol_c2_q2.dat
./Ethanol_c135_q2
./opt-test-SCEE/Ethanol_c135_q2.dat
./Ethanol_c150_q2
./opt-test-SCEE/Ethanol_c150_q2.dat
./Ethanol_c155_q3
./opt-test-SCEE/Ethanol_c155_q3.dat
./Ethanol_c45_q3
./opt-test-SCEE/Ethanol_c45_q3.dat
./Ethanol_c22_q1
./opt-test-SCEE/Ethanol_c22_q1.dat
./Ethanol_c72_q2
./opt-test-SCEE/Ethanol_c72_q2.dat
./Ethanol_c33_q1
./opt-test-SCEE/Ethanol_c33_q1.dat
./Ethanol_c168_q2
./opt-test-SCEE/Ethanol_c168_q2.dat
./Ethanol_c194_q3
./opt-test-SCEE/Ethanol_c194_q3.dat
./Ethanol_c141_q2
./opt-test-SCEE/Ethanol_c141_q2.dat
./Ethanol_c39_q3
./opt-test-SCEE/Ethanol_c39_q3.dat
./Ethanol_c95_q3
./opt-test-SCEE/Ethanol_c95_q3.dat
./Ethanol_c142_q2
./opt-test-SCEE/Ethanol_c142_q2.dat
./Ethanol_c138_q2
./opt-test-SCEE/Ethanol_c138_q2.dat
./Ethanol_c109_q2
./opt-test-SCEE/Ethanol_c109_q2.dat
./Ethanol_c167_q3
./opt-test-SCEE/Ethanol_c167_q3.dat
./Ethanol_c49_q2
./opt-test-SCEE/Ethanol_c49_q2.dat
./Ethanol_c54_q1
./opt-test-SCEE/Ethanol_c54_q1.dat
./Ethanol_c63_q1
./opt-test-SCEE/Ethanol_c63_q1.dat
./Ethanol_c184_q3
./opt-test-SCEE/Ethanol_c184_q3.dat
./Ethanol_c25_q1
./opt-test-SCEE/Ethanol_c25_q1.dat
./Ethanol_c98_q1
./opt-test-SCEE/Ethanol_c98_q1.dat
./Ethanol_c158_q2
./opt-test-SCEE/Ethanol_c158_q2.dat
./Ethanol_c33_q2
./opt-test-SCEE/Ethanol_c33_q2.dat
./Ethanol_c138_q1
./opt-test-SCEE/Ethanol_c138_q1.dat
./Ethanol_c66_q2
./opt-test-SCEE/Ethanol_c66_q2.dat
./Ethanol_c35_q1
./opt-test-SCEE/Ethanol_c35_q1.dat
./Ethanol_c170_q3
./opt-test-SCEE/Ethanol_c170_q3.dat
./Ethanol_c135_q3
./opt-test-SCEE/Ethanol_c135_q3.dat
./Ethanol_c47_q2
./opt-test-SCEE/Ethanol_c47_q2.dat
./Ethanol_c38_q3
./opt-test-SCEE/Ethanol_c38_q3.dat
./Ethanol_c161_q3
./opt-test-SCEE/Ethanol_c161_q3.dat
./Ethanol_c82_q1
./opt-test-SCEE/Ethanol_c82_q1.dat
./Ethanol_c78_q3
./opt-test-SCEE/Ethanol_c78_q3.dat
./Ethanol_c155_q1
./opt-test-SCEE/Ethanol_c155_q1.dat
./Ethanol_c177_q1
./opt-test-SCEE/Ethanol_c177_q1.dat
./Ethanol_c50_q1
./opt-test-SCEE/Ethanol_c50_q1.dat
./Ethanol_c179_q3
./opt-test-SCEE/Ethanol_c179_q3.dat
./Ethanol_c74_q2
./opt-test-SCEE/Ethanol_c74_q2.dat
./Ethanol_c87_q2
./opt-test-SCEE/Ethanol_c87_q2.dat
./Ethanol_c91_q2
./opt-test-SCEE/Ethanol_c91_q2.dat
./Ethanol_c181_q1
./opt-test-SCEE/Ethanol_c181_q1.dat
./Ethanol_c145_q2
./opt-test-SCEE/Ethanol_c145_q2.dat
./Ethanol_c42_q3
./opt-test-SCEE/Ethanol_c42_q3.dat
./Ethanol_c58_q1
./opt-test-SCEE/Ethanol_c58_q1.dat
./Ethanol_c69_q1
./opt-test-SCEE/Ethanol_c69_q1.dat
./Ethanol_c165_q2
./opt-test-SCEE/Ethanol_c165_q2.dat
./Ethanol_c57_q3
./opt-test-SCEE/Ethanol_c57_q3.dat
./Ethanol_c153_q2
./opt-test-SCEE/Ethanol_c153_q2.dat
./Ethanol_c89_q1
./opt-test-SCEE/Ethanol_c89_q1.dat
./Ethanol_c120_q3
./opt-test-SCEE/Ethanol_c120_q3.dat
./Ethanol_c13_q3
./opt-test-SCEE/Ethanol_c13_q3.dat
./Ethanol_c36_q3
./opt-test-SCEE/Ethanol_c36_q3.dat
./Ethanol_c125_q2
./opt-test-SCEE/Ethanol_c125_q2.dat
./Ethanol_c183_q3
./opt-test-SCEE/Ethanol_c183_q3.dat
./Ethanol_c41_q2
./opt-test-SCEE/Ethanol_c41_q2.dat
./Ethanol_c20_q3
./opt-test-SCEE/Ethanol_c20_q3.dat
./Ethanol_c19_q3
./opt-test-SCEE/Ethanol_c19_q3.dat
./Ethanol_c193_q3
./opt-test-SCEE/Ethanol_c193_q3.dat
./Ethanol_c86_q2
./opt-test-SCEE/Ethanol_c86_q2.dat
./Ethanol_c154_q3
./opt-test-SCEE/Ethanol_c154_q3.dat
./Ethanol_c49_q1
./opt-test-SCEE/Ethanol_c49_q1.dat
./Ethanol_c5_q3
./opt-test-SCEE/Ethanol_c5_q3.dat
./Ethanol_c61_q1
./opt-test-SCEE/Ethanol_c61_q1.dat
./Ethanol_c125_q3
./opt-test-SCEE/Ethanol_c125_q3.dat
./Ethanol_c137_q2
./opt-test-SCEE/Ethanol_c137_q2.dat
./Ethanol_c143_q1
./opt-test-SCEE/Ethanol_c143_q1.dat
./Ethanol_c39_q1
./opt-test-SCEE/Ethanol_c39_q1.dat
./Ethanol_c55_q3
./opt-test-SCEE/Ethanol_c55_q3.dat
./Ethanol_c107_q3
./opt-test-SCEE/Ethanol_c107_q3.dat
./Ethanol_c69_q2
./opt-test-SCEE/Ethanol_c69_q2.dat
./Ethanol_c73_q3
./opt-test-SCEE/Ethanol_c73_q3.dat
./Ethanol_c164_q2
./opt-test-SCEE/Ethanol_c164_q2.dat
./Ethanol_c35_q2
./opt-test-SCEE/Ethanol_c35_q2.dat
./Ethanol_c163_q3
./opt-test-SCEE/Ethanol_c163_q3.dat
./Ethanol_c175_q2
./opt-test-SCEE/Ethanol_c175_q2.dat
./Ethanol_c178_q2
./opt-test-SCEE/Ethanol_c178_q2.dat
./Ethanol_c190_q3
./opt-test-SCEE/Ethanol_c190_q3.dat
./Ethanol_c88_q3
./opt-test-SCEE/Ethanol_c88_q3.dat
./Ethanol_c54_q2
./opt-test-SCEE/Ethanol_c54_q2.dat
./Ethanol_c31_q3
./opt-test-SCEE/Ethanol_c31_q3.dat
./Ethanol_c3_q1
./opt-test-SCEE/Ethanol_c3_q1.dat
./Ethanol_c34_q2
./opt-test-SCEE/Ethanol_c34_q2.dat
./Ethanol_c99_q2
./opt-test-SCEE/Ethanol_c99_q2.dat
./Ethanol_c58_q2
./opt-test-SCEE/Ethanol_c58_q2.dat
./Ethanol_c117_q2
./opt-test-SCEE/Ethanol_c117_q2.dat
./Ethanol_c173_q3
./opt-test-SCEE/Ethanol_c173_q3.dat
./Ethanol_c160_q3
./opt-test-SCEE/Ethanol_c160_q3.dat
./Ethanol_c96_q3
./opt-test-SCEE/Ethanol_c96_q3.dat
./Ethanol_c173_q2
./opt-test-SCEE/Ethanol_c173_q2.dat
./Ethanol_c28_q2
./opt-test-SCEE/Ethanol_c28_q2.dat
./Ethanol_c82_q2
./opt-test-SCEE/Ethanol_c82_q2.dat
./Ethanol_c40_q2
./opt-test-SCEE/Ethanol_c40_q2.dat
./Ethanol_c34_q3
./opt-test-SCEE/Ethanol_c34_q3.dat
./Ethanol_c180_q3
./opt-test-SCEE/Ethanol_c180_q3.dat
./Ethanol_c106_q3
./opt-test-SCEE/Ethanol_c106_q3.dat
./Ethanol_c143_q3
./opt-test-SCEE/Ethanol_c143_q3.dat
./Ethanol_c107_q1
./opt-test-SCEE/Ethanol_c107_q1.dat
./Ethanol_c145_q1
./opt-test-SCEE/Ethanol_c145_q1.dat
./Ethanol_c182_q1
./opt-test-SCEE/Ethanol_c182_q1.dat
./Ethanol_c129_q2
./opt-test-SCEE/Ethanol_c129_q2.dat
./Ethanol_c80_q1
./opt-test-SCEE/Ethanol_c80_q1.dat
./Ethanol_c56_q3
./opt-test-SCEE/Ethanol_c56_q3.dat
./Ethanol_c76_q1
./opt-test-SCEE/Ethanol_c76_q1.dat
./Ethanol_c87_q1
./opt-test-SCEE/Ethanol_c87_q1.dat
./Ethanol_c37_q3
./opt-test-SCEE/Ethanol_c37_q3.dat
./Ethanol_c193_q1
./opt-test-SCEE/Ethanol_c193_q1.dat
./Ethanol_c70_q1
./opt-test-SCEE/Ethanol_c70_q1.dat
./Ethanol_c174_q3
./opt-test-SCEE/Ethanol_c174_q3.dat
./Ethanol_c199_q3
./opt-test-SCEE/Ethanol_c199_q3.dat
./Ethanol_c81_q1
./opt-test-SCEE/Ethanol_c81_q1.dat
./Ethanol_c68_q2
./opt-test-SCEE/Ethanol_c68_q2.dat
./Ethanol_c7_q1
./opt-test-SCEE/Ethanol_c7_q1.dat
./Ethanol_c200_q1
./opt-test-SCEE/Ethanol_c200_q1.dat
./Ethanol_c39_q2
./opt-test-SCEE/Ethanol_c39_q2.dat
./Ethanol_c117_q1
./opt-test-SCEE/Ethanol_c117_q1.dat
./Ethanol_c100_q1
./opt-test-SCEE/Ethanol_c100_q1.dat
./Ethanol_c152_q3
./opt-test-SCEE/Ethanol_c152_q3.dat
./Ethanol_c136_q3
./opt-test-SCEE/Ethanol_c136_q3.dat
./Ethanol_c72_q1
./opt-test-SCEE/Ethanol_c72_q1.dat
./Ethanol_c43_q1
./opt-test-SCEE/Ethanol_c43_q1.dat
./Ethanol_c150_q3
./opt-test-SCEE/Ethanol_c150_q3.dat
./Ethanol_c80_q2
./opt-test-SCEE/Ethanol_c80_q2.dat
./Ethanol_c112_q3
./opt-test-SCEE/Ethanol_c112_q3.dat
./Ethanol_c126_q2
./opt-test-SCEE/Ethanol_c126_q2.dat
./Ethanol_c11_q2
./opt-test-SCEE/Ethanol_c11_q2.dat
./Ethanol_c121_q2
./opt-test-SCEE/Ethanol_c121_q2.dat
./Ethanol_c8_q2
./opt-test-SCEE/Ethanol_c8_q2.dat
./Ethanol_c185_q1
./opt-test-SCEE/Ethanol_c185_q1.dat
./Ethanol_c10_q2
./opt-test-SCEE/Ethanol_c10_q2.dat
./Ethanol_c118_q1
./opt-test-SCEE/Ethanol_c118_q1.dat
./Ethanol_c97_q3
./opt-test-SCEE/Ethanol_c97_q3.dat
./Ethanol_c174_q1
./opt-test-SCEE/Ethanol_c174_q1.dat
./Ethanol_c41_q3
./opt-test-SCEE/Ethanol_c41_q3.dat
./Ethanol_c17_q2
./opt-test-SCEE/Ethanol_c17_q2.dat
./Ethanol_c189_q3
./opt-test-SCEE/Ethanol_c189_q3.dat
./Ethanol_c169_q3
./opt-test-SCEE/Ethanol_c169_q3.dat
./Ethanol_c200_q3
./opt-test-SCEE/Ethanol_c200_q3.dat
./Ethanol_c78_q1
./opt-test-SCEE/Ethanol_c78_q1.dat
./Ethanol_c199_q1
./opt-test-SCEE/Ethanol_c199_q1.dat
./Ethanol_c28_q1
./opt-test-SCEE/Ethanol_c28_q1.dat
./Ethanol_c65_q1
./opt-test-SCEE/Ethanol_c65_q1.dat
./Ethanol_c158_q1
./opt-test-SCEE/Ethanol_c158_q1.dat
Preparing Ethanol_c100_q1.dat -> Ethanol_c100_q1.out on /home/zoe/Research/Gaussian/scratch
Preparing Ethanol_c100_q2.dat -> Ethanol_c100_q2.out on /home/zoe/Research/Gaussian/scratch
Killed
Preparing Ethanol_c100_q3.dat -> Ethanol_c100_q3.out on /home/zoe/Research/Gaussian/scratch
Killed
Preparing Ethanol_c101_q1.dat -> Ethanol_c101_q1.out on /home/zoe/Research/Gaussian/scratch
Preparing Ethanol_c101_q2.dat -> Ethanol_c101_q2.out on /home/zoe/Research/Gaussian/scratch
Killed
Preparing Ethanol_c101_q3.dat -> Ethanol_c101_q3.out on /home/zoe/Research/Gaussian/scratch
Killed
Preparing Ethanol_c102_q1.dat -> Ethanol_c102_q1.out on /home/zoe/Research/Gaussian/scratch
Killed
Killed
Preparing Ethanol_c102_q2.dat -> Ethanol_c102_q2.out on /home/zoe/Research/Gaussian/scratch
Preparing Ethanol_c102_q3.dat -> Ethanol_c102_q3.out on /home/zoe/Research/Gaussian/scratch
Killed
Preparing Ethanol_c103_q1.dat -> Ethanol_c103_q1.out on /home/zoe/Research/Gaussian/scratch
Killed
Preparing Ethanol_c103_q2.dat -> Ethanol_c103_q2.out on /home/zoe/Research/Gaussian/scratch
Killed
Killed
Preparing Ethanol_c103_q3.dat -> Ethanol_c103_q3.out on /home/zoe/Research/Gaussian/scratch
Killed
Preparing Ethanol_c104_q1.dat -> Ethanol_c104_q1.out on /home/zoe/Research/Gaussian/scratch
Preparing Ethanol_c104_q2.dat -> Ethanol_c104_q2.out on /home/zoe/Research/Gaussian/scratch
Killed
Preparing Ethanol_c104_q3.dat -> Ethanol_c104_q3.out on /home/zoe/Research/Gaussian/scratch
Killed
Killed
Preparing Ethanol_c105_q1.dat -> Ethanol_c105_q1.out on /home/zoe/Research/Gaussian/scratch
Preparing Ethanol_c105_q2.dat -> Ethanol_c105_q2.out on /home/zoe/Research/Gaussian/scratch
Killed
Preparing Ethanol_c105_q3.dat -> Ethanol_c105_q3.out on /home/zoe/Research/Gaussian/scratch
Killed
Killed
Preparing Ethanol_c106_q1.dat -> Ethanol_c106_q1.out on /home/zoe/Research/Gaussian/scratch
Killed
Preparing Ethanol_c106_q2.dat -> Ethanol_c106_q2.out on /home/zoe/Research/Gaussian/scratch
Killed
Preparing Ethanol_c106_q3.dat -> Ethanol_c106_q3.out on /home/zoe/Research/Gaussian/scratch
Preparing Ethanol_c107_q1.dat -> Ethanol_c107_q1.out on /home/zoe/Research/Gaussian/scratch
Killed
Preparing Ethanol_c107_q2.dat -> Ethanol_c107_q2.out on /home/zoe/Research/Gaussian/scratch
Killed
Preparing Ethanol_c107_q3.dat -> Ethanol_c107_q3.out on /home/zoe/Research/Gaussian/scratch
Killed
Preparing Ethanol_c108_q1.dat -> Ethanol_c108_q1.out on /home/zoe/Research/Gaussian/scratch
Killed
Preparing Ethanol_c108_q2.dat -> Ethanol_c108_q2.out on /home/zoe/Research/Gaussian/scratch
Killed
Preparing Ethanol_c108_q3.dat -> Ethanol_c108_q3.out on /home/zoe/Research/Gaussian/scratch
Killed
Killed
Preparing Ethanol_c109_q1.dat -> Ethanol_c109_q1.out on /home/zoe/Research/Gaussian/scratch
Killed
Preparing Ethanol_c109_q2.dat -> Ethanol_c109_q2.out on /home/zoe/Research/Gaussian/scratch
Killed
Preparing Ethanol_c109_q3.dat -> Ethanol_c109_q3.out on /home/zoe/Research/Gaussian/scratch
Killed
Preparing Ethanol_c10_q1.dat -> Ethanol_c10_q1.out on /home/zoe/Research/Gaussian/scratch
Killed
Preparing Ethanol_c10_q2.dat -> Ethanol_c10_q2.out on /home/zoe/Research/Gaussian/scratch
Preparing Ethanol_c10_q3.dat -> Ethanol_c10_q3.out on /home/zoe/Research/Gaussian/scratch
Killed
Preparing Ethanol_c110_q1.dat -> Ethanol_c110_q1.out on /home/zoe/Research/Gaussian/scratch
Killed
Killed
Preparing Ethanol_c110_q2.dat -> Ethanol_c110_q2.out on /home/zoe/Research/Gaussian/scratch
Preparing Ethanol_c110_q3.dat -> Ethanol_c110_q3.out on /home/zoe/Research/Gaussian/scratch
Killed
Killed
Preparing Ethanol_c111_q1.dat -> Ethanol_c111_q1.out on /home/zoe/Research/Gaussian/scratch
Preparing Ethanol_c111_q2.dat -> Ethanol_c111_q2.out on /home/zoe/Research/Gaussian/scratch
Killed
Killed
Preparing Ethanol_c111_q3.dat -> Ethanol_c111_q3.out on /home/zoe/Research/Gaussian/scratch
Preparing Ethanol_c112_q1.dat -> Ethanol_c112_q1.out on /home/zoe/Research/Gaussian/scratch
Killed
Preparing Ethanol_c112_q2.dat -> Ethanol_c112_q2.out on /home/zoe/Research/Gaussian/scratch
Killed
Killed
Preparing Ethanol_c112_q3.dat -> Ethanol_c112_q3.out on /home/zoe/Research/Gaussian/scratch
Preparing Ethanol_c113_q1.dat -> Ethanol_c113_q1.out on /home/zoe/Research/Gaussian/scratch
Killed
Killed
Preparing Ethanol_c113_q2.dat -> Ethanol_c113_q2.out on /home/zoe/Research/Gaussian/scratch
Preparing Ethanol_c113_q3.dat -> Ethanol_c113_q3.out on /home/zoe/Research/Gaussian/scratch
Killed
Preparing Ethanol_c114_q1.dat -> Ethanol_c114_q1.out on /home/zoe/Research/Gaussian/scratch
Killed
Killed
Preparing Ethanol_c114_q2.dat -> Ethanol_c114_q2.out on /home/zoe/Research/Gaussian/scratch
Preparing Ethanol_c114_q3.dat -> Ethanol_c114_q3.out on /home/zoe/Research/Gaussian/scratch
Killed
Killed
Preparing Ethanol_c115_q1.dat -> Ethanol_c115_q1.out on /home/zoe/Research/Gaussian/scratch
Killed
Preparing Ethanol_c115_q2.dat -> Ethanol_c115_q2.out on /home/zoe/Research/Gaussian/scratch
Preparing Ethanol_c115_q3.dat -> Ethanol_c115_q3.out on /home/zoe/Research/Gaussian/scratch
Killed
Killed
Preparing Ethanol_c116_q1.dat -> Ethanol_c116_q1.out on /home/zoe/Research/Gaussian/scratch
Killed
Preparing Ethanol_c116_q2.dat -> Ethanol_c116_q2.out on /home/zoe/Research/Gaussian/scratch
Preparing Ethanol_c116_q3.dat -> Ethanol_c116_q3.out on /home/zoe/Research/Gaussian/scratch
Killed
Preparing Ethanol_c117_q1.dat -> Ethanol_c117_q1.out on /home/zoe/Research/Gaussian/scratch
Killed
Preparing Ethanol_c117_q2.dat -> Ethanol_c117_q2.out on /home/zoe/Research/Gaussian/scratch
Killed
Killed
Preparing Ethanol_c117_q3.dat -> Ethanol_c117_q3.out on /home/zoe/Research/Gaussian/scratch
Preparing Ethanol_c118_q1.dat -> Ethanol_c118_q1.out on /home/zoe/Research/Gaussian/scratch
Killed
Preparing Ethanol_c118_q2.dat -> Ethanol_c118_q2.out on /home/zoe/Research/Gaussian/scratch
Killed
Killed
Preparing Ethanol_c118_q3.dat -> Ethanol_c118_q3.out on /home/zoe/Research/Gaussian/scratch
Killed
Preparing Ethanol_c119_q1.dat -> Ethanol_c119_q1.out on /home/zoe/Research/Gaussian/scratch
Preparing Ethanol_c119_q2.dat -> Ethanol_c119_q2.out on /home/zoe/Research/Gaussian/scratch
Killed
Killed
Preparing Ethanol_c119_q3.dat -> Ethanol_c119_q3.out on /home/zoe/Research/Gaussian/scratch
Killed
Preparing Ethanol_c11_q1.dat -> Ethanol_c11_q1.out on /home/zoe/Research/Gaussian/scratch
Preparing Ethanol_c11_q2.dat -> Ethanol_c11_q2.out on /home/zoe/Research/Gaussian/scratch
Killed
Killed
Preparing Ethanol_c11_q3.dat -> Ethanol_c11_q3.out on /home/zoe/Research/Gaussian/scratch
Preparing Ethanol_c120_q1.dat -> Ethanol_c120_q1.out on /home/zoe/Research/Gaussian/scratch
Killed
Killed
Preparing Ethanol_c120_q2.dat -> Ethanol_c120_q2.out on /home/zoe/Research/Gaussian/scratch
Preparing Ethanol_c120_q3.dat -> Ethanol_c120_q3.out on /home/zoe/Research/Gaussian/scratch
Killed
Killed
Preparing Ethanol_c121_q1.dat -> Ethanol_c121_q1.out on /home/zoe/Research/Gaussian/scratch
Killed
Preparing Ethanol_c121_q2.dat -> Ethanol_c121_q2.out on /home/zoe/Research/Gaussian/scratch
Preparing Ethanol_c121_q3.dat -> Ethanol_c121_q3.out on /home/zoe/Research/Gaussian/scratch
Killed
Killed
Preparing Ethanol_c122_q1.dat -> Ethanol_c122_q1.out on /home/zoe/Research/Gaussian/scratch
Preparing Ethanol_c122_q2.dat -> Ethanol_c122_q2.out on /home/zoe/Research/Gaussian/scratch
Killed
Preparing Ethanol_c122_q3.dat -> Ethanol_c122_q3.out on /home/zoe/Research/Gaussian/scratch
Killed
Killed
Preparing Ethanol_c123_q1.dat -> Ethanol_c123_q1.out on /home/zoe/Research/Gaussian/scratch
Killed
Preparing Ethanol_c123_q2.dat -> Ethanol_c123_q2.out on /home/zoe/Research/Gaussian/scratch
Killed
Preparing Ethanol_c123_q3.dat -> Ethanol_c123_q3.out on /home/zoe/Research/Gaussian/scratch
Preparing Ethanol_c124_q1.dat -> Ethanol_c124_q1.out on /home/zoe/Research/Gaussian/scratch
Killed
Killed
Preparing Ethanol_c124_q2.dat -> Ethanol_c124_q2.out on /home/zoe/Research/Gaussian/scratch
Killed
Preparing Ethanol_c124_q3.dat -> Ethanol_c124_q3.out on /home/zoe/Research/Gaussian/scratch
Killed
Preparing Ethanol_c125_q1.dat -> Ethanol_c125_q1.out on /home/zoe/Research/Gaussian/scratch
Preparing Ethanol_c125_q2.dat -> Ethanol_c125_q2.out on /home/zoe/Research/Gaussian/scratch
Killed
Preparing Ethanol_c125_q3.dat -> Ethanol_c125_q3.out on /home/zoe/Research/Gaussian/scratch
Killed
Killed
Preparing Ethanol_c126_q1.dat -> Ethanol_c126_q1.out on /home/zoe/Research/Gaussian/scratch
Killed
Preparing Ethanol_c126_q2.dat -> Ethanol_c126_q2.out on /home/zoe/Research/Gaussian/scratch
Preparing Ethanol_c126_q3.dat -> Ethanol_c126_q3.out on /home/zoe/Research/Gaussian/scratch
Killed
Killed
Preparing Ethanol_c127_q1.dat -> Ethanol_c127_q1.out on /home/zoe/Research/Gaussian/scratch
Preparing Ethanol_c127_q2.dat -> Ethanol_c127_q2.out on /home/zoe/Research/Gaussian/scratch
Killed
Killed
Preparing Ethanol_c127_q3.dat -> Ethanol_c127_q3.out on /home/zoe/Research/Gaussian/scratch
Killed
Preparing Ethanol_c128_q1.dat -> Ethanol_c128_q1.out on /home/zoe/Research/Gaussian/scratch
Preparing Ethanol_c128_q2.dat -> Ethanol_c128_q2.out on /home/zoe/Research/Gaussian/scratch
Killed
Killed
Preparing Ethanol_c128_q3.dat -> Ethanol_c128_q3.out on /home/zoe/Research/Gaussian/scratch
Killed
Preparing Ethanol_c129_q1.dat -> Ethanol_c129_q1.out on /home/zoe/Research/Gaussian/scratch
Preparing Ethanol_c129_q2.dat -> Ethanol_c129_q2.out on /home/zoe/Research/Gaussian/scratch
Killed
Preparing Ethanol_c129_q3.dat -> Ethanol_c129_q3.out on /home/zoe/Research/Gaussian/scratch
Killed
Preparing Ethanol_c12_q1.dat -> Ethanol_c12_q1.out on /home/zoe/Research/Gaussian/scratch
Killed
Killed
Preparing Ethanol_c12_q2.dat -> Ethanol_c12_q2.out on /home/zoe/Research/Gaussian/scratch
Killed
Preparing Ethanol_c12_q3.dat -> Ethanol_c12_q3.out on /home/zoe/Research/Gaussian/scratch
Killed
Preparing Ethanol_c130_q1.dat -> Ethanol_c130_q1.out on /home/zoe/Research/Gaussian/scratch
Preparing Ethanol_c130_q2.dat -> Ethanol_c130_q2.out on /home/zoe/Research/Gaussian/scratch
Killed
Killed
Preparing Ethanol_c130_q3.dat -> Ethanol_c130_q3.out on /home/zoe/Research/Gaussian/scratch
Preparing Ethanol_c131_q1.dat -> Ethanol_c131_q1.out on /home/zoe/Research/Gaussian/scratch
Killed
Killed
Preparing Ethanol_c131_q2.dat -> Ethanol_c131_q2.out on /home/zoe/Research/Gaussian/scratch
Preparing Ethanol_c131_q3.dat -> Ethanol_c131_q3.out on /home/zoe/Research/Gaussian/scratch
Killed
Preparing Ethanol_c132_q1.dat -> Ethanol_c132_q1.out on /home/zoe/Research/Gaussian/scratch
Killed
Killed
Preparing Ethanol_c132_q2.dat -> Ethanol_c132_q2.out on /home/zoe/Research/Gaussian/scratch
Killed
Preparing Ethanol_c132_q3.dat -> Ethanol_c132_q3.out on /home/zoe/Research/Gaussian/scratch
Killed
Preparing Ethanol_c133_q1.dat -> Ethanol_c133_q1.out on /home/zoe/Research/Gaussian/scratch
Killed
Preparing Ethanol_c133_q2.dat -> Ethanol_c133_q2.out on /home/zoe/Research/Gaussian/scratch
Preparing Ethanol_c133_q3.dat -> Ethanol_c133_q3.out on /home/zoe/Research/Gaussian/scratch
Killed
Killed
Preparing Ethanol_c134_q1.dat -> Ethanol_c134_q1.out on /home/zoe/Research/Gaussian/scratch
Killed
Preparing Ethanol_c134_q2.dat -> Ethanol_c134_q2.out on /home/zoe/Research/Gaussian/scratch
Preparing Ethanol_c134_q3.dat -> Ethanol_c134_q3.out on /home/zoe/Research/Gaussian/scratch
Killed
Preparing Ethanol_c135_q1.dat -> Ethanol_c135_q1.out on /home/zoe/Research/Gaussian/scratch
Killed
Killed
Preparing Ethanol_c135_q2.dat -> Ethanol_c135_q2.out on /home/zoe/Research/Gaussian/scratch
Killed
Preparing Ethanol_c135_q3.dat -> Ethanol_c135_q3.out on /home/zoe/Research/Gaussian/scratch
Killed
Preparing Ethanol_c136_q1.dat -> Ethanol_c136_q1.out on /home/zoe/Research/Gaussian/scratch
Killed
Preparing Ethanol_c136_q2.dat -> Ethanol_c136_q2.out on /home/zoe/Research/Gaussian/scratch
Preparing Ethanol_c136_q3.dat -> Ethanol_c136_q3.out on /home/zoe/Research/Gaussian/scratch
Killed
Preparing Ethanol_c137_q1.dat -> Ethanol_c137_q1.out on /home/zoe/Research/Gaussian/scratch
Killed
Killed
Preparing Ethanol_c137_q2.dat -> Ethanol_c137_q2.out on /home/zoe/Research/Gaussian/scratch
Preparing Ethanol_c137_q3.dat -> Ethanol_c137_q3.out on /home/zoe/Research/Gaussian/scratch
Killed
Killed
Preparing Ethanol_c138_q1.dat -> Ethanol_c138_q1.out on /home/zoe/Research/Gaussian/scratch
Preparing Ethanol_c138_q2.dat -> Ethanol_c138_q2.out on /home/zoe/Research/Gaussian/scratch
Killed
Killed
Preparing Ethanol_c138_q3.dat -> Ethanol_c138_q3.out on /home/zoe/Research/Gaussian/scratch
Preparing Ethanol_c139_q1.dat -> Ethanol_c139_q1.out on /home/zoe/Research/Gaussian/scratch
Killed
Preparing Ethanol_c139_q2.dat -> Ethanol_c139_q2.out on /home/zoe/Research/Gaussian/scratch
Killed
Preparing Ethanol_c139_q3.dat -> Ethanol_c139_q3.out on /home/zoe/Research/Gaussian/scratch
Killed
Killed
Preparing Ethanol_c13_q1.dat -> Ethanol_c13_q1.out on /home/zoe/Research/Gaussian/scratch
Killed
Preparing Ethanol_c13_q2.dat -> Ethanol_c13_q2.out on /home/zoe/Research/Gaussian/scratch
Killed
Preparing Ethanol_c13_q3.dat -> Ethanol_c13_q3.out on /home/zoe/Research/Gaussian/scratch
Killed
Preparing Ethanol_c140_q1.dat -> Ethanol_c140_q1.out on /home/zoe/Research/Gaussian/scratch
Killed
Preparing Ethanol_c140_q2.dat -> Ethanol_c140_q2.out on /home/zoe/Research/Gaussian/scratch
Preparing Ethanol_c140_q3.dat -> Ethanol_c140_q3.out on /home/zoe/Research/Gaussian/scratch
Killed
Killed
Preparing Ethanol_c141_q1.dat -> Ethanol_c141_q1.out on /home/zoe/Research/Gaussian/scratch
Preparing Ethanol_c141_q2.dat -> Ethanol_c141_q2.out on /home/zoe/Research/Gaussian/scratch
Killed
Killed
Preparing Ethanol_c141_q3.dat -> Ethanol_c141_q3.out on /home/zoe/Research/Gaussian/scratch
Killed
Preparing Ethanol_c142_q1.dat -> Ethanol_c142_q1.out on /home/zoe/Research/Gaussian/scratch
Preparing Ethanol_c142_q2.dat -> Ethanol_c142_q2.out on /home/zoe/Research/Gaussian/scratch
Killed
Killed
Preparing Ethanol_c142_q3.dat -> Ethanol_c142_q3.out on /home/zoe/Research/Gaussian/scratch
Killed
Preparing Ethanol_c143_q1.dat -> Ethanol_c143_q1.out on /home/zoe/Research/Gaussian/scratch
Preparing Ethanol_c143_q2.dat -> Ethanol_c143_q2.out on /home/zoe/Research/Gaussian/scratch
Killed
Killed
Preparing Ethanol_c143_q3.dat -> Ethanol_c143_q3.out on /home/zoe/Research/Gaussian/scratch
Killed
Preparing Ethanol_c144_q1.dat -> Ethanol_c144_q1.out on /home/zoe/Research/Gaussian/scratch
Killed
Preparing Ethanol_c144_q2.dat -> Ethanol_c144_q2.out on /home/zoe/Research/Gaussian/scratch
Killed
Preparing Ethanol_c144_q3.dat -> Ethanol_c144_q3.out on /home/zoe/Research/Gaussian/scratch
Preparing Ethanol_c145_q1.dat -> Ethanol_c145_q1.out on /home/zoe/Research/Gaussian/scratch
Killed
Preparing Ethanol_c145_q2.dat -> Ethanol_c145_q2.out on /home/zoe/Research/Gaussian/scratch
Killed
Killed
Preparing Ethanol_c145_q3.dat -> Ethanol_c145_q3.out on /home/zoe/Research/Gaussian/scratch
Killed
Preparing Ethanol_c146_q1.dat -> Ethanol_c146_q1.out on /home/zoe/Research/Gaussian/scratch
Preparing Ethanol_c146_q2.dat -> Ethanol_c146_q2.out on /home/zoe/Research/Gaussian/scratch
Killed
Killed
Preparing Ethanol_c146_q3.dat -> Ethanol_c146_q3.out on /home/zoe/Research/Gaussian/scratch
Killed
Preparing Ethanol_c147_q1.dat -> Ethanol_c147_q1.out on /home/zoe/Research/Gaussian/scratch
Preparing Ethanol_c147_q2.dat -> Ethanol_c147_q2.out on /home/zoe/Research/Gaussian/scratch
Killed
Killed
Preparing Ethanol_c147_q3.dat -> Ethanol_c147_q3.out on /home/zoe/Research/Gaussian/scratch
Killed
Preparing Ethanol_c148_q1.dat -> Ethanol_c148_q1.out on /home/zoe/Research/Gaussian/scratch
Preparing Ethanol_c148_q2.dat -> Ethanol_c148_q2.out on /home/zoe/Research/Gaussian/scratch
Killed
Preparing Ethanol_c148_q3.dat -> Ethanol_c148_q3.out on /home/zoe/Research/Gaussian/scratch
Killed
Killed
Preparing Ethanol_c149_q1.dat -> Ethanol_c149_q1.out on /home/zoe/Research/Gaussian/scratch
Preparing Ethanol_c149_q2.dat -> Ethanol_c149_q2.out on /home/zoe/Research/Gaussian/scratch
Killed
Preparing Ethanol_c149_q3.dat -> Ethanol_c149_q3.out on /home/zoe/Research/Gaussian/scratch
Killed
Preparing Ethanol_c14_q1.dat -> Ethanol_c14_q1.out on /home/zoe/Research/Gaussian/scratch
Killed
Preparing Ethanol_c14_q2.dat -> Ethanol_c14_q2.out on /home/zoe/Research/Gaussian/scratch
Killed
Preparing Ethanol_c14_q3.dat -> Ethanol_c14_q3.out on /home/zoe/Research/Gaussian/scratch
Killed
Preparing Ethanol_c150_q1.dat -> Ethanol_c150_q1.out on /home/zoe/Research/Gaussian/scratch
Killed
Killed
Preparing Ethanol_c150_q2.dat -> Ethanol_c150_q2.out on /home/zoe/Research/Gaussian/scratch
Preparing Ethanol_c150_q3.dat -> Ethanol_c150_q3.out on /home/zoe/Research/Gaussian/scratch
Killed
Killed
Preparing Ethanol_c151_q1.dat -> Ethanol_c151_q1.out on /home/zoe/Research/Gaussian/scratch
Preparing Ethanol_c151_q2.dat -> Ethanol_c151_q2.out on /home/zoe/Research/Gaussian/scratch
Killed
Preparing Ethanol_c151_q3.dat -> Ethanol_c151_q3.out on /home/zoe/Research/Gaussian/scratch
Killed
Killed
Preparing Ethanol_c152_q1.dat -> Ethanol_c152_q1.out on /home/zoe/Research/Gaussian/scratch
Killed
Preparing Ethanol_c152_q2.dat -> Ethanol_c152_q2.out on /home/zoe/Research/Gaussian/scratch
Killed
Preparing Ethanol_c152_q3.dat -> Ethanol_c152_q3.out on /home/zoe/Research/Gaussian/scratch
Preparing Ethanol_c153_q1.dat -> Ethanol_c153_q1.out on /home/zoe/Research/Gaussian/scratch
Killed
Killed
Preparing Ethanol_c153_q2.dat -> Ethanol_c153_q2.out on /home/zoe/Research/Gaussian/scratch
Killed
Preparing Ethanol_c153_q3.dat -> Ethanol_c153_q3.out on /home/zoe/Research/Gaussian/scratch
Preparing Ethanol_c154_q1.dat -> Ethanol_c154_q1.out on /home/zoe/Research/Gaussian/scratch
Killed
Preparing Ethanol_c154_q2.dat -> Ethanol_c154_q2.out on /home/zoe/Research/Gaussian/scratch
Killed
Killed
Preparing Ethanol_c154_q3.dat -> Ethanol_c154_q3.out on /home/zoe/Research/Gaussian/scratch
Killed
Preparing Ethanol_c155_q1.dat -> Ethanol_c155_q1.out on /home/zoe/Research/Gaussian/scratch
Killed
Preparing Ethanol_c155_q2.dat -> Ethanol_c155_q2.out on /home/zoe/Research/Gaussian/scratch
Preparing Ethanol_c155_q3.dat -> Ethanol_c155_q3.out on /home/zoe/Research/Gaussian/scratch
Killed
Killed
Preparing Ethanol_c156_q1.dat -> Ethanol_c156_q1.out on /home/zoe/Research/Gaussian/scratch
Preparing Ethanol_c156_q2.dat -> Ethanol_c156_q2.out on /home/zoe/Research/Gaussian/scratch
Killed
Killed
Preparing Ethanol_c156_q3.dat -> Ethanol_c156_q3.out on /home/zoe/Research/Gaussian/scratch
Preparing Ethanol_c157_q1.dat -> Ethanol_c157_q1.out on /home/zoe/Research/Gaussian/scratch
Killed
Killed
Preparing Ethanol_c157_q2.dat -> Ethanol_c157_q2.out on /home/zoe/Research/Gaussian/scratch
Killed
Preparing Ethanol_c157_q3.dat -> Ethanol_c157_q3.out on /home/zoe/Research/Gaussian/scratch
Killed
Preparing Ethanol_c158_q1.dat -> Ethanol_c158_q1.out on /home/zoe/Research/Gaussian/scratch
Killed
Preparing Ethanol_c158_q2.dat -> Ethanol_c158_q2.out on /home/zoe/Research/Gaussian/scratch
Preparing Ethanol_c158_q3.dat -> Ethanol_c158_q3.out on /home/zoe/Research/Gaussian/scratch
Killed
Killed
Preparing Ethanol_c159_q1.dat -> Ethanol_c159_q1.out on /home/zoe/Research/Gaussian/scratch
Killed
Preparing Ethanol_c159_q2.dat -> Ethanol_c159_q2.out on /home/zoe/Research/Gaussian/scratch
Killed
Preparing Ethanol_c159_q3.dat -> Ethanol_c159_q3.out on /home/zoe/Research/Gaussian/scratch
Preparing Ethanol_c15_q1.dat -> Ethanol_c15_q1.out on /home/zoe/Research/Gaussian/scratch
Killed
Preparing Ethanol_c15_q2.dat -> Ethanol_c15_q2.out on /home/zoe/Research/Gaussian/scratch
Killed
Killed
Preparing Ethanol_c15_q3.dat -> Ethanol_c15_q3.out on /home/zoe/Research/Gaussian/scratch
Preparing Ethanol_c160_q1.dat -> Ethanol_c160_q1.out on /home/zoe/Research/Gaussian/scratch
Killed
Killed
Preparing Ethanol_c160_q2.dat -> Ethanol_c160_q2.out on /home/zoe/Research/Gaussian/scratch
Killed
Preparing Ethanol_c160_q3.dat -> Ethanol_c160_q3.out on /home/zoe/Research/Gaussian/scratch
Killed
Preparing Ethanol_c161_q1.dat -> Ethanol_c161_q1.out on /home/zoe/Research/Gaussian/scratch
Killed
Preparing Ethanol_c161_q2.dat -> Ethanol_c161_q2.out on /home/zoe/Research/Gaussian/scratch
Killed
Preparing Ethanol_c161_q3.dat -> Ethanol_c161_q3.out on /home/zoe/Research/Gaussian/scratch
Killed
Preparing Ethanol_c162_q1.dat -> Ethanol_c162_q1.out on /home/zoe/Research/Gaussian/scratch
Preparing Ethanol_c162_q2.dat -> Ethanol_c162_q2.out on /home/zoe/Research/Gaussian/scratch
Killed
Killed
Preparing Ethanol_c162_q3.dat -> Ethanol_c162_q3.out on /home/zoe/Research/Gaussian/scratch
Preparing Ethanol_c163_q1.dat -> Ethanol_c163_q1.out on /home/zoe/Research/Gaussian/scratch
Killed
Preparing Ethanol_c163_q2.dat -> Ethanol_c163_q2.out on /home/zoe/Research/Gaussian/scratch
Killed
Killed
Preparing Ethanol_c163_q3.dat -> Ethanol_c163_q3.out on /home/zoe/Research/Gaussian/scratch
Killed
Preparing Ethanol_c164_q1.dat -> Ethanol_c164_q1.out on /home/zoe/Research/Gaussian/scratch
Preparing Ethanol_c164_q2.dat -> Ethanol_c164_q2.out on /home/zoe/Research/Gaussian/scratch
Killed
Preparing Ethanol_c164_q3.dat -> Ethanol_c164_q3.out on /home/zoe/Research/Gaussian/scratch
Killed
Killed
Preparing Ethanol_c165_q1.dat -> Ethanol_c165_q1.out on /home/zoe/Research/Gaussian/scratch
Killed
Preparing Ethanol_c165_q2.dat -> Ethanol_c165_q2.out on /home/zoe/Research/Gaussian/scratch
Killed
Preparing Ethanol_c165_q3.dat -> Ethanol_c165_q3.out on /home/zoe/Research/Gaussian/scratch
Preparing Ethanol_c166_q1.dat -> Ethanol_c166_q1.out on /home/zoe/Research/Gaussian/scratch
Killed
Killed
Preparing Ethanol_c166_q2.dat -> Ethanol_c166_q2.out on /home/zoe/Research/Gaussian/scratch
Preparing Ethanol_c166_q3.dat -> Ethanol_c166_q3.out on /home/zoe/Research/Gaussian/scratch
Killed
Preparing Ethanol_c167_q1.dat -> Ethanol_c167_q1.out on /home/zoe/Research/Gaussian/scratch
Killed
Preparing Ethanol_c167_q2.dat -> Ethanol_c167_q2.out on /home/zoe/Research/Gaussian/scratch
Killed
Preparing Ethanol_c167_q3.dat -> Ethanol_c167_q3.out on /home/zoe/Research/Gaussian/scratch
Killed
Killed
Preparing Ethanol_c168_q1.dat -> Ethanol_c168_q1.out on /home/zoe/Research/Gaussian/scratch
Killed
Preparing Ethanol_c168_q2.dat -> Ethanol_c168_q2.out on /home/zoe/Research/Gaussian/scratch
Preparing Ethanol_c168_q3.dat -> Ethanol_c168_q3.out on /home/zoe/Research/Gaussian/scratch
Killed
Killed
Preparing Ethanol_c169_q1.dat -> Ethanol_c169_q1.out on /home/zoe/Research/Gaussian/scratch
Preparing Ethanol_c169_q2.dat -> Ethanol_c169_q2.out on /home/zoe/Research/Gaussian/scratch
Killed
Killed
Preparing Ethanol_c169_q3.dat -> Ethanol_c169_q3.out on /home/zoe/Research/Gaussian/scratch
Killed
Preparing Ethanol_c16_q1.dat -> Ethanol_c16_q1.out on /home/zoe/Research/Gaussian/scratch
Killed
Preparing Ethanol_c16_q2.dat -> Ethanol_c16_q2.out on /home/zoe/Research/Gaussian/scratch
Preparing Ethanol_c16_q3.dat -> Ethanol_c16_q3.out on /home/zoe/Research/Gaussian/scratch
Killed
Preparing Ethanol_c170_q1.dat -> Ethanol_c170_q1.out on /home/zoe/Research/Gaussian/scratch
Killed
Killed
Preparing Ethanol_c170_q2.dat -> Ethanol_c170_q2.out on /home/zoe/Research/Gaussian/scratch
Preparing Ethanol_c170_q3.dat -> Ethanol_c170_q3.out on /home/zoe/Research/Gaussian/scratch
Killed
Killed
Preparing Ethanol_c171_q1.dat -> Ethanol_c171_q1.out on /home/zoe/Research/Gaussian/scratch
Killed
Preparing Ethanol_c171_q2.dat -> Ethanol_c171_q2.out on /home/zoe/Research/Gaussian/scratch
Killed
Preparing Ethanol_c171_q3.dat -> Ethanol_c171_q3.out on /home/zoe/Research/Gaussian/scratch
Killed
Preparing Ethanol_c172_q1.dat -> Ethanol_c172_q1.out on /home/zoe/Research/Gaussian/scratch
Killed
Preparing Ethanol_c172_q2.dat -> Ethanol_c172_q2.out on /home/zoe/Research/Gaussian/scratch
Killed
Preparing Ethanol_c172_q3.dat -> Ethanol_c172_q3.out on /home/zoe/Research/Gaussian/scratch
Killed
Preparing Ethanol_c173_q1.dat -> Ethanol_c173_q1.out on /home/zoe/Research/Gaussian/scratch
Killed
Preparing Ethanol_c173_q2.dat -> Ethanol_c173_q2.out on /home/zoe/Research/Gaussian/scratch
Killed
Preparing Ethanol_c173_q3.dat -> Ethanol_c173_q3.out on /home/zoe/Research/Gaussian/scratch
Killed
Preparing Ethanol_c174_q1.dat -> Ethanol_c174_q1.out on /home/zoe/Research/Gaussian/scratch
Preparing Ethanol_c174_q2.dat -> Ethanol_c174_q2.out on /home/zoe/Research/Gaussian/scratch
Killed
Preparing Ethanol_c174_q3.dat -> Ethanol_c174_q3.out on /home/zoe/Research/Gaussian/scratch
Killed
Killed
Preparing Ethanol_c175_q1.dat -> Ethanol_c175_q1.out on /home/zoe/Research/Gaussian/scratch
Preparing Ethanol_c175_q2.dat -> Ethanol_c175_q2.out on /home/zoe/Research/Gaussian/scratch
Killed
Killed
Preparing Ethanol_c175_q3.dat -> Ethanol_c175_q3.out on /home/zoe/Research/Gaussian/scratch
Killed
Preparing Ethanol_c176_q1.dat -> Ethanol_c176_q1.out on /home/zoe/Research/Gaussian/scratch
Preparing Ethanol_c176_q2.dat -> Ethanol_c176_q2.out on /home/zoe/Research/Gaussian/scratch
Killed
Killed
Preparing Ethanol_c176_q3.dat -> Ethanol_c176_q3.out on /home/zoe/Research/Gaussian/scratch
Preparing Ethanol_c177_q1.dat -> Ethanol_c177_q1.out on /home/zoe/Research/Gaussian/scratch
Killed
Killed
Preparing Ethanol_c177_q2.dat -> Ethanol_c177_q2.out on /home/zoe/Research/Gaussian/scratch
Killed
Preparing Ethanol_c177_q3.dat -> Ethanol_c177_q3.out on /home/zoe/Research/Gaussian/scratch
Preparing Ethanol_c178_q1.dat -> Ethanol_c178_q1.out on /home/zoe/Research/Gaussian/scratch
Killed
Preparing Ethanol_c178_q2.dat -> Ethanol_c178_q2.out on /home/zoe/Research/Gaussian/scratch
Killed
Preparing Ethanol_c178_q3.dat -> Ethanol_c178_q3.out on /home/zoe/Research/Gaussian/scratch
Killed
Killed
Preparing Ethanol_c179_q1.dat -> Ethanol_c179_q1.out on /home/zoe/Research/Gaussian/scratch
Killed
Preparing Ethanol_c179_q2.dat -> Ethanol_c179_q2.out on /home/zoe/Research/Gaussian/scratch
Killed
Preparing Ethanol_c179_q3.dat -> Ethanol_c179_q3.out on /home/zoe/Research/Gaussian/scratch
Preparing Ethanol_c17_q1.dat -> Ethanol_c17_q1.out on /home/zoe/Research/Gaussian/scratch
Killed
Killed
Preparing Ethanol_c17_q2.dat -> Ethanol_c17_q2.out on /home/zoe/Research/Gaussian/scratch
Killed
Preparing Ethanol_c17_q3.dat -> Ethanol_c17_q3.out on /home/zoe/Research/Gaussian/scratch
Killed
Preparing Ethanol_c180_q1.dat -> Ethanol_c180_q1.out on /home/zoe/Research/Gaussian/scratch
Preparing Ethanol_c180_q2.dat -> Ethanol_c180_q2.out on /home/zoe/Research/Gaussian/scratch
Killed
Killed
Preparing Ethanol_c180_q3.dat -> Ethanol_c180_q3.out on /home/zoe/Research/Gaussian/scratch
Killed
Preparing Ethanol_c181_q1.dat -> Ethanol_c181_q1.out on /home/zoe/Research/Gaussian/scratch
Preparing Ethanol_c181_q2.dat -> Ethanol_c181_q2.out on /home/zoe/Research/Gaussian/scratch
Killed
Preparing Ethanol_c181_q3.dat -> Ethanol_c181_q3.out on /home/zoe/Research/Gaussian/scratch
Killed
Killed
Preparing Ethanol_c182_q1.dat -> Ethanol_c182_q1.out on /home/zoe/Research/Gaussian/scratch
Killed
Preparing Ethanol_c182_q2.dat -> Ethanol_c182_q2.out on /home/zoe/Research/Gaussian/scratch
Preparing Ethanol_c182_q3.dat -> Ethanol_c182_q3.out on /home/zoe/Research/Gaussian/scratch
Killed
Preparing Ethanol_c183_q1.dat -> Ethanol_c183_q1.out on /home/zoe/Research/Gaussian/scratch
Killed
Killed
Preparing Ethanol_c183_q2.dat -> Ethanol_c183_q2.out on /home/zoe/Research/Gaussian/scratch
Preparing Ethanol_c183_q3.dat -> Ethanol_c183_q3.out on /home/zoe/Research/Gaussian/scratch
Killed
Killed
Preparing Ethanol_c184_q1.dat -> Ethanol_c184_q1.out on /home/zoe/Research/Gaussian/scratch
Killed
Preparing Ethanol_c184_q2.dat -> Ethanol_c184_q2.out on /home/zoe/Research/Gaussian/scratch
Preparing Ethanol_c184_q3.dat -> Ethanol_c184_q3.out on /home/zoe/Research/Gaussian/scratch
Killed
Killed
Preparing Ethanol_c185_q1.dat -> Ethanol_c185_q1.out on /home/zoe/Research/Gaussian/scratch
Killed
Preparing Ethanol_c185_q2.dat -> Ethanol_c185_q2.out on /home/zoe/Research/Gaussian/scratch
Preparing Ethanol_c185_q3.dat -> Ethanol_c185_q3.out on /home/zoe/Research/Gaussian/scratch
Killed
Killed
Preparing Ethanol_c186_q1.dat -> Ethanol_c186_q1.out on /home/zoe/Research/Gaussian/scratch
Killed
Preparing Ethanol_c186_q2.dat -> Ethanol_c186_q2.out on /home/zoe/Research/Gaussian/scratch
Preparing Ethanol_c186_q3.dat -> Ethanol_c186_q3.out on /home/zoe/Research/Gaussian/scratch
Killed
Killed
Preparing Ethanol_c187_q1.dat -> Ethanol_c187_q1.out on /home/zoe/Research/Gaussian/scratch
Preparing Ethanol_c187_q2.dat -> Ethanol_c187_q2.out on /home/zoe/Research/Gaussian/scratch
Killed
Preparing Ethanol_c187_q3.dat -> Ethanol_c187_q3.out on /home/zoe/Research/Gaussian/scratch
Killed
Killed
Preparing Ethanol_c188_q1.dat -> Ethanol_c188_q1.out on /home/zoe/Research/Gaussian/scratch
Killed
Preparing Ethanol_c188_q2.dat -> Ethanol_c188_q2.out on /home/zoe/Research/Gaussian/scratch
Killed
Preparing Ethanol_c188_q3.dat -> Ethanol_c188_q3.out on /home/zoe/Research/Gaussian/scratch
Preparing Ethanol_c189_q1.dat -> Ethanol_c189_q1.out on /home/zoe/Research/Gaussian/scratch
Killed
Killed
Preparing Ethanol_c189_q2.dat -> Ethanol_c189_q2.out on /home/zoe/Research/Gaussian/scratch
Preparing Ethanol_c189_q3.dat -> Ethanol_c189_q3.out on /home/zoe/Research/Gaussian/scratch
Killed
Killed
Preparing Ethanol_c18_q1.dat -> Ethanol_c18_q1.out on /home/zoe/Research/Gaussian/scratch
Preparing Ethanol_c18_q2.dat -> Ethanol_c18_q2.out on /home/zoe/Research/Gaussian/scratch
Killed
Killed
Preparing Ethanol_c18_q3.dat -> Ethanol_c18_q3.out on /home/zoe/Research/Gaussian/scratch
Preparing Ethanol_c190_q1.dat -> Ethanol_c190_q1.out on /home/zoe/Research/Gaussian/scratch
Killed
Preparing Ethanol_c190_q2.dat -> Ethanol_c190_q2.out on /home/zoe/Research/Gaussian/scratch
Killed
Killed
Preparing Ethanol_c190_q3.dat -> Ethanol_c190_q3.out on /home/zoe/Research/Gaussian/scratch
Preparing Ethanol_c191_q1.dat -> Ethanol_c191_q1.out on /home/zoe/Research/Gaussian/scratch
Killed
Preparing Ethanol_c191_q2.dat -> Ethanol_c191_q2.out on /home/zoe/Research/Gaussian/scratch
Killed
Killed
Preparing Ethanol_c191_q3.dat -> Ethanol_c191_q3.out on /home/zoe/Research/Gaussian/scratch
Preparing Ethanol_c192_q1.dat -> Ethanol_c192_q1.out on /home/zoe/Research/Gaussian/scratch
Killed
Killed
Preparing Ethanol_c192_q2.dat -> Ethanol_c192_q2.out on /home/zoe/Research/Gaussian/scratch
Killed
Preparing Ethanol_c192_q3.dat -> Ethanol_c192_q3.out on /home/zoe/Research/Gaussian/scratch
Preparing Ethanol_c193_q1.dat -> Ethanol_c193_q1.out on /home/zoe/Research/Gaussian/scratch
Killed
Killed
Preparing Ethanol_c193_q2.dat -> Ethanol_c193_q2.out on /home/zoe/Research/Gaussian/scratch
Preparing Ethanol_c193_q3.dat -> Ethanol_c193_q3.out on /home/zoe/Research/Gaussian/scratch
Killed
Killed
Preparing Ethanol_c194_q1.dat -> Ethanol_c194_q1.out on /home/zoe/Research/Gaussian/scratch
Preparing Ethanol_c194_q2.dat -> Ethanol_c194_q2.out on /home/zoe/Research/Gaussian/scratch
Killed
Killed
Preparing Ethanol_c194_q3.dat -> Ethanol_c194_q3.out on /home/zoe/Research/Gaussian/scratch
Preparing Ethanol_c195_q1.dat -> Ethanol_c195_q1.out on /home/zoe/Research/Gaussian/scratch
Killed
Killed
Preparing Ethanol_c195_q2.dat -> Ethanol_c195_q2.out on /home/zoe/Research/Gaussian/scratch
Killed
Preparing Ethanol_c195_q3.dat -> Ethanol_c195_q3.out on /home/zoe/Research/Gaussian/scratch
Preparing Ethanol_c196_q1.dat -> Ethanol_c196_q1.out on /home/zoe/Research/Gaussian/scratch
Killed
Killed
Preparing Ethanol_c196_q2.dat -> Ethanol_c196_q2.out on /home/zoe/Research/Gaussian/scratch
Killed
Preparing Ethanol_c196_q3.dat -> Ethanol_c196_q3.out on /home/zoe/Research/Gaussian/scratch
Preparing Ethanol_c197_q1.dat -> Ethanol_c197_q1.out on /home/zoe/Research/Gaussian/scratch
Killed
Killed
Preparing Ethanol_c197_q2.dat -> Ethanol_c197_q2.out on /home/zoe/Research/Gaussian/scratch
Killed
Preparing Ethanol_c197_q3.dat -> Ethanol_c197_q3.out on /home/zoe/Research/Gaussian/scratch
Killed
Preparing Ethanol_c198_q1.dat -> Ethanol_c198_q1.out on /home/zoe/Research/Gaussian/scratch
Preparing Ethanol_c198_q2.dat -> Ethanol_c198_q2.out on /home/zoe/Research/Gaussian/scratch
Killed
Preparing Ethanol_c198_q3.dat -> Ethanol_c198_q3.out on /home/zoe/Research/Gaussian/scratch
Killed
Killed
Preparing Ethanol_c199_q1.dat -> Ethanol_c199_q1.out on /home/zoe/Research/Gaussian/scratch
Killed
Preparing Ethanol_c199_q2.dat -> Ethanol_c199_q2.out on /home/zoe/Research/Gaussian/scratch
Killed
Preparing Ethanol_c199_q3.dat -> Ethanol_c199_q3.out on /home/zoe/Research/Gaussian/scratch
Preparing Ethanol_c19_q1.dat -> Ethanol_c19_q1.out on /home/zoe/Research/Gaussian/scratch
Killed
Killed
Preparing Ethanol_c19_q2.dat -> Ethanol_c19_q2.out on /home/zoe/Research/Gaussian/scratch
Killed
Preparing Ethanol_c19_q3.dat -> Ethanol_c19_q3.out on /home/zoe/Research/Gaussian/scratch
Killed
Preparing Ethanol_c1_q1.dat -> Ethanol_c1_q1.out on /home/zoe/Research/Gaussian/scratch
Preparing Ethanol_c1_q2.dat -> Ethanol_c1_q2.out on /home/zoe/Research/Gaussian/scratch
Killed
Killed
Preparing Ethanol_c1_q3.dat -> Ethanol_c1_q3.out on /home/zoe/Research/Gaussian/scratch
Preparing Ethanol_c200_q1.dat -> Ethanol_c200_q1.out on /home/zoe/Research/Gaussian/scratch
Killed
Killed
Preparing Ethanol_c200_q2.dat -> Ethanol_c200_q2.out on /home/zoe/Research/Gaussian/scratch
Preparing Ethanol_c200_q3.dat -> Ethanol_c200_q3.out on /home/zoe/Research/Gaussian/scratch
Killed
Killed
Preparing Ethanol_c20_q1.dat -> Ethanol_c20_q1.out on /home/zoe/Research/Gaussian/scratch
Preparing Ethanol_c20_q2.dat -> Ethanol_c20_q2.out on /home/zoe/Research/Gaussian/scratch
Killed
Killed
Preparing Ethanol_c20_q3.dat -> Ethanol_c20_q3.out on /home/zoe/Research/Gaussian/scratch
Killed
Preparing Ethanol_c21_q1.dat -> Ethanol_c21_q1.out on /home/zoe/Research/Gaussian/scratch
Killed
Preparing Ethanol_c21_q2.dat -> Ethanol_c21_q2.out on /home/zoe/Research/Gaussian/scratch
Preparing Ethanol_c21_q3.dat -> Ethanol_c21_q3.out on /home/zoe/Research/Gaussian/scratch
Killed
Killed
Preparing Ethanol_c22_q1.dat -> Ethanol_c22_q1.out on /home/zoe/Research/Gaussian/scratch
Killed
Preparing Ethanol_c22_q2.dat -> Ethanol_c22_q2.out on /home/zoe/Research/Gaussian/scratch
Preparing Ethanol_c22_q3.dat -> Ethanol_c22_q3.out on /home/zoe/Research/Gaussian/scratch
Killed
Killed
Preparing Ethanol_c23_q1.dat -> Ethanol_c23_q1.out on /home/zoe/Research/Gaussian/scratch
Preparing Ethanol_c23_q2.dat -> Ethanol_c23_q2.out on /home/zoe/Research/Gaussian/scratch
Killed
Killed
Preparing Ethanol_c23_q3.dat -> Ethanol_c23_q3.out on /home/zoe/Research/Gaussian/scratch
Killed
Preparing Ethanol_c24_q1.dat -> Ethanol_c24_q1.out on /home/zoe/Research/Gaussian/scratch
Killed
Preparing Ethanol_c24_q2.dat -> Ethanol_c24_q2.out on /home/zoe/Research/Gaussian/scratch
Killed
Preparing Ethanol_c24_q3.dat -> Ethanol_c24_q3.out on /home/zoe/Research/Gaussian/scratch
Preparing Ethanol_c25_q1.dat -> Ethanol_c25_q1.out on /home/zoe/Research/Gaussian/scratch
Killed
Killed
Preparing Ethanol_c25_q2.dat -> Ethanol_c25_q2.out on /home/zoe/Research/Gaussian/scratch
Preparing Ethanol_c25_q3.dat -> Ethanol_c25_q3.out on /home/zoe/Research/Gaussian/scratch
Killed
Preparing Ethanol_c26_q1.dat -> Ethanol_c26_q1.out on /home/zoe/Research/Gaussian/scratch
Killed
Killed
Preparing Ethanol_c26_q2.dat -> Ethanol_c26_q2.out on /home/zoe/Research/Gaussian/scratch
Killed
Preparing Ethanol_c26_q3.dat -> Ethanol_c26_q3.out on /home/zoe/Research/Gaussian/scratch
Killed
Preparing Ethanol_c27_q1.dat -> Ethanol_c27_q1.out on /home/zoe/Research/Gaussian/scratch
Killed
Preparing Ethanol_c27_q2.dat -> Ethanol_c27_q2.out on /home/zoe/Research/Gaussian/scratch
Killed
Preparing Ethanol_c27_q3.dat -> Ethanol_c27_q3.out on /home/zoe/Research/Gaussian/scratch
Preparing Ethanol_c28_q1.dat -> Ethanol_c28_q1.out on /home/zoe/Research/Gaussian/scratch
Killed
Preparing Ethanol_c28_q2.dat -> Ethanol_c28_q2.out on /home/zoe/Research/Gaussian/scratch
Killed
Killed
Preparing Ethanol_c28_q3.dat -> Ethanol_c28_q3.out on /home/zoe/Research/Gaussian/scratch
Preparing Ethanol_c29_q1.dat -> Ethanol_c29_q1.out on /home/zoe/Research/Gaussian/scratch
Killed
Killed
Preparing Ethanol_c29_q2.dat -> Ethanol_c29_q2.out on /home/zoe/Research/Gaussian/scratch
Preparing Ethanol_c29_q3.dat -> Ethanol_c29_q3.out on /home/zoe/Research/Gaussian/scratch
Killed
Killed
Preparing Ethanol_c2_q1.dat -> Ethanol_c2_q1.out on /home/zoe/Research/Gaussian/scratch
Preparing Ethanol_c2_q2.dat -> Ethanol_c2_q2.out on /home/zoe/Research/Gaussian/scratch
Killed
Preparing Ethanol_c2_q3.dat -> Ethanol_c2_q3.out on /home/zoe/Research/Gaussian/scratch
Killed
Killed
Preparing Ethanol_c30_q1.dat -> Ethanol_c30_q1.out on /home/zoe/Research/Gaussian/scratch
Preparing Ethanol_c30_q2.dat -> Ethanol_c30_q2.out on /home/zoe/Research/Gaussian/scratch
Killed
Preparing Ethanol_c30_q3.dat -> Ethanol_c30_q3.out on /home/zoe/Research/Gaussian/scratch
Killed
Preparing Ethanol_c31_q1.dat -> Ethanol_c31_q1.out on /home/zoe/Research/Gaussian/scratch
Killed
Killed
Preparing Ethanol_c31_q2.dat -> Ethanol_c31_q2.out on /home/zoe/Research/Gaussian/scratch
Killed
Preparing Ethanol_c31_q3.dat -> Ethanol_c31_q3.out on /home/zoe/Research/Gaussian/scratch
Preparing Ethanol_c32_q1.dat -> Ethanol_c32_q1.out on /home/zoe/Research/Gaussian/scratch
Killed
Killed
Preparing Ethanol_c32_q2.dat -> Ethanol_c32_q2.out on /home/zoe/Research/Gaussian/scratch
Killed
Preparing Ethanol_c32_q3.dat -> Ethanol_c32_q3.out on /home/zoe/Research/Gaussian/scratch
Preparing Ethanol_c33_q1.dat -> Ethanol_c33_q1.out on /home/zoe/Research/Gaussian/scratch
Killed
Killed
Preparing Ethanol_c33_q2.dat -> Ethanol_c33_q2.out on /home/zoe/Research/Gaussian/scratch
Preparing Ethanol_c33_q3.dat -> Ethanol_c33_q3.out on /home/zoe/Research/Gaussian/scratch
Killed
Preparing Ethanol_c34_q1.dat -> Ethanol_c34_q1.out on /home/zoe/Research/Gaussian/scratch
Killed
Killed
Preparing Ethanol_c34_q2.dat -> Ethanol_c34_q2.out on /home/zoe/Research/Gaussian/scratch
Preparing Ethanol_c34_q3.dat -> Ethanol_c34_q3.out on /home/zoe/Research/Gaussian/scratch
Killed
Killed
Preparing Ethanol_c35_q1.dat -> Ethanol_c35_q1.out on /home/zoe/Research/Gaussian/scratch
Killed
Preparing Ethanol_c35_q2.dat -> Ethanol_c35_q2.out on /home/zoe/Research/Gaussian/scratch
Killed
Preparing Ethanol_c35_q3.dat -> Ethanol_c35_q3.out on /home/zoe/Research/Gaussian/scratch
Killed
Preparing Ethanol_c36_q1.dat -> Ethanol_c36_q1.out on /home/zoe/Research/Gaussian/scratch
Preparing Ethanol_c36_q2.dat -> Ethanol_c36_q2.out on /home/zoe/Research/Gaussian/scratch
Killed
Killed
Preparing Ethanol_c36_q3.dat -> Ethanol_c36_q3.out on /home/zoe/Research/Gaussian/scratch
Killed
Preparing Ethanol_c37_q1.dat -> Ethanol_c37_q1.out on /home/zoe/Research/Gaussian/scratch
Killed
Preparing Ethanol_c37_q2.dat -> Ethanol_c37_q2.out on /home/zoe/Research/Gaussian/scratch
Killed
Preparing Ethanol_c37_q3.dat -> Ethanol_c37_q3.out on /home/zoe/Research/Gaussian/scratch
Killed
Preparing Ethanol_c38_q1.dat -> Ethanol_c38_q1.out on /home/zoe/Research/Gaussian/scratch
Killed
Preparing Ethanol_c38_q2.dat -> Ethanol_c38_q2.out on /home/zoe/Research/Gaussian/scratch
Preparing Ethanol_c38_q3.dat -> Ethanol_c38_q3.out on /home/zoe/Research/Gaussian/scratch
Killed
Killed
Preparing Ethanol_c39_q1.dat -> Ethanol_c39_q1.out on /home/zoe/Research/Gaussian/scratch
Killed
Preparing Ethanol_c39_q2.dat -> Ethanol_c39_q2.out on /home/zoe/Research/Gaussian/scratch
Killed
Preparing Ethanol_c39_q3.dat -> Ethanol_c39_q3.out on /home/zoe/Research/Gaussian/scratch
Killed
Preparing Ethanol_c3_q1.dat -> Ethanol_c3_q1.out on /home/zoe/Research/Gaussian/scratch
Killed
Preparing Ethanol_c3_q2.dat -> Ethanol_c3_q2.out on /home/zoe/Research/Gaussian/scratch
Preparing Ethanol_c3_q3.dat -> Ethanol_c3_q3.out on /home/zoe/Research/Gaussian/scratch
Killed
Killed
Preparing Ethanol_c40_q1.dat -> Ethanol_c40_q1.out on /home/zoe/Research/Gaussian/scratch
Killed
Preparing Ethanol_c40_q2.dat -> Ethanol_c40_q2.out on /home/zoe/Research/Gaussian/scratch
Killed
Preparing Ethanol_c40_q3.dat -> Ethanol_c40_q3.out on /home/zoe/Research/Gaussian/scratch
Killed
Preparing Ethanol_c41_q1.dat -> Ethanol_c41_q1.out on /home/zoe/Research/Gaussian/scratch
Preparing Ethanol_c41_q2.dat -> Ethanol_c41_q2.out on /home/zoe/Research/Gaussian/scratch
Killed
Killed
Preparing Ethanol_c41_q3.dat -> Ethanol_c41_q3.out on /home/zoe/Research/Gaussian/scratch
Preparing Ethanol_c42_q1.dat -> Ethanol_c42_q1.out on /home/zoe/Research/Gaussian/scratch
Killed
Killed
Preparing Ethanol_c42_q2.dat -> Ethanol_c42_q2.out on /home/zoe/Research/Gaussian/scratch
Preparing Ethanol_c42_q3.dat -> Ethanol_c42_q3.out on /home/zoe/Research/Gaussian/scratch
Killed
Killed
Preparing Ethanol_c43_q1.dat -> Ethanol_c43_q1.out on /home/zoe/Research/Gaussian/scratch
Preparing Ethanol_c43_q2.dat -> Ethanol_c43_q2.out on /home/zoe/Research/Gaussian/scratch
Killed
Preparing Ethanol_c43_q3.dat -> Ethanol_c43_q3.out on /home/zoe/Research/Gaussian/scratch
Killed
Preparing Ethanol_c44_q1.dat -> Ethanol_c44_q1.out on /home/zoe/Research/Gaussian/scratch
Killed
Killed
Preparing Ethanol_c44_q2.dat -> Ethanol_c44_q2.out on /home/zoe/Research/Gaussian/scratch
Killed
Preparing Ethanol_c44_q3.dat -> Ethanol_c44_q3.out on /home/zoe/Research/Gaussian/scratch
Preparing Ethanol_c45_q1.dat -> Ethanol_c45_q1.out on /home/zoe/Research/Gaussian/scratch
Killed
Killed
Preparing Ethanol_c45_q2.dat -> Ethanol_c45_q2.out on /home/zoe/Research/Gaussian/scratch
Killed
Preparing Ethanol_c45_q3.dat -> Ethanol_c45_q3.out on /home/zoe/Research/Gaussian/scratch
Killed
Preparing Ethanol_c46_q1.dat -> Ethanol_c46_q1.out on /home/zoe/Research/Gaussian/scratch
Killed
Preparing Ethanol_c46_q2.dat -> Ethanol_c46_q2.out on /home/zoe/Research/Gaussian/scratch
Preparing Ethanol_c46_q3.dat -> Ethanol_c46_q3.out on /home/zoe/Research/Gaussian/scratch
Killed
Killed
Preparing Ethanol_c47_q1.dat -> Ethanol_c47_q1.out on /home/zoe/Research/Gaussian/scratch
Preparing Ethanol_c47_q2.dat -> Ethanol_c47_q2.out on /home/zoe/Research/Gaussian/scratch
Killed
Preparing Ethanol_c47_q3.dat -> Ethanol_c47_q3.out on /home/zoe/Research/Gaussian/scratch
Killed
Killed
Preparing Ethanol_c48_q1.dat -> Ethanol_c48_q1.out on /home/zoe/Research/Gaussian/scratch
Preparing Ethanol_c48_q2.dat -> Ethanol_c48_q2.out on /home/zoe/Research/Gaussian/scratch
Killed
Killed
Preparing Ethanol_c48_q3.dat -> Ethanol_c48_q3.out on /home/zoe/Research/Gaussian/scratch
Preparing Ethanol_c49_q1.dat -> Ethanol_c49_q1.out on /home/zoe/Research/Gaussian/scratch
Killed
Killed
Preparing Ethanol_c49_q2.dat -> Ethanol_c49_q2.out on /home/zoe/Research/Gaussian/scratch
Preparing Ethanol_c49_q3.dat -> Ethanol_c49_q3.out on /home/zoe/Research/Gaussian/scratch
Killed
Preparing Ethanol_c4_q1.dat -> Ethanol_c4_q1.out on /home/zoe/Research/Gaussian/scratch
Killed
Killed
Preparing Ethanol_c4_q2.dat -> Ethanol_c4_q2.out on /home/zoe/Research/Gaussian/scratch
Killed
Preparing Ethanol_c4_q3.dat -> Ethanol_c4_q3.out on /home/zoe/Research/Gaussian/scratch
Preparing Ethanol_c50_q1.dat -> Ethanol_c50_q1.out on /home/zoe/Research/Gaussian/scratch
Killed
Killed
Preparing Ethanol_c50_q2.dat -> Ethanol_c50_q2.out on /home/zoe/Research/Gaussian/scratch
Killed
Preparing Ethanol_c50_q3.dat -> Ethanol_c50_q3.out on /home/zoe/Research/Gaussian/scratch
Killed
Preparing Ethanol_c51_q1.dat -> Ethanol_c51_q1.out on /home/zoe/Research/Gaussian/scratch
Killed
Preparing Ethanol_c51_q2.dat -> Ethanol_c51_q2.out on /home/zoe/Research/Gaussian/scratch
Killed
Preparing Ethanol_c51_q3.dat -> Ethanol_c51_q3.out on /home/zoe/Research/Gaussian/scratch
Preparing Ethanol_c52_q1.dat -> Ethanol_c52_q1.out on /home/zoe/Research/Gaussian/scratch
Killed
Killed
Preparing Ethanol_c52_q2.dat -> Ethanol_c52_q2.out on /home/zoe/Research/Gaussian/scratch
Killed
Preparing Ethanol_c52_q3.dat -> Ethanol_c52_q3.out on /home/zoe/Research/Gaussian/scratch
Preparing Ethanol_c53_q1.dat -> Ethanol_c53_q1.out on /home/zoe/Research/Gaussian/scratch
Killed
Preparing Ethanol_c53_q2.dat -> Ethanol_c53_q2.out on /home/zoe/Research/Gaussian/scratch
Killed
Preparing Ethanol_c53_q3.dat -> Ethanol_c53_q3.out on /home/zoe/Research/Gaussian/scratch
Killed
Killed
Preparing Ethanol_c54_q1.dat -> Ethanol_c54_q1.out on /home/zoe/Research/Gaussian/scratch
Preparing Ethanol_c54_q2.dat -> Ethanol_c54_q2.out on /home/zoe/Research/Gaussian/scratch
Killed
Preparing Ethanol_c54_q3.dat -> Ethanol_c54_q3.out on /home/zoe/Research/Gaussian/scratch
Killed
Preparing Ethanol_c55_q1.dat -> Ethanol_c55_q1.out on /home/zoe/Research/Gaussian/scratch
Killed
Killed
Preparing Ethanol_c55_q2.dat -> Ethanol_c55_q2.out on /home/zoe/Research/Gaussian/scratch
Preparing Ethanol_c55_q3.dat -> Ethanol_c55_q3.out on /home/zoe/Research/Gaussian/scratch
Killed
Killed
Preparing Ethanol_c56_q1.dat -> Ethanol_c56_q1.out on /home/zoe/Research/Gaussian/scratch
Killed
Preparing Ethanol_c56_q2.dat -> Ethanol_c56_q2.out on /home/zoe/Research/Gaussian/scratch
Killed
Preparing Ethanol_c56_q3.dat -> Ethanol_c56_q3.out on /home/zoe/Research/Gaussian/scratch
Preparing Ethanol_c57_q1.dat -> Ethanol_c57_q1.out on /home/zoe/Research/Gaussian/scratch
Killed
Killed
Preparing Ethanol_c57_q2.dat -> Ethanol_c57_q2.out on /home/zoe/Research/Gaussian/scratch
Killed
Preparing Ethanol_c57_q3.dat -> Ethanol_c57_q3.out on /home/zoe/Research/Gaussian/scratch
Killed
Preparing Ethanol_c58_q1.dat -> Ethanol_c58_q1.out on /home/zoe/Research/Gaussian/scratch
Preparing Ethanol_c58_q2.dat -> Ethanol_c58_q2.out on /home/zoe/Research/Gaussian/scratch
Killed
Killed
Preparing Ethanol_c58_q3.dat -> Ethanol_c58_q3.out on /home/zoe/Research/Gaussian/scratch
Killed
Preparing Ethanol_c59_q1.dat -> Ethanol_c59_q1.out on /home/zoe/Research/Gaussian/scratch
Preparing Ethanol_c59_q2.dat -> Ethanol_c59_q2.out on /home/zoe/Research/Gaussian/scratch
Killed
Killed
Preparing Ethanol_c59_q3.dat -> Ethanol_c59_q3.out on /home/zoe/Research/Gaussian/scratch
Killed
Preparing Ethanol_c5_q1.dat -> Ethanol_c5_q1.out on /home/zoe/Research/Gaussian/scratch
Killed
Preparing Ethanol_c5_q2.dat -> Ethanol_c5_q2.out on /home/zoe/Research/Gaussian/scratch
Killed
Preparing Ethanol_c5_q3.dat -> Ethanol_c5_q3.out on /home/zoe/Research/Gaussian/scratch
Killed
Preparing Ethanol_c60_q1.dat -> Ethanol_c60_q1.out on /home/zoe/Research/Gaussian/scratch
Preparing Ethanol_c60_q2.dat -> Ethanol_c60_q2.out on /home/zoe/Research/Gaussian/scratch
Killed
Preparing Ethanol_c60_q3.dat -> Ethanol_c60_q3.out on /home/zoe/Research/Gaussian/scratch
Killed
Killed
Preparing Ethanol_c61_q1.dat -> Ethanol_c61_q1.out on /home/zoe/Research/Gaussian/scratch
Killed
Preparing Ethanol_c61_q2.dat -> Ethanol_c61_q2.out on /home/zoe/Research/Gaussian/scratch
Preparing Ethanol_c61_q3.dat -> Ethanol_c61_q3.out on /home/zoe/Research/Gaussian/scratch
Killed
Preparing Ethanol_c62_q1.dat -> Ethanol_c62_q1.out on /home/zoe/Research/Gaussian/scratch
Killed
Killed
Preparing Ethanol_c62_q2.dat -> Ethanol_c62_q2.out on /home/zoe/Research/Gaussian/scratch
Killed
Preparing Ethanol_c62_q3.dat -> Ethanol_c62_q3.out on /home/zoe/Research/Gaussian/scratch
Killed
Preparing Ethanol_c63_q1.dat -> Ethanol_c63_q1.out on /home/zoe/Research/Gaussian/scratch
Preparing Ethanol_c63_q2.dat -> Ethanol_c63_q2.out on /home/zoe/Research/Gaussian/scratch
Killed
Preparing Ethanol_c63_q3.dat -> Ethanol_c63_q3.out on /home/zoe/Research/Gaussian/scratch
Killed
Killed
Preparing Ethanol_c64_q1.dat -> Ethanol_c64_q1.out on /home/zoe/Research/Gaussian/scratch
Killed
Preparing Ethanol_c64_q2.dat -> Ethanol_c64_q2.out on /home/zoe/Research/Gaussian/scratch
Killed
Preparing Ethanol_c64_q3.dat -> Ethanol_c64_q3.out on /home/zoe/Research/Gaussian/scratch
Preparing Ethanol_c65_q1.dat -> Ethanol_c65_q1.out on /home/zoe/Research/Gaussian/scratch
Killed
Preparing Ethanol_c65_q2.dat -> Ethanol_c65_q2.out on /home/zoe/Research/Gaussian/scratch
Killed
Preparing Ethanol_c65_q3.dat -> Ethanol_c65_q3.out on /home/zoe/Research/Gaussian/scratch
Killed
Preparing Ethanol_c66_q1.dat -> Ethanol_c66_q1.out on /home/zoe/Research/Gaussian/scratch
Killed
Killed
Preparing Ethanol_c66_q2.dat -> Ethanol_c66_q2.out on /home/zoe/Research/Gaussian/scratch
Preparing Ethanol_c66_q3.dat -> Ethanol_c66_q3.out on /home/zoe/Research/Gaussian/scratch
Killed
Preparing Ethanol_c67_q1.dat -> Ethanol_c67_q1.out on /home/zoe/Research/Gaussian/scratch
Killed
Killed
Preparing Ethanol_c67_q2.dat -> Ethanol_c67_q2.out on /home/zoe/Research/Gaussian/scratch
Killed
Preparing Ethanol_c67_q3.dat -> Ethanol_c67_q3.out on /home/zoe/Research/Gaussian/scratch
Preparing Ethanol_c68_q1.dat -> Ethanol_c68_q1.out on /home/zoe/Research/Gaussian/scratch
Killed
Preparing Ethanol_c68_q2.dat -> Ethanol_c68_q2.out on /home/zoe/Research/Gaussian/scratch
Killed
Preparing Ethanol_c68_q3.dat -> Ethanol_c68_q3.out on /home/zoe/Research/Gaussian/scratch
Killed
Preparing Ethanol_c69_q1.dat -> Ethanol_c69_q1.out on /home/zoe/Research/Gaussian/scratch
Killed
Preparing Ethanol_c69_q2.dat -> Ethanol_c69_q2.out on /home/zoe/Research/Gaussian/scratch
Killed
Preparing Ethanol_c69_q3.dat -> Ethanol_c69_q3.out on /home/zoe/Research/Gaussian/scratch
Killed
Killed
Preparing Ethanol_c6_q1.dat -> Ethanol_c6_q1.out on /home/zoe/Research/Gaussian/scratch
Preparing Ethanol_c6_q2.dat -> Ethanol_c6_q2.out on /home/zoe/Research/Gaussian/scratch
Killed
Preparing Ethanol_c6_q3.dat -> Ethanol_c6_q3.out on /home/zoe/Research/Gaussian/scratch
Killed
Killed
Preparing Ethanol_c70_q1.dat -> Ethanol_c70_q1.out on /home/zoe/Research/Gaussian/scratch
Preparing Ethanol_c70_q2.dat -> Ethanol_c70_q2.out on /home/zoe/Research/Gaussian/scratch
Killed
Preparing Ethanol_c70_q3.dat -> Ethanol_c70_q3.out on /home/zoe/Research/Gaussian/scratch
Killed
Preparing Ethanol_c71_q1.dat -> Ethanol_c71_q1.out on /home/zoe/Research/Gaussian/scratch
Killed
Killed
Preparing Ethanol_c71_q2.dat -> Ethanol_c71_q2.out on /home/zoe/Research/Gaussian/scratch
Killed
Preparing Ethanol_c71_q3.dat -> Ethanol_c71_q3.out on /home/zoe/Research/Gaussian/scratch
Killed
Preparing Ethanol_c72_q1.dat -> Ethanol_c72_q1.out on /home/zoe/Research/Gaussian/scratch
Preparing Ethanol_c72_q2.dat -> Ethanol_c72_q2.out on /home/zoe/Research/Gaussian/scratch
Killed
Killed
Preparing Ethanol_c72_q3.dat -> Ethanol_c72_q3.out on /home/zoe/Research/Gaussian/scratch
Killed
Preparing Ethanol_c73_q1.dat -> Ethanol_c73_q1.out on /home/zoe/Research/Gaussian/scratch
Killed
Preparing Ethanol_c73_q2.dat -> Ethanol_c73_q2.out on /home/zoe/Research/Gaussian/scratch
Preparing Ethanol_c73_q3.dat -> Ethanol_c73_q3.out on /home/zoe/Research/Gaussian/scratch
Killed
Preparing Ethanol_c74_q1.dat -> Ethanol_c74_q1.out on /home/zoe/Research/Gaussian/scratch
Killed
Preparing Ethanol_c74_q2.dat -> Ethanol_c74_q2.out on /home/zoe/Research/Gaussian/scratch
Killed
Preparing Ethanol_c74_q3.dat -> Ethanol_c74_q3.out on /home/zoe/Research/Gaussian/scratch
Killed
Preparing Ethanol_c75_q1.dat -> Ethanol_c75_q1.out on /home/zoe/Research/Gaussian/scratch
Killed
Preparing Ethanol_c75_q2.dat -> Ethanol_c75_q2.out on /home/zoe/Research/Gaussian/scratch
Killed
Killed
Preparing Ethanol_c75_q3.dat -> Ethanol_c75_q3.out on /home/zoe/Research/Gaussian/scratch
Preparing Ethanol_c76_q1.dat -> Ethanol_c76_q1.out on /home/zoe/Research/Gaussian/scratch
Killed
Killed
Preparing Ethanol_c76_q2.dat -> Ethanol_c76_q2.out on /home/zoe/Research/Gaussian/scratch
Preparing Ethanol_c76_q3.dat -> Ethanol_c76_q3.out on /home/zoe/Research/Gaussian/scratch
Killed
Preparing Ethanol_c77_q1.dat -> Ethanol_c77_q1.out on /home/zoe/Research/Gaussian/scratch
Killed
Preparing Ethanol_c77_q2.dat -> Ethanol_c77_q2.out on /home/zoe/Research/Gaussian/scratch
Killed
Killed
Preparing Ethanol_c77_q3.dat -> Ethanol_c77_q3.out on /home/zoe/Research/Gaussian/scratch
Killed
Preparing Ethanol_c78_q1.dat -> Ethanol_c78_q1.out on /home/zoe/Research/Gaussian/scratch
Killed
Preparing Ethanol_c78_q2.dat -> Ethanol_c78_q2.out on /home/zoe/Research/Gaussian/scratch
Killed
Preparing Ethanol_c78_q3.dat -> Ethanol_c78_q3.out on /home/zoe/Research/Gaussian/scratch
Preparing Ethanol_c79_q1.dat -> Ethanol_c79_q1.out on /home/zoe/Research/Gaussian/scratch
Killed
Preparing Ethanol_c79_q2.dat -> Ethanol_c79_q2.out on /home/zoe/Research/Gaussian/scratch
Killed
Killed
Preparing Ethanol_c79_q3.dat -> Ethanol_c79_q3.out on /home/zoe/Research/Gaussian/scratch
Killed
Preparing Ethanol_c7_q1.dat -> Ethanol_c7_q1.out on /home/zoe/Research/Gaussian/scratch
Killed
Preparing Ethanol_c7_q2.dat -> Ethanol_c7_q2.out on /home/zoe/Research/Gaussian/scratch
Killed
Preparing Ethanol_c7_q3.dat -> Ethanol_c7_q3.out on /home/zoe/Research/Gaussian/scratch
Killed
Preparing Ethanol_c80_q1.dat -> Ethanol_c80_q1.out on /home/zoe/Research/Gaussian/scratch
Killed
Preparing Ethanol_c80_q2.dat -> Ethanol_c80_q2.out on /home/zoe/Research/Gaussian/scratch
Preparing Ethanol_c80_q3.dat -> Ethanol_c80_q3.out on /home/zoe/Research/Gaussian/scratch
Killed
Preparing Ethanol_c81_q1.dat -> Ethanol_c81_q1.out on /home/zoe/Research/Gaussian/scratch
Killed
Preparing Ethanol_c81_q2.dat -> Ethanol_c81_q2.out on /home/zoe/Research/Gaussian/scratch
Killed
Preparing Ethanol_c81_q3.dat -> Ethanol_c81_q3.out on /home/zoe/Research/Gaussian/scratch
Killed
Preparing Ethanol_c82_q1.dat -> Ethanol_c82_q1.out on /home/zoe/Research/Gaussian/scratch
Killed
Killed
Preparing Ethanol_c82_q2.dat -> Ethanol_c82_q2.out on /home/zoe/Research/Gaussian/scratch
Preparing Ethanol_c82_q3.dat -> Ethanol_c82_q3.out on /home/zoe/Research/Gaussian/scratch
Killed
Killed
Preparing Ethanol_c83_q1.dat -> Ethanol_c83_q1.out on /home/zoe/Research/Gaussian/scratch
Killed
Preparing Ethanol_c83_q2.dat -> Ethanol_c83_q2.out on /home/zoe/Research/Gaussian/scratch
Killed
Preparing Ethanol_c83_q3.dat -> Ethanol_c83_q3.out on /home/zoe/Research/Gaussian/scratch
Preparing Ethanol_c84_q1.dat -> Ethanol_c84_q1.out on /home/zoe/Research/Gaussian/scratch
Killed
Preparing Ethanol_c84_q2.dat -> Ethanol_c84_q2.out on /home/zoe/Research/Gaussian/scratch
Killed
Preparing Ethanol_c84_q3.dat -> Ethanol_c84_q3.out on /home/zoe/Research/Gaussian/scratch
Killed
Killed
Preparing Ethanol_c85_q1.dat -> Ethanol_c85_q1.out on /home/zoe/Research/Gaussian/scratch
Killed
Preparing Ethanol_c85_q2.dat -> Ethanol_c85_q2.out on /home/zoe/Research/Gaussian/scratch
Preparing Ethanol_c85_q3.dat -> Ethanol_c85_q3.out on /home/zoe/Research/Gaussian/scratch
Killed
Preparing Ethanol_c86_q1.dat -> Ethanol_c86_q1.out on /home/zoe/Research/Gaussian/scratch
Killed
Killed
Preparing Ethanol_c86_q2.dat -> Ethanol_c86_q2.out on /home/zoe/Research/Gaussian/scratch
Killed
Preparing Ethanol_c86_q3.dat -> Ethanol_c86_q3.out on /home/zoe/Research/Gaussian/scratch
Killed
Preparing Ethanol_c87_q1.dat -> Ethanol_c87_q1.out on /home/zoe/Research/Gaussian/scratch
Preparing Ethanol_c87_q2.dat -> Ethanol_c87_q2.out on /home/zoe/Research/Gaussian/scratch
Killed
Killed
Preparing Ethanol_c87_q3.dat -> Ethanol_c87_q3.out on /home/zoe/Research/Gaussian/scratch
Preparing Ethanol_c88_q1.dat -> Ethanol_c88_q1.out on /home/zoe/Research/Gaussian/scratch
Killed
Preparing Ethanol_c88_q2.dat -> Ethanol_c88_q2.out on /home/zoe/Research/Gaussian/scratch
Killed
Killed
Preparing Ethanol_c88_q3.dat -> Ethanol_c88_q3.out on /home/zoe/Research/Gaussian/scratch
Killed
Preparing Ethanol_c89_q1.dat -> Ethanol_c89_q1.out on /home/zoe/Research/Gaussian/scratch
Killed
Preparing Ethanol_c89_q2.dat -> Ethanol_c89_q2.out on /home/zoe/Research/Gaussian/scratch
Preparing Ethanol_c89_q3.dat -> Ethanol_c89_q3.out on /home/zoe/Research/Gaussian/scratch
Killed
Preparing Ethanol_c8_q1.dat -> Ethanol_c8_q1.out on /home/zoe/Research/Gaussian/scratch
Killed
Killed
Preparing Ethanol_c8_q2.dat -> Ethanol_c8_q2.out on /home/zoe/Research/Gaussian/scratch
Preparing Ethanol_c8_q3.dat -> Ethanol_c8_q3.out on /home/zoe/Research/Gaussian/scratch
Killed
Killed
Preparing Ethanol_c90_q1.dat -> Ethanol_c90_q1.out on /home/zoe/Research/Gaussian/scratch
Preparing Ethanol_c90_q2.dat -> Ethanol_c90_q2.out on /home/zoe/Research/Gaussian/scratch
Killed
Killed
Preparing Ethanol_c90_q3.dat -> Ethanol_c90_q3.out on /home/zoe/Research/Gaussian/scratch
Killed
Preparing Ethanol_c91_q1.dat -> Ethanol_c91_q1.out on /home/zoe/Research/Gaussian/scratch
Killed
Preparing Ethanol_c91_q2.dat -> Ethanol_c91_q2.out on /home/zoe/Research/Gaussian/scratch
Preparing Ethanol_c91_q3.dat -> Ethanol_c91_q3.out on /home/zoe/Research/Gaussian/scratch
Killed
Preparing Ethanol_c92_q1.dat -> Ethanol_c92_q1.out on /home/zoe/Research/Gaussian/scratch
Killed
Killed
Preparing Ethanol_c92_q2.dat -> Ethanol_c92_q2.out on /home/zoe/Research/Gaussian/scratch
Preparing Ethanol_c92_q3.dat -> Ethanol_c92_q3.out on /home/zoe/Research/Gaussian/scratch
Killed
Killed
Preparing Ethanol_c93_q1.dat -> Ethanol_c93_q1.out on /home/zoe/Research/Gaussian/scratch
Preparing Ethanol_c93_q2.dat -> Ethanol_c93_q2.out on /home/zoe/Research/Gaussian/scratch
Killed
Killed
Preparing Ethanol_c93_q3.dat -> Ethanol_c93_q3.out on /home/zoe/Research/Gaussian/scratch
Killed
Preparing Ethanol_c94_q1.dat -> Ethanol_c94_q1.out on /home/zoe/Research/Gaussian/scratch
Preparing Ethanol_c94_q2.dat -> Ethanol_c94_q2.out on /home/zoe/Research/Gaussian/scratch
Killed
Preparing Ethanol_c94_q3.dat -> Ethanol_c94_q3.out on /home/zoe/Research/Gaussian/scratch
Killed
Preparing Ethanol_c95_q1.dat -> Ethanol_c95_q1.out on /home/zoe/Research/Gaussian/scratch
Killed
Preparing Ethanol_c95_q2.dat -> Ethanol_c95_q2.out on /home/zoe/Research/Gaussian/scratch
Killed
Preparing Ethanol_c95_q3.dat -> Ethanol_c95_q3.out on /home/zoe/Research/Gaussian/scratch
Killed
Preparing Ethanol_c96_q1.dat -> Ethanol_c96_q1.out on /home/zoe/Research/Gaussian/scratch
Killed
Preparing Ethanol_c96_q2.dat -> Ethanol_c96_q2.out on /home/zoe/Research/Gaussian/scratch
Killed
Killed
Preparing Ethanol_c96_q3.dat -> Ethanol_c96_q3.out on /home/zoe/Research/Gaussian/scratch
Killed
Preparing Ethanol_c97_q1.dat -> Ethanol_c97_q1.out on /home/zoe/Research/Gaussian/scratch
Killed
Preparing Ethanol_c97_q2.dat -> Ethanol_c97_q2.out on /home/zoe/Research/Gaussian/scratch
Killed
Preparing Ethanol_c97_q3.dat -> Ethanol_c97_q3.out on /home/zoe/Research/Gaussian/scratch
Killed
Preparing Ethanol_c98_q1.dat -> Ethanol_c98_q1.out on /home/zoe/Research/Gaussian/scratch
Killed
Preparing Ethanol_c98_q2.dat -> Ethanol_c98_q2.out on /home/zoe/Research/Gaussian/scratch
Preparing Ethanol_c98_q3.dat -> Ethanol_c98_q3.out on /home/zoe/Research/Gaussian/scratch
Killed
Killed
Preparing Ethanol_c99_q1.dat -> Ethanol_c99_q1.out on /home/zoe/Research/Gaussian/scratch
Preparing Ethanol_c99_q2.dat -> Ethanol_c99_q2.out on /home/zoe/Research/Gaussian/scratch
Killed
Killed
Preparing Ethanol_c99_q3.dat -> Ethanol_c99_q3.out on /home/zoe/Research/Gaussian/scratch
Killed
Preparing Ethanol_c9_q1.dat -> Ethanol_c9_q1.out on /home/zoe/Research/Gaussian/scratch
Preparing Ethanol_c9_q2.dat -> Ethanol_c9_q2.out on /home/zoe/Research/Gaussian/scratch
Killed
Preparing Ethanol_c9_q3.dat -> Ethanol_c9_q3.out on /home/zoe/Research/Gaussian/scratch
Killed
Killed
Killed
./Ethanol_c184_q1
./opt-test-SCEE/Ethanol_c184_q1.dat
./Ethanol_c19_q2
./opt-test-SCEE/Ethanol_c19_q2.dat
./Ethanol_c56_q1
./opt-test-SCEE/Ethanol_c56_q1.dat
./Ethanol_c188_q2
./opt-test-SCEE/Ethanol_c188_q2.dat
./Ethanol_c167_q1
./opt-test-SCEE/Ethanol_c167_q1.dat
./Ethanol_c97_q1
./opt-test-SCEE/Ethanol_c97_q1.dat
./Ethanol_c196_q1
./opt-test-SCEE/Ethanol_c196_q1.dat
./Ethanol_c119_q1
./opt-test-SCEE/Ethanol_c119_q1.dat
./Ethanol_c132_q1
./opt-test-SCEE/Ethanol_c132_q1.dat
./Ethanol_c110_q3
./opt-test-SCEE/Ethanol_c110_q3.dat
./Ethanol_c134_q3
./opt-test-SCEE/Ethanol_c134_q3.dat
./Ethanol_c93_q1
./opt-test-SCEE/Ethanol_c93_q1.dat
./Ethanol_c121_q1
./opt-test-SCEE/Ethanol_c121_q1.dat
./Ethanol_c1_q1
./opt-test-SCEE/Ethanol_c1_q1.dat
./Ethanol_c152_q1
./opt-test-SCEE/Ethanol_c152_q1.dat
./Ethanol_c32_q2
./opt-test-SCEE/Ethanol_c32_q2.dat
./Ethanol_c116_q2
./opt-test-SCEE/Ethanol_c116_q2.dat
./Ethanol_c51_q3
./opt-test-SCEE/Ethanol_c51_q3.dat
./Ethanol_c6_q3
./opt-test-SCEE/Ethanol_c6_q3.dat
./Ethanol_c60_q1
./opt-test-SCEE/Ethanol_c60_q1.dat
./Ethanol_c5_q1
./opt-test-SCEE/Ethanol_c5_q1.dat
./Ethanol_c114_q2
./opt-test-SCEE/Ethanol_c114_q2.dat
./Ethanol_c120_q2
./opt-test-SCEE/Ethanol_c120_q2.dat
./Ethanol_c131_q3
./opt-test-SCEE/Ethanol_c131_q3.dat
./Ethanol_c19_q1
./opt-test-SCEE/Ethanol_c19_q1.dat
./Ethanol_c57_q1
./opt-test-SCEE/Ethanol_c57_q1.dat
./Ethanol_c64_q1
./opt-test-SCEE/Ethanol_c64_q1.dat
./Ethanol_c115_q1
./opt-test-SCEE/Ethanol_c115_q1.dat
./Ethanol_c9_q1
./opt-test-SCEE/Ethanol_c9_q1.dat
./Ethanol_c149_q1
./opt-test-SCEE/Ethanol_c149_q1.dat
./Ethanol_c48_q2
./opt-test-SCEE/Ethanol_c48_q2.dat
./Ethanol_c122_q3
./opt-test-SCEE/Ethanol_c122_q3.dat
./Ethanol_c67_q2
./opt-test-SCEE/Ethanol_c67_q2.dat
./Ethanol_c64_q2
./opt-test-SCEE/Ethanol_c64_q2.dat
./Ethanol_c72_q3
./opt-test-SCEE/Ethanol_c72_q3.dat
./Ethanol_c157_q1
./opt-test-SCEE/Ethanol_c157_q1.dat
./Ethanol_c61_q3
./opt-test-SCEE/Ethanol_c61_q3.dat
./Ethanol_c123_q1
./opt-test-SCEE/Ethanol_c123_q1.dat
./Ethanol_c129_q1
./opt-test-SCEE/Ethanol_c129_q1.dat
./Ethanol_c154_q1
./opt-test-SCEE/Ethanol_c154_q1.dat
./Ethanol_c173_q1
./opt-test-SCEE/Ethanol_c173_q1.dat
./Ethanol_c128_q1
./opt-test-SCEE/Ethanol_c128_q1.dat
./Ethanol_c79_q3
./opt-test-SCEE/Ethanol_c79_q3.dat
./Ethanol_c46_q3
./opt-test-SCEE/Ethanol_c46_q3.dat
./Ethanol_c197_q2
./opt-test-SCEE/Ethanol_c197_q2.dat
./Ethanol_c105_q3
./opt-test-SCEE/Ethanol_c105_q3.dat
./Ethanol_c43_q3
./opt-test-SCEE/Ethanol_c43_q3.dat
./Ethanol_c14_q2
./opt-test-SCEE/Ethanol_c14_q2.dat
./Ethanol_c102_q2
./opt-test-SCEE/Ethanol_c102_q2.dat
./Ethanol_c128_q3
./opt-test-SCEE/Ethanol_c128_q3.dat
./Ethanol_c4_q1
./opt-test-SCEE/Ethanol_c4_q1.dat
./Ethanol_c127_q1
./opt-test-SCEE/Ethanol_c127_q1.dat
./Ethanol_c108_q1
./opt-test-SCEE/Ethanol_c108_q1.dat
./Ethanol_c179_q1
./opt-test-SCEE/Ethanol_c179_q1.dat
./Ethanol_c185_q2
./opt-test-SCEE/Ethanol_c185_q2.dat
./Ethanol_c158_q3
./opt-test-SCEE/Ethanol_c158_q3.dat
./Ethanol_c112_q2
./opt-test-SCEE/Ethanol_c112_q2.dat
./Ethanol_c148_q2
./opt-test-SCEE/Ethanol_c148_q2.dat
./Ethanol_c93_q2
./opt-test-SCEE/Ethanol_c93_q2.dat
./Ethanol_c159_q2
./opt-test-SCEE/Ethanol_c159_q2.dat
./Ethanol_c156_q2
./opt-test-SCEE/Ethanol_c156_q2.dat
./Ethanol_c153_q3
./opt-test-SCEE/Ethanol_c153_q3.dat
./Ethanol_c114_q1
./opt-test-SCEE/Ethanol_c114_q1.dat
./Ethanol_c10_q3
./opt-test-SCEE/Ethanol_c10_q3.dat
./Ethanol_c6_q2
./opt-test-SCEE/Ethanol_c6_q2.dat
./Ethanol_c42_q1
./opt-test-SCEE/Ethanol_c42_q1.dat
./Ethanol_c116_q3
./opt-test-SCEE/Ethanol_c116_q3.dat
./Ethanol_c20_q2
./opt-test-SCEE/Ethanol_c20_q2.dat
./Ethanol_c104_q1
./opt-test-SCEE/Ethanol_c104_q1.dat
./Ethanol_c3_q2
./opt-test-SCEE/Ethanol_c3_q2.dat
./Ethanol_c106_q1
./opt-test-SCEE/Ethanol_c106_q1.dat
./Ethanol_c103_q1
./opt-test-SCEE/Ethanol_c103_q1.dat
./Ethanol_c186_q1
./opt-test-SCEE/Ethanol_c186_q1.dat
./Ethanol_c186_q3
./opt-test-SCEE/Ethanol_c186_q3.dat
./Ethanol_c53_q2
./opt-test-SCEE/Ethanol_c53_q2.dat
./Ethanol_c124_q1
./opt-test-SCEE/Ethanol_c124_q1.dat
./Ethanol_c101_q3
./opt-test-SCEE/Ethanol_c101_q3.dat
./Ethanol_c161_q1
./opt-test-SCEE/Ethanol_c161_q1.dat
./Ethanol_c189_q2
./opt-test-SCEE/Ethanol_c189_q2.dat
./Ethanol_c142_q1
./opt-test-SCEE/Ethanol_c142_q1.dat
./Ethanol_c91_q3
./opt-test-SCEE/Ethanol_c91_q3.dat
./Ethanol_c174_q2
./opt-test-SCEE/Ethanol_c174_q2.dat
./Ethanol_c109_q1
./opt-test-SCEE/Ethanol_c109_q1.dat
./Ethanol_c5_q2
./opt-test-SCEE/Ethanol_c5_q2.dat
./Ethanol_c189_q1
./opt-test-SCEE/Ethanol_c189_q1.dat
./Ethanol_c104_q2
./opt-test-SCEE/Ethanol_c104_q2.dat
./Ethanol_c38_q2
./opt-test-SCEE/Ethanol_c38_q2.dat
./Ethanol_c108_q2
./opt-test-SCEE/Ethanol_c108_q2.dat
./Ethanol_c66_q3
./opt-test-SCEE/Ethanol_c66_q3.dat
./Ethanol_c48_q1
./opt-test-SCEE/Ethanol_c48_q1.dat
./Ethanol_c118_q2
./opt-test-SCEE/Ethanol_c118_q2.dat
./Ethanol_c140_q2
./opt-test-SCEE/Ethanol_c140_q2.dat
./Ethanol_c40_q3
./opt-test-SCEE/Ethanol_c40_q3.dat
./Ethanol_c65_q2
./opt-test-SCEE/Ethanol_c65_q2.dat
./Ethanol_c44_q3
./opt-test-SCEE/Ethanol_c44_q3.dat
./Ethanol_c62_q3
./opt-test-SCEE/Ethanol_c62_q3.dat
./Ethanol_c99_q3
./opt-test-SCEE/Ethanol_c99_q3.dat
./Ethanol_c119_q2
./opt-test-SCEE/Ethanol_c119_q2.dat
./Ethanol_c17_q3
./opt-test-SCEE/Ethanol_c17_q3.dat
./Ethanol_c83_q1
./opt-test-SCEE/Ethanol_c83_q1.dat
./Ethanol_c160_q1
./opt-test-SCEE/Ethanol_c160_q1.dat
./Ethanol_c133_q1
./opt-test-SCEE/Ethanol_c133_q1.dat
./Ethanol_c88_q2
./opt-test-SCEE/Ethanol_c88_q2.dat
./Ethanol_c7_q2
./opt-test-SCEE/Ethanol_c7_q2.dat
./Ethanol_c114_q3
./opt-test-SCEE/Ethanol_c114_q3.dat
./Ethanol_c188_q1
./opt-test-SCEE/Ethanol_c188_q1.dat
./Ethanol_c149_q3
./opt-test-SCEE/Ethanol_c149_q3.dat
./Ethanol_c176_q1
./opt-test-SCEE/Ethanol_c176_q1.dat
./Ethanol_c11_q1
./opt-test-SCEE/Ethanol_c11_q1.dat
./Ethanol_c138_q3
./opt-test-SCEE/Ethanol_c138_q3.dat
./Ethanol_c84_q3
./opt-test-SCEE/Ethanol_c84_q3.dat
./Ethanol_c151_q1
./opt-test-SCEE/Ethanol_c151_q1.dat
./Ethanol_c37_q2
./opt-test-SCEE/Ethanol_c37_q2.dat
./Ethanol_c62_q2
./opt-test-SCEE/Ethanol_c62_q2.dat
./Ethanol_c98_q3
./opt-test-SCEE/Ethanol_c98_q3.dat
./Ethanol_c12_q2
./opt-test-SCEE/Ethanol_c12_q2.dat
./Ethanol_c10_q1
./opt-test-SCEE/Ethanol_c10_q1.dat
./Ethanol_c60_q2
./opt-test-SCEE/Ethanol_c60_q2.dat
./Ethanol_c146_q3
./opt-test-SCEE/Ethanol_c146_q3.dat
./Ethanol_c115_q2
./opt-test-SCEE/Ethanol_c115_q2.dat
./Ethanol_c162_q1
./opt-test-SCEE/Ethanol_c162_q1.dat
./Ethanol_c105_q2
./opt-test-SCEE/Ethanol_c105_q2.dat
./Ethanol_c31_q2
./opt-test-SCEE/Ethanol_c31_q2.dat
./Ethanol_c187_q1
./opt-test-SCEE/Ethanol_c187_q1.dat
./Ethanol_c130_q3
./opt-test-SCEE/Ethanol_c130_q3.dat
./Ethanol_c76_q2
./opt-test-SCEE/Ethanol_c76_q2.dat
./Ethanol_c68_q1
./opt-test-SCEE/Ethanol_c68_q1.dat
./Ethanol_c195_q2
./opt-test-SCEE/Ethanol_c195_q2.dat
./Ethanol_c165_q1
./opt-test-SCEE/Ethanol_c165_q1.dat
./Ethanol_c86_q3
./opt-test-SCEE/Ethanol_c86_q3.dat
./Ethanol_c85_q2
./opt-test-SCEE/Ethanol_c85_q2.dat
./Ethanol_c59_q3
./opt-test-SCEE/Ethanol_c59_q3.dat
./Ethanol_c156_q1
./opt-test-SCEE/Ethanol_c156_q1.dat
./Ethanol_c27_q3
./opt-test-SCEE/Ethanol_c27_q3.dat
./Ethanol_c75_q3
./opt-test-SCEE/Ethanol_c75_q3.dat
./Ethanol_c104_q3
./opt-test-SCEE/Ethanol_c104_q3.dat
['./Ethanol_c196_q1_chg.inp', './Ethanol_c64_q1_chg.inp', './Ethanol_c165_q3_chg.inp', './Ethanol_c160_q3_chg.inp', './Ethanol_c165_q1_chg.inp', './Ethanol_c45_q2_chg.inp', './Ethanol_c160_q1_chg.inp', './Ethanol_c150_q2_chg.inp', './Ethanol_c186_q3_chg.inp', './Ethanol_c94_q3_chg.inp', './Ethanol_c183_q2_chg.inp', './Ethanol_c24_q2_chg.inp', './Ethanol_c82_q1_chg.inp', './Ethanol_c140_q3_chg.inp', './Ethanol_c170_q2_chg.inp', './Ethanol_c150_q3_chg.inp', './Ethanol_c58_q2_chg.inp', './Ethanol_c4_q2_chg.inp', './Ethanol_c91_q2_chg.inp', './Ethanol_c60_q2_chg.inp', './Ethanol_c136_q2_chg.inp', './Ethanol_c119_q2_chg.inp', './Ethanol_c103_q1_chg.inp', './Ethanol_c152_q3_chg.inp', './Ethanol_c173_q3_chg.inp', './Ethanol_c15_q2_chg.inp', './Ethanol_c122_q2_chg.inp', './Ethanol_c68_q2_chg.inp', './Ethanol_c11_q2_chg.inp', './Ethanol_c29_q1_chg.inp', './Ethanol_c65_q3_chg.inp', './Ethanol_c174_q3_chg.inp', './Ethanol_c42_q1_chg.inp', './Ethanol_c62_q3_chg.inp', './Ethanol_c29_q3_chg.inp', './Ethanol_c143_q2_chg.inp', './Ethanol_c52_q2_chg.inp', './Ethanol_c140_q1_chg.inp', './Ethanol_c69_q2_chg.inp', './Ethanol_c101_q3_chg.inp', './Ethanol_c93_q3_chg.inp', './Ethanol_c187_q2_chg.inp', './Ethanol_c172_q1_chg.inp', './Ethanol_c157_q3_chg.inp', './Ethanol_c68_q3_chg.inp', './Ethanol_c97_q2_chg.inp', './Ethanol_c35_q3_chg.inp', './Ethanol_c37_q3_chg.inp', './Ethanol_c191_q2_chg.inp', './Ethanol_c75_q2_chg.inp', './Ethanol_c85_q2_chg.inp', './Ethanol_c108_q2_chg.inp', './Ethanol_c138_q3_chg.inp', './Ethanol_c63_q3_chg.inp', './Ethanol_c148_q3_chg.inp', './Ethanol_c66_q1_chg.inp', './Ethanol_c102_q3_chg.inp', './Ethanol_c175_q3_chg.inp', './Ethanol_c99_q3_chg.inp', './Ethanol_c139_q1_chg.inp', './Ethanol_c71_q1_chg.inp', './Ethanol_c16_q1_chg.inp', './Ethanol_c151_q3_chg.inp', './Ethanol_c115_q3_chg.inp', './Ethanol_c190_q2_chg.inp', './Ethanol_c199_q1_chg.inp', './Ethanol_c128_q1_chg.inp', './Ethanol_c109_q3_chg.inp', './Ethanol_c140_q2_chg.inp', './Ethanol_c17_q1_chg.inp', './Ethanol_c120_q3_chg.inp', './Ethanol_c20_q1_chg.inp', './Ethanol_c198_q2_chg.inp', './Ethanol_c21_q3_chg.inp', './Ethanol_c154_q3_chg.inp', './Ethanol_c158_q1_chg.inp', './Ethanol_c70_q2_chg.inp', './Ethanol_c5_q3_chg.inp', './Ethanol_c47_q3_chg.inp', './Ethanol_c57_q3_chg.inp', './Ethanol_c90_q1_chg.inp', './Ethanol_c69_q1_chg.inp', './Ethanol_c75_q3_chg.inp', './Ethanol_c189_q1_chg.inp', './Ethanol_c162_q1_chg.inp', './Ethanol_c129_q3_chg.inp', './Ethanol_c131_q1_chg.inp', './Ethanol_c32_q3_chg.inp', './Ethanol_c85_q3_chg.inp', './Ethanol_c125_q2_chg.inp', './Ethanol_c181_q1_chg.inp', './Ethanol_c83_q2_chg.inp', './Ethanol_c169_q3_chg.inp', './Ethanol_c84_q1_chg.inp', './Ethanol_c110_q1_chg.inp', './Ethanol_c123_q2_chg.inp', './Ethanol_c77_q3_chg.inp', './Ethanol_c141_q3_chg.inp', './Ethanol_c107_q3_chg.inp', './Ethanol_c12_q1_chg.inp', './Ethanol_c74_q1_chg.inp', './Ethanol_c76_q3_chg.inp', './Ethanol_c191_q3_chg.inp', './Ethanol_c185_q3_chg.inp', './Ethanol_c158_q3_chg.inp', './Ethanol_c149_q3_chg.inp', './Ethanol_c168_q2_chg.inp', './Ethanol_c63_q2_chg.inp', './Ethanol_c59_q2_chg.inp', './Ethanol_c44_q3_chg.inp', './Ethanol_c180_q1_chg.inp', './Ethanol_c80_q3_chg.inp', './Ethanol_c145_q2_chg.inp', './Ethanol_c14_q2_chg.inp', './Ethanol_c177_q1_chg.inp', './Ethanol_c53_q2_chg.inp', './Ethanol_c12_q3_chg.inp', './Ethanol_c40_q1_chg.inp', './Ethanol_c132_q3_chg.inp', './Ethanol_c71_q2_chg.inp', './Ethanol_c82_q2_chg.inp', './Ethanol_c74_q2_chg.inp', './Ethanol_c18_q1_chg.inp', './Ethanol_c96_q2_chg.inp', './Ethanol_c65_q1_chg.inp', './Ethanol_c103_q3_chg.inp', './Ethanol_c194_q1_chg.inp', './Ethanol_c98_q3_chg.inp', './Ethanol_c31_q3_chg.inp', './Ethanol_c144_q3_chg.inp', './Ethanol_c151_q2_chg.inp', './Ethanol_c173_q1_chg.inp', './Ethanol_c195_q1_chg.inp', './Ethanol_c38_q2_chg.inp', './Ethanol_c137_q1_chg.inp', './Ethanol_c121_q1_chg.inp', './Ethanol_c55_q1_chg.inp', './Ethanol_c76_q1_chg.inp', './Ethanol_c167_q2_chg.inp', './Ethanol_c92_q2_chg.inp', './Ethanol_c54_q2_chg.inp', './Ethanol_c73_q1_chg.inp', './Ethanol_c23_q3_chg.inp', './Ethanol_c6_q3_chg.inp', './Ethanol_c169_q1_chg.inp', './Ethanol_c32_q1_chg.inp', './Ethanol_c168_q3_chg.inp', './Ethanol_c133_q3_chg.inp', './Ethanol_c1_q2_chg.inp', './Ethanol_c9_q2_chg.inp', './Ethanol_c32_q2_chg.inp', './Ethanol_c70_q1_chg.inp', './Ethanol_c164_q1_chg.inp', './Ethanol_c35_q2_chg.inp', './Ethanol_c158_q2_chg.inp', './Ethanol_c48_q1_chg.inp', './Ethanol_c167_q1_chg.inp', './Ethanol_c30_q3_chg.inp', './Ethanol_c152_q1_chg.inp', './Ethanol_c127_q1_chg.inp', './Ethanol_c54_q1_chg.inp', './Ethanol_c115_q2_chg.inp', './Ethanol_c133_q2_chg.inp', './Ethanol_c94_q2_chg.inp', './Ethanol_c89_q1_chg.inp', './Ethanol_c25_q2_chg.inp', './Ethanol_c27_q1_chg.inp', './Ethanol_c194_q2_chg.inp', './Ethanol_c6_q1_chg.inp', './Ethanol_c159_q2_chg.inp', './Ethanol_c86_q1_chg.inp', './Ethanol_c185_q2_chg.inp', './Ethanol_c90_q3_chg.inp', './Ethanol_c124_q2_chg.inp', './Ethanol_c15_q3_chg.inp', './Ethanol_c114_q2_chg.inp', './Ethanol_c24_q3_chg.inp', './Ethanol_c3_q3_chg.inp', './Ethanol_c108_q3_chg.inp', './Ethanol_c139_q2_chg.inp', './Ethanol_c94_q1_chg.inp', './Ethanol_c16_q3_chg.inp', './Ethanol_c102_q1_chg.inp', './Ethanol_c19_q1_chg.inp', './Ethanol_c97_q3_chg.inp', './Ethanol_c23_q2_chg.inp', './Ethanol_c146_q2_chg.inp', './Ethanol_c53_q1_chg.inp', './Ethanol_c9_q1_chg.inp', './Ethanol_c67_q3_chg.inp', './Ethanol_c14_q1_chg.inp', './Ethanol_c186_q1_chg.inp', './Ethanol_c60_q1_chg.inp', './Ethanol_c183_q3_chg.inp', './Ethanol_c16_q2_chg.inp', './Ethanol_c93_q2_chg.inp', './Ethanol_c197_q2_chg.inp', './Ethanol_c106_q2_chg.inp', './Ethanol_c20_q2_chg.inp', './Ethanol_c10_q1_chg.inp', './Ethanol_c170_q1_chg.inp', './Ethanol_c136_q1_chg.inp', './Ethanol_c127_q3_chg.inp', './Ethanol_c130_q3_chg.inp', './Ethanol_c11_q1_chg.inp', './Ethanol_c81_q1_chg.inp', './Ethanol_c13_q3_chg.inp', './Ethanol_c114_q3_chg.inp', './Ethanol_c61_q1_chg.inp', './Ethanol_c171_q1_chg.inp', './Ethanol_c177_q2_chg.inp', './Ethanol_c48_q2_chg.inp', './Ethanol_c57_q2_chg.inp', './Ethanol_c100_q3_chg.inp', './Ethanol_c35_q1_chg.inp', './Ethanol_c70_q3_chg.inp', './Ethanol_c36_q3_chg.inp', './Ethanol_c130_q2_chg.inp', './Ethanol_c170_q3_chg.inp', './Ethanol_c43_q1_chg.inp', './Ethanol_c182_q1_chg.inp', './Ethanol_c8_q1_chg.inp', './Ethanol_c93_q1_chg.inp', './Ethanol_c192_q2_chg.inp', './Ethanol_c164_q2_chg.inp', './Ethanol_c188_q3_chg.inp', './Ethanol_c87_q3_chg.inp', './Ethanol_c166_q2_chg.inp', './Ethanol_c85_q1_chg.inp', './Ethanol_c42_q3_chg.inp', './Ethanol_c34_q2_chg.inp', './Ethanol_c152_q2_chg.inp', './Ethanol_c143_q3_chg.inp', './Ethanol_c154_q2_chg.inp', './Ethanol_c30_q1_chg.inp', './Ethanol_c102_q2_chg.inp', './Ethanol_c123_q1_chg.inp', './Ethanol_c181_q2_chg.inp', './Ethanol_c163_q3_chg.inp', './Ethanol_c179_q3_chg.inp', './Ethanol_c105_q1_chg.inp', './Ethanol_c7_q1_chg.inp', './Ethanol_c122_q3_chg.inp', './Ethanol_c24_q1_chg.inp', './Ethanol_c137_q3_chg.inp', './Ethanol_c147_q2_chg.inp', './Ethanol_c82_q3_chg.inp', './Ethanol_c110_q3_chg.inp', './Ethanol_c59_q1_chg.inp', './Ethanol_c109_q1_chg.inp', './Ethanol_c163_q1_chg.inp', './Ethanol_c75_q1_chg.inp', './Ethanol_c54_q3_chg.inp', './Ethanol_c124_q1_chg.inp', './Ethanol_c92_q1_chg.inp', './Ethanol_c153_q2_chg.inp', './Ethanol_c155_q3_chg.inp', './Ethanol_c18_q3_chg.inp', './Ethanol_c87_q1_chg.inp', './Ethanol_c142_q3_chg.inp', './Ethanol_c106_q3_chg.inp', './Ethanol_c142_q2_chg.inp', './Ethanol_c40_q2_chg.inp', './Ethanol_c19_q3_chg.inp', './Ethanol_c72_q3_chg.inp', './Ethanol_c14_q3_chg.inp', './Ethanol_c144_q2_chg.inp', './Ethanol_c22_q3_chg.inp', './Ethanol_c157_q1_chg.inp', './Ethanol_c183_q1_chg.inp', './Ethanol_c8_q2_chg.inp', './Ethanol_c10_q3_chg.inp', './Ethanol_c72_q1_chg.inp', './Ethanol_c121_q3_chg.inp', './Ethanol_c39_q2_chg.inp', './Ethanol_c189_q3_chg.inp', './Ethanol_c180_q3_chg.inp', './Ethanol_c150_q1_chg.inp', './Ethanol_c120_q1_chg.inp', './Ethanol_c101_q1_chg.inp', './Ethanol_c125_q1_chg.inp', './Ethanol_c48_q3_chg.inp', './Ethanol_c135_q2_chg.inp', './Ethanol_c26_q3_chg.inp', './Ethanol_c118_q3_chg.inp', './Ethanol_c7_q2_chg.inp', './Ethanol_c112_q2_chg.inp', './Ethanol_c187_q1_chg.inp', './Ethanol_c90_q2_chg.inp', './Ethanol_c33_q2_chg.inp', './Ethanol_c2_q2_chg.inp', './Ethanol_c88_q1_chg.inp', './Ethanol_c172_q2_chg.inp', './Ethanol_c111_q2_chg.inp', './Ethanol_c116_q1_chg.inp', './Ethanol_c185_q1_chg.inp', './Ethanol_c4_q1_chg.inp', './Ethanol_c120_q2_chg.inp', './Ethanol_c57_q1_chg.inp', './Ethanol_c166_q1_chg.inp', './Ethanol_c22_q1_chg.inp', './Ethanol_c113_q1_chg.inp', './Ethanol_c101_q2_chg.inp', './Ethanol_c189_q2_chg.inp', './Ethanol_c11_q3_chg.inp', './Ethanol_c174_q2_chg.inp', './Ethanol_c198_q1_chg.inp', './Ethanol_c191_q1_chg.inp', './Ethanol_c9_q3_chg.inp', './Ethanol_c145_q3_chg.inp', './Ethanol_c61_q3_chg.inp', './Ethanol_c149_q1_chg.inp', './Ethanol_c119_q1_chg.inp', './Ethanol_c187_q3_chg.inp', './Ethanol_c74_q3_chg.inp', './Ethanol_c126_q1_chg.inp', './Ethanol_c99_q1_chg.inp', './Ethanol_c69_q3_chg.inp', './Ethanol_c199_q3_chg.inp', './Ethanol_c17_q3_chg.inp', './Ethanol_c107_q1_chg.inp', './Ethanol_c162_q2_chg.inp', './Ethanol_c200_q2_chg.inp', './Ethanol_c143_q1_chg.inp', './Ethanol_c41_q1_chg.inp', './Ethanol_c147_q3_chg.inp', './Ethanol_c118_q2_chg.inp', './Ethanol_c116_q2_chg.inp', './Ethanol_c159_q1_chg.inp', './Ethanol_c196_q3_chg.inp', './Ethanol_c76_q2_chg.inp', './Ethanol_c179_q2_chg.inp', './Ethanol_c50_q1_chg.inp', './Ethanol_c161_q2_chg.inp', './Ethanol_c121_q2_chg.inp', './Ethanol_c135_q1_chg.inp', './Ethanol_c29_q2_chg.inp', './Ethanol_c87_q2_chg.inp', './Ethanol_c159_q3_chg.inp', './Ethanol_c21_q1_chg.inp', './Ethanol_c193_q2_chg.inp', './Ethanol_c197_q1_chg.inp', './Ethanol_c49_q2_chg.inp', './Ethanol_c41_q3_chg.inp', './Ethanol_c136_q3_chg.inp', './Ethanol_c134_q2_chg.inp', './Ethanol_c77_q1_chg.inp', './Ethanol_c117_q1_chg.inp', './Ethanol_c59_q3_chg.inp', './Ethanol_c148_q2_chg.inp', './Ethanol_c100_q1_chg.inp', './Ethanol_c53_q3_chg.inp', './Ethanol_c104_q3_chg.inp', './Ethanol_c73_q2_chg.inp', './Ethanol_c182_q3_chg.inp', './Ethanol_c34_q1_chg.inp', './Ethanol_c128_q2_chg.inp', './Ethanol_c147_q1_chg.inp', './Ethanol_c1_q3_chg.inp', './Ethanol_c155_q2_chg.inp', './Ethanol_c117_q2_chg.inp', './Ethanol_c19_q2_chg.inp', './Ethanol_c178_q2_chg.inp', './Ethanol_c6_q2_chg.inp', './Ethanol_c66_q3_chg.inp', './Ethanol_c137_q2_chg.inp', './Ethanol_c92_q3_chg.inp', './Ethanol_c200_q3_chg.inp', './Ethanol_c40_q3_chg.inp', './Ethanol_c95_q3_chg.inp', './Ethanol_c7_q3_chg.inp', './Ethanol_c111_q3_chg.inp', './Ethanol_c175_q2_chg.inp', './Ethanol_c161_q1_chg.inp', './Ethanol_c44_q1_chg.inp', './Ethanol_c25_q3_chg.inp', './Ethanol_c113_q3_chg.inp', './Ethanol_c45_q1_chg.inp', './Ethanol_c55_q2_chg.inp', './Ethanol_c130_q1_chg.inp', './Ethanol_c113_q2_chg.inp', './Ethanol_c39_q3_chg.inp', './Ethanol_c157_q2_chg.inp', './Ethanol_c148_q1_chg.inp', './Ethanol_c119_q3_chg.inp', './Ethanol_c100_q2_chg.inp', './Ethanol_c78_q2_chg.inp', './Ethanol_c36_q2_chg.inp', './Ethanol_c164_q3_chg.inp', './Ethanol_c2_q3_chg.inp', './Ethanol_c175_q1_chg.inp', './Ethanol_c55_q3_chg.inp', './Ethanol_c81_q2_chg.inp', './Ethanol_c112_q3_chg.inp', './Ethanol_c58_q3_chg.inp', './Ethanol_c8_q3_chg.inp', './Ethanol_c98_q1_chg.inp', './Ethanol_c22_q2_chg.inp', './Ethanol_c34_q3_chg.inp', './Ethanol_c64_q3_chg.inp', './Ethanol_c199_q2_chg.inp', './Ethanol_c138_q1_chg.inp', './Ethanol_c78_q3_chg.inp', './Ethanol_c124_q3_chg.inp', './Ethanol_c114_q1_chg.inp', './Ethanol_c88_q3_chg.inp', './Ethanol_c46_q3_chg.inp', './Ethanol_c184_q2_chg.inp', './Ethanol_c138_q2_chg.inp', './Ethanol_c171_q2_chg.inp', './Ethanol_c65_q2_chg.inp', './Ethanol_c99_q2_chg.inp', './Ethanol_c105_q3_chg.inp', './Ethanol_c52_q3_chg.inp', './Ethanol_c83_q1_chg.inp', './Ethanol_c162_q3_chg.inp', './Ethanol_c79_q3_chg.inp', './Ethanol_c28_q1_chg.inp', './Ethanol_c166_q3_chg.inp', './Ethanol_c104_q2_chg.inp', './Ethanol_c98_q2_chg.inp', './Ethanol_c178_q3_chg.inp', './Ethanol_c67_q1_chg.inp', './Ethanol_c46_q2_chg.inp', './Ethanol_c180_q2_chg.inp', './Ethanol_c20_q3_chg.inp', './Ethanol_c4_q3_chg.inp', './Ethanol_c134_q3_chg.inp', './Ethanol_c60_q3_chg.inp', './Ethanol_c139_q3_chg.inp', './Ethanol_c73_q3_chg.inp', './Ethanol_c42_q2_chg.inp', './Ethanol_c50_q3_chg.inp', './Ethanol_c151_q1_chg.inp', './Ethanol_c84_q3_chg.inp', './Ethanol_c86_q3_chg.inp', './Ethanol_c15_q1_chg.inp', './Ethanol_c178_q1_chg.inp', './Ethanol_c28_q3_chg.inp', './Ethanol_c149_q2_chg.inp', './Ethanol_c46_q1_chg.inp', './Ethanol_c27_q2_chg.inp', './Ethanol_c168_q1_chg.inp', './Ethanol_c50_q2_chg.inp', './Ethanol_c66_q2_chg.inp', './Ethanol_c153_q1_chg.inp', './Ethanol_c165_q2_chg.inp', './Ethanol_c106_q1_chg.inp', './Ethanol_c169_q2_chg.inp', './Ethanol_c186_q2_chg.inp', './Ethanol_c21_q2_chg.inp', './Ethanol_c145_q1_chg.inp', './Ethanol_c195_q2_chg.inp', './Ethanol_c63_q1_chg.inp', './Ethanol_c89_q2_chg.inp', './Ethanol_c31_q1_chg.inp', './Ethanol_c110_q2_chg.inp', './Ethanol_c144_q1_chg.inp', './Ethanol_c156_q2_chg.inp', './Ethanol_c38_q1_chg.inp', './Ethanol_c188_q2_chg.inp', './Ethanol_c155_q1_chg.inp', './Ethanol_c95_q1_chg.inp', './Ethanol_c117_q3_chg.inp', './Ethanol_c163_q2_chg.inp', './Ethanol_c27_q3_chg.inp', './Ethanol_c28_q2_chg.inp', './Ethanol_c153_q3_chg.inp', './Ethanol_c179_q1_chg.inp', './Ethanol_c129_q2_chg.inp', './Ethanol_c197_q3_chg.inp', './Ethanol_c190_q1_chg.inp', './Ethanol_c61_q2_chg.inp', './Ethanol_c84_q2_chg.inp', './Ethanol_c171_q3_chg.inp', './Ethanol_c80_q1_chg.inp', './Ethanol_c37_q2_chg.inp', './Ethanol_c129_q1_chg.inp', './Ethanol_c174_q1_chg.inp', './Ethanol_c56_q1_chg.inp', './Ethanol_c146_q1_chg.inp', './Ethanol_c134_q1_chg.inp', './Ethanol_c131_q2_chg.inp', './Ethanol_c72_q2_chg.inp', './Ethanol_c133_q1_chg.inp', './Ethanol_c17_q2_chg.inp', './Ethanol_c195_q3_chg.inp', './Ethanol_c51_q2_chg.inp', './Ethanol_c91_q3_chg.inp', './Ethanol_c91_q1_chg.inp', './Ethanol_c44_q2_chg.inp', './Ethanol_c31_q2_chg.inp', './Ethanol_c39_q1_chg.inp', './Ethanol_c184_q1_chg.inp', './Ethanol_c18_q2_chg.inp', './Ethanol_c10_q2_chg.inp', './Ethanol_c38_q3_chg.inp', './Ethanol_c62_q2_chg.inp', './Ethanol_c190_q3_chg.inp', './Ethanol_c126_q3_chg.inp', './Ethanol_c154_q1_chg.inp', './Ethanol_c89_q3_chg.inp', './Ethanol_c30_q2_chg.inp', './Ethanol_c193_q3_chg.inp', './Ethanol_c83_q3_chg.inp', './Ethanol_c12_q2_chg.inp', './Ethanol_c13_q2_chg.inp', './Ethanol_c37_q1_chg.inp', './Ethanol_c128_q3_chg.inp', './Ethanol_c36_q1_chg.inp', './Ethanol_c78_q1_chg.inp', './Ethanol_c49_q3_chg.inp', './Ethanol_c200_q1_chg.inp', './Ethanol_c45_q3_chg.inp', './Ethanol_c193_q1_chg.inp', './Ethanol_c156_q1_chg.inp', './Ethanol_c25_q1_chg.inp', './Ethanol_c116_q3_chg.inp', './Ethanol_c172_q3_chg.inp', './Ethanol_c47_q1_chg.inp', './Ethanol_c127_q2_chg.inp', './Ethanol_c146_q3_chg.inp', './Ethanol_c182_q2_chg.inp', './Ethanol_c96_q3_chg.inp', './Ethanol_c160_q2_chg.inp', './Ethanol_c104_q1_chg.inp', './Ethanol_c141_q1_chg.inp', './Ethanol_c97_q1_chg.inp', './Ethanol_c192_q1_chg.inp', './Ethanol_c176_q1_chg.inp', './Ethanol_c111_q1_chg.inp', './Ethanol_c194_q3_chg.inp', './Ethanol_c5_q2_chg.inp', './Ethanol_c56_q2_chg.inp', './Ethanol_c68_q1_chg.inp', './Ethanol_c62_q1_chg.inp', './Ethanol_c2_q1_chg.inp', './Ethanol_c41_q2_chg.inp', './Ethanol_c43_q3_chg.inp', './Ethanol_c122_q1_chg.inp', './Ethanol_c105_q2_chg.inp', './Ethanol_c23_q1_chg.inp', './Ethanol_c115_q1_chg.inp', './Ethanol_c142_q1_chg.inp', './Ethanol_c192_q3_chg.inp', './Ethanol_c156_q3_chg.inp', './Ethanol_c108_q1_chg.inp', './Ethanol_c77_q2_chg.inp', './Ethanol_c52_q1_chg.inp', './Ethanol_c58_q1_chg.inp', './Ethanol_c1_q1_chg.inp', './Ethanol_c141_q2_chg.inp', './Ethanol_c80_q2_chg.inp', './Ethanol_c96_q1_chg.inp', './Ethanol_c125_q3_chg.inp', './Ethanol_c3_q2_chg.inp', './Ethanol_c184_q3_chg.inp', './Ethanol_c196_q2_chg.inp', './Ethanol_c132_q1_chg.inp', './Ethanol_c173_q2_chg.inp', './Ethanol_c177_q3_chg.inp', './Ethanol_c123_q3_chg.inp', './Ethanol_c198_q3_chg.inp', './Ethanol_c132_q2_chg.inp', './Ethanol_c86_q2_chg.inp', './Ethanol_c13_q1_chg.inp', './Ethanol_c33_q1_chg.inp', './Ethanol_c26_q2_chg.inp', './Ethanol_c49_q1_chg.inp', './Ethanol_c176_q2_chg.inp', './Ethanol_c43_q2_chg.inp', './Ethanol_c79_q2_chg.inp', './Ethanol_c71_q3_chg.inp', './Ethanol_c118_q1_chg.inp', './Ethanol_c176_q3_chg.inp', './Ethanol_c188_q1_chg.inp', './Ethanol_c81_q3_chg.inp', './Ethanol_c167_q3_chg.inp', './Ethanol_c67_q2_chg.inp', './Ethanol_c51_q1_chg.inp', './Ethanol_c109_q2_chg.inp', './Ethanol_c161_q3_chg.inp', './Ethanol_c95_q2_chg.inp', './Ethanol_c51_q3_chg.inp', './Ethanol_c88_q2_chg.inp', './Ethanol_c56_q3_chg.inp', './Ethanol_c3_q1_chg.inp', './Ethanol_c126_q2_chg.inp', './Ethanol_c181_q3_chg.inp', './Ethanol_c5_q1_chg.inp', './Ethanol_c33_q3_chg.inp', './Ethanol_c131_q3_chg.inp', './Ethanol_c64_q2_chg.inp', './Ethanol_c26_q1_chg.inp', './Ethanol_c79_q1_chg.inp', './Ethanol_c135_q3_chg.inp', './Ethanol_c47_q2_chg.inp', './Ethanol_c107_q2_chg.inp', './Ethanol_c103_q2_chg.inp', './Ethanol_c112_q1_chg.inp']
./opt-test-SCEE/Ethanol_c196_q1.out ./opt-test-SCEE/Ethanol_c196_q1_v1.dat
Traceback (most recent call last):
  File "/home/zoe/Research/SCEE_Project/Results/Aromatics_Chapter/Ethanol_MJ/Run_SCEE.py", line 675, in <module>
    Molecule.init_v1()
  File "/home/zoe/Research/SCEE_Project/Results/Aromatics_Chapter/Ethanol_MJ/SCEE.py", line 116, in init_v1
    data = raw_data[-1].split('\n')
           ~~~~~~~~^^^^
IndexError: list index out of range
mkdir: cannot create directory ‘Simulations’: File exists
mkdir: cannot create directory ‘replica_1’: File exists
mkdir: cannot create directory ‘298.0K’: File exists
mkdir: cannot create directory ‘1.0Bar’: File exists
NOTE: Some configuration directories are not set up yet: 
	/home/zoe/.gromacswrapper
	/home/zoe/.gromacswrapper/qscripts
	/home/zoe/.gromacswrapper/templates
NOTE: You can create the configuration file and directories with:
	>>> import gromacs
	>>> gromacs.config.setup()
Before starting the calculations there is some information and formatting that is required from you. This is important for ensuring the scripts being applied function as intended.
We are able to create the system of interest through our python scripts. If this is a requirement, you will need to provide the gro files containing the AA {central}_AA.gro and UA {solvent}_UAS.gro and associated topology files for these molecules. The central atom will be equilibrated, minimised and have the number of requested solvent atoms added to a 5*5*5 box. Please ensure the central and solvent atoms are given different names in this case. If this isn't required the gro file for the system should be titled either {central}.gro for a system of all the same molecules or {central}_in_{solvent}.gro if for a mixture.
For systems that require the application of both UA and AA molecules that appears differently in the topology file, we request that these are separated into different .itp files labelled in the following format:f'{central}_AA.itp' and f'{solvent}_UA.itp', listed in the topology file using the #include notation. If your system is a mixture it should be labeled using f'{central}_in_{solvent}.top'. Otherwise, if using using a system that appears the same in the topology file when split into UA and AA we request that these are included as f'{central}.top'. You will be asked for the name of your central and solvent molecule names for this purposes.
There are some additional requirements for the formating of your topology file. If a dummy atom is present, ensure the [atomtypes] section, either within the topology file or associated forcefield contains the following columns ;name typ MW q dummy V@nm W@kj/mol where A represents atom and D represents the dummy. If not, the following column structure is accepted ;name typ MW q V@nm W@kj/mol. This is require for the generation of the oniom file.
With this information are you ready to get started? yes or no?
Please continue with the next steps
Does your system require separated .itp files? yes/no?
What is your central and solvent molecues?
Central molecules?
Its SMILE String?
Its residue name?
Surrounding Solvent?
Its SMILE String?
Its residue name?
What is your solvent keyword for Gaussian?
Does the central atom you are using require the application of a dummy atom?
What is the scaling ratio for your charges?
qr1:
qr2:
qr3:
Do you need the gro system generated?
What is the experimental density of your?
What is the molar mass of your?
What is the experimental dielectric constant of your molecule?
What is the experimental refractive index of your molecule?
What is the experimental dipole moment of your molecule in the gas phase?
How many replicas would you like to run?
What temperatures (in K) would you like to run your simulations to run at? (please use 1, 2, ... format)
What pressures (in K) would you like to run your simulations to run at? (please use 1, 2, ... format)
24.0
2567
2.0475
processing conf3_*.gro files
opt-test_vacuum/nvt_vacuum.out opt-test dipole_l 1.5801
opt-test_vacuum/nvt_vacuum.out opt-test dipole_m 1.5801
opt-test_vacuum/nvt_vacuum.out opt-test dipole_h 1.5801
opt-test
       dipole_l  dipole_m  dipole_h
count    1.0000    1.0000    1.0000
mean     1.5801    1.5801    1.5801
std         NaN       NaN       NaN
min      1.5801    1.5801    1.5801
25%      1.5801    1.5801    1.5801
50%      1.5801    1.5801    1.5801
75%      1.5801    1.5801    1.5801
max      1.5801    1.5801    1.5801
     config  dipole_l  dipole_m  dipole_h
0  opt-test    1.5801    1.5801    1.5801
2.1168
   dipole_l  dipole_m  dipole_h
0    2.1168    2.1168    2.1168
       dipole_l  dipole_m  dipole_h
count    1.0000    1.0000    1.0000
mean     2.1168    2.1168    2.1168
std         NaN       NaN       NaN
min      2.1168    2.1168    2.1168
25%      2.1168    2.1168    2.1168
50%      2.1168    2.1168    2.1168
75%      2.1168    2.1168    2.1168
max      2.1168    2.1168    2.1168
   dipole_l  dipole_m  dipole_h
0    2.1168    2.1168    2.1168
2.1155
   dipole_l  dipole_m  dipole_h
0    2.1155    2.1155    2.1155
       dipole_l  dipole_m  dipole_h
count    1.0000    1.0000    1.0000
mean     2.1155    2.1155    2.1155
std         NaN       NaN       NaN
min      2.1155    2.1155    2.1155
25%      2.1155    2.1155    2.1155
50%      2.1155    2.1155    2.1155
75%      2.1155    2.1155    2.1155
max      2.1155    2.1155    2.1155
   dipole_l  dipole_m  dipole_h
0    2.1155    2.1155    2.1155
['./Simulations/replica_1/298.0K/1.0Bar']
original directory: /home/zoe/Research/SCEE_Project/Results/Aromatics_Chapter/Ethanol_MJ
Running on host: zoe-OptiPlex-SFF-Plus-7010
/home/zoe/Research/SCEE_Project/Results/Aromatics_Chapter/Ethanol_MJ/Simulations/replica_1/298.0K/1.0Bar
processing conf_*.gro files
['./Ethanol_c15_q1.inp', './Ethanol_c75_q1.inp', './Ethanol_c51_q2.inp', './Ethanol_c111_q3.inp', './Ethanol_c71_q1.inp', './Ethanol_c168_q1.inp', './Ethanol_c167_q2.inp', './Ethanol_c183_q1.inp', './Ethanol_c176_q3.inp', './Ethanol_c136_q1.inp', './Ethanol_c122_q1.inp', './Ethanol_c115_q3.inp', './Ethanol_c170_q1.inp', './Ethanol_c198_q2.inp', './Ethanol_c131_q2.inp', './Ethanol_c92_q2.inp', './Ethanol_c44_q1.inp', './Ethanol_c52_q2.inp', './Ethanol_c30_q2.inp', './Ethanol_c85_q3.inp', './Ethanol_c144_q3.inp', './Ethanol_c119_q3.inp', './Ethanol_c89_q2.inp', './Ethanol_c157_q2.inp', './Ethanol_c7_q3.inp', './Ethanol_c130_q2.inp', './Ethanol_c187_q2.inp', './Ethanol_c87_q3.inp', './Ethanol_c130_q1.inp', './Ethanol_c101_q2.inp', './Ethanol_c26_q1.inp', './Ethanol_c148_q3.inp', './Ethanol_c151_q3.inp', './Ethanol_c108_q3.inp', './Ethanol_c45_q2.inp', './Ethanol_c141_q1.inp', './Ethanol_c169_q2.inp', './Ethanol_c47_q1.inp', './Ethanol_c90_q2.inp', './Ethanol_c129_q3.inp', './Ethanol_c75_q2.inp', './Ethanol_c91_q1.inp', './Ethanol_c191_q2.inp', './Ethanol_c26_q3.inp', './Ethanol_c146_q1.inp', './Ethanol_c15_q2.inp', './Ethanol_c3_q3.inp', './Ethanol_c160_q2.inp', './Ethanol_c113_q2.inp', './Ethanol_c163_q1.inp', './Ethanol_c112_q1.inp', './Ethanol_c159_q3.inp', './Ethanol_c191_q1.inp', './Ethanol_c4_q3.inp', './Ethanol_c44_q2.inp', './Ethanol_c106_q2.inp', './Ethanol_c164_q3.inp', './Ethanol_c166_q2.inp', './Ethanol_c46_q1.inp', './Ethanol_c178_q3.inp', './Ethanol_c77_q1.inp', './Ethanol_c57_q2.inp', './Ethanol_c170_q2.inp', './Ethanol_c153_q1.inp', './Ethanol_c109_q3.inp', './Ethanol_c22_q2.inp', './Ethanol_c86_q1.inp', './Ethanol_c147_q2.inp', './Ethanol_c36_q1.inp', './Ethanol_c186_q2.inp', './Ethanol_c164_q1.inp', './Ethanol_c43_q2.inp', './Ethanol_c200_q2.inp', './Ethanol_c139_q1.inp', './Ethanol_c99_q1.inp', './Ethanol_c61_q2.inp', './Ethanol_c50_q3.inp', './Ethanol_c171_q3.inp', './Ethanol_c127_q3.inp', './Ethanol_c83_q3.inp', './Ethanol_c193_q2.inp', './Ethanol_c120_q1.inp', './Ethanol_c29_q3.inp', './Ethanol_c71_q3.inp', './Ethanol_c22_q3.inp', './Ethanol_c21_q3.inp', './Ethanol_c41_q1.inp', './Ethanol_c83_q2.inp', './Ethanol_c84_q1.inp', './Ethanol_c9_q2.inp', './Ethanol_c13_q1.inp', './Ethanol_c90_q3.inp', './Ethanol_c183_q2.inp', './Ethanol_c54_q3.inp', './Ethanol_c192_q3.inp', './Ethanol_c27_q1.inp', './Ethanol_c195_q1.inp', './Ethanol_c140_q3.inp', './Ethanol_c1_q2.inp', './Ethanol_c113_q1.inp', './Ethanol_c137_q3.inp', './Ethanol_c177_q2.inp', './Ethanol_c100_q2.inp', './Ethanol_c123_q2.inp', './Ethanol_c35_q3.inp', './Ethanol_c12_q3.inp', './Ethanol_c95_q1.inp', './Ethanol_c95_q2.inp', './Ethanol_c140_q1.inp', './Ethanol_c162_q3.inp', './Ethanol_c51_q1.inp', './Ethanol_c121_q3.inp', './Ethanol_c18_q3.inp', './Ethanol_c38_q1.inp', './Ethanol_c23_q2.inp', './Ethanol_c137_q1.inp', './Ethanol_c152_q2.inp', './Ethanol_c56_q2.inp', './Ethanol_c107_q2.inp', './Ethanol_c139_q2.inp', './Ethanol_c32_q1.inp', './Ethanol_c141_q3.inp', './Ethanol_c162_q2.inp', './Ethanol_c80_q3.inp', './Ethanol_c30_q1.inp', './Ethanol_c195_q3.inp', './Ethanol_c187_q3.inp', './Ethanol_c171_q1.inp', './Ethanol_c144_q1.inp', './Ethanol_c198_q3.inp', './Ethanol_c92_q3.inp', './Ethanol_c6_q1.inp', './Ethanol_c65_q3.inp', './Ethanol_c63_q3.inp', './Ethanol_c111_q2.inp', './Ethanol_c124_q3.inp', './Ethanol_c180_q1.inp', './Ethanol_c132_q2.inp', './Ethanol_c131_q1.inp', './Ethanol_c71_q2.inp', './Ethanol_c156_q3.inp', './Ethanol_c184_q2.inp', './Ethanol_c196_q3.inp', './Ethanol_c172_q1.inp', './Ethanol_c182_q2.inp', './Ethanol_c134_q2.inp', './Ethanol_c94_q3.inp', './Ethanol_c124_q2.inp', './Ethanol_c40_q1.inp', './Ethanol_c14_q1.inp', './Ethanol_c90_q1.inp', './Ethanol_c34_q1.inp', './Ethanol_c69_q3.inp', './Ethanol_c194_q1.inp', './Ethanol_c198_q1.inp', './Ethanol_c48_q3.inp', './Ethanol_c32_q3.inp', './Ethanol_c175_q3.inp', './Ethanol_c188_q3.inp', './Ethanol_c151_q2.inp', './Ethanol_c103_q2.inp', './Ethanol_c50_q2.inp', './Ethanol_c26_q2.inp', './Ethanol_c30_q3.inp', './Ethanol_c89_q3.inp', './Ethanol_c4_q2.inp', './Ethanol_c161_q2.inp', './Ethanol_c182_q3.inp', './Ethanol_c116_q1.inp', './Ethanol_c12_q1.inp', './Ethanol_c14_q3.inp', './Ethanol_c117_q3.inp', './Ethanol_c176_q2.inp', './Ethanol_c15_q3.inp', './Ethanol_c78_q2.inp', './Ethanol_c16_q1.inp', './Ethanol_c102_q1.inp', './Ethanol_c199_q2.inp', './Ethanol_c81_q2.inp', './Ethanol_c102_q3.inp', './Ethanol_c79_q2.inp', './Ethanol_c31_q1.inp', './Ethanol_c103_q3.inp', './Ethanol_c53_q3.inp', './Ethanol_c139_q3.inp', './Ethanol_c155_q2.inp', './Ethanol_c70_q3.inp', './Ethanol_c55_q2.inp', './Ethanol_c66_q1.inp', './Ethanol_c29_q2.inp', './Ethanol_c148_q1.inp', './Ethanol_c33_q3.inp', './Ethanol_c197_q1.inp', './Ethanol_c63_q2.inp', './Ethanol_c122_q2.inp', './Ethanol_c2_q1.inp', './Ethanol_c24_q1.inp', './Ethanol_c149_q2.inp', './Ethanol_c157_q3.inp', './Ethanol_c133_q2.inp', './Ethanol_c126_q3.inp', './Ethanol_c181_q3.inp', './Ethanol_c29_q1.inp', './Ethanol_c98_q2.inp', './Ethanol_c105_q1.inp', './Ethanol_c177_q3.inp', './Ethanol_c45_q1.inp', './Ethanol_c28_q3.inp', './Ethanol_c77_q2.inp', './Ethanol_c27_q2.inp', './Ethanol_c190_q1.inp', './Ethanol_c67_q1.inp', './Ethanol_c166_q3.inp', './Ethanol_c24_q2.inp', './Ethanol_c58_q3.inp', './Ethanol_c197_q3.inp', './Ethanol_c60_q3.inp', './Ethanol_c126_q1.inp', './Ethanol_c77_q3.inp', './Ethanol_c21_q1.inp', './Ethanol_c23_q1.inp', './Ethanol_c146_q2.inp', './Ethanol_c55_q1.inp', './Ethanol_c73_q2.inp', './Ethanol_c74_q1.inp', './Ethanol_c125_q1.inp', './Ethanol_c47_q3.inp', './Ethanol_c111_q1.inp', './Ethanol_c11_q3.inp', './Ethanol_c16_q2.inp', './Ethanol_c85_q1.inp', './Ethanol_c13_q2.inp', './Ethanol_c191_q3.inp', './Ethanol_c9_q3.inp', './Ethanol_c150_q1.inp', './Ethanol_c18_q1.inp', './Ethanol_c18_q2.inp', './Ethanol_c64_q3.inp', './Ethanol_c132_q3.inp', './Ethanol_c113_q3.inp', './Ethanol_c127_q2.inp', './Ethanol_c179_q2.inp', './Ethanol_c97_q2.inp', './Ethanol_c159_q1.inp', './Ethanol_c96_q1.inp', './Ethanol_c37_q1.inp', './Ethanol_c25_q3.inp', './Ethanol_c67_q3.inp', './Ethanol_c62_q1.inp', './Ethanol_c84_q2.inp', './Ethanol_c73_q1.inp', './Ethanol_c25_q2.inp', './Ethanol_c46_q2.inp', './Ethanol_c169_q1.inp', './Ethanol_c94_q2.inp', './Ethanol_c192_q1.inp', './Ethanol_c175_q1.inp', './Ethanol_c166_q1.inp', './Ethanol_c2_q3.inp', './Ethanol_c49_q3.inp', './Ethanol_c42_q2.inp', './Ethanol_c110_q1.inp', './Ethanol_c154_q2.inp', './Ethanol_c135_q1.inp', './Ethanol_c172_q3.inp', './Ethanol_c142_q3.inp', './Ethanol_c101_q1.inp', './Ethanol_c136_q2.inp', './Ethanol_c23_q3.inp', './Ethanol_c163_q2.inp', './Ethanol_c128_q2.inp', './Ethanol_c180_q2.inp', './Ethanol_c171_q2.inp', './Ethanol_c81_q3.inp', './Ethanol_c76_q3.inp', './Ethanol_c165_q3.inp', './Ethanol_c79_q1.inp', './Ethanol_c118_q3.inp', './Ethanol_c93_q3.inp', './Ethanol_c190_q2.inp', './Ethanol_c59_q1.inp', './Ethanol_c172_q2.inp', './Ethanol_c36_q2.inp', './Ethanol_c143_q2.inp', './Ethanol_c8_q3.inp', './Ethanol_c147_q1.inp', './Ethanol_c178_q1.inp', './Ethanol_c145_q3.inp', './Ethanol_c82_q3.inp', './Ethanol_c185_q3.inp', './Ethanol_c53_q1.inp', './Ethanol_c1_q3.inp', './Ethanol_c17_q1.inp', './Ethanol_c68_q3.inp', './Ethanol_c123_q3.inp', './Ethanol_c192_q2.inp', './Ethanol_c196_q2.inp', './Ethanol_c8_q1.inp', './Ethanol_c52_q1.inp', './Ethanol_c92_q1.inp', './Ethanol_c133_q3.inp', './Ethanol_c194_q2.inp', './Ethanol_c96_q2.inp', './Ethanol_c94_q1.inp', './Ethanol_c110_q2.inp', './Ethanol_c88_q1.inp', './Ethanol_c181_q2.inp', './Ethanol_c59_q2.inp', './Ethanol_c16_q3.inp', './Ethanol_c20_q1.inp', './Ethanol_c144_q2.inp', './Ethanol_c21_q2.inp', './Ethanol_c100_q3.inp', './Ethanol_c70_q2.inp', './Ethanol_c74_q3.inp', './Ethanol_c168_q3.inp', './Ethanol_c52_q3.inp', './Ethanol_c147_q3.inp', './Ethanol_c24_q3.inp', './Ethanol_c134_q1.inp', './Ethanol_c2_q2.inp', './Ethanol_c135_q2.inp', './Ethanol_c150_q2.inp', './Ethanol_c155_q3.inp', './Ethanol_c45_q3.inp', './Ethanol_c22_q1.inp', './Ethanol_c72_q2.inp', './Ethanol_c33_q1.inp', './Ethanol_c168_q2.inp', './Ethanol_c194_q3.inp', './Ethanol_c141_q2.inp', './Ethanol_c39_q3.inp', './Ethanol_c95_q3.inp', './Ethanol_c142_q2.inp', './Ethanol_c138_q2.inp', './Ethanol_c109_q2.inp', './Ethanol_c167_q3.inp', './Ethanol_c49_q2.inp', './Ethanol_c54_q1.inp', './Ethanol_c63_q1.inp', './Ethanol_c184_q3.inp', './Ethanol_c25_q1.inp', './Ethanol_c98_q1.inp', './Ethanol_c158_q2.inp', './Ethanol_c33_q2.inp', './Ethanol_c138_q1.inp', './Ethanol_c66_q2.inp', './Ethanol_c35_q1.inp', './Ethanol_c170_q3.inp', './Ethanol_c135_q3.inp', './Ethanol_c47_q2.inp', './Ethanol_c38_q3.inp', './Ethanol_c161_q3.inp', './Ethanol_c82_q1.inp', './Ethanol_c78_q3.inp', './Ethanol_c155_q1.inp', './Ethanol_c177_q1.inp', './Ethanol_c50_q1.inp', './Ethanol_c179_q3.inp', './Ethanol_c74_q2.inp', './Ethanol_c87_q2.inp', './Ethanol_c91_q2.inp', './Ethanol_c181_q1.inp', './Ethanol_c145_q2.inp', './Ethanol_c42_q3.inp', './Ethanol_c58_q1.inp', './Ethanol_c69_q1.inp', './Ethanol_c165_q2.inp', './Ethanol_c57_q3.inp', './Ethanol_c153_q2.inp', './Ethanol_c89_q1.inp', './Ethanol_c120_q3.inp', './Ethanol_c13_q3.inp', './Ethanol_c36_q3.inp', './Ethanol_c125_q2.inp', './Ethanol_c183_q3.inp', './Ethanol_c41_q2.inp', './Ethanol_c20_q3.inp', './Ethanol_c19_q3.inp', './Ethanol_c193_q3.inp', './Ethanol_c86_q2.inp', './Ethanol_c154_q3.inp', './Ethanol_c49_q1.inp', './Ethanol_c5_q3.inp', './Ethanol_c61_q1.inp', './Ethanol_c125_q3.inp', './Ethanol_c137_q2.inp', './Ethanol_c143_q1.inp', './Ethanol_c39_q1.inp', './Ethanol_c55_q3.inp', './Ethanol_c107_q3.inp', './Ethanol_c69_q2.inp', './Ethanol_c73_q3.inp', './Ethanol_c164_q2.inp', './Ethanol_c35_q2.inp', './Ethanol_c163_q3.inp', './Ethanol_c175_q2.inp', './Ethanol_c178_q2.inp', './Ethanol_c190_q3.inp', './Ethanol_c88_q3.inp', './Ethanol_c54_q2.inp', './Ethanol_c31_q3.inp', './Ethanol_c3_q1.inp', './Ethanol_c34_q2.inp', './Ethanol_c99_q2.inp', './Ethanol_c58_q2.inp', './Ethanol_c117_q2.inp', './Ethanol_c173_q3.inp', './Ethanol_c160_q3.inp', './Ethanol_c96_q3.inp', './Ethanol_c173_q2.inp', './Ethanol_c28_q2.inp', './Ethanol_c82_q2.inp', './Ethanol_c40_q2.inp', './Ethanol_c34_q3.inp', './Ethanol_c180_q3.inp', './Ethanol_c106_q3.inp', './Ethanol_c143_q3.inp', './Ethanol_c107_q1.inp', './Ethanol_c145_q1.inp', './Ethanol_c182_q1.inp', './Ethanol_c129_q2.inp', './Ethanol_c80_q1.inp', './Ethanol_c56_q3.inp', './Ethanol_c76_q1.inp', './Ethanol_c87_q1.inp', './Ethanol_c37_q3.inp', './Ethanol_c193_q1.inp', './Ethanol_c70_q1.inp', './Ethanol_c174_q3.inp', './Ethanol_c199_q3.inp', './Ethanol_c81_q1.inp', './Ethanol_c68_q2.inp', './Ethanol_c7_q1.inp', './Ethanol_c200_q1.inp', './Ethanol_c39_q2.inp', './Ethanol_c117_q1.inp', './Ethanol_c100_q1.inp', './Ethanol_c152_q3.inp', './Ethanol_c136_q3.inp', './Ethanol_c72_q1.inp', './Ethanol_c43_q1.inp', './Ethanol_c150_q3.inp', './Ethanol_c80_q2.inp', './Ethanol_c112_q3.inp', './Ethanol_c126_q2.inp', './Ethanol_c11_q2.inp', './Ethanol_c121_q2.inp', './Ethanol_c8_q2.inp', './Ethanol_c185_q1.inp', './Ethanol_c10_q2.inp', './Ethanol_c118_q1.inp', './Ethanol_c97_q3.inp', './Ethanol_c174_q1.inp', './Ethanol_c41_q3.inp', './Ethanol_c17_q2.inp', './Ethanol_c189_q3.inp', './Ethanol_c169_q3.inp', './Ethanol_c200_q3.inp', './Ethanol_c78_q1.inp', './Ethanol_c199_q1.inp', './Ethanol_c28_q1.inp', './Ethanol_c65_q1.inp', './Ethanol_c158_q1.inp', './Ethanol_c184_q1.inp', './Ethanol_c19_q2.inp', './Ethanol_c56_q1.inp', './Ethanol_c188_q2.inp', './Ethanol_c167_q1.inp', './Ethanol_c97_q1.inp', './Ethanol_c196_q1.inp', './Ethanol_c119_q1.inp', './Ethanol_c132_q1.inp', './Ethanol_c110_q3.inp', './Ethanol_c134_q3.inp', './Ethanol_c93_q1.inp', './Ethanol_c121_q1.inp', './Ethanol_c1_q1.inp', './Ethanol_c152_q1.inp', './Ethanol_c32_q2.inp', './Ethanol_c116_q2.inp', './Ethanol_c51_q3.inp', './Ethanol_c6_q3.inp', './Ethanol_c60_q1.inp', './Ethanol_c5_q1.inp', './Ethanol_c114_q2.inp', './Ethanol_c120_q2.inp', './Ethanol_c131_q3.inp', './Ethanol_c19_q1.inp', './Ethanol_c57_q1.inp', './Ethanol_c64_q1.inp', './Ethanol_c115_q1.inp', './Ethanol_c9_q1.inp', './Ethanol_c149_q1.inp', './Ethanol_c48_q2.inp', './Ethanol_c122_q3.inp', './Ethanol_c67_q2.inp', './Ethanol_c64_q2.inp', './Ethanol_c72_q3.inp', './Ethanol_c157_q1.inp', './Ethanol_c61_q3.inp', './Ethanol_c123_q1.inp', './Ethanol_c129_q1.inp', './Ethanol_c154_q1.inp', './Ethanol_c173_q1.inp', './Ethanol_c128_q1.inp', './Ethanol_c79_q3.inp', './Ethanol_c46_q3.inp', './Ethanol_c197_q2.inp', './Ethanol_c105_q3.inp', './Ethanol_c43_q3.inp', './Ethanol_c14_q2.inp', './Ethanol_c102_q2.inp', './Ethanol_c128_q3.inp', './Ethanol_c4_q1.inp', './Ethanol_c127_q1.inp', './Ethanol_c108_q1.inp', './Ethanol_c179_q1.inp', './Ethanol_c185_q2.inp', './Ethanol_c158_q3.inp', './Ethanol_c112_q2.inp', './Ethanol_c148_q2.inp', './Ethanol_c93_q2.inp', './Ethanol_c159_q2.inp', './Ethanol_c156_q2.inp', './Ethanol_c153_q3.inp', './Ethanol_c114_q1.inp', './Ethanol_c10_q3.inp', './Ethanol_c6_q2.inp', './Ethanol_c42_q1.inp', './Ethanol_c116_q3.inp', './Ethanol_c20_q2.inp', './Ethanol_c104_q1.inp', './Ethanol_c3_q2.inp', './Ethanol_c106_q1.inp', './Ethanol_c103_q1.inp', './Ethanol_c186_q1.inp', './Ethanol_c186_q3.inp', './Ethanol_c53_q2.inp', './Ethanol_c124_q1.inp', './Ethanol_c101_q3.inp', './Ethanol_c161_q1.inp', './Ethanol_c189_q2.inp', './Ethanol_c142_q1.inp', './Ethanol_c91_q3.inp', './Ethanol_c174_q2.inp', './Ethanol_c109_q1.inp', './Ethanol_c5_q2.inp', './Ethanol_c189_q1.inp', './Ethanol_c104_q2.inp', './Ethanol_c38_q2.inp', './Ethanol_c108_q2.inp', './Ethanol_c66_q3.inp', './Ethanol_c48_q1.inp', './Ethanol_c118_q2.inp', './Ethanol_c140_q2.inp', './Ethanol_c40_q3.inp', './Ethanol_c65_q2.inp', './Ethanol_c44_q3.inp', './Ethanol_c62_q3.inp', './Ethanol_c99_q3.inp', './Ethanol_c119_q2.inp', './Ethanol_c17_q3.inp', './Ethanol_c83_q1.inp', './Ethanol_c160_q1.inp', './Ethanol_c133_q1.inp', './Ethanol_c88_q2.inp', './Ethanol_c7_q2.inp', './Ethanol_c114_q3.inp', './Ethanol_c188_q1.inp', './Ethanol_c149_q3.inp', './Ethanol_c176_q1.inp', './Ethanol_c11_q1.inp', './Ethanol_c138_q3.inp', './Ethanol_c84_q3.inp', './Ethanol_c151_q1.inp', './Ethanol_c37_q2.inp', './Ethanol_c62_q2.inp', './Ethanol_c98_q3.inp', './Ethanol_c12_q2.inp', './Ethanol_c10_q1.inp', './Ethanol_c60_q2.inp', './Ethanol_c146_q3.inp', './Ethanol_c115_q2.inp', './Ethanol_c162_q1.inp', './Ethanol_c105_q2.inp', './Ethanol_c31_q2.inp', './Ethanol_c187_q1.inp', './Ethanol_c130_q3.inp', './Ethanol_c76_q2.inp', './Ethanol_c68_q1.inp', './Ethanol_c195_q2.inp', './Ethanol_c165_q1.inp', './Ethanol_c86_q3.inp', './Ethanol_c85_q2.inp', './Ethanol_c59_q3.inp', './Ethanol_c156_q1.inp', './Ethanol_c27_q3.inp', './Ethanol_c75_q3.inp', './Ethanol_c104_q3.inp']
./Ethanol_c15_q1
./opt-test-SCEE/Ethanol_c15_q1.dat
./Ethanol_c75_q1
./opt-test-SCEE/Ethanol_c75_q1.dat
./Ethanol_c51_q2
./opt-test-SCEE/Ethanol_c51_q2.dat
./Ethanol_c111_q3
./opt-test-SCEE/Ethanol_c111_q3.dat
./Ethanol_c71_q1
./opt-test-SCEE/Ethanol_c71_q1.dat
./Ethanol_c168_q1
./opt-test-SCEE/Ethanol_c168_q1.dat
./Ethanol_c167_q2
./opt-test-SCEE/Ethanol_c167_q2.dat
./Ethanol_c183_q1
./opt-test-SCEE/Ethanol_c183_q1.dat
./Ethanol_c176_q3
./opt-test-SCEE/Ethanol_c176_q3.dat
./Ethanol_c136_q1
./opt-test-SCEE/Ethanol_c136_q1.dat
./Ethanol_c122_q1
./opt-test-SCEE/Ethanol_c122_q1.dat
./Ethanol_c115_q3
./opt-test-SCEE/Ethanol_c115_q3.dat
./Ethanol_c170_q1
./opt-test-SCEE/Ethanol_c170_q1.dat
./Ethanol_c198_q2
./opt-test-SCEE/Ethanol_c198_q2.dat
./Ethanol_c131_q2
./opt-test-SCEE/Ethanol_c131_q2.dat
./Ethanol_c92_q2
./opt-test-SCEE/Ethanol_c92_q2.dat
./Ethanol_c44_q1
./opt-test-SCEE/Ethanol_c44_q1.dat
./Ethanol_c52_q2
./opt-test-SCEE/Ethanol_c52_q2.dat
./Ethanol_c30_q2
./opt-test-SCEE/Ethanol_c30_q2.dat
./Ethanol_c85_q3
./opt-test-SCEE/Ethanol_c85_q3.dat
./Ethanol_c144_q3
./opt-test-SCEE/Ethanol_c144_q3.dat
./Ethanol_c119_q3
./opt-test-SCEE/Ethanol_c119_q3.dat
./Ethanol_c89_q2
./opt-test-SCEE/Ethanol_c89_q2.dat
./Ethanol_c157_q2
./opt-test-SCEE/Ethanol_c157_q2.dat
./Ethanol_c7_q3
./opt-test-SCEE/Ethanol_c7_q3.dat
./Ethanol_c130_q2
./opt-test-SCEE/Ethanol_c130_q2.dat
./Ethanol_c187_q2
./opt-test-SCEE/Ethanol_c187_q2.dat
./Ethanol_c87_q3
./opt-test-SCEE/Ethanol_c87_q3.dat
./Ethanol_c130_q1
./opt-test-SCEE/Ethanol_c130_q1.dat
./Ethanol_c101_q2
./opt-test-SCEE/Ethanol_c101_q2.dat
./Ethanol_c26_q1
./opt-test-SCEE/Ethanol_c26_q1.dat
./Ethanol_c148_q3
./opt-test-SCEE/Ethanol_c148_q3.dat
./Ethanol_c151_q3
./opt-test-SCEE/Ethanol_c151_q3.dat
./Ethanol_c108_q3
./opt-test-SCEE/Ethanol_c108_q3.dat
./Ethanol_c45_q2
./opt-test-SCEE/Ethanol_c45_q2.dat
./Ethanol_c141_q1
./opt-test-SCEE/Ethanol_c141_q1.dat
./Ethanol_c169_q2
./opt-test-SCEE/Ethanol_c169_q2.dat
./Ethanol_c47_q1
./opt-test-SCEE/Ethanol_c47_q1.dat
./Ethanol_c90_q2
./opt-test-SCEE/Ethanol_c90_q2.dat
./Ethanol_c129_q3
./opt-test-SCEE/Ethanol_c129_q3.dat
./Ethanol_c75_q2
./opt-test-SCEE/Ethanol_c75_q2.dat
./Ethanol_c91_q1
./opt-test-SCEE/Ethanol_c91_q1.dat
./Ethanol_c191_q2
./opt-test-SCEE/Ethanol_c191_q2.dat
./Ethanol_c26_q3
./opt-test-SCEE/Ethanol_c26_q3.dat
./Ethanol_c146_q1
./opt-test-SCEE/Ethanol_c146_q1.dat
./Ethanol_c15_q2
./opt-test-SCEE/Ethanol_c15_q2.dat
./Ethanol_c3_q3
./opt-test-SCEE/Ethanol_c3_q3.dat
./Ethanol_c160_q2
./opt-test-SCEE/Ethanol_c160_q2.dat
./Ethanol_c113_q2
./opt-test-SCEE/Ethanol_c113_q2.dat
./Ethanol_c163_q1
./opt-test-SCEE/Ethanol_c163_q1.dat
./Ethanol_c112_q1
./opt-test-SCEE/Ethanol_c112_q1.dat
./Ethanol_c159_q3
./opt-test-SCEE/Ethanol_c159_q3.dat
./Ethanol_c191_q1
./opt-test-SCEE/Ethanol_c191_q1.dat
./Ethanol_c4_q3
./opt-test-SCEE/Ethanol_c4_q3.dat
./Ethanol_c44_q2
./opt-test-SCEE/Ethanol_c44_q2.dat
./Ethanol_c106_q2
./opt-test-SCEE/Ethanol_c106_q2.dat
./Ethanol_c164_q3
./opt-test-SCEE/Ethanol_c164_q3.dat
./Ethanol_c166_q2
./opt-test-SCEE/Ethanol_c166_q2.dat
./Ethanol_c46_q1
./opt-test-SCEE/Ethanol_c46_q1.dat
./Ethanol_c178_q3
./opt-test-SCEE/Ethanol_c178_q3.dat
./Ethanol_c77_q1
./opt-test-SCEE/Ethanol_c77_q1.dat
./Ethanol_c57_q2
./opt-test-SCEE/Ethanol_c57_q2.dat
./Ethanol_c170_q2
./opt-test-SCEE/Ethanol_c170_q2.dat
./Ethanol_c153_q1
./opt-test-SCEE/Ethanol_c153_q1.dat
./Ethanol_c109_q3
./opt-test-SCEE/Ethanol_c109_q3.dat
./Ethanol_c22_q2
./opt-test-SCEE/Ethanol_c22_q2.dat
./Ethanol_c86_q1
./opt-test-SCEE/Ethanol_c86_q1.dat
./Ethanol_c147_q2
./opt-test-SCEE/Ethanol_c147_q2.dat
./Ethanol_c36_q1
./opt-test-SCEE/Ethanol_c36_q1.dat
./Ethanol_c186_q2
./opt-test-SCEE/Ethanol_c186_q2.dat
./Ethanol_c164_q1
./opt-test-SCEE/Ethanol_c164_q1.dat
./Ethanol_c43_q2
./opt-test-SCEE/Ethanol_c43_q2.dat
./Ethanol_c200_q2
./opt-test-SCEE/Ethanol_c200_q2.dat
./Ethanol_c139_q1
./opt-test-SCEE/Ethanol_c139_q1.dat
./Ethanol_c99_q1
./opt-test-SCEE/Ethanol_c99_q1.dat
./Ethanol_c61_q2
./opt-test-SCEE/Ethanol_c61_q2.dat
./Ethanol_c50_q3
./opt-test-SCEE/Ethanol_c50_q3.dat
./Ethanol_c171_q3
./opt-test-SCEE/Ethanol_c171_q3.dat
./Ethanol_c127_q3
./opt-test-SCEE/Ethanol_c127_q3.dat
./Ethanol_c83_q3
./opt-test-SCEE/Ethanol_c83_q3.dat
./Ethanol_c193_q2
./opt-test-SCEE/Ethanol_c193_q2.dat
./Ethanol_c120_q1
./opt-test-SCEE/Ethanol_c120_q1.dat
./Ethanol_c29_q3
./opt-test-SCEE/Ethanol_c29_q3.dat
./Ethanol_c71_q3
./opt-test-SCEE/Ethanol_c71_q3.dat
./Ethanol_c22_q3
./opt-test-SCEE/Ethanol_c22_q3.dat
./Ethanol_c21_q3
./opt-test-SCEE/Ethanol_c21_q3.dat
./Ethanol_c41_q1
./opt-test-SCEE/Ethanol_c41_q1.dat
./Ethanol_c83_q2
./opt-test-SCEE/Ethanol_c83_q2.dat
./Ethanol_c84_q1
./opt-test-SCEE/Ethanol_c84_q1.dat
./Ethanol_c9_q2
./opt-test-SCEE/Ethanol_c9_q2.dat
./Ethanol_c13_q1
./opt-test-SCEE/Ethanol_c13_q1.dat
./Ethanol_c90_q3
./opt-test-SCEE/Ethanol_c90_q3.dat
./Ethanol_c183_q2
./opt-test-SCEE/Ethanol_c183_q2.dat
./Ethanol_c54_q3
./opt-test-SCEE/Ethanol_c54_q3.dat
./Ethanol_c192_q3
./opt-test-SCEE/Ethanol_c192_q3.dat
./Ethanol_c27_q1
./opt-test-SCEE/Ethanol_c27_q1.dat
./Ethanol_c195_q1
./opt-test-SCEE/Ethanol_c195_q1.dat
./Ethanol_c140_q3
./opt-test-SCEE/Ethanol_c140_q3.dat
./Ethanol_c1_q2
./opt-test-SCEE/Ethanol_c1_q2.dat
./Ethanol_c113_q1
./opt-test-SCEE/Ethanol_c113_q1.dat
./Ethanol_c137_q3
./opt-test-SCEE/Ethanol_c137_q3.dat
./Ethanol_c177_q2
./opt-test-SCEE/Ethanol_c177_q2.dat
./Ethanol_c100_q2
./opt-test-SCEE/Ethanol_c100_q2.dat
./Ethanol_c123_q2
./opt-test-SCEE/Ethanol_c123_q2.dat
./Ethanol_c35_q3
./opt-test-SCEE/Ethanol_c35_q3.dat
./Ethanol_c12_q3
./opt-test-SCEE/Ethanol_c12_q3.dat
./Ethanol_c95_q1
./opt-test-SCEE/Ethanol_c95_q1.dat
./Ethanol_c95_q2
./opt-test-SCEE/Ethanol_c95_q2.dat
./Ethanol_c140_q1
./opt-test-SCEE/Ethanol_c140_q1.dat
./Ethanol_c162_q3
./opt-test-SCEE/Ethanol_c162_q3.dat
./Ethanol_c51_q1
./opt-test-SCEE/Ethanol_c51_q1.dat
./Ethanol_c121_q3
./opt-test-SCEE/Ethanol_c121_q3.dat
./Ethanol_c18_q3
./opt-test-SCEE/Ethanol_c18_q3.dat
./Ethanol_c38_q1
./opt-test-SCEE/Ethanol_c38_q1.dat
./Ethanol_c23_q2
./opt-test-SCEE/Ethanol_c23_q2.dat
./Ethanol_c137_q1
./opt-test-SCEE/Ethanol_c137_q1.dat
./Ethanol_c152_q2
./opt-test-SCEE/Ethanol_c152_q2.dat
./Ethanol_c56_q2
./opt-test-SCEE/Ethanol_c56_q2.dat
./Ethanol_c107_q2
./opt-test-SCEE/Ethanol_c107_q2.dat
./Ethanol_c139_q2
./opt-test-SCEE/Ethanol_c139_q2.dat
./Ethanol_c32_q1
./opt-test-SCEE/Ethanol_c32_q1.dat
./Ethanol_c141_q3
./opt-test-SCEE/Ethanol_c141_q3.dat
./Ethanol_c162_q2
./opt-test-SCEE/Ethanol_c162_q2.dat
./Ethanol_c80_q3
./opt-test-SCEE/Ethanol_c80_q3.dat
./Ethanol_c30_q1
./opt-test-SCEE/Ethanol_c30_q1.dat
./Ethanol_c195_q3
./opt-test-SCEE/Ethanol_c195_q3.dat
./Ethanol_c187_q3
./opt-test-SCEE/Ethanol_c187_q3.dat
./Ethanol_c171_q1
./opt-test-SCEE/Ethanol_c171_q1.dat
./Ethanol_c144_q1
./opt-test-SCEE/Ethanol_c144_q1.dat
./Ethanol_c198_q3
./opt-test-SCEE/Ethanol_c198_q3.dat
./Ethanol_c92_q3
./opt-test-SCEE/Ethanol_c92_q3.dat
./Ethanol_c6_q1
./opt-test-SCEE/Ethanol_c6_q1.dat
./Ethanol_c65_q3
./opt-test-SCEE/Ethanol_c65_q3.dat
./Ethanol_c63_q3
./opt-test-SCEE/Ethanol_c63_q3.dat
./Ethanol_c111_q2
./opt-test-SCEE/Ethanol_c111_q2.dat
./Ethanol_c124_q3
./opt-test-SCEE/Ethanol_c124_q3.dat
./Ethanol_c180_q1
./opt-test-SCEE/Ethanol_c180_q1.dat
./Ethanol_c132_q2
./opt-test-SCEE/Ethanol_c132_q2.dat
./Ethanol_c131_q1
./opt-test-SCEE/Ethanol_c131_q1.dat
./Ethanol_c71_q2
./opt-test-SCEE/Ethanol_c71_q2.dat
./Ethanol_c156_q3
./opt-test-SCEE/Ethanol_c156_q3.dat
./Ethanol_c184_q2
./opt-test-SCEE/Ethanol_c184_q2.dat
./Ethanol_c196_q3
./opt-test-SCEE/Ethanol_c196_q3.dat
./Ethanol_c172_q1
./opt-test-SCEE/Ethanol_c172_q1.dat
./Ethanol_c182_q2
./opt-test-SCEE/Ethanol_c182_q2.dat
./Ethanol_c134_q2
./opt-test-SCEE/Ethanol_c134_q2.dat
./Ethanol_c94_q3
./opt-test-SCEE/Ethanol_c94_q3.dat
./Ethanol_c124_q2
./opt-test-SCEE/Ethanol_c124_q2.dat
./Ethanol_c40_q1
./opt-test-SCEE/Ethanol_c40_q1.dat
./Ethanol_c14_q1
./opt-test-SCEE/Ethanol_c14_q1.dat
./Ethanol_c90_q1
./opt-test-SCEE/Ethanol_c90_q1.dat
./Ethanol_c34_q1
./opt-test-SCEE/Ethanol_c34_q1.dat
./Ethanol_c69_q3
./opt-test-SCEE/Ethanol_c69_q3.dat
./Ethanol_c194_q1
./opt-test-SCEE/Ethanol_c194_q1.dat
./Ethanol_c198_q1
./opt-test-SCEE/Ethanol_c198_q1.dat
./Ethanol_c48_q3
./opt-test-SCEE/Ethanol_c48_q3.dat
./Ethanol_c32_q3
./opt-test-SCEE/Ethanol_c32_q3.dat
./Ethanol_c175_q3
./opt-test-SCEE/Ethanol_c175_q3.dat
./Ethanol_c188_q3
./opt-test-SCEE/Ethanol_c188_q3.dat
./Ethanol_c151_q2
./opt-test-SCEE/Ethanol_c151_q2.dat
./Ethanol_c103_q2
./opt-test-SCEE/Ethanol_c103_q2.dat
./Ethanol_c50_q2
./opt-test-SCEE/Ethanol_c50_q2.dat
./Ethanol_c26_q2
./opt-test-SCEE/Ethanol_c26_q2.dat
./Ethanol_c30_q3
./opt-test-SCEE/Ethanol_c30_q3.dat
./Ethanol_c89_q3
./opt-test-SCEE/Ethanol_c89_q3.dat
./Ethanol_c4_q2
./opt-test-SCEE/Ethanol_c4_q2.dat
./Ethanol_c161_q2
./opt-test-SCEE/Ethanol_c161_q2.dat
./Ethanol_c182_q3
./opt-test-SCEE/Ethanol_c182_q3.dat
./Ethanol_c116_q1
./opt-test-SCEE/Ethanol_c116_q1.dat
./Ethanol_c12_q1
./opt-test-SCEE/Ethanol_c12_q1.dat
./Ethanol_c14_q3
./opt-test-SCEE/Ethanol_c14_q3.dat
./Ethanol_c117_q3
./opt-test-SCEE/Ethanol_c117_q3.dat
./Ethanol_c176_q2
./opt-test-SCEE/Ethanol_c176_q2.dat
./Ethanol_c15_q3
./opt-test-SCEE/Ethanol_c15_q3.dat
./Ethanol_c78_q2
./opt-test-SCEE/Ethanol_c78_q2.dat
./Ethanol_c16_q1
./opt-test-SCEE/Ethanol_c16_q1.dat
./Ethanol_c102_q1
./opt-test-SCEE/Ethanol_c102_q1.dat
./Ethanol_c199_q2
./opt-test-SCEE/Ethanol_c199_q2.dat
./Ethanol_c81_q2
./opt-test-SCEE/Ethanol_c81_q2.dat
./Ethanol_c102_q3
./opt-test-SCEE/Ethanol_c102_q3.dat
./Ethanol_c79_q2
./opt-test-SCEE/Ethanol_c79_q2.dat
./Ethanol_c31_q1
./opt-test-SCEE/Ethanol_c31_q1.dat
./Ethanol_c103_q3
./opt-test-SCEE/Ethanol_c103_q3.dat
./Ethanol_c53_q3
./opt-test-SCEE/Ethanol_c53_q3.dat
./Ethanol_c139_q3
./opt-test-SCEE/Ethanol_c139_q3.dat
./Ethanol_c155_q2
./opt-test-SCEE/Ethanol_c155_q2.dat
./Ethanol_c70_q3
./opt-test-SCEE/Ethanol_c70_q3.dat
./Ethanol_c55_q2
./opt-test-SCEE/Ethanol_c55_q2.dat
./Ethanol_c66_q1
./opt-test-SCEE/Ethanol_c66_q1.dat
./Ethanol_c29_q2
./opt-test-SCEE/Ethanol_c29_q2.dat
./Ethanol_c148_q1
./opt-test-SCEE/Ethanol_c148_q1.dat
./Ethanol_c33_q3
./opt-test-SCEE/Ethanol_c33_q3.dat
./Ethanol_c197_q1
./opt-test-SCEE/Ethanol_c197_q1.dat
./Ethanol_c63_q2
./opt-test-SCEE/Ethanol_c63_q2.dat
./Ethanol_c122_q2
./opt-test-SCEE/Ethanol_c122_q2.dat
./Ethanol_c2_q1
./opt-test-SCEE/Ethanol_c2_q1.dat
./Ethanol_c24_q1
./opt-test-SCEE/Ethanol_c24_q1.dat
./Ethanol_c149_q2
./opt-test-SCEE/Ethanol_c149_q2.dat
./Ethanol_c157_q3
./opt-test-SCEE/Ethanol_c157_q3.dat
./Ethanol_c133_q2
./opt-test-SCEE/Ethanol_c133_q2.dat
./Ethanol_c126_q3
./opt-test-SCEE/Ethanol_c126_q3.dat
./Ethanol_c181_q3
./opt-test-SCEE/Ethanol_c181_q3.dat
./Ethanol_c29_q1
./opt-test-SCEE/Ethanol_c29_q1.dat
./Ethanol_c98_q2
./opt-test-SCEE/Ethanol_c98_q2.dat
./Ethanol_c105_q1
./opt-test-SCEE/Ethanol_c105_q1.dat
./Ethanol_c177_q3
./opt-test-SCEE/Ethanol_c177_q3.dat
./Ethanol_c45_q1
./opt-test-SCEE/Ethanol_c45_q1.dat
./Ethanol_c28_q3
./opt-test-SCEE/Ethanol_c28_q3.dat
./Ethanol_c77_q2
./opt-test-SCEE/Ethanol_c77_q2.dat
./Ethanol_c27_q2
./opt-test-SCEE/Ethanol_c27_q2.dat
./Ethanol_c190_q1
./opt-test-SCEE/Ethanol_c190_q1.dat
./Ethanol_c67_q1
./opt-test-SCEE/Ethanol_c67_q1.dat
./Ethanol_c166_q3
./opt-test-SCEE/Ethanol_c166_q3.dat
./Ethanol_c24_q2
./opt-test-SCEE/Ethanol_c24_q2.dat
./Ethanol_c58_q3
./opt-test-SCEE/Ethanol_c58_q3.dat
./Ethanol_c197_q3
./opt-test-SCEE/Ethanol_c197_q3.dat
./Ethanol_c60_q3
./opt-test-SCEE/Ethanol_c60_q3.dat
./Ethanol_c126_q1
./opt-test-SCEE/Ethanol_c126_q1.dat
./Ethanol_c77_q3
./opt-test-SCEE/Ethanol_c77_q3.dat
./Ethanol_c21_q1
./opt-test-SCEE/Ethanol_c21_q1.dat
./Ethanol_c23_q1
./opt-test-SCEE/Ethanol_c23_q1.dat
./Ethanol_c146_q2
./opt-test-SCEE/Ethanol_c146_q2.dat
./Ethanol_c55_q1
./opt-test-SCEE/Ethanol_c55_q1.dat
./Ethanol_c73_q2
./opt-test-SCEE/Ethanol_c73_q2.dat
./Ethanol_c74_q1
./opt-test-SCEE/Ethanol_c74_q1.dat
./Ethanol_c125_q1
./opt-test-SCEE/Ethanol_c125_q1.dat
./Ethanol_c47_q3
./opt-test-SCEE/Ethanol_c47_q3.dat
./Ethanol_c111_q1
./opt-test-SCEE/Ethanol_c111_q1.dat
./Ethanol_c11_q3
./opt-test-SCEE/Ethanol_c11_q3.dat
./Ethanol_c16_q2
./opt-test-SCEE/Ethanol_c16_q2.dat
./Ethanol_c85_q1
./opt-test-SCEE/Ethanol_c85_q1.dat
./Ethanol_c13_q2
./opt-test-SCEE/Ethanol_c13_q2.dat
./Ethanol_c191_q3
./opt-test-SCEE/Ethanol_c191_q3.dat
./Ethanol_c9_q3
./opt-test-SCEE/Ethanol_c9_q3.dat
./Ethanol_c150_q1
./opt-test-SCEE/Ethanol_c150_q1.dat
./Ethanol_c18_q1
./opt-test-SCEE/Ethanol_c18_q1.dat
./Ethanol_c18_q2
./opt-test-SCEE/Ethanol_c18_q2.dat
./Ethanol_c64_q3
./opt-test-SCEE/Ethanol_c64_q3.dat
./Ethanol_c132_q3
./opt-test-SCEE/Ethanol_c132_q3.dat
./Ethanol_c113_q3
./opt-test-SCEE/Ethanol_c113_q3.dat
./Ethanol_c127_q2
./opt-test-SCEE/Ethanol_c127_q2.dat
./Ethanol_c179_q2
./opt-test-SCEE/Ethanol_c179_q2.dat
./Ethanol_c97_q2
./opt-test-SCEE/Ethanol_c97_q2.dat
./Ethanol_c159_q1
./opt-test-SCEE/Ethanol_c159_q1.dat
./Ethanol_c96_q1
./opt-test-SCEE/Ethanol_c96_q1.dat
./Ethanol_c37_q1
./opt-test-SCEE/Ethanol_c37_q1.dat
./Ethanol_c25_q3
./opt-test-SCEE/Ethanol_c25_q3.dat
./Ethanol_c67_q3
./opt-test-SCEE/Ethanol_c67_q3.dat
./Ethanol_c62_q1
./opt-test-SCEE/Ethanol_c62_q1.dat
./Ethanol_c84_q2
./opt-test-SCEE/Ethanol_c84_q2.dat
./Ethanol_c73_q1
./opt-test-SCEE/Ethanol_c73_q1.dat
./Ethanol_c25_q2
./opt-test-SCEE/Ethanol_c25_q2.dat
./Ethanol_c46_q2
./opt-test-SCEE/Ethanol_c46_q2.dat
./Ethanol_c169_q1
./opt-test-SCEE/Ethanol_c169_q1.dat
./Ethanol_c94_q2
./opt-test-SCEE/Ethanol_c94_q2.dat
./Ethanol_c192_q1
./opt-test-SCEE/Ethanol_c192_q1.dat
./Ethanol_c175_q1
./opt-test-SCEE/Ethanol_c175_q1.dat
./Ethanol_c166_q1
./opt-test-SCEE/Ethanol_c166_q1.dat
./Ethanol_c2_q3
./opt-test-SCEE/Ethanol_c2_q3.dat
./Ethanol_c49_q3
./opt-test-SCEE/Ethanol_c49_q3.dat
./Ethanol_c42_q2
./opt-test-SCEE/Ethanol_c42_q2.dat
./Ethanol_c110_q1
./opt-test-SCEE/Ethanol_c110_q1.dat
./Ethanol_c154_q2
./opt-test-SCEE/Ethanol_c154_q2.dat
./Ethanol_c135_q1
./opt-test-SCEE/Ethanol_c135_q1.dat
./Ethanol_c172_q3
./opt-test-SCEE/Ethanol_c172_q3.dat
./Ethanol_c142_q3
./opt-test-SCEE/Ethanol_c142_q3.dat
./Ethanol_c101_q1
./opt-test-SCEE/Ethanol_c101_q1.dat
./Ethanol_c136_q2
./opt-test-SCEE/Ethanol_c136_q2.dat
./Ethanol_c23_q3
./opt-test-SCEE/Ethanol_c23_q3.dat
./Ethanol_c163_q2
./opt-test-SCEE/Ethanol_c163_q2.dat
./Ethanol_c128_q2
./opt-test-SCEE/Ethanol_c128_q2.dat
./Ethanol_c180_q2
./opt-test-SCEE/Ethanol_c180_q2.dat
./Ethanol_c171_q2
./opt-test-SCEE/Ethanol_c171_q2.dat
./Ethanol_c81_q3
./opt-test-SCEE/Ethanol_c81_q3.dat
./Ethanol_c76_q3
./opt-test-SCEE/Ethanol_c76_q3.dat
./Ethanol_c165_q3
./opt-test-SCEE/Ethanol_c165_q3.dat
./Ethanol_c79_q1
./opt-test-SCEE/Ethanol_c79_q1.dat
./Ethanol_c118_q3
./opt-test-SCEE/Ethanol_c118_q3.dat
./Ethanol_c93_q3
./opt-test-SCEE/Ethanol_c93_q3.dat
./Ethanol_c190_q2
./opt-test-SCEE/Ethanol_c190_q2.dat
./Ethanol_c59_q1
./opt-test-SCEE/Ethanol_c59_q1.dat
./Ethanol_c172_q2
./opt-test-SCEE/Ethanol_c172_q2.dat
./Ethanol_c36_q2
./opt-test-SCEE/Ethanol_c36_q2.dat
./Ethanol_c143_q2
./opt-test-SCEE/Ethanol_c143_q2.dat
./Ethanol_c8_q3
./opt-test-SCEE/Ethanol_c8_q3.dat
./Ethanol_c147_q1
./opt-test-SCEE/Ethanol_c147_q1.dat
./Ethanol_c178_q1
./opt-test-SCEE/Ethanol_c178_q1.dat
./Ethanol_c145_q3
./opt-test-SCEE/Ethanol_c145_q3.dat
./Ethanol_c82_q3
./opt-test-SCEE/Ethanol_c82_q3.dat
./Ethanol_c185_q3
./opt-test-SCEE/Ethanol_c185_q3.dat
./Ethanol_c53_q1
./opt-test-SCEE/Ethanol_c53_q1.dat
./Ethanol_c1_q3
./opt-test-SCEE/Ethanol_c1_q3.dat
./Ethanol_c17_q1
./opt-test-SCEE/Ethanol_c17_q1.dat
./Ethanol_c68_q3
./opt-test-SCEE/Ethanol_c68_q3.dat
./Ethanol_c123_q3
./opt-test-SCEE/Ethanol_c123_q3.dat
./Ethanol_c192_q2
./opt-test-SCEE/Ethanol_c192_q2.dat
./Ethanol_c196_q2
./opt-test-SCEE/Ethanol_c196_q2.dat
./Ethanol_c8_q1
./opt-test-SCEE/Ethanol_c8_q1.dat
./Ethanol_c52_q1
./opt-test-SCEE/Ethanol_c52_q1.dat
./Ethanol_c92_q1
./opt-test-SCEE/Ethanol_c92_q1.dat
./Ethanol_c133_q3
./opt-test-SCEE/Ethanol_c133_q3.dat
./Ethanol_c194_q2
./opt-test-SCEE/Ethanol_c194_q2.dat
./Ethanol_c96_q2
./opt-test-SCEE/Ethanol_c96_q2.dat
./Ethanol_c94_q1
./opt-test-SCEE/Ethanol_c94_q1.dat
./Ethanol_c110_q2
./opt-test-SCEE/Ethanol_c110_q2.dat
./Ethanol_c88_q1
./opt-test-SCEE/Ethanol_c88_q1.dat
./Ethanol_c181_q2
./opt-test-SCEE/Ethanol_c181_q2.dat
./Ethanol_c59_q2
./opt-test-SCEE/Ethanol_c59_q2.dat
./Ethanol_c16_q3
./opt-test-SCEE/Ethanol_c16_q3.dat
./Ethanol_c20_q1
./opt-test-SCEE/Ethanol_c20_q1.dat
./Ethanol_c144_q2
./opt-test-SCEE/Ethanol_c144_q2.dat
./Ethanol_c21_q2
./opt-test-SCEE/Ethanol_c21_q2.dat
./Ethanol_c100_q3
./opt-test-SCEE/Ethanol_c100_q3.dat
./Ethanol_c70_q2
./opt-test-SCEE/Ethanol_c70_q2.dat
./Ethanol_c74_q3
./opt-test-SCEE/Ethanol_c74_q3.dat
./Ethanol_c168_q3
./opt-test-SCEE/Ethanol_c168_q3.dat
./Ethanol_c52_q3
./opt-test-SCEE/Ethanol_c52_q3.dat
./Ethanol_c147_q3
./opt-test-SCEE/Ethanol_c147_q3.dat
./Ethanol_c24_q3
./opt-test-SCEE/Ethanol_c24_q3.dat
./Ethanol_c134_q1
./opt-test-SCEE/Ethanol_c134_q1.dat
./Ethanol_c2_q2
./opt-test-SCEE/Ethanol_c2_q2.dat
./Ethanol_c135_q2
./opt-test-SCEE/Ethanol_c135_q2.dat
./Ethanol_c150_q2
./opt-test-SCEE/Ethanol_c150_q2.dat
./Ethanol_c155_q3
./opt-test-SCEE/Ethanol_c155_q3.dat
./Ethanol_c45_q3
./opt-test-SCEE/Ethanol_c45_q3.dat
./Ethanol_c22_q1
./opt-test-SCEE/Ethanol_c22_q1.dat
./Ethanol_c72_q2
./opt-test-SCEE/Ethanol_c72_q2.dat
./Ethanol_c33_q1
./opt-test-SCEE/Ethanol_c33_q1.dat
./Ethanol_c168_q2
./opt-test-SCEE/Ethanol_c168_q2.dat
./Ethanol_c194_q3
./opt-test-SCEE/Ethanol_c194_q3.dat
./Ethanol_c141_q2
./opt-test-SCEE/Ethanol_c141_q2.dat
./Ethanol_c39_q3
./opt-test-SCEE/Ethanol_c39_q3.dat
./Ethanol_c95_q3
./opt-test-SCEE/Ethanol_c95_q3.dat
./Ethanol_c142_q2
./opt-test-SCEE/Ethanol_c142_q2.dat
./Ethanol_c138_q2
./opt-test-SCEE/Ethanol_c138_q2.dat
./Ethanol_c109_q2
./opt-test-SCEE/Ethanol_c109_q2.dat
./Ethanol_c167_q3
./opt-test-SCEE/Ethanol_c167_q3.dat
./Ethanol_c49_q2
./opt-test-SCEE/Ethanol_c49_q2.dat
./Ethanol_c54_q1
./opt-test-SCEE/Ethanol_c54_q1.dat
./Ethanol_c63_q1
./opt-test-SCEE/Ethanol_c63_q1.dat
./Ethanol_c184_q3
./opt-test-SCEE/Ethanol_c184_q3.dat
./Ethanol_c25_q1
./opt-test-SCEE/Ethanol_c25_q1.dat
./Ethanol_c98_q1
./opt-test-SCEE/Ethanol_c98_q1.dat
./Ethanol_c158_q2
./opt-test-SCEE/Ethanol_c158_q2.dat
./Ethanol_c33_q2
./opt-test-SCEE/Ethanol_c33_q2.dat
./Ethanol_c138_q1
./opt-test-SCEE/Ethanol_c138_q1.dat
./Ethanol_c66_q2
./opt-test-SCEE/Ethanol_c66_q2.dat
./Ethanol_c35_q1
./opt-test-SCEE/Ethanol_c35_q1.dat
./Ethanol_c170_q3
./opt-test-SCEE/Ethanol_c170_q3.dat
./Ethanol_c135_q3
./opt-test-SCEE/Ethanol_c135_q3.dat
./Ethanol_c47_q2
./opt-test-SCEE/Ethanol_c47_q2.dat
./Ethanol_c38_q3
./opt-test-SCEE/Ethanol_c38_q3.dat
./Ethanol_c161_q3
./opt-test-SCEE/Ethanol_c161_q3.dat
./Ethanol_c82_q1
./opt-test-SCEE/Ethanol_c82_q1.dat
./Ethanol_c78_q3
./opt-test-SCEE/Ethanol_c78_q3.dat
./Ethanol_c155_q1
./opt-test-SCEE/Ethanol_c155_q1.dat
./Ethanol_c177_q1
./opt-test-SCEE/Ethanol_c177_q1.dat
./Ethanol_c50_q1
./opt-test-SCEE/Ethanol_c50_q1.dat
./Ethanol_c179_q3
./opt-test-SCEE/Ethanol_c179_q3.dat
./Ethanol_c74_q2
./opt-test-SCEE/Ethanol_c74_q2.dat
./Ethanol_c87_q2
./opt-test-SCEE/Ethanol_c87_q2.dat
./Ethanol_c91_q2
./opt-test-SCEE/Ethanol_c91_q2.dat
./Ethanol_c181_q1
./opt-test-SCEE/Ethanol_c181_q1.dat
./Ethanol_c145_q2
./opt-test-SCEE/Ethanol_c145_q2.dat
./Ethanol_c42_q3
./opt-test-SCEE/Ethanol_c42_q3.dat
./Ethanol_c58_q1
./opt-test-SCEE/Ethanol_c58_q1.dat
./Ethanol_c69_q1
./opt-test-SCEE/Ethanol_c69_q1.dat
./Ethanol_c165_q2
./opt-test-SCEE/Ethanol_c165_q2.dat
./Ethanol_c57_q3
./opt-test-SCEE/Ethanol_c57_q3.dat
./Ethanol_c153_q2
./opt-test-SCEE/Ethanol_c153_q2.dat
./Ethanol_c89_q1
./opt-test-SCEE/Ethanol_c89_q1.dat
./Ethanol_c120_q3
./opt-test-SCEE/Ethanol_c120_q3.dat
./Ethanol_c13_q3
./opt-test-SCEE/Ethanol_c13_q3.dat
./Ethanol_c36_q3
./opt-test-SCEE/Ethanol_c36_q3.dat
./Ethanol_c125_q2
./opt-test-SCEE/Ethanol_c125_q2.dat
./Ethanol_c183_q3
./opt-test-SCEE/Ethanol_c183_q3.dat
./Ethanol_c41_q2
./opt-test-SCEE/Ethanol_c41_q2.dat
./Ethanol_c20_q3
./opt-test-SCEE/Ethanol_c20_q3.dat
./Ethanol_c19_q3
./opt-test-SCEE/Ethanol_c19_q3.dat
./Ethanol_c193_q3
./opt-test-SCEE/Ethanol_c193_q3.dat
./Ethanol_c86_q2
./opt-test-SCEE/Ethanol_c86_q2.dat
./Ethanol_c154_q3
./opt-test-SCEE/Ethanol_c154_q3.dat
./Ethanol_c49_q1
./opt-test-SCEE/Ethanol_c49_q1.dat
./Ethanol_c5_q3
./opt-test-SCEE/Ethanol_c5_q3.dat
./Ethanol_c61_q1
./opt-test-SCEE/Ethanol_c61_q1.dat
./Ethanol_c125_q3
./opt-test-SCEE/Ethanol_c125_q3.dat
./Ethanol_c137_q2
./opt-test-SCEE/Ethanol_c137_q2.dat
./Ethanol_c143_q1
./opt-test-SCEE/Ethanol_c143_q1.dat
./Ethanol_c39_q1
./opt-test-SCEE/Ethanol_c39_q1.dat
./Ethanol_c55_q3
./opt-test-SCEE/Ethanol_c55_q3.dat
./Ethanol_c107_q3
./opt-test-SCEE/Ethanol_c107_q3.dat
./Ethanol_c69_q2
./opt-test-SCEE/Ethanol_c69_q2.dat
./Ethanol_c73_q3
./opt-test-SCEE/Ethanol_c73_q3.dat
./Ethanol_c164_q2
./opt-test-SCEE/Ethanol_c164_q2.dat
./Ethanol_c35_q2
./opt-test-SCEE/Ethanol_c35_q2.dat
./Ethanol_c163_q3
./opt-test-SCEE/Ethanol_c163_q3.dat
./Ethanol_c175_q2
./opt-test-SCEE/Ethanol_c175_q2.dat
./Ethanol_c178_q2
./opt-test-SCEE/Ethanol_c178_q2.dat
./Ethanol_c190_q3
./opt-test-SCEE/Ethanol_c190_q3.dat
./Ethanol_c88_q3
./opt-test-SCEE/Ethanol_c88_q3.dat
./Ethanol_c54_q2
./opt-test-SCEE/Ethanol_c54_q2.dat
./Ethanol_c31_q3
./opt-test-SCEE/Ethanol_c31_q3.dat
./Ethanol_c3_q1
./opt-test-SCEE/Ethanol_c3_q1.dat
./Ethanol_c34_q2
./opt-test-SCEE/Ethanol_c34_q2.dat
./Ethanol_c99_q2
./opt-test-SCEE/Ethanol_c99_q2.dat
./Ethanol_c58_q2
./opt-test-SCEE/Ethanol_c58_q2.dat
./Ethanol_c117_q2
./opt-test-SCEE/Ethanol_c117_q2.dat
./Ethanol_c173_q3
./opt-test-SCEE/Ethanol_c173_q3.dat
./Ethanol_c160_q3
./opt-test-SCEE/Ethanol_c160_q3.dat
./Ethanol_c96_q3
./opt-test-SCEE/Ethanol_c96_q3.dat
./Ethanol_c173_q2
./opt-test-SCEE/Ethanol_c173_q2.dat
./Ethanol_c28_q2
./opt-test-SCEE/Ethanol_c28_q2.dat
./Ethanol_c82_q2
./opt-test-SCEE/Ethanol_c82_q2.dat
./Ethanol_c40_q2
./opt-test-SCEE/Ethanol_c40_q2.dat
./Ethanol_c34_q3
./opt-test-SCEE/Ethanol_c34_q3.dat
./Ethanol_c180_q3
./opt-test-SCEE/Ethanol_c180_q3.dat
./Ethanol_c106_q3
./opt-test-SCEE/Ethanol_c106_q3.dat
./Ethanol_c143_q3
./opt-test-SCEE/Ethanol_c143_q3.dat
./Ethanol_c107_q1
./opt-test-SCEE/Ethanol_c107_q1.dat
./Ethanol_c145_q1
./opt-test-SCEE/Ethanol_c145_q1.dat
./Ethanol_c182_q1
./opt-test-SCEE/Ethanol_c182_q1.dat
./Ethanol_c129_q2
./opt-test-SCEE/Ethanol_c129_q2.dat
./Ethanol_c80_q1
./opt-test-SCEE/Ethanol_c80_q1.dat
./Ethanol_c56_q3
./opt-test-SCEE/Ethanol_c56_q3.dat
./Ethanol_c76_q1
./opt-test-SCEE/Ethanol_c76_q1.dat
./Ethanol_c87_q1
./opt-test-SCEE/Ethanol_c87_q1.dat
./Ethanol_c37_q3
./opt-test-SCEE/Ethanol_c37_q3.dat
./Ethanol_c193_q1
./opt-test-SCEE/Ethanol_c193_q1.dat
./Ethanol_c70_q1
./opt-test-SCEE/Ethanol_c70_q1.dat
./Ethanol_c174_q3
./opt-test-SCEE/Ethanol_c174_q3.dat
./Ethanol_c199_q3
./opt-test-SCEE/Ethanol_c199_q3.dat
./Ethanol_c81_q1
./opt-test-SCEE/Ethanol_c81_q1.dat
./Ethanol_c68_q2
./opt-test-SCEE/Ethanol_c68_q2.dat
./Ethanol_c7_q1
./opt-test-SCEE/Ethanol_c7_q1.dat
./Ethanol_c200_q1
./opt-test-SCEE/Ethanol_c200_q1.dat
./Ethanol_c39_q2
./opt-test-SCEE/Ethanol_c39_q2.dat
./Ethanol_c117_q1
./opt-test-SCEE/Ethanol_c117_q1.dat
./Ethanol_c100_q1
./opt-test-SCEE/Ethanol_c100_q1.dat
./Ethanol_c152_q3
./opt-test-SCEE/Ethanol_c152_q3.dat
./Ethanol_c136_q3
./opt-test-SCEE/Ethanol_c136_q3.dat
./Ethanol_c72_q1
./opt-test-SCEE/Ethanol_c72_q1.dat
./Ethanol_c43_q1
./opt-test-SCEE/Ethanol_c43_q1.dat
./Ethanol_c150_q3
./opt-test-SCEE/Ethanol_c150_q3.dat
./Ethanol_c80_q2
./opt-test-SCEE/Ethanol_c80_q2.dat
./Ethanol_c112_q3
./opt-test-SCEE/Ethanol_c112_q3.dat
./Ethanol_c126_q2
./opt-test-SCEE/Ethanol_c126_q2.dat
./Ethanol_c11_q2
./opt-test-SCEE/Ethanol_c11_q2.dat
./Ethanol_c121_q2
./opt-test-SCEE/Ethanol_c121_q2.dat
./Ethanol_c8_q2
./opt-test-SCEE/Ethanol_c8_q2.dat
./Ethanol_c185_q1
./opt-test-SCEE/Ethanol_c185_q1.dat
./Ethanol_c10_q2
./opt-test-SCEE/Ethanol_c10_q2.dat
./Ethanol_c118_q1
./opt-test-SCEE/Ethanol_c118_q1.dat
./Ethanol_c97_q3
./opt-test-SCEE/Ethanol_c97_q3.dat
./Ethanol_c174_q1
./opt-test-SCEE/Ethanol_c174_q1.dat
./Ethanol_c41_q3
./opt-test-SCEE/Ethanol_c41_q3.dat
./Ethanol_c17_q2
./opt-test-SCEE/Ethanol_c17_q2.dat
./Ethanol_c189_q3
./opt-test-SCEE/Ethanol_c189_q3.dat
./Ethanol_c169_q3
./opt-test-SCEE/Ethanol_c169_q3.dat
./Ethanol_c200_q3
./opt-test-SCEE/Ethanol_c200_q3.dat
./Ethanol_c78_q1
./opt-test-SCEE/Ethanol_c78_q1.dat
./Ethanol_c199_q1
./opt-test-SCEE/Ethanol_c199_q1.dat
./Ethanol_c28_q1
./opt-test-SCEE/Ethanol_c28_q1.dat
./Ethanol_c65_q1
./opt-test-SCEE/Ethanol_c65_q1.dat
./Ethanol_c158_q1
./opt-test-SCEE/Ethanol_c158_q1.dat
Preparing Ethanol_c100_q1.dat -> Ethanol_c100_q1.out on /home/zoe/Research/Gaussian/scratch
Preparing Ethanol_c100_q2.dat -> Ethanol_c100_q2.out on /home/zoe/Research/Gaussian/scratch
Preparing Ethanol_c100_q3.dat -> Ethanol_c100_q3.out on /home/zoe/Research/Gaussian/scratch
Preparing Ethanol_c101_q1.dat -> Ethanol_c101_q1.out on /home/zoe/Research/Gaussian/scratch
Preparing Ethanol_c101_q2.dat -> Ethanol_c101_q2.out on /home/zoe/Research/Gaussian/scratch
Preparing Ethanol_c101_q3.dat -> Ethanol_c101_q3.out on /home/zoe/Research/Gaussian/scratch
Preparing Ethanol_c102_q1.dat -> Ethanol_c102_q1.out on /home/zoe/Research/Gaussian/scratch
Preparing Ethanol_c102_q2.dat -> Ethanol_c102_q2.out on /home/zoe/Research/Gaussian/scratch
Preparing Ethanol_c102_q3.dat -> Ethanol_c102_q3.out on /home/zoe/Research/Gaussian/scratch
Error: segmentation violation
   rax 0000000000000000, rbx ffffffffffffffff, rcx 00000c02a104553b
   rdx 0000000000000000, rsp 00007ffc64ec56a8, rbp 00007ffc64ec5c80
   rsi 000000000000000b, rdi 000000000009f39f, r8  00000000c0001000
   r9  0000000000000000, r10 00000c02a1017980, r11 0000000000000202
   r12 0000000000000000, r13 0000000000000000, r14 00007ffc64ec5cc8
   r15 00000c01e0fff050
  --- traceback not available
Aborted (core dumped)
Preparing Ethanol_c103_q1.dat -> Ethanol_c103_q1.out on /home/zoe/Research/Gaussian/scratch
Preparing Ethanol_c103_q2.dat -> Ethanol_c103_q2.out on /home/zoe/Research/Gaussian/scratch
Preparing Ethanol_c103_q3.dat -> Ethanol_c103_q3.out on /home/zoe/Research/Gaussian/scratch
Preparing Ethanol_c104_q1.dat -> Ethanol_c104_q1.out on /home/zoe/Research/Gaussian/scratch
Preparing Ethanol_c104_q2.dat -> Ethanol_c104_q2.out on /home/zoe/Research/Gaussian/scratch
Preparing Ethanol_c104_q3.dat -> Ethanol_c104_q3.out on /home/zoe/Research/Gaussian/scratch
Error: segmentation violation
   rax 0000000000000000, rbx ffffffffffffffff, rcx 00000b50edc4553b
   rdx 0000000000000000, rsp 00007ffde68fcbc8, rbp 00007ffde68fd1a0
   rsi 000000000000000b, rdi 00000000000a1b31, r8  00000000c0001000
   r9  0000000000000000, r10 00000b50edc17980, r11 0000000000000202
   r12 0000000000000000, r13 0000000000000000, r14 00007ffde68fd1e8
   r15 0000000000001fab
  --- traceback not available
Aborted (core dumped)
Preparing Ethanol_c105_q1.dat -> Ethanol_c105_q1.out on /home/zoe/Research/Gaussian/scratch
Error: segmentation violation
   rax 0000000000000000, rbx ffffffffffffffff, rcx 00000b82a0a4553b
   rdx 0000000000000000, rsp 00007ffc2bf4fe98, rbp 00007ffc2bf50470
   rsi 000000000000000b, rdi 00000000000a303f, r8  00000000c0001000
   r9  0000000000000000, r10 00000b82a0a17980, r11 0000000000000202
   r12 0000000000000000, r13 0000000000000000, r14 00007ffc2bf504b8
   r15 000000000000203b
  --- traceback not available
Aborted (core dumped)
Preparing Ethanol_c105_q2.dat -> Ethanol_c105_q2.out on /home/zoe/Research/Gaussian/scratch
Preparing Ethanol_c105_q3.dat -> Ethanol_c105_q3.out on /home/zoe/Research/Gaussian/scratch
Preparing Ethanol_c106_q1.dat -> Ethanol_c106_q1.out on /home/zoe/Research/Gaussian/scratch
Preparing Ethanol_c106_q2.dat -> Ethanol_c106_q2.out on /home/zoe/Research/Gaussian/scratch
Preparing Ethanol_c106_q3.dat -> Ethanol_c106_q3.out on /home/zoe/Research/Gaussian/scratch
Preparing Ethanol_c107_q1.dat -> Ethanol_c107_q1.out on /home/zoe/Research/Gaussian/scratch
Error: segmentation violation
   rax 0000000000000000, rbx ffffffffffffffff, rcx 00000df0ddc4553b
   rdx 0000000000000000, rsp 00007ffc6b958c88, rbp 00007ffc6b959260
   rsi 000000000000000b, rdi 00000000000a5fd3, r8  00000000c0001000
   r9  0000000000000000, r10 00000df0ddc17980, r11 0000000000000206
   r12 0000000000000000, r13 0000000000000000, r14 00007ffc6b9592a8
   r15 000000000000203b
  --- traceback not available
Aborted (core dumped)
Preparing Ethanol_c107_q2.dat -> Ethanol_c107_q2.out on /home/zoe/Research/Gaussian/scratch
Preparing Ethanol_c107_q3.dat -> Ethanol_c107_q3.out on /home/zoe/Research/Gaussian/scratch
Error: segmentation violation
   rax 0000000000000000, rbx ffffffffffffffff, rcx 000009967ec4553b
   rdx 0000000000000000, rsp 00007ffc154dc448, rbp 00007ffc154dca20
   rsi 000000000000000b, rdi 00000000000aa51c, r8  00000000c0001000
   r9  0000000000000000, r10 000009967ec17980, r11 0000000000000206
   r12 0000000000000000, r13 0000000000000000, r14 00007ffc154dca68
   r15 0000000000001f7b
  --- traceback not available
Aborted (core dumped)
Preparing Ethanol_c108_q1.dat -> Ethanol_c108_q1.out on /home/zoe/Research/Gaussian/scratch
Error: segmentation violation
   rax 0000000000000000, rbx ffffffffffffffff, rcx 00000be06124553b
   rdx 0000000000000000, rsp 00007ffe571d5548, rbp 00007ffe571d5b20
   rsi 000000000000000b, rdi 00000000000aa9a3, r8  00000000c0001000
   r9  0000000000000000, r10 00000be061217980, r11 0000000000000206
   r12 0000000000000000, r13 0000000000000000, r14 00007ffe571d5b68
   r15 0000000000001f7b
  --- traceback not available
Aborted (core dumped)
Preparing Ethanol_c108_q2.dat -> Ethanol_c108_q2.out on /home/zoe/Research/Gaussian/scratch
Preparing Ethanol_c108_q3.dat -> Ethanol_c108_q3.out on /home/zoe/Research/Gaussian/scratch
Preparing Ethanol_c109_q1.dat -> Ethanol_c109_q1.out on /home/zoe/Research/Gaussian/scratch
Preparing Ethanol_c109_q2.dat -> Ethanol_c109_q2.out on /home/zoe/Research/Gaussian/scratch
Preparing Ethanol_c109_q3.dat -> Ethanol_c109_q3.out on /home/zoe/Research/Gaussian/scratch
Preparing Ethanol_c10_q1.dat -> Ethanol_c10_q1.out on /home/zoe/Research/Gaussian/scratch
Error: segmentation violation
   rax 0000000000000000, rbx ffffffffffffffff, rcx 00000eb37f84553b
   rdx 0000000000000000, rsp 00007ffeb5530bc8, rbp 00007ffeb55311a0
   rsi 000000000000000b, rdi 00000000000ae8e4, r8  00000000c0001000
   r9  0000000000000000, r10 00000eb37f817980, r11 0000000000000202
   r12 0000000000000000, r13 0000000000000000, r14 00007ffeb55311e8
   r15 0000000000001f7b
  --- traceback not available
Aborted (core dumped)
Preparing Ethanol_c10_q2.dat -> Ethanol_c10_q2.out on /home/zoe/Research/Gaussian/scratch
Preparing Ethanol_c10_q3.dat -> Ethanol_c10_q3.out on /home/zoe/Research/Gaussian/scratch
Preparing Ethanol_c110_q1.dat -> Ethanol_c110_q1.out on /home/zoe/Research/Gaussian/scratch
Preparing Ethanol_c110_q2.dat -> Ethanol_c110_q2.out on /home/zoe/Research/Gaussian/scratch
Preparing Ethanol_c110_q3.dat -> Ethanol_c110_q3.out on /home/zoe/Research/Gaussian/scratch
Preparing Ethanol_c111_q1.dat -> Ethanol_c111_q1.out on /home/zoe/Research/Gaussian/scratch
Preparing Ethanol_c111_q2.dat -> Ethanol_c111_q2.out on /home/zoe/Research/Gaussian/scratch
Error: segmentation violation
   rax 0000000000000000, rbx ffffffffffffffff, rcx 00000953c244553b
   rdx 0000000000000000, rsp 00007ffda19dc6f8, rbp 00007ffda19dccd0
   rsi 000000000000000b, rdi 00000000000b29f4, r8  00000000c0001000
   r9  0000000000000000, r10 00000953c2417980, r11 0000000000000202
   r12 0000000000000000, r13 0000000000000000, r14 00007ffda19dcd18
   r15 000000000000200b
  --- traceback not available
Aborted (core dumped)
Preparing Ethanol_c111_q3.dat -> Ethanol_c111_q3.out on /home/zoe/Research/Gaussian/scratch
Preparing Ethanol_c112_q1.dat -> Ethanol_c112_q1.out on /home/zoe/Research/Gaussian/scratch
Preparing Ethanol_c112_q2.dat -> Ethanol_c112_q2.out on /home/zoe/Research/Gaussian/scratch
Preparing Ethanol_c112_q3.dat -> Ethanol_c112_q3.out on /home/zoe/Research/Gaussian/scratch
Preparing Ethanol_c113_q1.dat -> Ethanol_c113_q1.out on /home/zoe/Research/Gaussian/scratch
Preparing Ethanol_c113_q2.dat -> Ethanol_c113_q2.out on /home/zoe/Research/Gaussian/scratch
Preparing Ethanol_c113_q3.dat -> Ethanol_c113_q3.out on /home/zoe/Research/Gaussian/scratch
Preparing Ethanol_c114_q1.dat -> Ethanol_c114_q1.out on /home/zoe/Research/Gaussian/scratch
Preparing Ethanol_c114_q2.dat -> Ethanol_c114_q2.out on /home/zoe/Research/Gaussian/scratch
Preparing Ethanol_c114_q3.dat -> Ethanol_c114_q3.out on /home/zoe/Research/Gaussian/scratch
Preparing Ethanol_c115_q1.dat -> Ethanol_c115_q1.out on /home/zoe/Research/Gaussian/scratch
Error: hangup
   rax 00000b92cbbf2ce0, rbx 0000000076d5cec0, rcx 0000000076d27040
   rdx 0000000076d27080, rsp 00007fff03350728, rbp 00000b92cbbf2cf0
   rsi 0000000076d5cf00, rdi 0000000000000008, r8  0000000076d5d100
   r9  00000b92cbbf2cd8, r10 00000b92cbbf2cd0, r11 00000b92cbbf2ce8
   r12 0000000076d32440, r13 0000000076d5cec0, r14 0000000076d5fe40
   r15 0000000000002620
Error: hangup
   rax fffffffffffffffc, rbx 00007fffa9a9f2c8, rcx 00000b5d12d107d7
   rdx 0000000000000000, rsp 00007fffa9a9f2b8, rbp 00007fffa9a9f340
   rsi 00007fffa9a9f2c8, rdi 00000000000b8401, r8  00007fffa9a9f090
   r9  0000000000000000, r10 0000000000000000, r11 0000000000000202
   r12 0000000000000000, r13 00007fffa9a9f2f0, r14 0000000000000000
   r15 00007fffa9aa2f00
  --- traceback not available
  --- traceback not available
Error: hangup
Error: hangup
   rax 0000000000001e30, rbx 0000090bf8a05898, rcx 0000000000015bb8
   rax 00000000000bbcd5, rbx 00007ffe38bb70a8, rcx 00000ca2391107d7
   rdx 0000090c16471010, rsp 00007ffc0a68f9b0, rbp 00007ffc0a690290
   rdx 0000000000000000, rsp 00007ffe38bb7098, rbp 00007ffe38bb7120
   rsi 0000090c16486bc8, rdi 0000090c1649c788, r8  0000090c164b2350
   rsi 00007ffe38bb70a8, rdi 00000000000bbcd5, r8  00007ffe38bb6e70
   r9  0000000000002b79, r10 0000000000002b77, r11 0000090bf8a1b460
   r9  0000000000000000, r10 0000000000000000, r11 0000000000000202
   r12 0000090bf8a51330, r13 0000090bf8a66ef8, r14 0000000000002b76
   r12 0000000000000000, r13 00007ffe38bb70d0, r14 0000000000000000
   r15 0000000003b082ed
   r15 00007ffe38bbace0
  --- traceback not available
  --- traceback not available
run_.sh: line 8: 754686 Aborted                 (core dumped) GAUSS_SCRDIR=$GAUSS_SCRDIR g09 < "${datfile}" > "${outfile}"
run_.sh: line 8: 769234 Aborted                 (core dumped) GAUSS_SCRDIR=$GAUSS_SCRDIR g09 < "${datfile}" > "${outfile}"
Preparing Ethanol_c115_q2.dat -> Ethanol_c115_q2.out on /home/zoe/Research/Gaussian/scratch
Preparing Ethanol_c115_q3.dat -> Ethanol_c115_q3.out on /home/zoe/Research/Gaussian/scratch
python: can't open file '/home/zoe/Research/SCEE_Project/Ethanol_MJ/Run_SCEE': [Errno 2] No such file or directory
python: can't open file '/home/zoe/Research/SCEE_Project/Ethanol_MJ/Run_SCEE': [Errno 2] No such file or directory
/home/zoe/Research/SCEE_Project/Ethanol_MJ/SCEE.py:209: SyntaxWarning: invalid escape sequence '\('
  re_dipole = ' Dipole moment \(field-independent basis, Debye\):(?:.*\n){2}'
/home/zoe/Research/SCEE_Project/Ethanol_MJ/SCEE.py:225: SyntaxWarning: invalid escape sequence '\('
  re_quad = ' Quadrupole moment \(field-independent basis, Debye-Ang\):(?:.*\n){3}'
/home/zoe/Research/SCEE_Project/Ethanol_MJ/SCEE.py:245: SyntaxWarning: invalid escape sequence '\('
  re_oct = ' Octapole moment \(field-independent basis, Debye-Ang\*\*2\):(?:.*\n){4}'
/home/zoe/Research/SCEE_Project/Ethanol_MJ/Vacuum.py:129: SyntaxWarning: invalid escape sequence '\('
  re_dipole = ' Dipole moment \(field-independent basis, Debye\):(?:.*\n){2}'
/home/zoe/Research/SCEE_Project/Ethanol_MJ/Vacuum.py:140: SyntaxWarning: invalid escape sequence '\('
  re_quad = ' Quadrupole moment \(field-independent basis, Debye-Ang\):(?:.*\n){3}'
/home/zoe/Research/SCEE_Project/Ethanol_MJ/Vacuum.py:152: SyntaxWarning: invalid escape sequence '\('
  re_oct = ' Octapole moment \(field-independent basis, Debye-Ang\*\*2\):(?:.*\n){4}'
/home/zoe/Research/SCEE_Project/Ethanol_MJ/PCM1.py:141: SyntaxWarning: invalid escape sequence '\('
  re_dipole = ' Dipole moment \(field-independent basis, Debye\):(?:.*\n){2}'
/home/zoe/Research/SCEE_Project/Ethanol_MJ/PCM1.py:152: SyntaxWarning: invalid escape sequence '\('
  re_quad = ' Quadrupole moment \(field-independent basis, Debye-Ang\):(?:.*\n){3}'
/home/zoe/Research/SCEE_Project/Ethanol_MJ/PCM1.py:164: SyntaxWarning: invalid escape sequence '\('
  re_oct = ' Octapole moment \(field-independent basis, Debye-Ang\*\*2\):(?:.*\n){4}'
/home/zoe/Research/SCEE_Project/Ethanol_MJ/PCM2.py:143: SyntaxWarning: invalid escape sequence '\('
  re_dipole = ' Dipole moment \(field-independent basis, Debye\):(?:.*\n){2}'
/home/zoe/Research/SCEE_Project/Ethanol_MJ/PCM2.py:154: SyntaxWarning: invalid escape sequence '\('
  re_quad = ' Quadrupole moment \(field-independent basis, Debye-Ang\):(?:.*\n){3}'
/home/zoe/Research/SCEE_Project/Ethanol_MJ/PCM2.py:166: SyntaxWarning: invalid escape sequence '\('
  re_oct = ' Octapole moment \(field-independent basis, Debye-Ang\*\*2\):(?:.*\n){4}'
mkdir: cannot create directory ‘Simulations’: File exists
mkdir: cannot create directory ‘replica_1’: File exists
mkdir: cannot create directory ‘298.0K’: File exists
mkdir: cannot create directory ‘1.0Bar’: File exists
NOTE: Some configuration directories are not set up yet: 
	/home/zoe/.gromacswrapper
	/home/zoe/.gromacswrapper/qscripts
	/home/zoe/.gromacswrapper/templates
NOTE: You can create the configuration file and directories with:
	>>> import gromacs
	>>> gromacs.config.setup()
Before starting the calculations there is some information and formatting that is required from you. This is important for ensuring the scripts being applied function as intended.
We are able to create the system of interest through our python scripts. If this is a requirement, you will need to provide the gro files containing the AA {central}_AA.gro and UA {solvent}_UAS.gro and associated topology files for these molecules. The central atom will be equilibrated, minimised and have the number of requested solvent atoms added to a 5*5*5 box. Please ensure the central and solvent atoms are given different names in this case. If this isn't required the gro file for the system should be titled either {central}.gro for a system of all the same molecules or {central}_in_{solvent}.gro if for a mixture.
For systems that require the application of both UA and AA molecules that appears differently in the topology file, we request that these are separated into different .itp files labelled in the following format:f'{central}_AA.itp' and f'{solvent}_UA.itp', listed in the topology file using the #include notation. If your system is a mixture it should be labeled using f'{central}_in_{solvent}.top'. Otherwise, if using using a system that appears the same in the topology file when split into UA and AA we request that these are included as f'{central}.top'. You will be asked for the name of your central and solvent molecule names for this purposes.
There are some additional requirements for the formating of your topology file. If a dummy atom is present, ensure the [atomtypes] section, either within the topology file or associated forcefield contains the following columns ;name typ MW q dummy V@nm W@kj/mol where A represents atom and D represents the dummy. If not, the following column structure is accepted ;name typ MW q V@nm W@kj/mol. This is require for the generation of the oniom file.
With this information are you ready to get started? yes or no?
Please continue with the next steps
Does your system require separated .itp files? yes/no?
What is your central and solvent molecues?
Central molecules?
Its SMILE String?
Its residue name?
Surrounding Solvent?
Its SMILE String?
Its residue name?
What is your solvent keyword for Gaussian?
Does the central atom you are using require the application of a dummy atom?
What is the scaling ratio for your charges?
qr1:
qr2:
qr3:
Do you need the gro system generated?
What is the experimental density of your?
What is the molar mass of your?
What is the experimental dielectric constant of your molecule?
What is the experimental refractive index of your molecule?
What is the experimental dipole moment of your molecule in the gas phase?
How many replicas would you like to run?
What temperatures (in K) would you like to run your simulations to run at? (please use 1, 2, ... format)
What pressures (in K) would you like to run your simulations to run at? (please use 1, 2, ... format)
24.0
2567
2.0475
processing conf3_*.gro files
opt-test_vacuum/nvt_vacuum.out opt-test dipole_l 1.5801
opt-test_vacuum/nvt_vacuum.out opt-test dipole_m 1.5801
opt-test_vacuum/nvt_vacuum.out opt-test dipole_h 1.5801
opt-test
       dipole_l  dipole_m  dipole_h
count    1.0000    1.0000    1.0000
mean     1.5801    1.5801    1.5801
std         NaN       NaN       NaN
min      1.5801    1.5801    1.5801
25%      1.5801    1.5801    1.5801
50%      1.5801    1.5801    1.5801
75%      1.5801    1.5801    1.5801
max      1.5801    1.5801    1.5801
     config  dipole_l  dipole_m  dipole_h
0  opt-test    1.5801    1.5801    1.5801
2.1168
   dipole_l  dipole_m  dipole_h
0    2.1168    2.1168    2.1168
       dipole_l  dipole_m  dipole_h
count    1.0000    1.0000    1.0000
mean     2.1168    2.1168    2.1168
std         NaN       NaN       NaN
min      2.1168    2.1168    2.1168
25%      2.1168    2.1168    2.1168
50%      2.1168    2.1168    2.1168
75%      2.1168    2.1168    2.1168
max      2.1168    2.1168    2.1168
   dipole_l  dipole_m  dipole_h
0    2.1168    2.1168    2.1168
2.1155
   dipole_l  dipole_m  dipole_h
0    2.1155    2.1155    2.1155
       dipole_l  dipole_m  dipole_h
count    1.0000    1.0000    1.0000
mean     2.1155    2.1155    2.1155
std         NaN       NaN       NaN
min      2.1155    2.1155    2.1155
25%      2.1155    2.1155    2.1155
50%      2.1155    2.1155    2.1155
75%      2.1155    2.1155    2.1155
max      2.1155    2.1155    2.1155
   dipole_l  dipole_m  dipole_h
0    2.1155    2.1155    2.1155
['./Simulations/replica_1/298.0K/1.0Bar']
original directory: /home/zoe/Research/SCEE_Project/Ethanol_MJ
Running on host: Tower3
/home/zoe/Research/SCEE_Project/Ethanol_MJ/Simulations/replica_1/298.0K/1.0Bar
processing conf_*.gro files
['./Ethanol_c85_q2.inp', './Ethanol_c45_q2.inp', './Ethanol_c188_q3.inp', './Ethanol_c41_q3.inp', './Ethanol_c114_q1.inp', './Ethanol_c80_q2.inp', './Ethanol_c15_q2.inp', './Ethanol_c149_q1.inp', './Ethanol_c110_q3.inp', './Ethanol_c115_q2.inp', './Ethanol_c67_q2.inp', './Ethanol_c149_q3.inp', './Ethanol_c51_q1.inp', './Ethanol_c69_q3.inp', './Ethanol_c199_q2.inp', './Ethanol_c84_q3.inp', './Ethanol_c172_q1.inp', './Ethanol_c23_q1.inp', './Ethanol_c32_q1.inp', './Ethanol_c69_q1.inp', './Ethanol_c165_q1.inp', './Ethanol_c84_q1.inp', './Ethanol_c183_q3.inp', './Ethanol_c168_q3.inp', './Ethanol_c165_q3.inp', './Ethanol_c33_q1.inp', './Ethanol_c76_q2.inp', './Ethanol_c198_q1.inp', './Ethanol_c147_q3.inp', './Ethanol_c111_q1.inp', './Ethanol_c13_q1.inp', './Ethanol_c7_q1.inp', './Ethanol_c130_q2.inp', './Ethanol_c65_q1.inp', './Ethanol_c138_q3.inp', './Ethanol_c177_q1.inp', './Ethanol_c150_q2.inp', './Ethanol_c62_q2.inp', './Ethanol_c170_q2.inp', './Ethanol_c14_q2.inp', './Ethanol_c59_q3.inp', './Ethanol_c112_q1.inp', './Ethanol_c174_q1.inp', './Ethanol_c30_q2.inp', './Ethanol_c176_q3.inp', './Ethanol_c23_q2.inp', './Ethanol_c94_q1.inp', './Ethanol_c100_q1.inp', './Ethanol_c50_q1.inp', './Ethanol_c54_q1.inp', './Ethanol_c171_q2.inp', './Ethanol_c116_q1.inp', './Ethanol_c157_q1.inp', './Ethanol_c112_q2.inp', './Ethanol_c101_q3.inp', './Ethanol_c43_q1.inp', './Ethanol_c9_q2.inp', './Ethanol_c94_q3.inp', './Ethanol_c196_q2.inp', './Ethanol_c146_q1.inp', './Ethanol_c26_q3.inp', './Ethanol_c68_q1.inp', './Ethanol_c166_q2.inp', './Ethanol_c91_q2.inp', './Ethanol_c128_q3.inp', './Ethanol_c186_q3.inp', './Ethanol_c88_q3.inp', './Ethanol_c73_q2.inp', './Ethanol_c15_q1.inp', './Ethanol_c193_q1.inp', './Ethanol_c64_q1.inp', './Ethanol_c30_q1.inp', './Ethanol_c126_q1.inp', './Ethanol_c50_q2.inp', './Ethanol_c153_q2.inp', './Ethanol_c5_q2.inp', './Ethanol_c38_q3.inp', './Ethanol_c125_q2.inp', './Ethanol_c146_q2.inp', './Ethanol_c144_q2.inp', './Ethanol_c87_q1.inp', './Ethanol_c80_q1.inp', './Ethanol_c19_q1.inp', './Ethanol_c137_q1.inp', './Ethanol_c3_q2.inp', './Ethanol_c85_q3.inp', './Ethanol_c10_q3.inp', './Ethanol_c58_q2.inp', './Ethanol_c107_q3.inp', './Ethanol_c77_q3.inp', './Ethanol_c143_q3.inp', './Ethanol_c5_q3.inp', './Ethanol_c97_q1.inp', './Ethanol_c62_q3.inp', './Ethanol_c12_q2.inp', './Ethanol_c75_q1.inp', './Ethanol_c89_q3.inp', './Ethanol_c164_q1.inp', './Ethanol_c7_q3.inp', './Ethanol_c53_q3.inp', './Ethanol_c81_q1.inp', './Ethanol_c190_q2.inp', './Ethanol_c8_q1.inp', './Ethanol_c136_q3.inp', './Ethanol_c2_q3.inp', './Ethanol_c119_q2.inp', './Ethanol_c20_q3.inp', './Ethanol_c141_q3.inp', './Ethanol_c117_q2.inp', './Ethanol_c154_q2.inp', './Ethanol_c108_q1.inp', './Ethanol_c175_q3.inp', './Ethanol_c110_q2.inp', './Ethanol_c52_q1.inp', './Ethanol_c43_q2.inp', './Ethanol_c113_q2.inp', './Ethanol_c93_q2.inp', './Ethanol_c39_q3.inp', './Ethanol_c181_q2.inp', './Ethanol_c194_q1.inp', './Ethanol_c28_q2.inp', './Ethanol_c163_q3.inp', './Ethanol_c108_q3.inp', './Ethanol_c65_q3.inp', './Ethanol_c101_q2.inp', './Ethanol_c104_q2.inp', './Ethanol_c84_q2.inp', './Ethanol_c10_q2.inp', './Ethanol_c132_q3.inp', './Ethanol_c182_q1.inp', './Ethanol_c32_q3.inp', './Ethanol_c46_q2.inp', './Ethanol_c156_q3.inp', './Ethanol_c195_q1.inp', './Ethanol_c2_q1.inp', './Ethanol_c41_q1.inp', './Ethanol_c60_q2.inp', './Ethanol_c86_q2.inp', './Ethanol_c182_q3.inp', './Ethanol_c162_q1.inp', './Ethanol_c109_q1.inp', './Ethanol_c95_q3.inp', './Ethanol_c17_q3.inp', './Ethanol_c124_q3.inp', './Ethanol_c118_q2.inp', './Ethanol_c56_q3.inp', './Ethanol_c31_q2.inp', './Ethanol_c95_q1.inp', './Ethanol_c159_q1.inp', './Ethanol_c25_q2.inp', './Ethanol_c149_q2.inp', './Ethanol_c4_q1.inp', './Ethanol_c190_q1.inp', './Ethanol_c127_q1.inp', './Ethanol_c118_q3.inp', './Ethanol_c61_q1.inp', './Ethanol_c133_q2.inp', './Ethanol_c40_q2.inp', './Ethanol_c184_q1.inp', './Ethanol_c162_q3.inp', './Ethanol_c22_q1.inp', './Ethanol_c37_q1.inp', './Ethanol_c116_q2.inp', './Ethanol_c170_q3.inp', './Ethanol_c78_q2.inp', './Ethanol_c12_q1.inp', './Ethanol_c137_q2.inp', './Ethanol_c197_q2.inp', './Ethanol_c176_q2.inp', './Ethanol_c110_q1.inp', './Ethanol_c106_q1.inp', './Ethanol_c184_q3.inp', './Ethanol_c114_q3.inp', './Ethanol_c26_q1.inp', './Ethanol_c56_q1.inp', './Ethanol_c178_q3.inp', './Ethanol_c151_q2.inp', './Ethanol_c14_q3.inp', './Ethanol_c128_q1.inp', './Ethanol_c199_q3.inp', './Ethanol_c11_q1.inp', './Ethanol_c197_q3.inp', './Ethanol_c19_q2.inp', './Ethanol_c47_q2.inp', './Ethanol_c189_q3.inp', './Ethanol_c54_q3.inp', './Ethanol_c11_q3.inp', './Ethanol_c140_q3.inp', './Ethanol_c42_q3.inp', './Ethanol_c71_q1.inp', './Ethanol_c70_q2.inp', './Ethanol_c74_q1.inp', './Ethanol_c81_q2.inp', './Ethanol_c187_q2.inp', './Ethanol_c93_q3.inp', './Ethanol_c180_q3.inp', './Ethanol_c135_q2.inp', './Ethanol_c105_q2.inp', './Ethanol_c151_q1.inp', './Ethanol_c158_q2.inp', './Ethanol_c173_q3.inp', './Ethanol_c134_q1.inp', './Ethanol_c83_q3.inp', './Ethanol_c49_q3.inp', './Ethanol_c34_q3.inp', './Ethanol_c194_q2.inp', './Ethanol_c57_q1.inp', './Ethanol_c98_q1.inp', './Ethanol_c25_q3.inp', './Ethanol_c194_q3.inp', './Ethanol_c188_q1.inp', './Ethanol_c162_q2.inp', './Ethanol_c7_q2.inp', './Ethanol_c112_q3.inp', './Ethanol_c147_q1.inp', './Ethanol_c159_q3.inp', './Ethanol_c98_q3.inp', './Ethanol_c143_q2.inp', './Ethanol_c161_q2.inp', './Ethanol_c191_q3.inp', './Ethanol_c20_q2.inp', './Ethanol_c132_q1.inp', './Ethanol_c8_q3.inp', './Ethanol_c97_q3.inp', './Ethanol_c167_q2.inp', './Ethanol_c18_q1.inp', './Ethanol_c43_q3.inp', './Ethanol_c164_q2.inp', './Ethanol_c62_q1.inp', './Ethanol_c127_q2.inp', './Ethanol_c47_q3.inp', './Ethanol_c143_q1.inp', './Ethanol_c167_q3.inp', './Ethanol_c178_q2.inp', './Ethanol_c124_q1.inp', './Ethanol_c150_q1.inp', './Ethanol_c77_q2.inp', './Ethanol_c72_q1.inp', './Ethanol_c120_q1.inp', './Ethanol_c77_q1.inp', './Ethanol_c11_q2.inp', './Ethanol_c141_q2.inp', './Ethanol_c56_q2.inp', './Ethanol_c55_q2.inp', './Ethanol_c8_q2.inp', './Ethanol_c196_q3.inp', './Ethanol_c129_q2.inp', './Ethanol_c133_q1.inp', './Ethanol_c124_q2.inp', './Ethanol_c4_q3.inp', './Ethanol_c21_q3.inp', './Ethanol_c197_q1.inp', './Ethanol_c103_q2.inp', './Ethanol_c92_q1.inp', './Ethanol_c53_q1.inp', './Ethanol_c13_q2.inp', './Ethanol_c16_q3.inp', './Ethanol_c72_q3.inp', './Ethanol_c41_q2.inp', './Ethanol_c193_q2.inp', './Ethanol_c14_q1.inp', './Ethanol_c93_q1.inp', './Ethanol_c145_q1.inp', './Ethanol_c27_q3.inp', './Ethanol_c166_q3.inp', './Ethanol_c57_q2.inp', './Ethanol_c44_q2.inp', './Ethanol_c49_q1.inp', './Ethanol_c49_q2.inp', './Ethanol_c152_q1.inp', './Ethanol_c95_q2.inp', './Ethanol_c10_q1.inp', './Ethanol_c58_q1.inp', './Ethanol_c175_q1.inp', './Ethanol_c186_q1.inp', './Ethanol_c53_q2.inp', './Ethanol_c173_q2.inp', './Ethanol_c126_q2.inp', './Ethanol_c6_q2.inp', './Ethanol_c69_q2.inp', './Ethanol_c20_q1.inp', './Ethanol_c90_q3.inp', './Ethanol_c150_q3.inp', './Ethanol_c179_q3.inp', './Ethanol_c86_q3.inp', './Ethanol_c126_q3.inp', './Ethanol_c92_q2.inp', './Ethanol_c134_q2.inp', './Ethanol_c89_q2.inp', './Ethanol_c189_q1.inp', './Ethanol_c148_q2.inp', './Ethanol_c140_q2.inp', './Ethanol_c42_q2.inp', './Ethanol_c174_q2.inp', './Ethanol_c115_q1.inp', './Ethanol_c47_q1.inp', './Ethanol_c146_q3.inp', './Ethanol_c60_q3.inp', './Ethanol_c107_q2.inp', './Ethanol_c79_q2.inp', './Ethanol_c27_q2.inp', './Ethanol_c180_q1.inp', './Ethanol_c182_q2.inp', './Ethanol_c166_q1.inp', './Ethanol_c83_q1.inp', './Ethanol_c1_q1.inp', './Ethanol_c192_q3.inp', './Ethanol_c163_q1.inp', './Ethanol_c161_q1.inp', './Ethanol_c171_q3.inp', './Ethanol_c48_q1.inp', './Ethanol_c68_q2.inp', './Ethanol_c105_q1.inp', './Ethanol_c24_q3.inp', './Ethanol_c129_q1.inp', './Ethanol_c158_q1.inp', './Ethanol_c6_q3.inp', './Ethanol_c35_q3.inp', './Ethanol_c76_q3.inp', './Ethanol_c76_q1.inp', './Ethanol_c39_q2.inp', './Ethanol_c114_q2.inp', './Ethanol_c106_q3.inp', './Ethanol_c96_q1.inp', './Ethanol_c70_q3.inp', './Ethanol_c83_q2.inp', './Ethanol_c85_q1.inp', './Ethanol_c158_q3.inp', './Ethanol_c50_q3.inp', './Ethanol_c125_q1.inp', './Ethanol_c152_q3.inp', './Ethanol_c26_q2.inp', './Ethanol_c73_q1.inp', './Ethanol_c157_q3.inp', './Ethanol_c117_q3.inp', './Ethanol_c102_q1.inp', './Ethanol_c89_q1.inp', './Ethanol_c130_q3.inp', './Ethanol_c111_q2.inp', './Ethanol_c145_q3.inp', './Ethanol_c109_q3.inp', './Ethanol_c183_q2.inp', './Ethanol_c96_q3.inp', './Ethanol_c159_q2.inp', './Ethanol_c38_q1.inp', './Ethanol_c121_q1.inp', './Ethanol_c156_q2.inp', './Ethanol_c55_q3.inp', './Ethanol_c16_q1.inp', './Ethanol_c198_q2.inp', './Ethanol_c24_q2.inp', './Ethanol_c200_q2.inp', './Ethanol_c63_q1.inp', './Ethanol_c195_q3.inp', './Ethanol_c28_q1.inp', './Ethanol_c35_q2.inp', './Ethanol_c18_q3.inp', './Ethanol_c28_q3.inp', './Ethanol_c2_q2.inp', './Ethanol_c181_q1.inp', './Ethanol_c136_q2.inp', './Ethanol_c115_q3.inp', './Ethanol_c5_q1.inp', './Ethanol_c51_q3.inp', './Ethanol_c81_q3.inp', './Ethanol_c87_q3.inp', './Ethanol_c58_q3.inp', './Ethanol_c33_q2.inp', './Ethanol_c187_q3.inp', './Ethanol_c180_q2.inp', './Ethanol_c64_q3.inp', './Ethanol_c40_q3.inp', './Ethanol_c60_q1.inp', './Ethanol_c30_q3.inp', './Ethanol_c186_q2.inp', './Ethanol_c29_q3.inp', './Ethanol_c51_q2.inp', './Ethanol_c191_q1.inp', './Ethanol_c109_q2.inp', './Ethanol_c1_q3.inp', './Ethanol_c169_q3.inp', './Ethanol_c122_q3.inp', './Ethanol_c66_q2.inp', './Ethanol_c101_q1.inp', './Ethanol_c132_q2.inp', './Ethanol_c45_q1.inp', './Ethanol_c153_q3.inp', './Ethanol_c46_q1.inp', './Ethanol_c99_q3.inp', './Ethanol_c168_q2.inp', './Ethanol_c48_q2.inp', './Ethanol_c97_q2.inp', './Ethanol_c178_q1.inp', './Ethanol_c129_q3.inp', './Ethanol_c138_q2.inp', './Ethanol_c138_q1.inp', './Ethanol_c90_q1.inp', './Ethanol_c199_q1.inp', './Ethanol_c12_q3.inp', './Ethanol_c195_q2.inp', './Ethanol_c139_q3.inp', './Ethanol_c40_q1.inp', './Ethanol_c64_q2.inp', './Ethanol_c72_q2.inp', './Ethanol_c32_q2.inp', './Ethanol_c136_q1.inp', './Ethanol_c65_q2.inp', './Ethanol_c67_q1.inp', './Ethanol_c35_q1.inp', './Ethanol_c135_q1.inp', './Ethanol_c148_q3.inp', './Ethanol_c122_q2.inp', './Ethanol_c183_q1.inp', './Ethanol_c157_q2.inp', './Ethanol_c75_q2.inp', './Ethanol_c131_q2.inp', './Ethanol_c152_q2.inp', './Ethanol_c155_q3.inp', './Ethanol_c67_q3.inp', './Ethanol_c169_q1.inp', './Ethanol_c139_q1.inp', './Ethanol_c139_q2.inp', './Ethanol_c141_q1.inp', './Ethanol_c107_q1.inp', './Ethanol_c15_q3.inp', './Ethanol_c19_q3.inp', './Ethanol_c73_q3.inp', './Ethanol_c189_q2.inp', './Ethanol_c55_q1.inp', './Ethanol_c100_q3.inp', './Ethanol_c52_q3.inp', './Ethanol_c21_q2.inp', './Ethanol_c3_q1.inp', './Ethanol_c63_q3.inp', './Ethanol_c165_q2.inp', './Ethanol_c90_q2.inp', './Ethanol_c190_q3.inp', './Ethanol_c174_q3.inp', './Ethanol_c133_q3.inp', './Ethanol_c113_q3.inp', './Ethanol_c92_q3.inp', './Ethanol_c1_q2.inp', './Ethanol_c9_q1.inp', './Ethanol_c142_q1.inp', './Ethanol_c120_q3.inp', './Ethanol_c3_q3.inp', './Ethanol_c27_q1.inp', './Ethanol_c44_q1.inp', './Ethanol_c191_q2.inp', './Ethanol_c168_q1.inp', './Ethanol_c148_q1.inp', './Ethanol_c177_q3.inp', './Ethanol_c6_q1.inp', './Ethanol_c70_q1.inp', './Ethanol_c161_q3.inp', './Ethanol_c170_q1.inp', './Ethanol_c120_q2.inp', './Ethanol_c104_q1.inp', './Ethanol_c181_q3.inp', './Ethanol_c106_q2.inp', './Ethanol_c74_q2.inp', './Ethanol_c198_q3.inp', './Ethanol_c34_q2.inp', './Ethanol_c42_q1.inp', './Ethanol_c78_q3.inp', './Ethanol_c117_q1.inp', './Ethanol_c119_q3.inp', './Ethanol_c91_q1.inp', './Ethanol_c179_q1.inp', './Ethanol_c37_q2.inp', './Ethanol_c135_q3.inp', './Ethanol_c123_q3.inp', './Ethanol_c123_q1.inp', './Ethanol_c167_q1.inp', './Ethanol_c185_q3.inp', './Ethanol_c105_q3.inp', './Ethanol_c61_q2.inp', './Ethanol_c102_q2.inp', './Ethanol_c102_q3.inp', './Ethanol_c36_q2.inp', './Ethanol_c142_q2.inp', './Ethanol_c160_q1.inp', './Ethanol_c82_q3.inp', './Ethanol_c36_q3.inp', './Ethanol_c176_q1.inp', './Ethanol_c46_q3.inp', './Ethanol_c31_q1.inp', './Ethanol_c192_q2.inp', './Ethanol_c185_q1.inp', './Ethanol_c128_q2.inp', './Ethanol_c137_q3.inp', './Ethanol_c196_q1.inp', './Ethanol_c17_q2.inp', './Ethanol_c145_q2.inp', './Ethanol_c78_q1.inp', './Ethanol_c18_q2.inp', './Ethanol_c52_q2.inp', './Ethanol_c179_q2.inp', './Ethanol_c187_q1.inp', './Ethanol_c160_q3.inp', './Ethanol_c33_q3.inp', './Ethanol_c123_q2.inp', './Ethanol_c71_q3.inp', './Ethanol_c193_q3.inp', './Ethanol_c153_q1.inp', './Ethanol_c163_q2.inp', './Ethanol_c122_q1.inp', './Ethanol_c29_q1.inp', './Ethanol_c118_q1.inp', './Ethanol_c131_q3.inp', './Ethanol_c121_q2.inp', './Ethanol_c144_q1.inp', './Ethanol_c131_q1.inp', './Ethanol_c119_q1.inp', './Ethanol_c80_q3.inp', './Ethanol_c175_q2.inp', './Ethanol_c22_q3.inp', './Ethanol_c113_q1.inp', './Ethanol_c173_q1.inp', './Ethanol_c66_q1.inp', './Ethanol_c104_q3.inp', './Ethanol_c22_q2.inp', './Ethanol_c127_q3.inp', './Ethanol_c31_q3.inp', './Ethanol_c156_q1.inp', './Ethanol_c91_q3.inp', './Ethanol_c188_q2.inp', './Ethanol_c87_q2.inp', './Ethanol_c103_q3.inp', './Ethanol_c154_q3.inp', './Ethanol_c88_q2.inp', './Ethanol_c36_q1.inp', './Ethanol_c192_q1.inp', './Ethanol_c21_q1.inp', './Ethanol_c29_q2.inp', './Ethanol_c66_q3.inp', './Ethanol_c9_q3.inp', './Ethanol_c134_q3.inp', './Ethanol_c155_q2.inp', './Ethanol_c82_q1.inp', './Ethanol_c61_q3.inp', './Ethanol_c155_q1.inp', './Ethanol_c45_q3.inp', './Ethanol_c44_q3.inp', './Ethanol_c88_q1.inp', './Ethanol_c177_q2.inp', './Ethanol_c103_q1.inp', './Ethanol_c34_q1.inp', './Ethanol_c24_q1.inp', './Ethanol_c59_q2.inp', './Ethanol_c140_q1.inp', './Ethanol_c79_q3.inp', './Ethanol_c200_q3.inp', './Ethanol_c144_q3.inp', './Ethanol_c16_q2.inp', './Ethanol_c111_q3.inp', './Ethanol_c130_q1.inp', './Ethanol_c147_q2.inp', './Ethanol_c57_q3.inp', './Ethanol_c169_q2.inp', './Ethanol_c184_q2.inp', './Ethanol_c94_q2.inp', './Ethanol_c108_q2.inp', './Ethanol_c99_q1.inp', './Ethanol_c185_q2.inp', './Ethanol_c37_q3.inp', './Ethanol_c125_q3.inp', './Ethanol_c160_q2.inp', './Ethanol_c17_q1.inp', './Ethanol_c172_q2.inp', './Ethanol_c71_q2.inp', './Ethanol_c164_q3.inp', './Ethanol_c142_q3.inp', './Ethanol_c39_q1.inp', './Ethanol_c23_q3.inp', './Ethanol_c99_q2.inp', './Ethanol_c75_q3.inp', './Ethanol_c82_q2.inp', './Ethanol_c79_q1.inp', './Ethanol_c172_q3.inp', './Ethanol_c171_q1.inp', './Ethanol_c96_q2.inp', './Ethanol_c25_q1.inp', './Ethanol_c154_q1.inp', './Ethanol_c74_q3.inp', './Ethanol_c54_q2.inp', './Ethanol_c200_q1.inp', './Ethanol_c4_q2.inp', './Ethanol_c38_q2.inp', './Ethanol_c48_q3.inp', './Ethanol_c116_q3.inp', './Ethanol_c86_q1.inp', './Ethanol_c121_q3.inp', './Ethanol_c68_q3.inp', './Ethanol_c63_q2.inp', './Ethanol_c151_q3.inp', './Ethanol_c98_q2.inp', './Ethanol_c59_q1.inp', './Ethanol_c100_q2.inp', './Ethanol_c13_q3.inp']
./Ethanol_c85_q2
./opt-test-SCEE/Ethanol_c85_q2.dat
./Ethanol_c45_q2
./opt-test-SCEE/Ethanol_c45_q2.dat
./Ethanol_c188_q3
./opt-test-SCEE/Ethanol_c188_q3.dat
./Ethanol_c41_q3
./opt-test-SCEE/Ethanol_c41_q3.dat
./Ethanol_c114_q1
./opt-test-SCEE/Ethanol_c114_q1.dat
./Ethanol_c80_q2
./opt-test-SCEE/Ethanol_c80_q2.dat
./Ethanol_c15_q2
./opt-test-SCEE/Ethanol_c15_q2.dat
./Ethanol_c149_q1
./opt-test-SCEE/Ethanol_c149_q1.dat
./Ethanol_c110_q3
./opt-test-SCEE/Ethanol_c110_q3.dat
./Ethanol_c115_q2
./opt-test-SCEE/Ethanol_c115_q2.dat
./Ethanol_c67_q2
./opt-test-SCEE/Ethanol_c67_q2.dat
./Ethanol_c149_q3
./opt-test-SCEE/Ethanol_c149_q3.dat
./Ethanol_c51_q1
./opt-test-SCEE/Ethanol_c51_q1.dat
./Ethanol_c69_q3
./opt-test-SCEE/Ethanol_c69_q3.dat
./Ethanol_c199_q2
./opt-test-SCEE/Ethanol_c199_q2.dat
./Ethanol_c84_q3
./opt-test-SCEE/Ethanol_c84_q3.dat
./Ethanol_c172_q1
./opt-test-SCEE/Ethanol_c172_q1.dat
./Ethanol_c23_q1
./opt-test-SCEE/Ethanol_c23_q1.dat
./Ethanol_c32_q1
./opt-test-SCEE/Ethanol_c32_q1.dat
./Ethanol_c69_q1
./opt-test-SCEE/Ethanol_c69_q1.dat
./Ethanol_c165_q1
./opt-test-SCEE/Ethanol_c165_q1.dat
./Ethanol_c84_q1
./opt-test-SCEE/Ethanol_c84_q1.dat
./Ethanol_c183_q3
./opt-test-SCEE/Ethanol_c183_q3.dat
./Ethanol_c168_q3
./opt-test-SCEE/Ethanol_c168_q3.dat
./Ethanol_c165_q3
./opt-test-SCEE/Ethanol_c165_q3.dat
./Ethanol_c33_q1
./opt-test-SCEE/Ethanol_c33_q1.dat
./Ethanol_c76_q2
./opt-test-SCEE/Ethanol_c76_q2.dat
./Ethanol_c198_q1
./opt-test-SCEE/Ethanol_c198_q1.dat
./Ethanol_c147_q3
./opt-test-SCEE/Ethanol_c147_q3.dat
./Ethanol_c111_q1
./opt-test-SCEE/Ethanol_c111_q1.dat
./Ethanol_c13_q1
./opt-test-SCEE/Ethanol_c13_q1.dat
./Ethanol_c7_q1
./opt-test-SCEE/Ethanol_c7_q1.dat
./Ethanol_c130_q2
./opt-test-SCEE/Ethanol_c130_q2.dat
./Ethanol_c65_q1
./opt-test-SCEE/Ethanol_c65_q1.dat
./Ethanol_c138_q3
./opt-test-SCEE/Ethanol_c138_q3.dat
./Ethanol_c177_q1
./opt-test-SCEE/Ethanol_c177_q1.dat
./Ethanol_c150_q2
./opt-test-SCEE/Ethanol_c150_q2.dat
./Ethanol_c62_q2
./opt-test-SCEE/Ethanol_c62_q2.dat
./Ethanol_c170_q2
./opt-test-SCEE/Ethanol_c170_q2.dat
./Ethanol_c14_q2
./opt-test-SCEE/Ethanol_c14_q2.dat
./Ethanol_c59_q3
./opt-test-SCEE/Ethanol_c59_q3.dat
./Ethanol_c112_q1
./opt-test-SCEE/Ethanol_c112_q1.dat
./Ethanol_c174_q1
./opt-test-SCEE/Ethanol_c174_q1.dat
./Ethanol_c30_q2
./opt-test-SCEE/Ethanol_c30_q2.dat
./Ethanol_c176_q3
./opt-test-SCEE/Ethanol_c176_q3.dat
./Ethanol_c23_q2
./opt-test-SCEE/Ethanol_c23_q2.dat
./Ethanol_c94_q1
./opt-test-SCEE/Ethanol_c94_q1.dat
./Ethanol_c100_q1
./opt-test-SCEE/Ethanol_c100_q1.dat
./Ethanol_c50_q1
./opt-test-SCEE/Ethanol_c50_q1.dat
./Ethanol_c54_q1
./opt-test-SCEE/Ethanol_c54_q1.dat
./Ethanol_c171_q2
./opt-test-SCEE/Ethanol_c171_q2.dat
./Ethanol_c116_q1
./opt-test-SCEE/Ethanol_c116_q1.dat
./Ethanol_c157_q1
./opt-test-SCEE/Ethanol_c157_q1.dat
./Ethanol_c112_q2
./opt-test-SCEE/Ethanol_c112_q2.dat
./Ethanol_c101_q3
./opt-test-SCEE/Ethanol_c101_q3.dat
./Ethanol_c43_q1
./opt-test-SCEE/Ethanol_c43_q1.dat
./Ethanol_c9_q2
./opt-test-SCEE/Ethanol_c9_q2.dat
./Ethanol_c94_q3
./opt-test-SCEE/Ethanol_c94_q3.dat
./Ethanol_c196_q2
./opt-test-SCEE/Ethanol_c196_q2.dat
./Ethanol_c146_q1
./opt-test-SCEE/Ethanol_c146_q1.dat
./Ethanol_c26_q3
./opt-test-SCEE/Ethanol_c26_q3.dat
./Ethanol_c68_q1
./opt-test-SCEE/Ethanol_c68_q1.dat
./Ethanol_c166_q2
./opt-test-SCEE/Ethanol_c166_q2.dat
./Ethanol_c91_q2
./opt-test-SCEE/Ethanol_c91_q2.dat
./Ethanol_c128_q3
./opt-test-SCEE/Ethanol_c128_q3.dat
./Ethanol_c186_q3
./opt-test-SCEE/Ethanol_c186_q3.dat
./Ethanol_c88_q3
./opt-test-SCEE/Ethanol_c88_q3.dat
./Ethanol_c73_q2
./opt-test-SCEE/Ethanol_c73_q2.dat
./Ethanol_c15_q1
./opt-test-SCEE/Ethanol_c15_q1.dat
./Ethanol_c193_q1
./opt-test-SCEE/Ethanol_c193_q1.dat
./Ethanol_c64_q1
./opt-test-SCEE/Ethanol_c64_q1.dat
./Ethanol_c30_q1
./opt-test-SCEE/Ethanol_c30_q1.dat
./Ethanol_c126_q1
./opt-test-SCEE/Ethanol_c126_q1.dat
./Ethanol_c50_q2
./opt-test-SCEE/Ethanol_c50_q2.dat
./Ethanol_c153_q2
./opt-test-SCEE/Ethanol_c153_q2.dat
./Ethanol_c5_q2
./opt-test-SCEE/Ethanol_c5_q2.dat
./Ethanol_c38_q3
./opt-test-SCEE/Ethanol_c38_q3.dat
./Ethanol_c125_q2
./opt-test-SCEE/Ethanol_c125_q2.dat
./Ethanol_c146_q2
./opt-test-SCEE/Ethanol_c146_q2.dat
./Ethanol_c144_q2
./opt-test-SCEE/Ethanol_c144_q2.dat
./Ethanol_c87_q1
./opt-test-SCEE/Ethanol_c87_q1.dat
./Ethanol_c80_q1
./opt-test-SCEE/Ethanol_c80_q1.dat
./Ethanol_c19_q1
./opt-test-SCEE/Ethanol_c19_q1.dat
./Ethanol_c137_q1
./opt-test-SCEE/Ethanol_c137_q1.dat
./Ethanol_c3_q2
./opt-test-SCEE/Ethanol_c3_q2.dat
./Ethanol_c85_q3
./opt-test-SCEE/Ethanol_c85_q3.dat
./Ethanol_c10_q3
./opt-test-SCEE/Ethanol_c10_q3.dat
./Ethanol_c58_q2
./opt-test-SCEE/Ethanol_c58_q2.dat
./Ethanol_c107_q3
./opt-test-SCEE/Ethanol_c107_q3.dat
./Ethanol_c77_q3
./opt-test-SCEE/Ethanol_c77_q3.dat
./Ethanol_c143_q3
./opt-test-SCEE/Ethanol_c143_q3.dat
./Ethanol_c5_q3
./opt-test-SCEE/Ethanol_c5_q3.dat
./Ethanol_c97_q1
./opt-test-SCEE/Ethanol_c97_q1.dat
./Ethanol_c62_q3
./opt-test-SCEE/Ethanol_c62_q3.dat
./Ethanol_c12_q2
./opt-test-SCEE/Ethanol_c12_q2.dat
./Ethanol_c75_q1
./opt-test-SCEE/Ethanol_c75_q1.dat
./Ethanol_c89_q3
./opt-test-SCEE/Ethanol_c89_q3.dat
./Ethanol_c164_q1
./opt-test-SCEE/Ethanol_c164_q1.dat
./Ethanol_c7_q3
./opt-test-SCEE/Ethanol_c7_q3.dat
./Ethanol_c53_q3
./opt-test-SCEE/Ethanol_c53_q3.dat
./Ethanol_c81_q1
./opt-test-SCEE/Ethanol_c81_q1.dat
./Ethanol_c190_q2
./opt-test-SCEE/Ethanol_c190_q2.dat
./Ethanol_c8_q1
./opt-test-SCEE/Ethanol_c8_q1.dat
./Ethanol_c136_q3
./opt-test-SCEE/Ethanol_c136_q3.dat
./Ethanol_c2_q3
./opt-test-SCEE/Ethanol_c2_q3.dat
./Ethanol_c119_q2
./opt-test-SCEE/Ethanol_c119_q2.dat
./Ethanol_c20_q3
./opt-test-SCEE/Ethanol_c20_q3.dat
./Ethanol_c141_q3
./opt-test-SCEE/Ethanol_c141_q3.dat
./Ethanol_c117_q2
./opt-test-SCEE/Ethanol_c117_q2.dat
./Ethanol_c154_q2
./opt-test-SCEE/Ethanol_c154_q2.dat
./Ethanol_c108_q1
./opt-test-SCEE/Ethanol_c108_q1.dat
./Ethanol_c175_q3
./opt-test-SCEE/Ethanol_c175_q3.dat
./Ethanol_c110_q2
./opt-test-SCEE/Ethanol_c110_q2.dat
./Ethanol_c52_q1
./opt-test-SCEE/Ethanol_c52_q1.dat
./Ethanol_c43_q2
./opt-test-SCEE/Ethanol_c43_q2.dat
./Ethanol_c113_q2
./opt-test-SCEE/Ethanol_c113_q2.dat
./Ethanol_c93_q2
./opt-test-SCEE/Ethanol_c93_q2.dat
./Ethanol_c39_q3
./opt-test-SCEE/Ethanol_c39_q3.dat
./Ethanol_c181_q2
./opt-test-SCEE/Ethanol_c181_q2.dat
./Ethanol_c194_q1
./opt-test-SCEE/Ethanol_c194_q1.dat
./Ethanol_c28_q2
./opt-test-SCEE/Ethanol_c28_q2.dat
./Ethanol_c163_q3
./opt-test-SCEE/Ethanol_c163_q3.dat
./Ethanol_c108_q3
./opt-test-SCEE/Ethanol_c108_q3.dat
./Ethanol_c65_q3
./opt-test-SCEE/Ethanol_c65_q3.dat
./Ethanol_c101_q2
./opt-test-SCEE/Ethanol_c101_q2.dat
./Ethanol_c104_q2
./opt-test-SCEE/Ethanol_c104_q2.dat
./Ethanol_c84_q2
./opt-test-SCEE/Ethanol_c84_q2.dat
./Ethanol_c10_q2
./opt-test-SCEE/Ethanol_c10_q2.dat
./Ethanol_c132_q3
./opt-test-SCEE/Ethanol_c132_q3.dat
./Ethanol_c182_q1
./opt-test-SCEE/Ethanol_c182_q1.dat
./Ethanol_c32_q3
./opt-test-SCEE/Ethanol_c32_q3.dat
./Ethanol_c46_q2
./opt-test-SCEE/Ethanol_c46_q2.dat
./Ethanol_c156_q3
./opt-test-SCEE/Ethanol_c156_q3.dat
./Ethanol_c195_q1
./opt-test-SCEE/Ethanol_c195_q1.dat
./Ethanol_c2_q1
./opt-test-SCEE/Ethanol_c2_q1.dat
./Ethanol_c41_q1
./opt-test-SCEE/Ethanol_c41_q1.dat
./Ethanol_c60_q2
./opt-test-SCEE/Ethanol_c60_q2.dat
./Ethanol_c86_q2
./opt-test-SCEE/Ethanol_c86_q2.dat
./Ethanol_c182_q3
./opt-test-SCEE/Ethanol_c182_q3.dat
./Ethanol_c162_q1
./opt-test-SCEE/Ethanol_c162_q1.dat
./Ethanol_c109_q1
./opt-test-SCEE/Ethanol_c109_q1.dat
./Ethanol_c95_q3
./opt-test-SCEE/Ethanol_c95_q3.dat
./Ethanol_c17_q3
./opt-test-SCEE/Ethanol_c17_q3.dat
./Ethanol_c124_q3
./opt-test-SCEE/Ethanol_c124_q3.dat
./Ethanol_c118_q2
./opt-test-SCEE/Ethanol_c118_q2.dat
./Ethanol_c56_q3
./opt-test-SCEE/Ethanol_c56_q3.dat
./Ethanol_c31_q2
./opt-test-SCEE/Ethanol_c31_q2.dat
./Ethanol_c95_q1
./opt-test-SCEE/Ethanol_c95_q1.dat
./Ethanol_c159_q1
./opt-test-SCEE/Ethanol_c159_q1.dat
./Ethanol_c25_q2
./opt-test-SCEE/Ethanol_c25_q2.dat
./Ethanol_c149_q2
./opt-test-SCEE/Ethanol_c149_q2.dat
./Ethanol_c4_q1
./opt-test-SCEE/Ethanol_c4_q1.dat
./Ethanol_c190_q1
./opt-test-SCEE/Ethanol_c190_q1.dat
./Ethanol_c127_q1
./opt-test-SCEE/Ethanol_c127_q1.dat
./Ethanol_c118_q3
./opt-test-SCEE/Ethanol_c118_q3.dat
./Ethanol_c61_q1
./opt-test-SCEE/Ethanol_c61_q1.dat
./Ethanol_c133_q2
./opt-test-SCEE/Ethanol_c133_q2.dat
./Ethanol_c40_q2
./opt-test-SCEE/Ethanol_c40_q2.dat
./Ethanol_c184_q1
./opt-test-SCEE/Ethanol_c184_q1.dat
./Ethanol_c162_q3
./opt-test-SCEE/Ethanol_c162_q3.dat
./Ethanol_c22_q1
./opt-test-SCEE/Ethanol_c22_q1.dat
./Ethanol_c37_q1
./opt-test-SCEE/Ethanol_c37_q1.dat
./Ethanol_c116_q2
./opt-test-SCEE/Ethanol_c116_q2.dat
./Ethanol_c170_q3
./opt-test-SCEE/Ethanol_c170_q3.dat
./Ethanol_c78_q2
./opt-test-SCEE/Ethanol_c78_q2.dat
./Ethanol_c12_q1
./opt-test-SCEE/Ethanol_c12_q1.dat
./Ethanol_c137_q2
./opt-test-SCEE/Ethanol_c137_q2.dat
./Ethanol_c197_q2
./opt-test-SCEE/Ethanol_c197_q2.dat
./Ethanol_c176_q2
./opt-test-SCEE/Ethanol_c176_q2.dat
./Ethanol_c110_q1
./opt-test-SCEE/Ethanol_c110_q1.dat
./Ethanol_c106_q1
./opt-test-SCEE/Ethanol_c106_q1.dat
./Ethanol_c184_q3
./opt-test-SCEE/Ethanol_c184_q3.dat
./Ethanol_c114_q3
./opt-test-SCEE/Ethanol_c114_q3.dat
./Ethanol_c26_q1
./opt-test-SCEE/Ethanol_c26_q1.dat
./Ethanol_c56_q1
./opt-test-SCEE/Ethanol_c56_q1.dat
./Ethanol_c178_q3
./opt-test-SCEE/Ethanol_c178_q3.dat
./Ethanol_c151_q2
./opt-test-SCEE/Ethanol_c151_q2.dat
./Ethanol_c14_q3
./opt-test-SCEE/Ethanol_c14_q3.dat
./Ethanol_c128_q1
./opt-test-SCEE/Ethanol_c128_q1.dat
./Ethanol_c199_q3
./opt-test-SCEE/Ethanol_c199_q3.dat
./Ethanol_c11_q1
./opt-test-SCEE/Ethanol_c11_q1.dat
./Ethanol_c197_q3
./opt-test-SCEE/Ethanol_c197_q3.dat
./Ethanol_c19_q2
./opt-test-SCEE/Ethanol_c19_q2.dat
./Ethanol_c47_q2
./opt-test-SCEE/Ethanol_c47_q2.dat
./Ethanol_c189_q3
./opt-test-SCEE/Ethanol_c189_q3.dat
./Ethanol_c54_q3
./opt-test-SCEE/Ethanol_c54_q3.dat
./Ethanol_c11_q3
./opt-test-SCEE/Ethanol_c11_q3.dat
./Ethanol_c140_q3
./opt-test-SCEE/Ethanol_c140_q3.dat
./Ethanol_c42_q3
./opt-test-SCEE/Ethanol_c42_q3.dat
./Ethanol_c71_q1
./opt-test-SCEE/Ethanol_c71_q1.dat
./Ethanol_c70_q2
./opt-test-SCEE/Ethanol_c70_q2.dat
./Ethanol_c74_q1
./opt-test-SCEE/Ethanol_c74_q1.dat
./Ethanol_c81_q2
./opt-test-SCEE/Ethanol_c81_q2.dat
./Ethanol_c187_q2
./opt-test-SCEE/Ethanol_c187_q2.dat
./Ethanol_c93_q3
./opt-test-SCEE/Ethanol_c93_q3.dat
./Ethanol_c180_q3
./opt-test-SCEE/Ethanol_c180_q3.dat
./Ethanol_c135_q2
./opt-test-SCEE/Ethanol_c135_q2.dat
./Ethanol_c105_q2
./opt-test-SCEE/Ethanol_c105_q2.dat
./Ethanol_c151_q1
./opt-test-SCEE/Ethanol_c151_q1.dat
./Ethanol_c158_q2
./opt-test-SCEE/Ethanol_c158_q2.dat
./Ethanol_c173_q3
./opt-test-SCEE/Ethanol_c173_q3.dat
./Ethanol_c134_q1
./opt-test-SCEE/Ethanol_c134_q1.dat
./Ethanol_c83_q3
./opt-test-SCEE/Ethanol_c83_q3.dat
./Ethanol_c49_q3
./opt-test-SCEE/Ethanol_c49_q3.dat
./Ethanol_c34_q3
./opt-test-SCEE/Ethanol_c34_q3.dat
./Ethanol_c194_q2
./opt-test-SCEE/Ethanol_c194_q2.dat
./Ethanol_c57_q1
./opt-test-SCEE/Ethanol_c57_q1.dat
./Ethanol_c98_q1
./opt-test-SCEE/Ethanol_c98_q1.dat
./Ethanol_c25_q3
./opt-test-SCEE/Ethanol_c25_q3.dat
./Ethanol_c194_q3
./opt-test-SCEE/Ethanol_c194_q3.dat
./Ethanol_c188_q1
./opt-test-SCEE/Ethanol_c188_q1.dat
./Ethanol_c162_q2
./opt-test-SCEE/Ethanol_c162_q2.dat
./Ethanol_c7_q2
./opt-test-SCEE/Ethanol_c7_q2.dat
./Ethanol_c112_q3
./opt-test-SCEE/Ethanol_c112_q3.dat
./Ethanol_c147_q1
./opt-test-SCEE/Ethanol_c147_q1.dat
./Ethanol_c159_q3
./opt-test-SCEE/Ethanol_c159_q3.dat
./Ethanol_c98_q3
./opt-test-SCEE/Ethanol_c98_q3.dat
./Ethanol_c143_q2
./opt-test-SCEE/Ethanol_c143_q2.dat
./Ethanol_c161_q2
./opt-test-SCEE/Ethanol_c161_q2.dat
./Ethanol_c191_q3
./opt-test-SCEE/Ethanol_c191_q3.dat
./Ethanol_c20_q2
./opt-test-SCEE/Ethanol_c20_q2.dat
./Ethanol_c132_q1
./opt-test-SCEE/Ethanol_c132_q1.dat
./Ethanol_c8_q3
./opt-test-SCEE/Ethanol_c8_q3.dat
./Ethanol_c97_q3
./opt-test-SCEE/Ethanol_c97_q3.dat
./Ethanol_c167_q2
./opt-test-SCEE/Ethanol_c167_q2.dat
./Ethanol_c18_q1
./opt-test-SCEE/Ethanol_c18_q1.dat
./Ethanol_c43_q3
./opt-test-SCEE/Ethanol_c43_q3.dat
./Ethanol_c164_q2
./opt-test-SCEE/Ethanol_c164_q2.dat
./Ethanol_c62_q1
./opt-test-SCEE/Ethanol_c62_q1.dat
./Ethanol_c127_q2
./opt-test-SCEE/Ethanol_c127_q2.dat
./Ethanol_c47_q3
./opt-test-SCEE/Ethanol_c47_q3.dat
./Ethanol_c143_q1
./opt-test-SCEE/Ethanol_c143_q1.dat
./Ethanol_c167_q3
./opt-test-SCEE/Ethanol_c167_q3.dat
./Ethanol_c178_q2
./opt-test-SCEE/Ethanol_c178_q2.dat
./Ethanol_c124_q1
./opt-test-SCEE/Ethanol_c124_q1.dat
./Ethanol_c150_q1
./opt-test-SCEE/Ethanol_c150_q1.dat
./Ethanol_c77_q2
./opt-test-SCEE/Ethanol_c77_q2.dat
./Ethanol_c72_q1
./opt-test-SCEE/Ethanol_c72_q1.dat
./Ethanol_c120_q1
./opt-test-SCEE/Ethanol_c120_q1.dat
./Ethanol_c77_q1
./opt-test-SCEE/Ethanol_c77_q1.dat
./Ethanol_c11_q2
./opt-test-SCEE/Ethanol_c11_q2.dat
./Ethanol_c141_q2
./opt-test-SCEE/Ethanol_c141_q2.dat
./Ethanol_c56_q2
./opt-test-SCEE/Ethanol_c56_q2.dat
./Ethanol_c55_q2
./opt-test-SCEE/Ethanol_c55_q2.dat
./Ethanol_c8_q2
./opt-test-SCEE/Ethanol_c8_q2.dat
./Ethanol_c196_q3
./opt-test-SCEE/Ethanol_c196_q3.dat
./Ethanol_c129_q2
./opt-test-SCEE/Ethanol_c129_q2.dat
./Ethanol_c133_q1
./opt-test-SCEE/Ethanol_c133_q1.dat
./Ethanol_c124_q2
./opt-test-SCEE/Ethanol_c124_q2.dat
./Ethanol_c4_q3
./opt-test-SCEE/Ethanol_c4_q3.dat
./Ethanol_c21_q3
./opt-test-SCEE/Ethanol_c21_q3.dat
./Ethanol_c197_q1
./opt-test-SCEE/Ethanol_c197_q1.dat
./Ethanol_c103_q2
./opt-test-SCEE/Ethanol_c103_q2.dat
./Ethanol_c92_q1
./opt-test-SCEE/Ethanol_c92_q1.dat
./Ethanol_c53_q1
./opt-test-SCEE/Ethanol_c53_q1.dat
./Ethanol_c13_q2
./opt-test-SCEE/Ethanol_c13_q2.dat
./Ethanol_c16_q3
./opt-test-SCEE/Ethanol_c16_q3.dat
./Ethanol_c72_q3
./opt-test-SCEE/Ethanol_c72_q3.dat
./Ethanol_c41_q2
./opt-test-SCEE/Ethanol_c41_q2.dat
./Ethanol_c193_q2
./opt-test-SCEE/Ethanol_c193_q2.dat
./Ethanol_c14_q1
./opt-test-SCEE/Ethanol_c14_q1.dat
./Ethanol_c93_q1
./opt-test-SCEE/Ethanol_c93_q1.dat
./Ethanol_c145_q1
./opt-test-SCEE/Ethanol_c145_q1.dat
./Ethanol_c27_q3
./opt-test-SCEE/Ethanol_c27_q3.dat
./Ethanol_c166_q3
./opt-test-SCEE/Ethanol_c166_q3.dat
./Ethanol_c57_q2
./opt-test-SCEE/Ethanol_c57_q2.dat
./Ethanol_c44_q2
./opt-test-SCEE/Ethanol_c44_q2.dat
./Ethanol_c49_q1
./opt-test-SCEE/Ethanol_c49_q1.dat
./Ethanol_c49_q2
./opt-test-SCEE/Ethanol_c49_q2.dat
./Ethanol_c152_q1
./opt-test-SCEE/Ethanol_c152_q1.dat
./Ethanol_c95_q2
./opt-test-SCEE/Ethanol_c95_q2.dat
./Ethanol_c10_q1
./opt-test-SCEE/Ethanol_c10_q1.dat
./Ethanol_c58_q1
./opt-test-SCEE/Ethanol_c58_q1.dat
./Ethanol_c175_q1
./opt-test-SCEE/Ethanol_c175_q1.dat
./Ethanol_c186_q1
./opt-test-SCEE/Ethanol_c186_q1.dat
./Ethanol_c53_q2
./opt-test-SCEE/Ethanol_c53_q2.dat
./Ethanol_c173_q2
./opt-test-SCEE/Ethanol_c173_q2.dat
./Ethanol_c126_q2
./opt-test-SCEE/Ethanol_c126_q2.dat
./Ethanol_c6_q2
./opt-test-SCEE/Ethanol_c6_q2.dat
./Ethanol_c69_q2
./opt-test-SCEE/Ethanol_c69_q2.dat
./Ethanol_c20_q1
./opt-test-SCEE/Ethanol_c20_q1.dat
./Ethanol_c90_q3
./opt-test-SCEE/Ethanol_c90_q3.dat
./Ethanol_c150_q3
./opt-test-SCEE/Ethanol_c150_q3.dat
./Ethanol_c179_q3
./opt-test-SCEE/Ethanol_c179_q3.dat
./Ethanol_c86_q3
./opt-test-SCEE/Ethanol_c86_q3.dat
./Ethanol_c126_q3
./opt-test-SCEE/Ethanol_c126_q3.dat
./Ethanol_c92_q2
./opt-test-SCEE/Ethanol_c92_q2.dat
./Ethanol_c134_q2
./opt-test-SCEE/Ethanol_c134_q2.dat
./Ethanol_c89_q2
./opt-test-SCEE/Ethanol_c89_q2.dat
./Ethanol_c189_q1
./opt-test-SCEE/Ethanol_c189_q1.dat
./Ethanol_c148_q2
./opt-test-SCEE/Ethanol_c148_q2.dat
./Ethanol_c140_q2
./opt-test-SCEE/Ethanol_c140_q2.dat
./Ethanol_c42_q2
./opt-test-SCEE/Ethanol_c42_q2.dat
./Ethanol_c174_q2
./opt-test-SCEE/Ethanol_c174_q2.dat
./Ethanol_c115_q1
./opt-test-SCEE/Ethanol_c115_q1.dat
./Ethanol_c47_q1
./opt-test-SCEE/Ethanol_c47_q1.dat
./Ethanol_c146_q3
./opt-test-SCEE/Ethanol_c146_q3.dat
./Ethanol_c60_q3
./opt-test-SCEE/Ethanol_c60_q3.dat
./Ethanol_c107_q2
./opt-test-SCEE/Ethanol_c107_q2.dat
./Ethanol_c79_q2
./opt-test-SCEE/Ethanol_c79_q2.dat
./Ethanol_c27_q2
./opt-test-SCEE/Ethanol_c27_q2.dat
./Ethanol_c180_q1
./opt-test-SCEE/Ethanol_c180_q1.dat
./Ethanol_c182_q2
./opt-test-SCEE/Ethanol_c182_q2.dat
./Ethanol_c166_q1
./opt-test-SCEE/Ethanol_c166_q1.dat
./Ethanol_c83_q1
./opt-test-SCEE/Ethanol_c83_q1.dat
./Ethanol_c1_q1
./opt-test-SCEE/Ethanol_c1_q1.dat
./Ethanol_c192_q3
./opt-test-SCEE/Ethanol_c192_q3.dat
./Ethanol_c163_q1
./opt-test-SCEE/Ethanol_c163_q1.dat
./Ethanol_c161_q1
./opt-test-SCEE/Ethanol_c161_q1.dat
./Ethanol_c171_q3
./opt-test-SCEE/Ethanol_c171_q3.dat
./Ethanol_c48_q1
./opt-test-SCEE/Ethanol_c48_q1.dat
./Ethanol_c68_q2
./opt-test-SCEE/Ethanol_c68_q2.dat
./Ethanol_c105_q1
./opt-test-SCEE/Ethanol_c105_q1.dat
./Ethanol_c24_q3
./opt-test-SCEE/Ethanol_c24_q3.dat
./Ethanol_c129_q1
./opt-test-SCEE/Ethanol_c129_q1.dat
./Ethanol_c158_q1
./opt-test-SCEE/Ethanol_c158_q1.dat
./Ethanol_c6_q3
./opt-test-SCEE/Ethanol_c6_q3.dat
./Ethanol_c35_q3
./opt-test-SCEE/Ethanol_c35_q3.dat
./Ethanol_c76_q3
./opt-test-SCEE/Ethanol_c76_q3.dat
./Ethanol_c76_q1
./opt-test-SCEE/Ethanol_c76_q1.dat
./Ethanol_c39_q2
./opt-test-SCEE/Ethanol_c39_q2.dat
./Ethanol_c114_q2
./opt-test-SCEE/Ethanol_c114_q2.dat
./Ethanol_c106_q3
./opt-test-SCEE/Ethanol_c106_q3.dat
./Ethanol_c96_q1
./opt-test-SCEE/Ethanol_c96_q1.dat
./Ethanol_c70_q3
./opt-test-SCEE/Ethanol_c70_q3.dat
./Ethanol_c83_q2
./opt-test-SCEE/Ethanol_c83_q2.dat
./Ethanol_c85_q1
./opt-test-SCEE/Ethanol_c85_q1.dat
./Ethanol_c158_q3
./opt-test-SCEE/Ethanol_c158_q3.dat
./Ethanol_c50_q3
./opt-test-SCEE/Ethanol_c50_q3.dat
./Ethanol_c125_q1
./opt-test-SCEE/Ethanol_c125_q1.dat
./Ethanol_c152_q3
./opt-test-SCEE/Ethanol_c152_q3.dat
./Ethanol_c26_q2
./opt-test-SCEE/Ethanol_c26_q2.dat
./Ethanol_c73_q1
./opt-test-SCEE/Ethanol_c73_q1.dat
./Ethanol_c157_q3
./opt-test-SCEE/Ethanol_c157_q3.dat
./Ethanol_c117_q3
./opt-test-SCEE/Ethanol_c117_q3.dat
./Ethanol_c102_q1
./opt-test-SCEE/Ethanol_c102_q1.dat
./Ethanol_c89_q1
./opt-test-SCEE/Ethanol_c89_q1.dat
./Ethanol_c130_q3
./opt-test-SCEE/Ethanol_c130_q3.dat
./Ethanol_c111_q2
./opt-test-SCEE/Ethanol_c111_q2.dat
./Ethanol_c145_q3
./opt-test-SCEE/Ethanol_c145_q3.dat
./Ethanol_c109_q3
./opt-test-SCEE/Ethanol_c109_q3.dat
./Ethanol_c183_q2
./opt-test-SCEE/Ethanol_c183_q2.dat
./Ethanol_c96_q3
./opt-test-SCEE/Ethanol_c96_q3.dat
./Ethanol_c159_q2
./opt-test-SCEE/Ethanol_c159_q2.dat
./Ethanol_c38_q1
./opt-test-SCEE/Ethanol_c38_q1.dat
./Ethanol_c121_q1
./opt-test-SCEE/Ethanol_c121_q1.dat
./Ethanol_c156_q2
./opt-test-SCEE/Ethanol_c156_q2.dat
./Ethanol_c55_q3
./opt-test-SCEE/Ethanol_c55_q3.dat
./Ethanol_c16_q1
./opt-test-SCEE/Ethanol_c16_q1.dat
./Ethanol_c198_q2
./opt-test-SCEE/Ethanol_c198_q2.dat
./Ethanol_c24_q2
./opt-test-SCEE/Ethanol_c24_q2.dat
./Ethanol_c200_q2
./opt-test-SCEE/Ethanol_c200_q2.dat
./Ethanol_c63_q1
./opt-test-SCEE/Ethanol_c63_q1.dat
./Ethanol_c195_q3
./opt-test-SCEE/Ethanol_c195_q3.dat
./Ethanol_c28_q1
./opt-test-SCEE/Ethanol_c28_q1.dat
./Ethanol_c35_q2
./opt-test-SCEE/Ethanol_c35_q2.dat
./Ethanol_c18_q3
./opt-test-SCEE/Ethanol_c18_q3.dat
./Ethanol_c28_q3
./opt-test-SCEE/Ethanol_c28_q3.dat
./Ethanol_c2_q2
./opt-test-SCEE/Ethanol_c2_q2.dat
./Ethanol_c181_q1
./opt-test-SCEE/Ethanol_c181_q1.dat
./Ethanol_c136_q2
./opt-test-SCEE/Ethanol_c136_q2.dat
./Ethanol_c115_q3
./opt-test-SCEE/Ethanol_c115_q3.dat
./Ethanol_c5_q1
./opt-test-SCEE/Ethanol_c5_q1.dat
./Ethanol_c51_q3
./opt-test-SCEE/Ethanol_c51_q3.dat
./Ethanol_c81_q3
./opt-test-SCEE/Ethanol_c81_q3.dat
./Ethanol_c87_q3
./opt-test-SCEE/Ethanol_c87_q3.dat
./Ethanol_c58_q3
./opt-test-SCEE/Ethanol_c58_q3.dat
./Ethanol_c33_q2
./opt-test-SCEE/Ethanol_c33_q2.dat
./Ethanol_c187_q3
./opt-test-SCEE/Ethanol_c187_q3.dat
./Ethanol_c180_q2
./opt-test-SCEE/Ethanol_c180_q2.dat
./Ethanol_c64_q3
./opt-test-SCEE/Ethanol_c64_q3.dat
./Ethanol_c40_q3
./opt-test-SCEE/Ethanol_c40_q3.dat
./Ethanol_c60_q1
./opt-test-SCEE/Ethanol_c60_q1.dat
./Ethanol_c30_q3
./opt-test-SCEE/Ethanol_c30_q3.dat
./Ethanol_c186_q2
./opt-test-SCEE/Ethanol_c186_q2.dat
./Ethanol_c29_q3
./opt-test-SCEE/Ethanol_c29_q3.dat
./Ethanol_c51_q2
./opt-test-SCEE/Ethanol_c51_q2.dat
./Ethanol_c191_q1
./opt-test-SCEE/Ethanol_c191_q1.dat
./Ethanol_c109_q2
./opt-test-SCEE/Ethanol_c109_q2.dat
./Ethanol_c1_q3
./opt-test-SCEE/Ethanol_c1_q3.dat
./Ethanol_c169_q3
./opt-test-SCEE/Ethanol_c169_q3.dat
./Ethanol_c122_q3
./opt-test-SCEE/Ethanol_c122_q3.dat
./Ethanol_c66_q2
./opt-test-SCEE/Ethanol_c66_q2.dat
./Ethanol_c101_q1
./opt-test-SCEE/Ethanol_c101_q1.dat
./Ethanol_c132_q2
./opt-test-SCEE/Ethanol_c132_q2.dat
./Ethanol_c45_q1
./opt-test-SCEE/Ethanol_c45_q1.dat
./Ethanol_c153_q3
./opt-test-SCEE/Ethanol_c153_q3.dat
./Ethanol_c46_q1
./opt-test-SCEE/Ethanol_c46_q1.dat
./Ethanol_c99_q3
./opt-test-SCEE/Ethanol_c99_q3.dat
./Ethanol_c168_q2
./opt-test-SCEE/Ethanol_c168_q2.dat
./Ethanol_c48_q2
./opt-test-SCEE/Ethanol_c48_q2.dat
./Ethanol_c97_q2
./opt-test-SCEE/Ethanol_c97_q2.dat
./Ethanol_c178_q1
./opt-test-SCEE/Ethanol_c178_q1.dat
./Ethanol_c129_q3
./opt-test-SCEE/Ethanol_c129_q3.dat
./Ethanol_c138_q2
./opt-test-SCEE/Ethanol_c138_q2.dat
./Ethanol_c138_q1
./opt-test-SCEE/Ethanol_c138_q1.dat
./Ethanol_c90_q1
./opt-test-SCEE/Ethanol_c90_q1.dat
./Ethanol_c199_q1
./opt-test-SCEE/Ethanol_c199_q1.dat
./Ethanol_c12_q3
./opt-test-SCEE/Ethanol_c12_q3.dat
./Ethanol_c195_q2
./opt-test-SCEE/Ethanol_c195_q2.dat
./Ethanol_c139_q3
./opt-test-SCEE/Ethanol_c139_q3.dat
./Ethanol_c40_q1
./opt-test-SCEE/Ethanol_c40_q1.dat
./Ethanol_c64_q2
./opt-test-SCEE/Ethanol_c64_q2.dat
./Ethanol_c72_q2
./opt-test-SCEE/Ethanol_c72_q2.dat
./Ethanol_c32_q2
./opt-test-SCEE/Ethanol_c32_q2.dat
./Ethanol_c136_q1
./opt-test-SCEE/Ethanol_c136_q1.dat
./Ethanol_c65_q2
./opt-test-SCEE/Ethanol_c65_q2.dat
./Ethanol_c67_q1
./opt-test-SCEE/Ethanol_c67_q1.dat
./Ethanol_c35_q1
./opt-test-SCEE/Ethanol_c35_q1.dat
./Ethanol_c135_q1
./opt-test-SCEE/Ethanol_c135_q1.dat
./Ethanol_c148_q3
./opt-test-SCEE/Ethanol_c148_q3.dat
./Ethanol_c122_q2
./opt-test-SCEE/Ethanol_c122_q2.dat
./Ethanol_c183_q1
./opt-test-SCEE/Ethanol_c183_q1.dat
./Ethanol_c157_q2
./opt-test-SCEE/Ethanol_c157_q2.dat
./Ethanol_c75_q2
./opt-test-SCEE/Ethanol_c75_q2.dat
./Ethanol_c131_q2
./opt-test-SCEE/Ethanol_c131_q2.dat
./Ethanol_c152_q2
./opt-test-SCEE/Ethanol_c152_q2.dat
./Ethanol_c155_q3
./opt-test-SCEE/Ethanol_c155_q3.dat
./Ethanol_c67_q3
./opt-test-SCEE/Ethanol_c67_q3.dat
./Ethanol_c169_q1
./opt-test-SCEE/Ethanol_c169_q1.dat
./Ethanol_c139_q1
./opt-test-SCEE/Ethanol_c139_q1.dat
./Ethanol_c139_q2
./opt-test-SCEE/Ethanol_c139_q2.dat
./Ethanol_c141_q1
./opt-test-SCEE/Ethanol_c141_q1.dat
./Ethanol_c107_q1
./opt-test-SCEE/Ethanol_c107_q1.dat
./Ethanol_c15_q3
./opt-test-SCEE/Ethanol_c15_q3.dat
./Ethanol_c19_q3
./opt-test-SCEE/Ethanol_c19_q3.dat
./Ethanol_c73_q3
./opt-test-SCEE/Ethanol_c73_q3.dat
./Ethanol_c189_q2
./opt-test-SCEE/Ethanol_c189_q2.dat
./Ethanol_c55_q1
./opt-test-SCEE/Ethanol_c55_q1.dat
./Ethanol_c100_q3
./opt-test-SCEE/Ethanol_c100_q3.dat
./Ethanol_c52_q3
./opt-test-SCEE/Ethanol_c52_q3.dat
./Ethanol_c21_q2
./opt-test-SCEE/Ethanol_c21_q2.dat
./Ethanol_c3_q1
./opt-test-SCEE/Ethanol_c3_q1.dat
./Ethanol_c63_q3
./opt-test-SCEE/Ethanol_c63_q3.dat
./Ethanol_c165_q2
./opt-test-SCEE/Ethanol_c165_q2.dat
./Ethanol_c90_q2
./opt-test-SCEE/Ethanol_c90_q2.dat
./Ethanol_c190_q3
./opt-test-SCEE/Ethanol_c190_q3.dat
./Ethanol_c174_q3
./opt-test-SCEE/Ethanol_c174_q3.dat
./Ethanol_c133_q3
./opt-test-SCEE/Ethanol_c133_q3.dat
./Ethanol_c113_q3
./opt-test-SCEE/Ethanol_c113_q3.dat
./Ethanol_c92_q3
./opt-test-SCEE/Ethanol_c92_q3.dat
./Ethanol_c1_q2
./opt-test-SCEE/Ethanol_c1_q2.dat
./Ethanol_c9_q1
./opt-test-SCEE/Ethanol_c9_q1.dat
./Ethanol_c142_q1
./opt-test-SCEE/Ethanol_c142_q1.dat
./Ethanol_c120_q3
./opt-test-SCEE/Ethanol_c120_q3.dat
./Ethanol_c3_q3
./opt-test-SCEE/Ethanol_c3_q3.dat
./Ethanol_c27_q1
./opt-test-SCEE/Ethanol_c27_q1.dat
./Ethanol_c44_q1
./opt-test-SCEE/Ethanol_c44_q1.dat
./Ethanol_c191_q2
./opt-test-SCEE/Ethanol_c191_q2.dat
./Ethanol_c168_q1
./opt-test-SCEE/Ethanol_c168_q1.dat
./Ethanol_c148_q1
./opt-test-SCEE/Ethanol_c148_q1.dat
./Ethanol_c177_q3
./opt-test-SCEE/Ethanol_c177_q3.dat
./Ethanol_c6_q1
./opt-test-SCEE/Ethanol_c6_q1.dat
./Ethanol_c70_q1
./opt-test-SCEE/Ethanol_c70_q1.dat
./Ethanol_c161_q3
./opt-test-SCEE/Ethanol_c161_q3.dat
./Ethanol_c170_q1
./opt-test-SCEE/Ethanol_c170_q1.dat
./Ethanol_c120_q2
./opt-test-SCEE/Ethanol_c120_q2.dat
./Ethanol_c104_q1
./opt-test-SCEE/Ethanol_c104_q1.dat
./Ethanol_c181_q3
./opt-test-SCEE/Ethanol_c181_q3.dat
./Ethanol_c106_q2
./opt-test-SCEE/Ethanol_c106_q2.dat
./Ethanol_c74_q2
./opt-test-SCEE/Ethanol_c74_q2.dat
./Ethanol_c198_q3
./opt-test-SCEE/Ethanol_c198_q3.dat
./Ethanol_c34_q2
./opt-test-SCEE/Ethanol_c34_q2.dat
./Ethanol_c42_q1
./opt-test-SCEE/Ethanol_c42_q1.dat
./Ethanol_c78_q3
./opt-test-SCEE/Ethanol_c78_q3.datPreparing Ethanol_c100_q1.dat -> Ethanol_c100_q1.out on /home/zoe/Research/Gaussian/scratch
Preparing Ethanol_c100_q2.dat -> Ethanol_c100_q2.out on /home/zoe/Research/Gaussian/scratch
Preparing Ethanol_c100_q3.dat -> Ethanol_c100_q3.out on /home/zoe/Research/Gaussian/scratch
Preparing Ethanol_c101_q1.dat -> Ethanol_c101_q1.out on /home/zoe/Research/Gaussian/scratch
Preparing Ethanol_c101_q2.dat -> Ethanol_c101_q2.out on /home/zoe/Research/Gaussian/scratch
Preparing Ethanol_c101_q3.dat -> Ethanol_c101_q3.out on /home/zoe/Research/Gaussian/scratch
Killed
Killed
Killed
Killed
Preparing Ethanol_c102_q1.dat -> Ethanol_c102_q1.out on /home/zoe/Research/Gaussian/scratch
Preparing Ethanol_c102_q2.dat -> Ethanol_c102_q2.out on /home/zoe/Research/Gaussian/scratch
Killed
Preparing Ethanol_c102_q3.dat -> Ethanol_c102_q3.out on /home/zoe/Research/Gaussian/scratch
Killed
Preparing Ethanol_c103_q1.dat -> Ethanol_c103_q1.out on /home/zoe/Research/Gaussian/scratch
Killed
Preparing Ethanol_c103_q2.dat -> Ethanol_c103_q2.out on /home/zoe/Research/Gaussian/scratch
Killed
Preparing Ethanol_c103_q3.dat -> Ethanol_c103_q3.out on /home/zoe/Research/Gaussian/scratch
Killed
Preparing Ethanol_c104_q1.dat -> Ethanol_c104_q1.out on /home/zoe/Research/Gaussian/scratch
Killed
Preparing Ethanol_c104_q2.dat -> Ethanol_c104_q2.out on /home/zoe/Research/Gaussian/scratch
Killed
Preparing Ethanol_c104_q3.dat -> Ethanol_c104_q3.out on /home/zoe/Research/Gaussian/scratch
Killed
Preparing Ethanol_c105_q1.dat -> Ethanol_c105_q1.out on /home/zoe/Research/Gaussian/scratch
Killed
Preparing Ethanol_c105_q2.dat -> Ethanol_c105_q2.out on /home/zoe/Research/Gaussian/scratch
Killed
Preparing Ethanol_c105_q3.dat -> Ethanol_c105_q3.out on /home/zoe/Research/Gaussian/scratch
Killed
Preparing Ethanol_c106_q1.dat -> Ethanol_c106_q1.out on /home/zoe/Research/Gaussian/scratch
Killed
Preparing Ethanol_c106_q2.dat -> Ethanol_c106_q2.out on /home/zoe/Research/Gaussian/scratch
Killed
Preparing Ethanol_c106_q3.dat -> Ethanol_c106_q3.out on /home/zoe/Research/Gaussian/scratch
Killed
Preparing Ethanol_c107_q1.dat -> Ethanol_c107_q1.out on /home/zoe/Research/Gaussian/scratch
Killed
Preparing Ethanol_c107_q2.dat -> Ethanol_c107_q2.out on /home/zoe/Research/Gaussian/scratch
Killed
Preparing Ethanol_c107_q3.dat -> Ethanol_c107_q3.out on /home/zoe/Research/Gaussian/scratch
Killed
Preparing Ethanol_c108_q1.dat -> Ethanol_c108_q1.out on /home/zoe/Research/Gaussian/scratch
Killed
Preparing Ethanol_c108_q2.dat -> Ethanol_c108_q2.out on /home/zoe/Research/Gaussian/scratch
Killed
Preparing Ethanol_c108_q3.dat -> Ethanol_c108_q3.out on /home/zoe/Research/Gaussian/scratch
Killed
Preparing Ethanol_c109_q1.dat -> Ethanol_c109_q1.out on /home/zoe/Research/Gaussian/scratch
Killed
Preparing Ethanol_c109_q2.dat -> Ethanol_c109_q2.out on /home/zoe/Research/Gaussian/scratch
Killed
Preparing Ethanol_c109_q3.dat -> Ethanol_c109_q3.out on /home/zoe/Research/Gaussian/scratch
Killed
Preparing Ethanol_c10_q1.dat -> Ethanol_c10_q1.out on /home/zoe/Research/Gaussian/scratch
Killed
Preparing Ethanol_c10_q2.dat -> Ethanol_c10_q2.out on /home/zoe/Research/Gaussian/scratch
Killed
Preparing Ethanol_c10_q3.dat -> Ethanol_c10_q3.out on /home/zoe/Research/Gaussian/scratch
Killed
Preparing Ethanol_c110_q1.dat -> Ethanol_c110_q1.out on /home/zoe/Research/Gaussian/scratch
Killed
Preparing Ethanol_c110_q2.dat -> Ethanol_c110_q2.out on /home/zoe/Research/Gaussian/scratch
Killed
Preparing Ethanol_c110_q3.dat -> Ethanol_c110_q3.out on /home/zoe/Research/Gaussian/scratch
Killed
Preparing Ethanol_c111_q1.dat -> Ethanol_c111_q1.out on /home/zoe/Research/Gaussian/scratch
Killed
Preparing Ethanol_c111_q2.dat -> Ethanol_c111_q2.out on /home/zoe/Research/Gaussian/scratch
Killed
Preparing Ethanol_c111_q3.dat -> Ethanol_c111_q3.out on /home/zoe/Research/Gaussian/scratch
Killed
Preparing Ethanol_c112_q1.dat -> Ethanol_c112_q1.out on /home/zoe/Research/Gaussian/scratch
Killed
Preparing Ethanol_c112_q2.dat -> Ethanol_c112_q2.out on /home/zoe/Research/Gaussian/scratch
Killed
Killed
Preparing Ethanol_c112_q3.dat -> Ethanol_c112_q3.out on /home/zoe/Research/Gaussian/scratch
Preparing Ethanol_c113_q1.dat -> Ethanol_c113_q1.out on /home/zoe/Research/Gaussian/scratch
Killed
Preparing Ethanol_c113_q2.dat -> Ethanol_c113_q2.out on /home/zoe/Research/Gaussian/scratch
Killed
Preparing Ethanol_c113_q3.dat -> Ethanol_c113_q3.out on /home/zoe/Research/Gaussian/scratch
Killed
Preparing Ethanol_c114_q1.dat -> Ethanol_c114_q1.out on /home/zoe/Research/Gaussian/scratch
Killed
Killed
Preparing Ethanol_c114_q2.dat -> Ethanol_c114_q2.out on /home/zoe/Research/Gaussian/scratch
Preparing Ethanol_c114_q3.dat -> Ethanol_c114_q3.out on /home/zoe/Research/Gaussian/scratch
Killed
Preparing Ethanol_c115_q1.dat -> Ethanol_c115_q1.out on /home/zoe/Research/Gaussian/scratch
Killed
Preparing Ethanol_c115_q2.dat -> Ethanol_c115_q2.out on /home/zoe/Research/Gaussian/scratch
Killed
Preparing Ethanol_c115_q3.dat -> Ethanol_c115_q3.out on /home/zoe/Research/Gaussian/scratch
Killed
Preparing Ethanol_c116_q1.dat -> Ethanol_c116_q1.out on /home/zoe/Research/Gaussian/scratch
Killed
Preparing Ethanol_c116_q2.dat -> Ethanol_c116_q2.out on /home/zoe/Research/Gaussian/scratch
Killed
Preparing Ethanol_c116_q3.dat -> Ethanol_c116_q3.out on /home/zoe/Research/Gaussian/scratch
Killed
Preparing Ethanol_c117_q1.dat -> Ethanol_c117_q1.out on /home/zoe/Research/Gaussian/scratch
Killed
Preparing Ethanol_c117_q2.dat -> Ethanol_c117_q2.out on /home/zoe/Research/Gaussian/scratch
Killed
Killed
Preparing Ethanol_c117_q3.dat -> Ethanol_c117_q3.out on /home/zoe/Research/Gaussian/scratch
Preparing Ethanol_c118_q1.dat -> Ethanol_c118_q1.out on /home/zoe/Research/Gaussian/scratch
Killed
Preparing Ethanol_c118_q2.dat -> Ethanol_c118_q2.out on /home/zoe/Research/Gaussian/scratch
Killed
Preparing Ethanol_c118_q3.dat -> Ethanol_c118_q3.out on /home/zoe/Research/Gaussian/scratch
Killed
Preparing Ethanol_c119_q1.dat -> Ethanol_c119_q1.out on /home/zoe/Research/Gaussian/scratch
Killed
Preparing Ethanol_c119_q2.dat -> Ethanol_c119_q2.out on /home/zoe/Research/Gaussian/scratch
Killed
Preparing Ethanol_c119_q3.dat -> Ethanol_c119_q3.out on /home/zoe/Research/Gaussian/scratch
Killed
Preparing Ethanol_c11_q1.dat -> Ethanol_c11_q1.out on /home/zoe/Research/Gaussian/scratch
Killed
Preparing Ethanol_c11_q2.dat -> Ethanol_c11_q2.out on /home/zoe/Research/Gaussian/scratch
Killed
Preparing Ethanol_c11_q3.dat -> Ethanol_c11_q3.out on /home/zoe/Research/Gaussian/scratch
Killed
Preparing Ethanol_c120_q1.dat -> Ethanol_c120_q1.out on /home/zoe/Research/Gaussian/scratch
Killed
Preparing Ethanol_c120_q2.dat -> Ethanol_c120_q2.out on /home/zoe/Research/Gaussian/scratch
Killed
Preparing Ethanol_c120_q3.dat -> Ethanol_c120_q3.out on /home/zoe/Research/Gaussian/scratch
Killed
Preparing Ethanol_c121_q1.dat -> Ethanol_c121_q1.out on /home/zoe/Research/Gaussian/scratch
Killed
Preparing Ethanol_c121_q2.dat -> Ethanol_c121_q2.out on /home/zoe/Research/Gaussian/scratch
Killed
Preparing Ethanol_c121_q3.dat -> Ethanol_c121_q3.out on /home/zoe/Research/Gaussian/scratch
Killed
Preparing Ethanol_c122_q1.dat -> Ethanol_c122_q1.out on /home/zoe/Research/Gaussian/scratch
Killed
Preparing Ethanol_c122_q2.dat -> Ethanol_c122_q2.out on /home/zoe/Research/Gaussian/scratch
Killed
Preparing Ethanol_c122_q3.dat -> Ethanol_c122_q3.out on /home/zoe/Research/Gaussian/scratch
Killed
Preparing Ethanol_c123_q1.dat -> Ethanol_c123_q1.out on /home/zoe/Research/Gaussian/scratch
Killed
Preparing Ethanol_c123_q2.dat -> Ethanol_c123_q2.out on /home/zoe/Research/Gaussian/scratch
Killed
Killed
Preparing Ethanol_c123_q3.dat -> Ethanol_c123_q3.out on /home/zoe/Research/Gaussian/scratch
Preparing Ethanol_c124_q1.dat -> Ethanol_c124_q1.out on /home/zoe/Research/Gaussian/scratch
Killed
Preparing Ethanol_c124_q2.dat -> Ethanol_c124_q2.out on /home/zoe/Research/Gaussian/scratch
Killed
Preparing Ethanol_c124_q3.dat -> Ethanol_c124_q3.out on /home/zoe/Research/Gaussian/scratch
Killed
Preparing Ethanol_c125_q1.dat -> Ethanol_c125_q1.out on /home/zoe/Research/Gaussian/scratch
Killed
Preparing Ethanol_c125_q2.dat -> Ethanol_c125_q2.out on /home/zoe/Research/Gaussian/scratch
Killed
Preparing Ethanol_c125_q3.dat -> Ethanol_c125_q3.out on /home/zoe/Research/Gaussian/scratch
Killed
Preparing Ethanol_c126_q1.dat -> Ethanol_c126_q1.out on /home/zoe/Research/Gaussian/scratch
Killed
Preparing Ethanol_c126_q2.dat -> Ethanol_c126_q2.out on /home/zoe/Research/Gaussian/scratch
Killed
Killed
Preparing Ethanol_c126_q3.dat -> Ethanol_c126_q3.out on /home/zoe/Research/Gaussian/scratch
Preparing Ethanol_c127_q1.dat -> Ethanol_c127_q1.out on /home/zoe/Research/Gaussian/scratch
Killed
Killed
Preparing Ethanol_c127_q2.dat -> Ethanol_c127_q2.out on /home/zoe/Research/Gaussian/scratch
Preparing Ethanol_c127_q3.dat -> Ethanol_c127_q3.out on /home/zoe/Research/Gaussian/scratch
Killed
Preparing Ethanol_c128_q1.dat -> Ethanol_c128_q1.out on /home/zoe/Research/Gaussian/scratch
Killed
Preparing Ethanol_c128_q2.dat -> Ethanol_c128_q2.out on /home/zoe/Research/Gaussian/scratch
Killed
Killed
Preparing Ethanol_c128_q3.dat -> Ethanol_c128_q3.out on /home/zoe/Research/Gaussian/scratch
Killed
Preparing Ethanol_c129_q1.dat -> Ethanol_c129_q1.out on /home/zoe/Research/Gaussian/scratch
Preparing Ethanol_c129_q2.dat -> Ethanol_c129_q2.out on /home/zoe/Research/Gaussian/scratch
Killed
Preparing Ethanol_c129_q3.dat -> Ethanol_c129_q3.out on /home/zoe/Research/Gaussian/scratch
Killed
Preparing Ethanol_c12_q1.dat -> Ethanol_c12_q1.out on /home/zoe/Research/Gaussian/scratch
Killed
Preparing Ethanol_c12_q2.dat -> Ethanol_c12_q2.out on /home/zoe/Research/Gaussian/scratch
Killed
Preparing Ethanol_c12_q3.dat -> Ethanol_c12_q3.out on /home/zoe/Research/Gaussian/scratch
Killed
Preparing Ethanol_c130_q1.dat -> Ethanol_c130_q1.out on /home/zoe/Research/Gaussian/scratch
Killed
Preparing Ethanol_c130_q2.dat -> Ethanol_c130_q2.out on /home/zoe/Research/Gaussian/scratch
Killed
Preparing Ethanol_c130_q3.dat -> Ethanol_c130_q3.out on /home/zoe/Research/Gaussian/scratch
Killed
Preparing Ethanol_c131_q1.dat -> Ethanol_c131_q1.out on /home/zoe/Research/Gaussian/scratch
Killed
Preparing Ethanol_c131_q2.dat -> Ethanol_c131_q2.out on /home/zoe/Research/Gaussian/scratch
Killed
Preparing Ethanol_c131_q3.dat -> Ethanol_c131_q3.out on /home/zoe/Research/Gaussian/scratch
Killed
Preparing Ethanol_c132_q1.dat -> Ethanol_c132_q1.out on /home/zoe/Research/Gaussian/scratch
Killed
Preparing Ethanol_c132_q2.dat -> Ethanol_c132_q2.out on /home/zoe/Research/Gaussian/scratch
Killed
Killed
Preparing Ethanol_c132_q3.dat -> Ethanol_c132_q3.out on /home/zoe/Research/Gaussian/scratch
Preparing Ethanol_c133_q1.dat -> Ethanol_c133_q1.out on /home/zoe/Research/Gaussian/scratch
Killed
Preparing Ethanol_c133_q2.dat -> Ethanol_c133_q2.out on /home/zoe/Research/Gaussian/scratch
Killed
Killed
Preparing Ethanol_c133_q3.dat -> Ethanol_c133_q3.out on /home/zoe/Research/Gaussian/scratch
Preparing Ethanol_c134_q1.dat -> Ethanol_c134_q1.out on /home/zoe/Research/Gaussian/scratch
Killed
Preparing Ethanol_c134_q2.dat -> Ethanol_c134_q2.out on /home/zoe/Research/Gaussian/scratch
Killed
Preparing Ethanol_c134_q3.dat -> Ethanol_c134_q3.out on /home/zoe/Research/Gaussian/scratch
Killed
Preparing Ethanol_c135_q1.dat -> Ethanol_c135_q1.out on /home/zoe/Research/Gaussian/scratch
Killed
Killed
Preparing Ethanol_c135_q2.dat -> Ethanol_c135_q2.out on /home/zoe/Research/Gaussian/scratch
Preparing Ethanol_c135_q3.dat -> Ethanol_c135_q3.out on /home/zoe/Research/Gaussian/scratch
Killed
Preparing Ethanol_c136_q1.dat -> Ethanol_c136_q1.out on /home/zoe/Research/Gaussian/scratch
Killed
Preparing Ethanol_c136_q2.dat -> Ethanol_c136_q2.out on /home/zoe/Research/Gaussian/scratch
Killed
Preparing Ethanol_c136_q3.dat -> Ethanol_c136_q3.out on /home/zoe/Research/Gaussian/scratch
Killed
Preparing Ethanol_c137_q1.dat -> Ethanol_c137_q1.out on /home/zoe/Research/Gaussian/scratch
Killed
Preparing Ethanol_c137_q2.dat -> Ethanol_c137_q2.out on /home/zoe/Research/Gaussian/scratch
Killed
Preparing Ethanol_c137_q3.dat -> Ethanol_c137_q3.out on /home/zoe/Research/Gaussian/scratch
Killed
Killed
Preparing Ethanol_c138_q1.dat -> Ethanol_c138_q1.out on /home/zoe/Research/Gaussian/scratch
Preparing Ethanol_c138_q2.dat -> Ethanol_c138_q2.out on /home/zoe/Research/Gaussian/scratch
Killed
Preparing Ethanol_c138_q3.dat -> Ethanol_c138_q3.out on /home/zoe/Research/Gaussian/scratch
Killed
Killed
Preparing Ethanol_c139_q1.dat -> Ethanol_c139_q1.out on /home/zoe/Research/Gaussian/scratch
Preparing Ethanol_c139_q2.dat -> Ethanol_c139_q2.out on /home/zoe/Research/Gaussian/scratch
Killed
Preparing Ethanol_c139_q3.dat -> Ethanol_c139_q3.out on /home/zoe/Research/Gaussian/scratch
Killed
Preparing Ethanol_c13_q1.dat -> Ethanol_c13_q1.out on /home/zoe/Research/Gaussian/scratch
Killed
Killed
Preparing Ethanol_c13_q2.dat -> Ethanol_c13_q2.out on /home/zoe/Research/Gaussian/scratch
Preparing Ethanol_c13_q3.dat -> Ethanol_c13_q3.out on /home/zoe/Research/Gaussian/scratch
Killed
Preparing Ethanol_c140_q1.dat -> Ethanol_c140_q1.out on /home/zoe/Research/Gaussian/scratch
Killed
Preparing Ethanol_c140_q2.dat -> Ethanol_c140_q2.out on /home/zoe/Research/Gaussian/scratch
Killed
Preparing Ethanol_c140_q3.dat -> Ethanol_c140_q3.out on /home/zoe/Research/Gaussian/scratch
Killed
Preparing Ethanol_c141_q1.dat -> Ethanol_c141_q1.out on /home/zoe/Research/Gaussian/scratch
Killed
Preparing Ethanol_c141_q2.dat -> Ethanol_c141_q2.out on /home/zoe/Research/Gaussian/scratch
Killed
Preparing Ethanol_c141_q3.dat -> Ethanol_c141_q3.out on /home/zoe/Research/Gaussian/scratch
Killed
Preparing Ethanol_c142_q1.dat -> Ethanol_c142_q1.out on /home/zoe/Research/Gaussian/scratch
Killed
Preparing Ethanol_c142_q2.dat -> Ethanol_c142_q2.out on /home/zoe/Research/Gaussian/scratch
Killed
Preparing Ethanol_c142_q3.dat -> Ethanol_c142_q3.out on /home/zoe/Research/Gaussian/scratch
Killed
Preparing Ethanol_c143_q1.dat -> Ethanol_c143_q1.out on /home/zoe/Research/Gaussian/scratch
Killed
Preparing Ethanol_c143_q2.dat -> Ethanol_c143_q2.out on /home/zoe/Research/Gaussian/scratch
Killed
Preparing Ethanol_c143_q3.dat -> Ethanol_c143_q3.out on /home/zoe/Research/Gaussian/scratch
Killed
Preparing Ethanol_c144_q1.dat -> Ethanol_c144_q1.out on /home/zoe/Research/Gaussian/scratch
Killed
Preparing Ethanol_c144_q2.dat -> Ethanol_c144_q2.out on /home/zoe/Research/Gaussian/scratch
Killed
Killed
Preparing Ethanol_c144_q3.dat -> Ethanol_c144_q3.out on /home/zoe/Research/Gaussian/scratch
Preparing Ethanol_c145_q1.dat -> Ethanol_c145_q1.out on /home/zoe/Research/Gaussian/scratch
Killed
Preparing Ethanol_c145_q2.dat -> Ethanol_c145_q2.out on /home/zoe/Research/Gaussian/scratch
Killed
Preparing Ethanol_c145_q3.dat -> Ethanol_c145_q3.out on /home/zoe/Research/Gaussian/scratch
Killed
Preparing Ethanol_c146_q1.dat -> Ethanol_c146_q1.out on /home/zoe/Research/Gaussian/scratch
Killed
Preparing Ethanol_c146_q2.dat -> Ethanol_c146_q2.out on /home/zoe/Research/Gaussian/scratch
Killed
Preparing Ethanol_c146_q3.dat -> Ethanol_c146_q3.out on /home/zoe/Research/Gaussian/scratch
Killed
Preparing Ethanol_c147_q1.dat -> Ethanol_c147_q1.out on /home/zoe/Research/Gaussian/scratch
Killed
Preparing Ethanol_c147_q2.dat -> Ethanol_c147_q2.out on /home/zoe/Research/Gaussian/scratch
Killed
Preparing Ethanol_c147_q3.dat -> Ethanol_c147_q3.out on /home/zoe/Research/Gaussian/scratch
Killed
Preparing Ethanol_c148_q1.dat -> Ethanol_c148_q1.out on /home/zoe/Research/Gaussian/scratch
Killed
Preparing Ethanol_c148_q2.dat -> Ethanol_c148_q2.out on /home/zoe/Research/Gaussian/scratch
Killed
Preparing Ethanol_c148_q3.dat -> Ethanol_c148_q3.out on /home/zoe/Research/Gaussian/scratch
Killed
Preparing Ethanol_c149_q1.dat -> Ethanol_c149_q1.out on /home/zoe/Research/Gaussian/scratch
Killed
Preparing Ethanol_c149_q2.dat -> Ethanol_c149_q2.out on /home/zoe/Research/Gaussian/scratch
Killed
Preparing Ethanol_c149_q3.dat -> Ethanol_c149_q3.out on /home/zoe/Research/Gaussian/scratch
Killed
Preparing Ethanol_c14_q1.dat -> Ethanol_c14_q1.out on /home/zoe/Research/Gaussian/scratch
Killed
Preparing Ethanol_c14_q2.dat -> Ethanol_c14_q2.out on /home/zoe/Research/Gaussian/scratch
Killed
Preparing Ethanol_c14_q3.dat -> Ethanol_c14_q3.out on /home/zoe/Research/Gaussian/scratch
Killed
Killed
Preparing Ethanol_c150_q1.dat -> Ethanol_c150_q1.out on /home/zoe/Research/Gaussian/scratch
Preparing Ethanol_c150_q2.dat -> Ethanol_c150_q2.out on /home/zoe/Research/Gaussian/scratch
Killed
Killed
Preparing Ethanol_c150_q3.dat -> Ethanol_c150_q3.out on /home/zoe/Research/Gaussian/scratch
Preparing Ethanol_c151_q1.dat -> Ethanol_c151_q1.out on /home/zoe/Research/Gaussian/scratch
Killed
Killed
Preparing Ethanol_c151_q2.dat -> Ethanol_c151_q2.out on /home/zoe/Research/Gaussian/scratch
Preparing Ethanol_c151_q3.dat -> Ethanol_c151_q3.out on /home/zoe/Research/Gaussian/scratch
Killed
Preparing Ethanol_c152_q1.dat -> Ethanol_c152_q1.out on /home/zoe/Research/Gaussian/scratch
Killed
Preparing Ethanol_c152_q2.dat -> Ethanol_c152_q2.out on /home/zoe/Research/Gaussian/scratch
Killed
Preparing Ethanol_c152_q3.dat -> Ethanol_c152_q3.out on /home/zoe/Research/Gaussian/scratch
Killed
Preparing Ethanol_c153_q1.dat -> Ethanol_c153_q1.out on /home/zoe/Research/Gaussian/scratch
Killed
Preparing Ethanol_c153_q2.dat -> Ethanol_c153_q2.out on /home/zoe/Research/Gaussian/scratch
Killed
Killed
Preparing Ethanol_c153_q3.dat -> Ethanol_c153_q3.out on /home/zoe/Research/Gaussian/scratch
Preparing Ethanol_c154_q1.dat -> Ethanol_c154_q1.out on /home/zoe/Research/Gaussian/scratch
Killed
Preparing Ethanol_c154_q2.dat -> Ethanol_c154_q2.out on /home/zoe/Research/Gaussian/scratch
Killed
Preparing Ethanol_c154_q3.dat -> Ethanol_c154_q3.out on /home/zoe/Research/Gaussian/scratch
Killed
Preparing Ethanol_c155_q1.dat -> Ethanol_c155_q1.out on /home/zoe/Research/Gaussian/scratch
Killed
Preparing Ethanol_c155_q2.dat -> Ethanol_c155_q2.out on /home/zoe/Research/Gaussian/scratch
Killed
Preparing Ethanol_c155_q3.dat -> Ethanol_c155_q3.out on /home/zoe/Research/Gaussian/scratch
Killed
Preparing Ethanol_c156_q1.dat -> Ethanol_c156_q1.out on /home/zoe/Research/Gaussian/scratch
Killed
Preparing Ethanol_c156_q2.dat -> Ethanol_c156_q2.out on /home/zoe/Research/Gaussian/scratch
Killed
Preparing Ethanol_c156_q3.dat -> Ethanol_c156_q3.out on /home/zoe/Research/Gaussian/scratch
Killed
Preparing Ethanol_c157_q1.dat -> Ethanol_c157_q1.out on /home/zoe/Research/Gaussian/scratch
Killed
Preparing Ethanol_c157_q2.dat -> Ethanol_c157_q2.out on /home/zoe/Research/Gaussian/scratch
Killed
Preparing Ethanol_c157_q3.dat -> Ethanol_c157_q3.out on /home/zoe/Research/Gaussian/scratch
Killed
Preparing Ethanol_c158_q1.dat -> Ethanol_c158_q1.out on /home/zoe/Research/Gaussian/scratch
Killed
Preparing Ethanol_c158_q2.dat -> Ethanol_c158_q2.out on /home/zoe/Research/Gaussian/scratch
Killed
Preparing Ethanol_c158_q3.dat -> Ethanol_c158_q3.out on /home/zoe/Research/Gaussian/scratch
Killed
Preparing Ethanol_c159_q1.dat -> Ethanol_c159_q1.out on /home/zoe/Research/Gaussian/scratch
Killed
Preparing Ethanol_c159_q2.dat -> Ethanol_c159_q2.out on /home/zoe/Research/Gaussian/scratch
Killed
Preparing Ethanol_c159_q3.dat -> Ethanol_c159_q3.out on /home/zoe/Research/Gaussian/scratch
Killed
Preparing Ethanol_c15_q1.dat -> Ethanol_c15_q1.out on /home/zoe/Research/Gaussian/scratch
Killed
Preparing Ethanol_c15_q2.dat -> Ethanol_c15_q2.out on /home/zoe/Research/Gaussian/scratch
Killed
Preparing Ethanol_c15_q3.dat -> Ethanol_c15_q3.out on /home/zoe/Research/Gaussian/scratch
Killed
Preparing Ethanol_c160_q1.dat -> Ethanol_c160_q1.out on /home/zoe/Research/Gaussian/scratch
Killed
Preparing Ethanol_c160_q2.dat -> Ethanol_c160_q2.out on /home/zoe/Research/Gaussian/scratch
Killed
Preparing Ethanol_c160_q3.dat -> Ethanol_c160_q3.out on /home/zoe/Research/Gaussian/scratch
Killed
Preparing Ethanol_c161_q1.dat -> Ethanol_c161_q1.out on /home/zoe/Research/Gaussian/scratch
Killed
Preparing Ethanol_c161_q2.dat -> Ethanol_c161_q2.out on /home/zoe/Research/Gaussian/scratch
Killed
Preparing Ethanol_c161_q3.dat -> Ethanol_c161_q3.out on /home/zoe/Research/Gaussian/scratch
Killed
Preparing Ethanol_c162_q1.dat -> Ethanol_c162_q1.out on /home/zoe/Research/Gaussian/scratch
Killed
Preparing Ethanol_c162_q2.dat -> Ethanol_c162_q2.out on /home/zoe/Research/Gaussian/scratch
Killed
Preparing Ethanol_c162_q3.dat -> Ethanol_c162_q3.out on /home/zoe/Research/Gaussian/scratch
Killed
Preparing Ethanol_c163_q1.dat -> Ethanol_c163_q1.out on /home/zoe/Research/Gaussian/scratch
Killed
Preparing Ethanol_c163_q2.dat -> Ethanol_c163_q2.out on /home/zoe/Research/Gaussian/scratch
Killed
Preparing Ethanol_c163_q3.dat -> Ethanol_c163_q3.out on /home/zoe/Research/Gaussian/scratch
Killed
Killed
Preparing Ethanol_c164_q1.dat -> Ethanol_c164_q1.out on /home/zoe/Research/Gaussian/scratch
Preparing Ethanol_c164_q2.dat -> Ethanol_c164_q2.out on /home/zoe/Research/Gaussian/scratch
Killed
Preparing Ethanol_c164_q3.dat -> Ethanol_c164_q3.out on /home/zoe/Research/Gaussian/scratch
Killed
Preparing Ethanol_c165_q1.dat -> Ethanol_c165_q1.out on /home/zoe/Research/Gaussian/scratch
Killed
Preparing Ethanol_c165_q2.dat -> Ethanol_c165_q2.out on /home/zoe/Research/Gaussian/scratch
Killed
Preparing Ethanol_c165_q3.dat -> Ethanol_c165_q3.out on /home/zoe/Research/Gaussian/scratch
Killed
Preparing Ethanol_c166_q1.dat -> Ethanol_c166_q1.out on /home/zoe/Research/Gaussian/scratch
Killed
Preparing Ethanol_c166_q2.dat -> Ethanol_c166_q2.out on /home/zoe/Research/Gaussian/scratch
Killed
Preparing Ethanol_c166_q3.dat -> Ethanol_c166_q3.out on /home/zoe/Research/Gaussian/scratch
Killed
Preparing Ethanol_c167_q1.dat -> Ethanol_c167_q1.out on /home/zoe/Research/Gaussian/scratch
Killed
Preparing Ethanol_c167_q2.dat -> Ethanol_c167_q2.out on /home/zoe/Research/Gaussian/scratch
Killed
Preparing Ethanol_c167_q3.dat -> Ethanol_c167_q3.out on /home/zoe/Research/Gaussian/scratch
Killed
Killed
Preparing Ethanol_c168_q1.dat -> Ethanol_c168_q1.out on /home/zoe/Research/Gaussian/scratch
Preparing Ethanol_c168_q2.dat -> Ethanol_c168_q2.out on /home/zoe/Research/Gaussian/scratch
Killed
Preparing Ethanol_c168_q3.dat -> Ethanol_c168_q3.out on /home/zoe/Research/Gaussian/scratch
Killed
Killed
Preparing Ethanol_c169_q1.dat -> Ethanol_c169_q1.out on /home/zoe/Research/Gaussian/scratch
Preparing Ethanol_c169_q2.dat -> Ethanol_c169_q2.out on /home/zoe/Research/Gaussian/scratch
Killed
Preparing Ethanol_c169_q3.dat -> Ethanol_c169_q3.out on /home/zoe/Research/Gaussian/scratch
Killed
Preparing Ethanol_c16_q1.dat -> Ethanol_c16_q1.out on /home/zoe/Research/Gaussian/scratch
Killed
Preparing Ethanol_c16_q2.dat -> Ethanol_c16_q2.out on /home/zoe/Research/Gaussian/scratch
Killed
Preparing Ethanol_c16_q3.dat -> Ethanol_c16_q3.out on /home/zoe/Research/Gaussian/scratch
Killed
Preparing Ethanol_c170_q1.dat -> Ethanol_c170_q1.out on /home/zoe/Research/Gaussian/scratch
Killed
Preparing Ethanol_c170_q2.dat -> Ethanol_c170_q2.out on /home/zoe/Research/Gaussian/scratch
Killed
Preparing Ethanol_c170_q3.dat -> Ethanol_c170_q3.out on /home/zoe/Research/Gaussian/scratch
Killed
Preparing Ethanol_c171_q1.dat -> Ethanol_c171_q1.out on /home/zoe/Research/Gaussian/scratch
Killed
Preparing Ethanol_c171_q2.dat -> Ethanol_c171_q2.out on /home/zoe/Research/Gaussian/scratch
Killed
Preparing Ethanol_c171_q3.dat -> Ethanol_c171_q3.out on /home/zoe/Research/Gaussian/scratch
Killed
Preparing Ethanol_c172_q1.dat -> Ethanol_c172_q1.out on /home/zoe/Research/Gaussian/scratch
Killed
Preparing Ethanol_c172_q2.dat -> Ethanol_c172_q2.out on /home/zoe/Research/Gaussian/scratch
Killed
Killed
Preparing Ethanol_c172_q3.dat -> Ethanol_c172_q3.out on /home/zoe/Research/Gaussian/scratch
Preparing Ethanol_c173_q1.dat -> Ethanol_c173_q1.out on /home/zoe/Research/Gaussian/scratch
Killed
Preparing Ethanol_c173_q2.dat -> Ethanol_c173_q2.out on /home/zoe/Research/Gaussian/scratch
Killed
Preparing Ethanol_c173_q3.dat -> Ethanol_c173_q3.out on /home/zoe/Research/Gaussian/scratch
Killed
Preparing Ethanol_c174_q1.dat -> Ethanol_c174_q1.out on /home/zoe/Research/Gaussian/scratch
Killed
Preparing Ethanol_c174_q2.dat -> Ethanol_c174_q2.out on /home/zoe/Research/Gaussian/scratch
Killed
Preparing Ethanol_c174_q3.dat -> Ethanol_c174_q3.out on /home/zoe/Research/Gaussian/scratch
Killed
Killed
Preparing Ethanol_c175_q1.dat -> Ethanol_c175_q1.out on /home/zoe/Research/Gaussian/scratch
Preparing Ethanol_c175_q2.dat -> Ethanol_c175_q2.out on /home/zoe/Research/Gaussian/scratch
Killed
Preparing Ethanol_c175_q3.dat -> Ethanol_c175_q3.out on /home/zoe/Research/Gaussian/scratch
Killed
Preparing Ethanol_c176_q1.dat -> Ethanol_c176_q1.out on /home/zoe/Research/Gaussian/scratch
Killed
Preparing Ethanol_c176_q2.dat -> Ethanol_c176_q2.out on /home/zoe/Research/Gaussian/scratch
Killed
Preparing Ethanol_c176_q3.dat -> Ethanol_c176_q3.out on /home/zoe/Research/Gaussian/scratch
Killed
Preparing Ethanol_c177_q1.dat -> Ethanol_c177_q1.out on /home/zoe/Research/Gaussian/scratch
Killed
Preparing Ethanol_c177_q2.dat -> Ethanol_c177_q2.out on /home/zoe/Research/Gaussian/scratch
Killed
Preparing Ethanol_c177_q3.dat -> Ethanol_c177_q3.out on /home/zoe/Research/Gaussian/scratch
Killed
Preparing Ethanol_c178_q1.dat -> Ethanol_c178_q1.out on /home/zoe/Research/Gaussian/scratch
Killed
Preparing Ethanol_c178_q2.dat -> Ethanol_c178_q2.out on /home/zoe/Research/Gaussian/scratch
Killed
Killed
Preparing Ethanol_c178_q3.dat -> Ethanol_c178_q3.out on /home/zoe/Research/Gaussian/scratch
Preparing Ethanol_c179_q1.dat -> Ethanol_c179_q1.out on /home/zoe/Research/Gaussian/scratch
Killed
Preparing Ethanol_c179_q2.dat -> Ethanol_c179_q2.out on /home/zoe/Research/Gaussian/scratch
Killed
Preparing Ethanol_c179_q3.dat -> Ethanol_c179_q3.out on /home/zoe/Research/Gaussian/scratch
Killed
Preparing Ethanol_c17_q1.dat -> Ethanol_c17_q1.out on /home/zoe/Research/Gaussian/scratch
Killed
Killed
Preparing Ethanol_c17_q2.dat -> Ethanol_c17_q2.out on /home/zoe/Research/Gaussian/scratch
Preparing Ethanol_c17_q3.dat -> Ethanol_c17_q3.out on /home/zoe/Research/Gaussian/scratch
Killed
Preparing Ethanol_c180_q1.dat -> Ethanol_c180_q1.out on /home/zoe/Research/Gaussian/scratch
Killed
Preparing Ethanol_c180_q2.dat -> Ethanol_c180_q2.out on /home/zoe/Research/Gaussian/scratch
Killed
Killed
Preparing Ethanol_c180_q3.dat -> Ethanol_c180_q3.out on /home/zoe/Research/Gaussian/scratch
Preparing Ethanol_c181_q1.dat -> Ethanol_c181_q1.out on /home/zoe/Research/Gaussian/scratch
Killed
Preparing Ethanol_c181_q2.dat -> Ethanol_c181_q2.out on /home/zoe/Research/Gaussian/scratch
Killed
Killed
Preparing Ethanol_c181_q3.dat -> Ethanol_c181_q3.out on /home/zoe/Research/Gaussian/scratch
Preparing Ethanol_c182_q1.dat -> Ethanol_c182_q1.out on /home/zoe/Research/Gaussian/scratch
Killed
Preparing Ethanol_c182_q2.dat -> Ethanol_c182_q2.out on /home/zoe/Research/Gaussian/scratch
Killed
Preparing Ethanol_c182_q3.dat -> Ethanol_c182_q3.out on /home/zoe/Research/Gaussian/scratch
Killed
Preparing Ethanol_c183_q1.dat -> Ethanol_c183_q1.out on /home/zoe/Research/Gaussian/scratch
Killed
Preparing Ethanol_c183_q2.dat -> Ethanol_c183_q2.out on /home/zoe/Research/Gaussian/scratch
Killed
Preparing Ethanol_c183_q3.dat -> Ethanol_c183_q3.out on /home/zoe/Research/Gaussian/scratch
Killed
Preparing Ethanol_c184_q1.dat -> Ethanol_c184_q1.out on /home/zoe/Research/Gaussian/scratch
Killed
Preparing Ethanol_c184_q2.dat -> Ethanol_c184_q2.out on /home/zoe/Research/Gaussian/scratch
Killed
Preparing Ethanol_c184_q3.dat -> Ethanol_c184_q3.out on /home/zoe/Research/Gaussian/scratch
Killed
Preparing Ethanol_c185_q1.dat -> Ethanol_c185_q1.out on /home/zoe/Research/Gaussian/scratch
Killed
Killed
Preparing Ethanol_c185_q2.dat -> Ethanol_c185_q2.out on /home/zoe/Research/Gaussian/scratch
Preparing Ethanol_c185_q3.dat -> Ethanol_c185_q3.out on /home/zoe/Research/Gaussian/scratch
Killed
Killed
Preparing Ethanol_c186_q1.dat -> Ethanol_c186_q1.out on /home/zoe/Research/Gaussian/scratch
Preparing Ethanol_c186_q2.dat -> Ethanol_c186_q2.out on /home/zoe/Research/Gaussian/scratch
Killed
Preparing Ethanol_c186_q3.dat -> Ethanol_c186_q3.out on /home/zoe/Research/Gaussian/scratch
Killed
Preparing Ethanol_c187_q1.dat -> Ethanol_c187_q1.out on /home/zoe/Research/Gaussian/scratch
Killed
Preparing Ethanol_c187_q2.dat -> Ethanol_c187_q2.out on /home/zoe/Research/Gaussian/scratch
Killed
Killed
Preparing Ethanol_c187_q3.dat -> Ethanol_c187_q3.out on /home/zoe/Research/Gaussian/scratch
Preparing Ethanol_c188_q1.dat -> Ethanol_c188_q1.out on /home/zoe/Research/Gaussian/scratch
Killed
Preparing Ethanol_c188_q2.dat -> Ethanol_c188_q2.out on /home/zoe/Research/Gaussian/scratch
Killed
Preparing Ethanol_c188_q3.dat -> Ethanol_c188_q3.out on /home/zoe/Research/Gaussian/scratch
Killed
Preparing Ethanol_c189_q1.dat -> Ethanol_c189_q1.out on /home/zoe/Research/Gaussian/scratch
Killed
Preparing Ethanol_c189_q2.dat -> Ethanol_c189_q2.out on /home/zoe/Research/Gaussian/scratch
Killed
Preparing Ethanol_c189_q3.dat -> Ethanol_c189_q3.out on /home/zoe/Research/Gaussian/scratch
Killed
Preparing Ethanol_c18_q1.dat -> Ethanol_c18_q1.out on /home/zoe/Research/Gaussian/scratch
Killed
Killed
Preparing Ethanol_c18_q2.dat -> Ethanol_c18_q2.out on /home/zoe/Research/Gaussian/scratch
Preparing Ethanol_c18_q3.dat -> Ethanol_c18_q3.out on /home/zoe/Research/Gaussian/scratch
Killed
Preparing Ethanol_c190_q1.dat -> Ethanol_c190_q1.out on /home/zoe/Research/Gaussian/scratch
Killed
Killed
Preparing Ethanol_c190_q2.dat -> Ethanol_c190_q2.out on /home/zoe/Research/Gaussian/scratch
Preparing Ethanol_c190_q3.dat -> Ethanol_c190_q3.out on /home/zoe/Research/Gaussian/scratch
Killed
Preparing Ethanol_c191_q1.dat -> Ethanol_c191_q1.out on /home/zoe/Research/Gaussian/scratch
Killed
Killed
Preparing Ethanol_c191_q2.dat -> Ethanol_c191_q2.out on /home/zoe/Research/Gaussian/scratch
Preparing Ethanol_c191_q3.dat -> Ethanol_c191_q3.out on /home/zoe/Research/Gaussian/scratch
Killed
Preparing Ethanol_c192_q1.dat -> Ethanol_c192_q1.out on /home/zoe/Research/Gaussian/scratch
Killed
Preparing Ethanol_c192_q2.dat -> Ethanol_c192_q2.out on /home/zoe/Research/Gaussian/scratch
Killed
Preparing Ethanol_c192_q3.dat -> Ethanol_c192_q3.out on /home/zoe/Research/Gaussian/scratch
Killed
Preparing Ethanol_c193_q1.dat -> Ethanol_c193_q1.out on /home/zoe/Research/Gaussian/scratch
Killed
Preparing Ethanol_c193_q2.dat -> Ethanol_c193_q2.out on /home/zoe/Research/Gaussian/scratch
Killed
Preparing Ethanol_c193_q3.dat -> Ethanol_c193_q3.out on /home/zoe/Research/Gaussian/scratch
Killed
Preparing Ethanol_c194_q1.dat -> Ethanol_c194_q1.out on /home/zoe/Research/Gaussian/scratch
Killed
Preparing Ethanol_c194_q2.dat -> Ethanol_c194_q2.out on /home/zoe/Research/Gaussian/scratch
Killed
Killed
Preparing Ethanol_c194_q3.dat -> Ethanol_c194_q3.out on /home/zoe/Research/Gaussian/scratch
Preparing Ethanol_c195_q1.dat -> Ethanol_c195_q1.out on /home/zoe/Research/Gaussian/scratch
Killed
Preparing Ethanol_c195_q2.dat -> Ethanol_c195_q2.out on /home/zoe/Research/Gaussian/scratch
Killed
Preparing Ethanol_c195_q3.dat -> Ethanol_c195_q3.out on /home/zoe/Research/Gaussian/scratch
Killed
Preparing Ethanol_c196_q1.dat -> Ethanol_c196_q1.out on /home/zoe/Research/Gaussian/scratch
Killed
Killed
Preparing Ethanol_c196_q2.dat -> Ethanol_c196_q2.out on /home/zoe/Research/Gaussian/scratch
Preparing Ethanol_c196_q3.dat -> Ethanol_c196_q3.out on /home/zoe/Research/Gaussian/scratch
Killed
Preparing Ethanol_c197_q1.dat -> Ethanol_c197_q1.out on /home/zoe/Research/Gaussian/scratch
Killed
Preparing Ethanol_c197_q2.dat -> Ethanol_c197_q2.out on /home/zoe/Research/Gaussian/scratch
Killed
Preparing Ethanol_c197_q3.dat -> Ethanol_c197_q3.out on /home/zoe/Research/Gaussian/scratch
Killed
Preparing Ethanol_c198_q1.dat -> Ethanol_c198_q1.out on /home/zoe/Research/Gaussian/scratch
Killed
Killed
Preparing Ethanol_c198_q2.dat -> Ethanol_c198_q2.out on /home/zoe/Research/Gaussian/scratch
Preparing Ethanol_c198_q3.dat -> Ethanol_c198_q3.out on /home/zoe/Research/Gaussian/scratch
Killed
Preparing Ethanol_c199_q1.dat -> Ethanol_c199_q1.out on /home/zoe/Research/Gaussian/scratch
Killed
Killed
Preparing Ethanol_c199_q2.dat -> Ethanol_c199_q2.out on /home/zoe/Research/Gaussian/scratch
Preparing Ethanol_c199_q3.dat -> Ethanol_c199_q3.out on /home/zoe/Research/Gaussian/scratch
Killed
Preparing Ethanol_c19_q1.dat -> Ethanol_c19_q1.out on /home/zoe/Research/Gaussian/scratch
Killed
Killed
Preparing Ethanol_c19_q2.dat -> Ethanol_c19_q2.out on /home/zoe/Research/Gaussian/scratch
Preparing Ethanol_c19_q3.dat -> Ethanol_c19_q3.out on /home/zoe/Research/Gaussian/scratch
Killed
Killed
Preparing Ethanol_c1_q1.dat -> Ethanol_c1_q1.out on /home/zoe/Research/Gaussian/scratch
Killed
Preparing Ethanol_c1_q2.dat -> Ethanol_c1_q2.out on /home/zoe/Research/Gaussian/scratch
Preparing Ethanol_c1_q3.dat -> Ethanol_c1_q3.out on /home/zoe/Research/Gaussian/scratch
Killed
Preparing Ethanol_c200_q1.dat -> Ethanol_c200_q1.out on /home/zoe/Research/Gaussian/scratch
Killed
Preparing Ethanol_c200_q2.dat -> Ethanol_c200_q2.out on /home/zoe/Research/Gaussian/scratch
Killed
Preparing Ethanol_c200_q3.dat -> Ethanol_c200_q3.out on /home/zoe/Research/Gaussian/scratch
Killed
Preparing Ethanol_c20_q1.dat -> Ethanol_c20_q1.out on /home/zoe/Research/Gaussian/scratch
Killed
Preparing Ethanol_c20_q2.dat -> Ethanol_c20_q2.out on /home/zoe/Research/Gaussian/scratch
Killed
Preparing Ethanol_c20_q3.dat -> Ethanol_c20_q3.out on /home/zoe/Research/Gaussian/scratch
Killed
Preparing Ethanol_c21_q1.dat -> Ethanol_c21_q1.out on /home/zoe/Research/Gaussian/scratch
Killed
Preparing Ethanol_c21_q2.dat -> Ethanol_c21_q2.out on /home/zoe/Research/Gaussian/scratch
Killed
Killed
Preparing Ethanol_c21_q3.dat -> Ethanol_c21_q3.out on /home/zoe/Research/Gaussian/scratch
Preparing Ethanol_c22_q1.dat -> Ethanol_c22_q1.out on /home/zoe/Research/Gaussian/scratch
Killed
Preparing Ethanol_c22_q2.dat -> Ethanol_c22_q2.out on /home/zoe/Research/Gaussian/scratch
Killed
Preparing Ethanol_c22_q3.dat -> Ethanol_c22_q3.out on /home/zoe/Research/Gaussian/scratch
Killed
Preparing Ethanol_c23_q1.dat -> Ethanol_c23_q1.out on /home/zoe/Research/Gaussian/scratch
Killed
Preparing Ethanol_c23_q2.dat -> Ethanol_c23_q2.out on /home/zoe/Research/Gaussian/scratch
Killed
Preparing Ethanol_c23_q3.dat -> Ethanol_c23_q3.out on /home/zoe/Research/Gaussian/scratch
Killed
Killed
Preparing Ethanol_c24_q1.dat -> Ethanol_c24_q1.out on /home/zoe/Research/Gaussian/scratch
Preparing Ethanol_c24_q2.dat -> Ethanol_c24_q2.out on /home/zoe/Research/Gaussian/scratch
Killed
Preparing Ethanol_c24_q3.dat -> Ethanol_c24_q3.out on /home/zoe/Research/Gaussian/scratch
Killed
Preparing Ethanol_c25_q1.dat -> Ethanol_c25_q1.out on /home/zoe/Research/Gaussian/scratch
Killed
Preparing Ethanol_c25_q2.dat -> Ethanol_c25_q2.out on /home/zoe/Research/Gaussian/scratch
Killed
Killed
Preparing Ethanol_c25_q3.dat -> Ethanol_c25_q3.out on /home/zoe/Research/Gaussian/scratch
Preparing Ethanol_c26_q1.dat -> Ethanol_c26_q1.out on /home/zoe/Research/Gaussian/scratch
Killed
Preparing Ethanol_c26_q2.dat -> Ethanol_c26_q2.out on /home/zoe/Research/Gaussian/scratch
Killed
Preparing Ethanol_c26_q3.dat -> Ethanol_c26_q3.out on /home/zoe/Research/Gaussian/scratch
Killed
Preparing Ethanol_c27_q1.dat -> Ethanol_c27_q1.out on /home/zoe/Research/Gaussian/scratch
Killed
Preparing Ethanol_c27_q2.dat -> Ethanol_c27_q2.out on /home/zoe/Research/Gaussian/scratch
Killed
Preparing Ethanol_c27_q3.dat -> Ethanol_c27_q3.out on /home/zoe/Research/Gaussian/scratch
Killed
Killed
Preparing Ethanol_c28_q1.dat -> Ethanol_c28_q1.out on /home/zoe/Research/Gaussian/scratch
Preparing Ethanol_c28_q2.dat -> Ethanol_c28_q2.out on /home/zoe/Research/Gaussian/scratch
Killed
Preparing Ethanol_c28_q3.dat -> Ethanol_c28_q3.out on /home/zoe/Research/Gaussian/scratch
Killed
Preparing Ethanol_c29_q1.dat -> Ethanol_c29_q1.out on /home/zoe/Research/Gaussian/scratch
Killed
Preparing Ethanol_c29_q2.dat -> Ethanol_c29_q2.out on /home/zoe/Research/Gaussian/scratch
Killed
Preparing Ethanol_c29_q3.dat -> Ethanol_c29_q3.out on /home/zoe/Research/Gaussian/scratch
Killed
Preparing Ethanol_c2_q1.dat -> Ethanol_c2_q1.out on /home/zoe/Research/Gaussian/scratch
Killed
Preparing Ethanol_c2_q2.dat -> Ethanol_c2_q2.out on /home/zoe/Research/Gaussian/scratch
Killed
Killed
Preparing Ethanol_c2_q3.dat -> Ethanol_c2_q3.out on /home/zoe/Research/Gaussian/scratch
Preparing Ethanol_c30_q1.dat -> Ethanol_c30_q1.out on /home/zoe/Research/Gaussian/scratch
Killed
Preparing Ethanol_c30_q2.dat -> Ethanol_c30_q2.out on /home/zoe/Research/Gaussian/scratch
Killed
Preparing Ethanol_c30_q3.dat -> Ethanol_c30_q3.out on /home/zoe/Research/Gaussian/scratch
Killed
Preparing Ethanol_c31_q1.dat -> Ethanol_c31_q1.out on /home/zoe/Research/Gaussian/scratch
Killed
Preparing Ethanol_c31_q2.dat -> Ethanol_c31_q2.out on /home/zoe/Research/Gaussian/scratch
Killed
Preparing Ethanol_c31_q3.dat -> Ethanol_c31_q3.out on /home/zoe/Research/Gaussian/scratch
Killed
Preparing Ethanol_c32_q1.dat -> Ethanol_c32_q1.out on /home/zoe/Research/Gaussian/scratch
Killed
Preparing Ethanol_c32_q2.dat -> Ethanol_c32_q2.out on /home/zoe/Research/Gaussian/scratch
Killed
Preparing Ethanol_c32_q3.dat -> Ethanol_c32_q3.out on /home/zoe/Research/Gaussian/scratch
Killed
Preparing Ethanol_c33_q1.dat -> Ethanol_c33_q1.out on /home/zoe/Research/Gaussian/scratch
Killed
Preparing Ethanol_c33_q2.dat -> Ethanol_c33_q2.out on /home/zoe/Research/Gaussian/scratch
Killed
Preparing Ethanol_c33_q3.dat -> Ethanol_c33_q3.out on /home/zoe/Research/Gaussian/scratch
Killed
Preparing Ethanol_c34_q1.dat -> Ethanol_c34_q1.out on /home/zoe/Research/Gaussian/scratch
Killed
Preparing Ethanol_c34_q2.dat -> Ethanol_c34_q2.out on /home/zoe/Research/Gaussian/scratch
Killed
Preparing Ethanol_c34_q3.dat -> Ethanol_c34_q3.out on /home/zoe/Research/Gaussian/scratch
Killed
Preparing Ethanol_c35_q1.dat -> Ethanol_c35_q1.out on /home/zoe/Research/Gaussian/scratch
Killed
Killed
Preparing Ethanol_c35_q2.dat -> Ethanol_c35_q2.out on /home/zoe/Research/Gaussian/scratch
Preparing Ethanol_c35_q3.dat -> Ethanol_c35_q3.out on /home/zoe/Research/Gaussian/scratch
Killed
Preparing Ethanol_c36_q1.dat -> Ethanol_c36_q1.out on /home/zoe/Research/Gaussian/scratch
Killed
Preparing Ethanol_c36_q2.dat -> Ethanol_c36_q2.out on /home/zoe/Research/Gaussian/scratch
Killed
Killed
Preparing Ethanol_c36_q3.dat -> Ethanol_c36_q3.out on /home/zoe/Research/Gaussian/scratch
Preparing Ethanol_c37_q1.dat -> Ethanol_c37_q1.out on /home/zoe/Research/Gaussian/scratch
Killed
Preparing Ethanol_c37_q2.dat -> Ethanol_c37_q2.out on /home/zoe/Research/Gaussian/scratch
Killed
Preparing Ethanol_c37_q3.dat -> Ethanol_c37_q3.out on /home/zoe/Research/Gaussian/scratch
Killed
Preparing Ethanol_c38_q1.dat -> Ethanol_c38_q1.out on /home/zoe/Research/Gaussian/scratch
Killed
Preparing Ethanol_c38_q2.dat -> Ethanol_c38_q2.out on /home/zoe/Research/Gaussian/scratch
Killed
Killed
Preparing Ethanol_c38_q3.dat -> Ethanol_c38_q3.out on /home/zoe/Research/Gaussian/scratch
Preparing Ethanol_c39_q1.dat -> Ethanol_c39_q1.out on /home/zoe/Research/Gaussian/scratch
Killed
Killed
Preparing Ethanol_c39_q2.dat -> Ethanol_c39_q2.out on /home/zoe/Research/Gaussian/scratch
Preparing Ethanol_c39_q3.dat -> Ethanol_c39_q3.out on /home/zoe/Research/Gaussian/scratch
Killed
Preparing Ethanol_c3_q1.dat -> Ethanol_c3_q1.out on /home/zoe/Research/Gaussian/scratch
Killed
Preparing Ethanol_c3_q2.dat -> Ethanol_c3_q2.out on /home/zoe/Research/Gaussian/scratch
Killed
Preparing Ethanol_c3_q3.dat -> Ethanol_c3_q3.out on /home/zoe/Research/Gaussian/scratch
Killed
Preparing Ethanol_c40_q1.dat -> Ethanol_c40_q1.out on /home/zoe/Research/Gaussian/scratch
Killed
Preparing Ethanol_c40_q2.dat -> Ethanol_c40_q2.out on /home/zoe/Research/Gaussian/scratch
Killed
Killed
Preparing Ethanol_c40_q3.dat -> Ethanol_c40_q3.out on /home/zoe/Research/Gaussian/scratch
Preparing Ethanol_c41_q1.dat -> Ethanol_c41_q1.out on /home/zoe/Research/Gaussian/scratch
Killed
Killed
Preparing Ethanol_c41_q2.dat -> Ethanol_c41_q2.out on /home/zoe/Research/Gaussian/scratch
Preparing Ethanol_c41_q3.dat -> Ethanol_c41_q3.out on /home/zoe/Research/Gaussian/scratch
Killed
Preparing Ethanol_c42_q1.dat -> Ethanol_c42_q1.out on /home/zoe/Research/Gaussian/scratch
Killed
Preparing Ethanol_c42_q2.dat -> Ethanol_c42_q2.out on /home/zoe/Research/Gaussian/scratch
Killed
Preparing Ethanol_c42_q3.dat -> Ethanol_c42_q3.out on /home/zoe/Research/Gaussian/scratch
Killed
Preparing Ethanol_c43_q1.dat -> Ethanol_c43_q1.out on /home/zoe/Research/Gaussian/scratch
Killed
Preparing Ethanol_c43_q2.dat -> Ethanol_c43_q2.out on /home/zoe/Research/Gaussian/scratch
Killed
Preparing Ethanol_c43_q3.dat -> Ethanol_c43_q3.out on /home/zoe/Research/Gaussian/scratch
Killed
Preparing Ethanol_c44_q1.dat -> Ethanol_c44_q1.out on /home/zoe/Research/Gaussian/scratch
Killed
Killed
Preparing Ethanol_c44_q2.dat -> Ethanol_c44_q2.out on /home/zoe/Research/Gaussian/scratch
Preparing Ethanol_c44_q3.dat -> Ethanol_c44_q3.out on /home/zoe/Research/Gaussian/scratch
Killed
Killed
Preparing Ethanol_c45_q1.dat -> Ethanol_c45_q1.out on /home/zoe/Research/Gaussian/scratch
Killed
Preparing Ethanol_c45_q2.dat -> Ethanol_c45_q2.out on /home/zoe/Research/Gaussian/scratch
Preparing Ethanol_c45_q3.dat -> Ethanol_c45_q3.out on /home/zoe/Research/Gaussian/scratch
Killed
Preparing Ethanol_c46_q1.dat -> Ethanol_c46_q1.out on /home/zoe/Research/Gaussian/scratch
Killed
Preparing Ethanol_c46_q2.dat -> Ethanol_c46_q2.out on /home/zoe/Research/Gaussian/scratch
Killed
Preparing Ethanol_c46_q3.dat -> Ethanol_c46_q3.out on /home/zoe/Research/Gaussian/scratch
Killed
Preparing Ethanol_c47_q1.dat -> Ethanol_c47_q1.out on /home/zoe/Research/Gaussian/scratch
Killed
Killed
Preparing Ethanol_c47_q2.dat -> Ethanol_c47_q2.out on /home/zoe/Research/Gaussian/scratch
Preparing Ethanol_c47_q3.dat -> Ethanol_c47_q3.out on /home/zoe/Research/Gaussian/scratch
Killed
Preparing Ethanol_c48_q1.dat -> Ethanol_c48_q1.out on /home/zoe/Research/Gaussian/scratch
Killed
Killed
Preparing Ethanol_c48_q2.dat -> Ethanol_c48_q2.out on /home/zoe/Research/Gaussian/scratch
Preparing Ethanol_c48_q3.dat -> Ethanol_c48_q3.out on /home/zoe/Research/Gaussian/scratch
Killed
Preparing Ethanol_c49_q1.dat -> Ethanol_c49_q1.out on /home/zoe/Research/Gaussian/scratch
Killed
Preparing Ethanol_c49_q2.dat -> Ethanol_c49_q2.out on /home/zoe/Research/Gaussian/scratch
Killed
Killed
Preparing Ethanol_c49_q3.dat -> Ethanol_c49_q3.out on /home/zoe/Research/Gaussian/scratch
Preparing Ethanol_c4_q1.dat -> Ethanol_c4_q1.out on /home/zoe/Research/Gaussian/scratch
Killed
Preparing Ethanol_c4_q2.dat -> Ethanol_c4_q2.out on /home/zoe/Research/Gaussian/scratch
Killed
Preparing Ethanol_c4_q3.dat -> Ethanol_c4_q3.out on /home/zoe/Research/Gaussian/scratch
Killed
Preparing Ethanol_c50_q1.dat -> Ethanol_c50_q1.out on /home/zoe/Research/Gaussian/scratch
Killed
Preparing Ethanol_c50_q2.dat -> Ethanol_c50_q2.out on /home/zoe/Research/Gaussian/scratch
Killed
Killed
Preparing Ethanol_c50_q3.dat -> Ethanol_c50_q3.out on /home/zoe/Research/Gaussian/scratch
Preparing Ethanol_c51_q1.dat -> Ethanol_c51_q1.out on /home/zoe/Research/Gaussian/scratch
Killed
Preparing Ethanol_c51_q2.dat -> Ethanol_c51_q2.out on /home/zoe/Research/Gaussian/scratch
Killed
Preparing Ethanol_c51_q3.dat -> Ethanol_c51_q3.out on /home/zoe/Research/Gaussian/scratch
Killed
Preparing Ethanol_c52_q1.dat -> Ethanol_c52_q1.out on /home/zoe/Research/Gaussian/scratch
Killed
Killed
Preparing Ethanol_c52_q2.dat -> Ethanol_c52_q2.out on /home/zoe/Research/Gaussian/scratch
Preparing Ethanol_c52_q3.dat -> Ethanol_c52_q3.out on /home/zoe/Research/Gaussian/scratch
Killed
Killed
Preparing Ethanol_c53_q1.dat -> Ethanol_c53_q1.out on /home/zoe/Research/Gaussian/scratch
Preparing Ethanol_c53_q2.dat -> Ethanol_c53_q2.out on /home/zoe/Research/Gaussian/scratch
Killed
Preparing Ethanol_c53_q3.dat -> Ethanol_c53_q3.out on /home/zoe/Research/Gaussian/scratch
Killed
Preparing Ethanol_c54_q1.dat -> Ethanol_c54_q1.out on /home/zoe/Research/Gaussian/scratch
Killed
Preparing Ethanol_c54_q2.dat -> Ethanol_c54_q2.out on /home/zoe/Research/Gaussian/scratch
Killed
Preparing Ethanol_c54_q3.dat -> Ethanol_c54_q3.out on /home/zoe/Research/Gaussian/scratch
Killed
Killed
Preparing Ethanol_c55_q1.dat -> Ethanol_c55_q1.out on /home/zoe/Research/Gaussian/scratch
Preparing Ethanol_c55_q2.dat -> Ethanol_c55_q2.out on /home/zoe/Research/Gaussian/scratch
Killed
Preparing Ethanol_c55_q3.dat -> Ethanol_c55_q3.out on /home/zoe/Research/Gaussian/scratch
Killed
Preparing Ethanol_c56_q1.dat -> Ethanol_c56_q1.out on /home/zoe/Research/Gaussian/scratch
Killed
Preparing Ethanol_c56_q2.dat -> Ethanol_c56_q2.out on /home/zoe/Research/Gaussian/scratch
Killed
Preparing Ethanol_c56_q3.dat -> Ethanol_c56_q3.out on /home/zoe/Research/Gaussian/scratch
Killed
Preparing Ethanol_c57_q1.dat -> Ethanol_c57_q1.out on /home/zoe/Research/Gaussian/scratch
Killed
Preparing Ethanol_c57_q2.dat -> Ethanol_c57_q2.out on /home/zoe/Research/Gaussian/scratch
Killed
Preparing Ethanol_c57_q3.dat -> Ethanol_c57_q3.out on /home/zoe/Research/Gaussian/scratch
Killed
Killed
Preparing Ethanol_c58_q1.dat -> Ethanol_c58_q1.out on /home/zoe/Research/Gaussian/scratch
Preparing Ethanol_c58_q2.dat -> Ethanol_c58_q2.out on /home/zoe/Research/Gaussian/scratch
Killed
Preparing Ethanol_c58_q3.dat -> Ethanol_c58_q3.out on /home/zoe/Research/Gaussian/scratch
Killed
Preparing Ethanol_c59_q1.dat -> Ethanol_c59_q1.out on /home/zoe/Research/Gaussian/scratch
Killed
Killed
Preparing Ethanol_c59_q2.dat -> Ethanol_c59_q2.out on /home/zoe/Research/Gaussian/scratch
Preparing Ethanol_c59_q3.dat -> Ethanol_c59_q3.out on /home/zoe/Research/Gaussian/scratch
Killed
Killed
Preparing Ethanol_c5_q1.dat -> Ethanol_c5_q1.out on /home/zoe/Research/Gaussian/scratch
Preparing Ethanol_c5_q2.dat -> Ethanol_c5_q2.out on /home/zoe/Research/Gaussian/scratch
Killed
Preparing Ethanol_c5_q3.dat -> Ethanol_c5_q3.out on /home/zoe/Research/Gaussian/scratch
Killed
Preparing Ethanol_c60_q1.dat -> Ethanol_c60_q1.out on /home/zoe/Research/Gaussian/scratch
Killed
Preparing Ethanol_c60_q2.dat -> Ethanol_c60_q2.out on /home/zoe/Research/Gaussian/scratch
Killed
Preparing Ethanol_c60_q3.dat -> Ethanol_c60_q3.out on /home/zoe/Research/Gaussian/scratch
Killed
Preparing Ethanol_c61_q1.dat -> Ethanol_c61_q1.out on /home/zoe/Research/Gaussian/scratch
Killed
Preparing Ethanol_c61_q2.dat -> Ethanol_c61_q2.out on /home/zoe/Research/Gaussian/scratch
Killed
Preparing Ethanol_c61_q3.dat -> Ethanol_c61_q3.out on /home/zoe/Research/Gaussian/scratch
Killed
Killed
Preparing Ethanol_c62_q1.dat -> Ethanol_c62_q1.out on /home/zoe/Research/Gaussian/scratch
Preparing Ethanol_c62_q2.dat -> Ethanol_c62_q2.out on /home/zoe/Research/Gaussian/scratch
Killed
Preparing Ethanol_c62_q3.dat -> Ethanol_c62_q3.out on /home/zoe/Research/Gaussian/scratch
Killed
Preparing Ethanol_c63_q1.dat -> Ethanol_c63_q1.out on /home/zoe/Research/Gaussian/scratch
Killed
Preparing Ethanol_c63_q2.dat -> Ethanol_c63_q2.out on /home/zoe/Research/Gaussian/scratch
Killed
Preparing Ethanol_c63_q3.dat -> Ethanol_c63_q3.out on /home/zoe/Research/Gaussian/scratch
Killed
Preparing Ethanol_c64_q1.dat -> Ethanol_c64_q1.out on /home/zoe/Research/Gaussian/scratch
Killed
Preparing Ethanol_c64_q2.dat -> Ethanol_c64_q2.out on /home/zoe/Research/Gaussian/scratch
Killed
Preparing Ethanol_c64_q3.dat -> Ethanol_c64_q3.out on /home/zoe/Research/Gaussian/scratch
Killed
Preparing Ethanol_c65_q1.dat -> Ethanol_c65_q1.out on /home/zoe/Research/Gaussian/scratch
Killed
Killed
Preparing Ethanol_c65_q2.dat -> Ethanol_c65_q2.out on /home/zoe/Research/Gaussian/scratch
Preparing Ethanol_c65_q3.dat -> Ethanol_c65_q3.out on /home/zoe/Research/Gaussian/scratch
Killed
Killed
Preparing Ethanol_c66_q1.dat -> Ethanol_c66_q1.out on /home/zoe/Research/Gaussian/scratch
Preparing Ethanol_c66_q2.dat -> Ethanol_c66_q2.out on /home/zoe/Research/Gaussian/scratch
Killed
Preparing Ethanol_c66_q3.dat -> Ethanol_c66_q3.out on /home/zoe/Research/Gaussian/scratch
Killed
Preparing Ethanol_c67_q1.dat -> Ethanol_c67_q1.out on /home/zoe/Research/Gaussian/scratch
Killed
Killed
Preparing Ethanol_c67_q2.dat -> Ethanol_c67_q2.out on /home/zoe/Research/Gaussian/scratch
Preparing Ethanol_c67_q3.dat -> Ethanol_c67_q3.out on /home/zoe/Research/Gaussian/scratch
Killed
Killed
Preparing Ethanol_c68_q1.dat -> Ethanol_c68_q1.out on /home/zoe/Research/Gaussian/scratch
Preparing Ethanol_c68_q2.dat -> Ethanol_c68_q2.out on /home/zoe/Research/Gaussian/scratch
Killed
Preparing Ethanol_c68_q3.dat -> Ethanol_c68_q3.out on /home/zoe/Research/Gaussian/scratch
Killed
Preparing Ethanol_c69_q1.dat -> Ethanol_c69_q1.out on /home/zoe/Research/Gaussian/scratch
Killed
Preparing Ethanol_c69_q2.dat -> Ethanol_c69_q2.out on /home/zoe/Research/Gaussian/scratch
Killed
Preparing Ethanol_c69_q3.dat -> Ethanol_c69_q3.out on /home/zoe/Research/Gaussian/scratch
Killed
Preparing Ethanol_c6_q1.dat -> Ethanol_c6_q1.out on /home/zoe/Research/Gaussian/scratch
Killed
Preparing Ethanol_c6_q2.dat -> Ethanol_c6_q2.out on /home/zoe/Research/Gaussian/scratch
Killed
Preparing Ethanol_c6_q3.dat -> Ethanol_c6_q3.out on /home/zoe/Research/Gaussian/scratch
Killed
Preparing Ethanol_c70_q1.dat -> Ethanol_c70_q1.out on /home/zoe/Research/Gaussian/scratch
Killed
Preparing Ethanol_c70_q2.dat -> Ethanol_c70_q2.out on /home/zoe/Research/Gaussian/scratch
Killed
Preparing Ethanol_c70_q3.dat -> Ethanol_c70_q3.out on /home/zoe/Research/Gaussian/scratch
Killed
Preparing Ethanol_c71_q1.dat -> Ethanol_c71_q1.out on /home/zoe/Research/Gaussian/scratch
Killed
Preparing Ethanol_c71_q2.dat -> Ethanol_c71_q2.out on /home/zoe/Research/Gaussian/scratch
Killed
Preparing Ethanol_c71_q3.dat -> Ethanol_c71_q3.out on /home/zoe/Research/Gaussian/scratch
Killed
Killed
Preparing Ethanol_c72_q1.dat -> Ethanol_c72_q1.out on /home/zoe/Research/Gaussian/scratch
Preparing Ethanol_c72_q2.dat -> Ethanol_c72_q2.out on /home/zoe/Research/Gaussian/scratch
Killed
Preparing Ethanol_c72_q3.dat -> Ethanol_c72_q3.out on /home/zoe/Research/Gaussian/scratch
Killed
Preparing Ethanol_c73_q1.dat -> Ethanol_c73_q1.out on /home/zoe/Research/Gaussian/scratch
Killed
Preparing Ethanol_c73_q2.dat -> Ethanol_c73_q2.out on /home/zoe/Research/Gaussian/scratch
Killed
Preparing Ethanol_c73_q3.dat -> Ethanol_c73_q3.out on /home/zoe/Research/Gaussian/scratch
Killed
Preparing Ethanol_c74_q1.dat -> Ethanol_c74_q1.out on /home/zoe/Research/Gaussian/scratch
Killed
Preparing Ethanol_c74_q2.dat -> Ethanol_c74_q2.out on /home/zoe/Research/Gaussian/scratch
Killed
Preparing Ethanol_c74_q3.dat -> Ethanol_c74_q3.out on /home/zoe/Research/Gaussian/scratch
Killed
Preparing Ethanol_c75_q1.dat -> Ethanol_c75_q1.out on /home/zoe/Research/Gaussian/scratch
Killed
Preparing Ethanol_c75_q2.dat -> Ethanol_c75_q2.out on /home/zoe/Research/Gaussian/scratch
Killed
Preparing Ethanol_c75_q3.dat -> Ethanol_c75_q3.out on /home/zoe/Research/Gaussian/scratch
Killed
Preparing Ethanol_c76_q1.dat -> Ethanol_c76_q1.out on /home/zoe/Research/Gaussian/scratch
Killed
Killed
Preparing Ethanol_c76_q2.dat -> Ethanol_c76_q2.out on /home/zoe/Research/Gaussian/scratch
Preparing Ethanol_c76_q3.dat -> Ethanol_c76_q3.out on /home/zoe/Research/Gaussian/scratch
Killed
Preparing Ethanol_c77_q1.dat -> Ethanol_c77_q1.out on /home/zoe/Research/Gaussian/scratch
Killed
Killed
Preparing Ethanol_c77_q2.dat -> Ethanol_c77_q2.out on /home/zoe/Research/Gaussian/scratch
Preparing Ethanol_c77_q3.dat -> Ethanol_c77_q3.out on /home/zoe/Research/Gaussian/scratch
Killed
Preparing Ethanol_c78_q1.dat -> Ethanol_c78_q1.out on /home/zoe/Research/Gaussian/scratch
Killed
Killed
Preparing Ethanol_c78_q2.dat -> Ethanol_c78_q2.out on /home/zoe/Research/Gaussian/scratch
Preparing Ethanol_c78_q3.dat -> Ethanol_c78_q3.out on /home/zoe/Research/Gaussian/scratch
Killed
Preparing Ethanol_c79_q1.dat -> Ethanol_c79_q1.out on /home/zoe/Research/Gaussian/scratch
Killed
Preparing Ethanol_c79_q2.dat -> Ethanol_c79_q2.out on /home/zoe/Research/Gaussian/scratch
Killed
Preparing Ethanol_c79_q3.dat -> Ethanol_c79_q3.out on /home/zoe/Research/Gaussian/scratch
Killed
Preparing Ethanol_c7_q1.dat -> Ethanol_c7_q1.out on /home/zoe/Research/Gaussian/scratch
Killed
Killed
Preparing Ethanol_c7_q2.dat -> Ethanol_c7_q2.out on /home/zoe/Research/Gaussian/scratch
Preparing Ethanol_c7_q3.dat -> Ethanol_c7_q3.out on /home/zoe/Research/Gaussian/scratch
Killed
Preparing Ethanol_c80_q1.dat -> Ethanol_c80_q1.out on /home/zoe/Research/Gaussian/scratch
Killed
Preparing Ethanol_c80_q2.dat -> Ethanol_c80_q2.out on /home/zoe/Research/Gaussian/scratch
Killed
Preparing Ethanol_c80_q3.dat -> Ethanol_c80_q3.out on /home/zoe/Research/Gaussian/scratch
Killed
Preparing Ethanol_c81_q1.dat -> Ethanol_c81_q1.out on /home/zoe/Research/Gaussian/scratch
Killed
Killed
Preparing Ethanol_c81_q2.dat -> Ethanol_c81_q2.out on /home/zoe/Research/Gaussian/scratch
Preparing Ethanol_c81_q3.dat -> Ethanol_c81_q3.out on /home/zoe/Research/Gaussian/scratch
Killed
Preparing Ethanol_c82_q1.dat -> Ethanol_c82_q1.out on /home/zoe/Research/Gaussian/scratch
Killed
Killed
Preparing Ethanol_c82_q2.dat -> Ethanol_c82_q2.out on /home/zoe/Research/Gaussian/scratch
Preparing Ethanol_c82_q3.dat -> Ethanol_c82_q3.out on /home/zoe/Research/Gaussian/scratch
Killed
Preparing Ethanol_c83_q1.dat -> Ethanol_c83_q1.out on /home/zoe/Research/Gaussian/scratch
Killed
Preparing Ethanol_c83_q2.dat -> Ethanol_c83_q2.out on /home/zoe/Research/Gaussian/scratch
Killed
Preparing Ethanol_c83_q3.dat -> Ethanol_c83_q3.out on /home/zoe/Research/Gaussian/scratch
Killed
Preparing Ethanol_c84_q1.dat -> Ethanol_c84_q1.out on /home/zoe/Research/Gaussian/scratch
Killed
Preparing Ethanol_c84_q2.dat -> Ethanol_c84_q2.out on /home/zoe/Research/Gaussian/scratch
Killed
Preparing Ethanol_c84_q3.dat -> Ethanol_c84_q3.out on /home/zoe/Research/Gaussian/scratch
Killed
Preparing Ethanol_c85_q1.dat -> Ethanol_c85_q1.out on /home/zoe/Research/Gaussian/scratch
Killed
Preparing Ethanol_c85_q2.dat -> Ethanol_c85_q2.out on /home/zoe/Research/Gaussian/scratch
Killed
Preparing Ethanol_c85_q3.dat -> Ethanol_c85_q3.out on /home/zoe/Research/Gaussian/scratch
Killed
Preparing Ethanol_c86_q1.dat -> Ethanol_c86_q1.out on /home/zoe/Research/Gaussian/scratch
Killed
Preparing Ethanol_c86_q2.dat -> Ethanol_c86_q2.out on /home/zoe/Research/Gaussian/scratch
Killed
Preparing Ethanol_c86_q3.dat -> Ethanol_c86_q3.out on /home/zoe/Research/Gaussian/scratch
Killed
Killed
Preparing Ethanol_c87_q1.dat -> Ethanol_c87_q1.out on /home/zoe/Research/Gaussian/scratch
Preparing Ethanol_c87_q2.dat -> Ethanol_c87_q2.out on /home/zoe/Research/Gaussian/scratch
Killed
Killed
Preparing Ethanol_c87_q3.dat -> Ethanol_c87_q3.out on /home/zoe/Research/Gaussian/scratch
Preparing Ethanol_c88_q1.dat -> Ethanol_c88_q1.out on /home/zoe/Research/Gaussian/scratch
Killed
Preparing Ethanol_c88_q2.dat -> Ethanol_c88_q2.out on /home/zoe/Research/Gaussian/scratch
Killed
Preparing Ethanol_c88_q3.dat -> Ethanol_c88_q3.out on /home/zoe/Research/Gaussian/scratch
Killed
Preparing Ethanol_c89_q1.dat -> Ethanol_c89_q1.out on /home/zoe/Research/Gaussian/scratch
Killed
Killed
Preparing Ethanol_c89_q2.dat -> Ethanol_c89_q2.out on /home/zoe/Research/Gaussian/scratch
Preparing Ethanol_c89_q3.dat -> Ethanol_c89_q3.out on /home/zoe/Research/Gaussian/scratch
Killed
Preparing Ethanol_c8_q1.dat -> Ethanol_c8_q1.out on /home/zoe/Research/Gaussian/scratch
Killed
Killed
Preparing Ethanol_c8_q2.dat -> Ethanol_c8_q2.out on /home/zoe/Research/Gaussian/scratch
Preparing Ethanol_c8_q3.dat -> Ethanol_c8_q3.out on /home/zoe/Research/Gaussian/scratch
Killed
Preparing Ethanol_c90_q1.dat -> Ethanol_c90_q1.out on /home/zoe/Research/Gaussian/scratch
Killed
Killed
Preparing Ethanol_c90_q2.dat -> Ethanol_c90_q2.out on /home/zoe/Research/Gaussian/scratch
Preparing Ethanol_c90_q3.dat -> Ethanol_c90_q3.out on /home/zoe/Research/Gaussian/scratch
Killed
Preparing Ethanol_c91_q1.dat -> Ethanol_c91_q1.out on /home/zoe/Research/Gaussian/scratch
Killed
Preparing Ethanol_c91_q2.dat -> Ethanol_c91_q2.out on /home/zoe/Research/Gaussian/scratch
Killed
Preparing Ethanol_c91_q3.dat -> Ethanol_c91_q3.out on /home/zoe/Research/Gaussian/scratch
Killed
Preparing Ethanol_c92_q1.dat -> Ethanol_c92_q1.out on /home/zoe/Research/Gaussian/scratch
Killed
Preparing Ethanol_c92_q2.dat -> Ethanol_c92_q2.out on /home/zoe/Research/Gaussian/scratch
Killed
Preparing Ethanol_c92_q3.dat -> Ethanol_c92_q3.out on /home/zoe/Research/Gaussian/scratch
Killed
Preparing Ethanol_c93_q1.dat -> Ethanol_c93_q1.out on /home/zoe/Research/Gaussian/scratch
Killed
Preparing Ethanol_c93_q2.dat -> Ethanol_c93_q2.out on /home/zoe/Research/Gaussian/scratch
Killed
Preparing Ethanol_c93_q3.dat -> Ethanol_c93_q3.out on /home/zoe/Research/Gaussian/scratch
Killed
Preparing Ethanol_c94_q1.dat -> Ethanol_c94_q1.out on /home/zoe/Research/Gaussian/scratch
Killed
Preparing Ethanol_c94_q2.dat -> Ethanol_c94_q2.out on /home/zoe/Research/Gaussian/scratch
Killed
Preparing Ethanol_c94_q3.dat -> Ethanol_c94_q3.out on /home/zoe/Research/Gaussian/scratch
Killed
Preparing Ethanol_c95_q1.dat -> Ethanol_c95_q1.out on /home/zoe/Research/Gaussian/scratch
Killed
Preparing Ethanol_c95_q2.dat -> Ethanol_c95_q2.out on /home/zoe/Research/Gaussian/scratch
Killed
Preparing Ethanol_c95_q3.dat -> Ethanol_c95_q3.out on /home/zoe/Research/Gaussian/scratch
Killed
Preparing Ethanol_c96_q1.dat -> Ethanol_c96_q1.out on /home/zoe/Research/Gaussian/scratch
Killed
Preparing Ethanol_c96_q2.dat -> Ethanol_c96_q2.out on /home/zoe/Research/Gaussian/scratch
Killed
Preparing Ethanol_c96_q3.dat -> Ethanol_c96_q3.out on /home/zoe/Research/Gaussian/scratch
Killed
Preparing Ethanol_c97_q1.dat -> Ethanol_c97_q1.out on /home/zoe/Research/Gaussian/scratch
Killed
Preparing Ethanol_c97_q2.dat -> Ethanol_c97_q2.out on /home/zoe/Research/Gaussian/scratch
Killed
Preparing Ethanol_c97_q3.dat -> Ethanol_c97_q3.out on /home/zoe/Research/Gaussian/scratch
Killed
Preparing Ethanol_c98_q1.dat -> Ethanol_c98_q1.out on /home/zoe/Research/Gaussian/scratch
Killed
Preparing Ethanol_c98_q2.dat -> Ethanol_c98_q2.out on /home/zoe/Research/Gaussian/scratch
Killed
Preparing Ethanol_c98_q3.dat -> Ethanol_c98_q3.out on /home/zoe/Research/Gaussian/scratch
Killed
Preparing Ethanol_c99_q1.dat -> Ethanol_c99_q1.out on /home/zoe/Research/Gaussian/scratch
Killed
Preparing Ethanol_c99_q2.dat -> Ethanol_c99_q2.out on /home/zoe/Research/Gaussian/scratch
Killed
Killed
Preparing Ethanol_c99_q3.dat -> Ethanol_c99_q3.out on /home/zoe/Research/Gaussian/scratch
Preparing Ethanol_c9_q1.dat -> Ethanol_c9_q1.out on /home/zoe/Research/Gaussian/scratch
Killed
Preparing Ethanol_c9_q2.dat -> Ethanol_c9_q2.out on /home/zoe/Research/Gaussian/scratch
Killed
Preparing Ethanol_c9_q3.dat -> Ethanol_c9_q3.out on /home/zoe/Research/Gaussian/scratch
Killed
Killed
Killed

./Ethanol_c117_q1
./opt-test-SCEE/Ethanol_c117_q1.dat
./Ethanol_c119_q3
./opt-test-SCEE/Ethanol_c119_q3.dat
./Ethanol_c91_q1
./opt-test-SCEE/Ethanol_c91_q1.dat
./Ethanol_c179_q1
./opt-test-SCEE/Ethanol_c179_q1.dat
./Ethanol_c37_q2
./opt-test-SCEE/Ethanol_c37_q2.dat
./Ethanol_c135_q3
./opt-test-SCEE/Ethanol_c135_q3.dat
./Ethanol_c123_q3
./opt-test-SCEE/Ethanol_c123_q3.dat
./Ethanol_c123_q1
./opt-test-SCEE/Ethanol_c123_q1.dat
./Ethanol_c167_q1
./opt-test-SCEE/Ethanol_c167_q1.dat
./Ethanol_c185_q3
./opt-test-SCEE/Ethanol_c185_q3.dat
./Ethanol_c105_q3
./opt-test-SCEE/Ethanol_c105_q3.dat
./Ethanol_c61_q2
./opt-test-SCEE/Ethanol_c61_q2.dat
./Ethanol_c102_q2
./opt-test-SCEE/Ethanol_c102_q2.dat
./Ethanol_c102_q3
./opt-test-SCEE/Ethanol_c102_q3.dat
./Ethanol_c36_q2
./opt-test-SCEE/Ethanol_c36_q2.dat
./Ethanol_c142_q2
./opt-test-SCEE/Ethanol_c142_q2.dat
./Ethanol_c160_q1
./opt-test-SCEE/Ethanol_c160_q1.dat
./Ethanol_c82_q3
./opt-test-SCEE/Ethanol_c82_q3.dat
./Ethanol_c36_q3
./opt-test-SCEE/Ethanol_c36_q3.dat
./Ethanol_c176_q1
./opt-test-SCEE/Ethanol_c176_q1.dat
./Ethanol_c46_q3
./opt-test-SCEE/Ethanol_c46_q3.dat
./Ethanol_c31_q1
./opt-test-SCEE/Ethanol_c31_q1.dat
./Ethanol_c192_q2
./opt-test-SCEE/Ethanol_c192_q2.dat
./Ethanol_c185_q1
./opt-test-SCEE/Ethanol_c185_q1.dat
./Ethanol_c128_q2
./opt-test-SCEE/Ethanol_c128_q2.dat
./Ethanol_c137_q3
./opt-test-SCEE/Ethanol_c137_q3.dat
./Ethanol_c196_q1
./opt-test-SCEE/Ethanol_c196_q1.dat
./Ethanol_c17_q2
./opt-test-SCEE/Ethanol_c17_q2.dat
./Ethanol_c145_q2
./opt-test-SCEE/Ethanol_c145_q2.dat
./Ethanol_c78_q1
./opt-test-SCEE/Ethanol_c78_q1.dat
./Ethanol_c18_q2
./opt-test-SCEE/Ethanol_c18_q2.dat
./Ethanol_c52_q2
./opt-test-SCEE/Ethanol_c52_q2.dat
./Ethanol_c179_q2
./opt-test-SCEE/Ethanol_c179_q2.dat
./Ethanol_c187_q1
./opt-test-SCEE/Ethanol_c187_q1.dat
./Ethanol_c160_q3
./opt-test-SCEE/Ethanol_c160_q3.dat
./Ethanol_c33_q3
./opt-test-SCEE/Ethanol_c33_q3.dat
./Ethanol_c123_q2
./opt-test-SCEE/Ethanol_c123_q2.dat
./Ethanol_c71_q3
./opt-test-SCEE/Ethanol_c71_q3.dat
./Ethanol_c193_q3
./opt-test-SCEE/Ethanol_c193_q3.dat
./Ethanol_c153_q1
./opt-test-SCEE/Ethanol_c153_q1.dat
./Ethanol_c163_q2
./opt-test-SCEE/Ethanol_c163_q2.dat
./Ethanol_c122_q1
./opt-test-SCEE/Ethanol_c122_q1.dat
./Ethanol_c29_q1
./opt-test-SCEE/Ethanol_c29_q1.dat
./Ethanol_c118_q1
./opt-test-SCEE/Ethanol_c118_q1.dat
./Ethanol_c131_q3
./opt-test-SCEE/Ethanol_c131_q3.dat
./Ethanol_c121_q2
./opt-test-SCEE/Ethanol_c121_q2.dat
./Ethanol_c144_q1
./opt-test-SCEE/Ethanol_c144_q1.dat
./Ethanol_c131_q1
./opt-test-SCEE/Ethanol_c131_q1.dat
./Ethanol_c119_q1
./opt-test-SCEE/Ethanol_c119_q1.dat
./Ethanol_c80_q3
./opt-test-SCEE/Ethanol_c80_q3.dat
./Ethanol_c175_q2
./opt-test-SCEE/Ethanol_c175_q2.dat
./Ethanol_c22_q3
./opt-test-SCEE/Ethanol_c22_q3.dat
./Ethanol_c113_q1
./opt-test-SCEE/Ethanol_c113_q1.dat
./Ethanol_c173_q1
./opt-test-SCEE/Ethanol_c173_q1.dat
./Ethanol_c66_q1
./opt-test-SCEE/Ethanol_c66_q1.dat
./Ethanol_c104_q3
./opt-test-SCEE/Ethanol_c104_q3.dat
./Ethanol_c22_q2
./opt-test-SCEE/Ethanol_c22_q2.dat
./Ethanol_c127_q3
./opt-test-SCEE/Ethanol_c127_q3.dat
./Ethanol_c31_q3
./opt-test-SCEE/Ethanol_c31_q3.dat
./Ethanol_c156_q1
./opt-test-SCEE/Ethanol_c156_q1.dat
./Ethanol_c91_q3
./opt-test-SCEE/Ethanol_c91_q3.dat
./Ethanol_c188_q2
./opt-test-SCEE/Ethanol_c188_q2.dat
./Ethanol_c87_q2
./opt-test-SCEE/Ethanol_c87_q2.dat
./Ethanol_c103_q3
./opt-test-SCEE/Ethanol_c103_q3.dat
./Ethanol_c154_q3
./opt-test-SCEE/Ethanol_c154_q3.dat
./Ethanol_c88_q2
./opt-test-SCEE/Ethanol_c88_q2.dat
./Ethanol_c36_q1
./opt-test-SCEE/Ethanol_c36_q1.dat
./Ethanol_c192_q1
./opt-test-SCEE/Ethanol_c192_q1.dat
./Ethanol_c21_q1
./opt-test-SCEE/Ethanol_c21_q1.dat
./Ethanol_c29_q2
./opt-test-SCEE/Ethanol_c29_q2.dat
./Ethanol_c66_q3
./opt-test-SCEE/Ethanol_c66_q3.dat
./Ethanol_c9_q3
./opt-test-SCEE/Ethanol_c9_q3.dat
./Ethanol_c134_q3
./opt-test-SCEE/Ethanol_c134_q3.dat
./Ethanol_c155_q2
./opt-test-SCEE/Ethanol_c155_q2.dat
./Ethanol_c82_q1
./opt-test-SCEE/Ethanol_c82_q1.dat
./Ethanol_c61_q3
./opt-test-SCEE/Ethanol_c61_q3.dat
./Ethanol_c155_q1
./opt-test-SCEE/Ethanol_c155_q1.dat
./Ethanol_c45_q3
./opt-test-SCEE/Ethanol_c45_q3.dat
./Ethanol_c44_q3
./opt-test-SCEE/Ethanol_c44_q3.dat
./Ethanol_c88_q1
./opt-test-SCEE/Ethanol_c88_q1.dat
./Ethanol_c177_q2
./opt-test-SCEE/Ethanol_c177_q2.dat
./Ethanol_c103_q1
./opt-test-SCEE/Ethanol_c103_q1.dat
./Ethanol_c34_q1
./opt-test-SCEE/Ethanol_c34_q1.dat
./Ethanol_c24_q1
./opt-test-SCEE/Ethanol_c24_q1.dat
./Ethanol_c59_q2
./opt-test-SCEE/Ethanol_c59_q2.dat
./Ethanol_c140_q1
./opt-test-SCEE/Ethanol_c140_q1.dat
./Ethanol_c79_q3
./opt-test-SCEE/Ethanol_c79_q3.dat
./Ethanol_c200_q3
./opt-test-SCEE/Ethanol_c200_q3.dat
./Ethanol_c144_q3
./opt-test-SCEE/Ethanol_c144_q3.dat
./Ethanol_c16_q2
./opt-test-SCEE/Ethanol_c16_q2.dat
./Ethanol_c111_q3
./opt-test-SCEE/Ethanol_c111_q3.dat
./Ethanol_c130_q1
./opt-test-SCEE/Ethanol_c130_q1.dat
./Ethanol_c147_q2
./opt-test-SCEE/Ethanol_c147_q2.dat
./Ethanol_c57_q3
./opt-test-SCEE/Ethanol_c57_q3.dat
./Ethanol_c169_q2
./opt-test-SCEE/Ethanol_c169_q2.dat
./Ethanol_c184_q2
./opt-test-SCEE/Ethanol_c184_q2.dat
./Ethanol_c94_q2
./opt-test-SCEE/Ethanol_c94_q2.dat
./Ethanol_c108_q2
./opt-test-SCEE/Ethanol_c108_q2.dat
./Ethanol_c99_q1
./opt-test-SCEE/Ethanol_c99_q1.dat
./Ethanol_c185_q2
./opt-test-SCEE/Ethanol_c185_q2.dat
./Ethanol_c37_q3
./opt-test-SCEE/Ethanol_c37_q3.dat
./Ethanol_c125_q3
./opt-test-SCEE/Ethanol_c125_q3.dat
./Ethanol_c160_q2
./opt-test-SCEE/Ethanol_c160_q2.dat
./Ethanol_c17_q1
./opt-test-SCEE/Ethanol_c17_q1.dat
./Ethanol_c172_q2
./opt-test-SCEE/Ethanol_c172_q2.dat
./Ethanol_c71_q2
./opt-test-SCEE/Ethanol_c71_q2.dat
./Ethanol_c164_q3
./opt-test-SCEE/Ethanol_c164_q3.dat
./Ethanol_c142_q3
./opt-test-SCEE/Ethanol_c142_q3.dat
./Ethanol_c39_q1
./opt-test-SCEE/Ethanol_c39_q1.dat
./Ethanol_c23_q3
./opt-test-SCEE/Ethanol_c23_q3.dat
./Ethanol_c99_q2
./opt-test-SCEE/Ethanol_c99_q2.dat
./Ethanol_c75_q3
./opt-test-SCEE/Ethanol_c75_q3.dat
./Ethanol_c82_q2
./opt-test-SCEE/Ethanol_c82_q2.dat
./Ethanol_c79_q1
./opt-test-SCEE/Ethanol_c79_q1.dat
./Ethanol_c172_q3
./opt-test-SCEE/Ethanol_c172_q3.dat
./Ethanol_c171_q1
./opt-test-SCEE/Ethanol_c171_q1.dat
./Ethanol_c96_q2
./opt-test-SCEE/Ethanol_c96_q2.dat
./Ethanol_c25_q1
./opt-test-SCEE/Ethanol_c25_q1.dat
./Ethanol_c154_q1
./opt-test-SCEE/Ethanol_c154_q1.dat
./Ethanol_c74_q3
./opt-test-SCEE/Ethanol_c74_q3.dat
./Ethanol_c54_q2
./opt-test-SCEE/Ethanol_c54_q2.dat
./Ethanol_c200_q1
./opt-test-SCEE/Ethanol_c200_q1.dat
./Ethanol_c4_q2
./opt-test-SCEE/Ethanol_c4_q2.dat
./Ethanol_c38_q2
./opt-test-SCEE/Ethanol_c38_q2.dat
./Ethanol_c48_q3
./opt-test-SCEE/Ethanol_c48_q3.dat
./Ethanol_c116_q3
./opt-test-SCEE/Ethanol_c116_q3.dat
./Ethanol_c86_q1
./opt-test-SCEE/Ethanol_c86_q1.dat
./Ethanol_c121_q3
./opt-test-SCEE/Ethanol_c121_q3.dat
./Ethanol_c68_q3
./opt-test-SCEE/Ethanol_c68_q3.dat
./Ethanol_c63_q2
./opt-test-SCEE/Ethanol_c63_q2.dat
./Ethanol_c151_q3
./opt-test-SCEE/Ethanol_c151_q3.dat
./Ethanol_c98_q2
./opt-test-SCEE/Ethanol_c98_q2.dat
./Ethanol_c59_q1
./opt-test-SCEE/Ethanol_c59_q1.dat
./Ethanol_c100_q2
./opt-test-SCEE/Ethanol_c100_q2.dat
./Ethanol_c13_q3
./opt-test-SCEE/Ethanol_c13_q3.dat
['./Ethanol_c23_q2_chg.inp', './Ethanol_c124_q1_chg.inp', './Ethanol_c179_q2_chg.inp', './Ethanol_c113_q1_chg.inp', './Ethanol_c47_q2_chg.inp', './Ethanol_c138_q3_chg.inp', './Ethanol_c178_q1_chg.inp', './Ethanol_c61_q1_chg.inp', './Ethanol_c145_q3_chg.inp', './Ethanol_c188_q2_chg.inp', './Ethanol_c24_q2_chg.inp', './Ethanol_c134_q3_chg.inp', './Ethanol_c124_q2_chg.inp', './Ethanol_c75_q3_chg.inp', './Ethanol_c184_q1_chg.inp', './Ethanol_c86_q1_chg.inp', './Ethanol_c95_q2_chg.inp', './Ethanol_c123_q2_chg.inp', './Ethanol_c136_q3_chg.inp', './Ethanol_c117_q2_chg.inp', './Ethanol_c129_q3_chg.inp', './Ethanol_c159_q3_chg.inp', './Ethanol_c65_q2_chg.inp', './Ethanol_c70_q3_chg.inp', './Ethanol_c71_q3_chg.inp', './Ethanol_c112_q1_chg.inp', './Ethanol_c140_q3_chg.inp', './Ethanol_c148_q3_chg.inp', './Ethanol_c94_q3_chg.inp', './Ethanol_c59_q1_chg.inp', './Ethanol_c97_q3_chg.inp', './Ethanol_c136_q2_chg.inp', './Ethanol_c52_q1_chg.inp', './Ethanol_c181_q1_chg.inp', './Ethanol_c91_q3_chg.inp', './Ethanol_c156_q3_chg.inp', './Ethanol_c10_q1_chg.inp', './Ethanol_c66_q2_chg.inp', './Ethanol_c164_q2_chg.inp', './Ethanol_c171_q1_chg.inp', './Ethanol_c183_q3_chg.inp', './Ethanol_c166_q3_chg.inp', './Ethanol_c41_q3_chg.inp', './Ethanol_c28_q2_chg.inp', './Ethanol_c173_q3_chg.inp', './Ethanol_c67_q2_chg.inp', './Ethanol_c64_q1_chg.inp', './Ethanol_c16_q3_chg.inp', './Ethanol_c150_q3_chg.inp', './Ethanol_c121_q2_chg.inp', './Ethanol_c52_q2_chg.inp', './Ethanol_c11_q2_chg.inp', './Ethanol_c113_q2_chg.inp', './Ethanol_c79_q1_chg.inp', './Ethanol_c104_q2_chg.inp', './Ethanol_c156_q2_chg.inp', './Ethanol_c42_q2_chg.inp', './Ethanol_c130_q1_chg.inp', './Ethanol_c148_q1_chg.inp', './Ethanol_c91_q2_chg.inp', './Ethanol_c32_q2_chg.inp', './Ethanol_c127_q3_chg.inp', './Ethanol_c88_q2_chg.inp', './Ethanol_c153_q1_chg.inp', './Ethanol_c9_q1_chg.inp', './Ethanol_c70_q2_chg.inp', './Ethanol_c80_q3_chg.inp', './Ethanol_c144_q1_chg.inp', './Ethanol_c20_q3_chg.inp', './Ethanol_c185_q1_chg.inp', './Ethanol_c43_q2_chg.inp', './Ethanol_c78_q2_chg.inp', './Ethanol_c159_q1_chg.inp', './Ethanol_c196_q3_chg.inp', './Ethanol_c85_q1_chg.inp', './Ethanol_c101_q3_chg.inp', './Ethanol_c99_q2_chg.inp', './Ethanol_c124_q3_chg.inp', './Ethanol_c29_q1_chg.inp', './Ethanol_c34_q1_chg.inp', './Ethanol_c79_q3_chg.inp', './Ethanol_c99_q3_chg.inp', './Ethanol_c164_q1_chg.inp', './Ethanol_c105_q3_chg.inp', './Ethanol_c72_q1_chg.inp', './Ethanol_c98_q2_chg.inp', './Ethanol_c19_q1_chg.inp', './Ethanol_c169_q1_chg.inp', './Ethanol_c34_q3_chg.inp', './Ethanol_c38_q1_chg.inp', './Ethanol_c38_q2_chg.inp', './Ethanol_c191_q3_chg.inp', './Ethanol_c183_q2_chg.inp', './Ethanol_c110_q2_chg.inp', './Ethanol_c189_q1_chg.inp', './Ethanol_c40_q3_chg.inp', './Ethanol_c135_q2_chg.inp', './Ethanol_c109_q1_chg.inp', './Ethanol_c200_q2_chg.inp', './Ethanol_c65_q3_chg.inp', './Ethanol_c173_q1_chg.inp', './Ethanol_c131_q1_chg.inp', './Ethanol_c102_q3_chg.inp', './Ethanol_c31_q2_chg.inp', './Ethanol_c90_q1_chg.inp', './Ethanol_c14_q3_chg.inp', './Ethanol_c107_q3_chg.inp', './Ethanol_c22_q2_chg.inp', './Ethanol_c48_q2_chg.inp', './Ethanol_c83_q2_chg.inp', './Ethanol_c42_q1_chg.inp', './Ethanol_c30_q1_chg.inp', './Ethanol_c37_q2_chg.inp', './Ethanol_c189_q3_chg.inp', './Ethanol_c169_q2_chg.inp', './Ethanol_c48_q3_chg.inp', './Ethanol_c128_q1_chg.inp', './Ethanol_c198_q1_chg.inp', './Ethanol_c151_q2_chg.inp', './Ethanol_c43_q3_chg.inp', './Ethanol_c183_q1_chg.inp', './Ethanol_c36_q1_chg.inp', './Ethanol_c100_q3_chg.inp', './Ethanol_c120_q3_chg.inp', './Ethanol_c180_q2_chg.inp', './Ethanol_c33_q2_chg.inp', './Ethanol_c7_q3_chg.inp', './Ethanol_c162_q3_chg.inp', './Ethanol_c57_q2_chg.inp', './Ethanol_c59_q2_chg.inp', './Ethanol_c15_q3_chg.inp', './Ethanol_c172_q3_chg.inp', './Ethanol_c182_q1_chg.inp', './Ethanol_c103_q1_chg.inp', './Ethanol_c178_q2_chg.inp', './Ethanol_c162_q1_chg.inp', './Ethanol_c126_q1_chg.inp', './Ethanol_c56_q3_chg.inp', './Ethanol_c106_q1_chg.inp', './Ethanol_c174_q3_chg.inp', './Ethanol_c13_q1_chg.inp', './Ethanol_c106_q2_chg.inp', './Ethanol_c9_q3_chg.inp', './Ethanol_c20_q1_chg.inp', './Ethanol_c142_q3_chg.inp', './Ethanol_c93_q2_chg.inp', './Ethanol_c141_q2_chg.inp', './Ethanol_c138_q2_chg.inp', './Ethanol_c58_q1_chg.inp', './Ethanol_c76_q3_chg.inp', './Ethanol_c138_q1_chg.inp', './Ethanol_c6_q1_chg.inp', './Ethanol_c5_q1_chg.inp', './Ethanol_c55_q2_chg.inp', './Ethanol_c3_q3_chg.inp', './Ethanol_c125_q3_chg.inp', './Ethanol_c128_q2_chg.inp', './Ethanol_c119_q1_chg.inp', './Ethanol_c188_q1_chg.inp', './Ethanol_c92_q1_chg.inp', './Ethanol_c182_q3_chg.inp', './Ethanol_c196_q2_chg.inp', './Ethanol_c187_q1_chg.inp', './Ethanol_c39_q3_chg.inp', './Ethanol_c187_q2_chg.inp', './Ethanol_c192_q1_chg.inp', './Ethanol_c135_q1_chg.inp', './Ethanol_c88_q1_chg.inp', './Ethanol_c104_q1_chg.inp', './Ethanol_c49_q3_chg.inp', './Ethanol_c2_q1_chg.inp', './Ethanol_c54_q1_chg.inp', './Ethanol_c152_q3_chg.inp', './Ethanol_c190_q2_chg.inp', './Ethanol_c100_q2_chg.inp', './Ethanol_c63_q1_chg.inp', './Ethanol_c175_q2_chg.inp', './Ethanol_c114_q3_chg.inp', './Ethanol_c23_q1_chg.inp', './Ethanol_c110_q1_chg.inp', './Ethanol_c49_q2_chg.inp', './Ethanol_c61_q2_chg.inp', './Ethanol_c44_q3_chg.inp', './Ethanol_c82_q1_chg.inp', './Ethanol_c5_q2_chg.inp', './Ethanol_c58_q3_chg.inp', './Ethanol_c8_q3_chg.inp', './Ethanol_c143_q2_chg.inp', './Ethanol_c31_q1_chg.inp', './Ethanol_c35_q3_chg.inp', './Ethanol_c190_q3_chg.inp', './Ethanol_c150_q2_chg.inp', './Ethanol_c193_q2_chg.inp', './Ethanol_c10_q3_chg.inp', './Ethanol_c200_q3_chg.inp', './Ethanol_c5_q3_chg.inp', './Ethanol_c168_q2_chg.inp', './Ethanol_c179_q3_chg.inp', './Ethanol_c134_q2_chg.inp', './Ethanol_c133_q2_chg.inp', './Ethanol_c177_q3_chg.inp', './Ethanol_c16_q1_chg.inp', './Ethanol_c143_q3_chg.inp', './Ethanol_c49_q1_chg.inp', './Ethanol_c36_q3_chg.inp', './Ethanol_c171_q2_chg.inp', './Ethanol_c27_q3_chg.inp', './Ethanol_c30_q3_chg.inp', './Ethanol_c32_q3_chg.inp', './Ethanol_c125_q1_chg.inp', './Ethanol_c22_q3_chg.inp', './Ethanol_c193_q1_chg.inp', './Ethanol_c62_q2_chg.inp', './Ethanol_c109_q3_chg.inp', './Ethanol_c64_q3_chg.inp', './Ethanol_c109_q2_chg.inp', './Ethanol_c140_q2_chg.inp', './Ethanol_c81_q1_chg.inp', './Ethanol_c157_q2_chg.inp', './Ethanol_c96_q3_chg.inp', './Ethanol_c187_q3_chg.inp', './Ethanol_c60_q1_chg.inp', './Ethanol_c80_q1_chg.inp', './Ethanol_c72_q2_chg.inp', './Ethanol_c195_q2_chg.inp', './Ethanol_c56_q1_chg.inp', './Ethanol_c96_q1_chg.inp', './Ethanol_c63_q2_chg.inp', './Ethanol_c157_q3_chg.inp', './Ethanol_c48_q1_chg.inp', './Ethanol_c94_q2_chg.inp', './Ethanol_c3_q1_chg.inp', './Ethanol_c122_q2_chg.inp', './Ethanol_c36_q2_chg.inp', './Ethanol_c117_q1_chg.inp', './Ethanol_c149_q2_chg.inp', './Ethanol_c163_q3_chg.inp', './Ethanol_c61_q3_chg.inp', './Ethanol_c180_q3_chg.inp', './Ethanol_c157_q1_chg.inp', './Ethanol_c161_q3_chg.inp', './Ethanol_c44_q2_chg.inp', './Ethanol_c172_q2_chg.inp', './Ethanol_c144_q2_chg.inp', './Ethanol_c170_q3_chg.inp', './Ethanol_c122_q3_chg.inp', './Ethanol_c147_q2_chg.inp', './Ethanol_c6_q3_chg.inp', './Ethanol_c46_q3_chg.inp', './Ethanol_c113_q3_chg.inp', './Ethanol_c130_q2_chg.inp', './Ethanol_c29_q2_chg.inp', './Ethanol_c55_q1_chg.inp', './Ethanol_c199_q3_chg.inp', './Ethanol_c45_q1_chg.inp', './Ethanol_c108_q1_chg.inp', './Ethanol_c123_q1_chg.inp', './Ethanol_c7_q2_chg.inp', './Ethanol_c186_q2_chg.inp', './Ethanol_c176_q1_chg.inp', './Ethanol_c146_q1_chg.inp', './Ethanol_c69_q1_chg.inp', './Ethanol_c130_q3_chg.inp', './Ethanol_c24_q3_chg.inp', './Ethanol_c137_q3_chg.inp', './Ethanol_c65_q1_chg.inp', './Ethanol_c116_q2_chg.inp', './Ethanol_c66_q3_chg.inp', './Ethanol_c133_q1_chg.inp', './Ethanol_c161_q1_chg.inp', './Ethanol_c50_q1_chg.inp', './Ethanol_c86_q3_chg.inp', './Ethanol_c11_q1_chg.inp', './Ethanol_c19_q3_chg.inp', './Ethanol_c160_q3_chg.inp', './Ethanol_c184_q2_chg.inp', './Ethanol_c198_q2_chg.inp', './Ethanol_c6_q2_chg.inp', './Ethanol_c12_q3_chg.inp', './Ethanol_c18_q3_chg.inp', './Ethanol_c139_q1_chg.inp', './Ethanol_c8_q2_chg.inp', './Ethanol_c147_q1_chg.inp', './Ethanol_c55_q3_chg.inp', './Ethanol_c196_q1_chg.inp', './Ethanol_c188_q3_chg.inp', './Ethanol_c15_q2_chg.inp', './Ethanol_c17_q2_chg.inp', './Ethanol_c25_q1_chg.inp', './Ethanol_c184_q3_chg.inp', './Ethanol_c60_q3_chg.inp', './Ethanol_c120_q2_chg.inp', './Ethanol_c132_q2_chg.inp', './Ethanol_c177_q2_chg.inp', './Ethanol_c165_q3_chg.inp', './Ethanol_c95_q1_chg.inp', './Ethanol_c68_q3_chg.inp', './Ethanol_c84_q2_chg.inp', './Ethanol_c18_q2_chg.inp', './Ethanol_c68_q2_chg.inp', './Ethanol_c158_q3_chg.inp', './Ethanol_c186_q1_chg.inp', './Ethanol_c40_q2_chg.inp', './Ethanol_c166_q2_chg.inp', './Ethanol_c11_q3_chg.inp', './Ethanol_c47_q1_chg.inp', './Ethanol_c68_q1_chg.inp', './Ethanol_c37_q3_chg.inp', './Ethanol_c197_q2_chg.inp', './Ethanol_c191_q1_chg.inp', './Ethanol_c126_q3_chg.inp', './Ethanol_c101_q1_chg.inp', './Ethanol_c126_q2_chg.inp', './Ethanol_c98_q3_chg.inp', './Ethanol_c52_q3_chg.inp', './Ethanol_c50_q3_chg.inp', './Ethanol_c16_q2_chg.inp', './Ethanol_c81_q2_chg.inp', './Ethanol_c132_q3_chg.inp', './Ethanol_c175_q1_chg.inp', './Ethanol_c75_q1_chg.inp', './Ethanol_c111_q2_chg.inp', './Ethanol_c23_q3_chg.inp', './Ethanol_c24_q1_chg.inp', './Ethanol_c1_q3_chg.inp', './Ethanol_c152_q1_chg.inp', './Ethanol_c163_q1_chg.inp', './Ethanol_c26_q3_chg.inp', './Ethanol_c165_q2_chg.inp', './Ethanol_c155_q1_chg.inp', './Ethanol_c121_q3_chg.inp', './Ethanol_c53_q2_chg.inp', './Ethanol_c178_q3_chg.inp', './Ethanol_c104_q3_chg.inp', './Ethanol_c47_q3_chg.inp', './Ethanol_c107_q2_chg.inp', './Ethanol_c97_q1_chg.inp', './Ethanol_c38_q3_chg.inp', './Ethanol_c88_q3_chg.inp', './Ethanol_c118_q3_chg.inp', './Ethanol_c166_q1_chg.inp', './Ethanol_c87_q2_chg.inp', './Ethanol_c34_q2_chg.inp', './Ethanol_c194_q1_chg.inp', './Ethanol_c198_q3_chg.inp', './Ethanol_c69_q3_chg.inp', './Ethanol_c78_q3_chg.inp', './Ethanol_c195_q1_chg.inp', './Ethanol_c69_q2_chg.inp', './Ethanol_c29_q3_chg.inp', './Ethanol_c170_q2_chg.inp', './Ethanol_c25_q3_chg.inp', './Ethanol_c90_q2_chg.inp', './Ethanol_c71_q1_chg.inp', './Ethanol_c127_q2_chg.inp', './Ethanol_c53_q3_chg.inp', './Ethanol_c139_q2_chg.inp', './Ethanol_c67_q3_chg.inp', './Ethanol_c77_q3_chg.inp', './Ethanol_c149_q1_chg.inp', './Ethanol_c51_q1_chg.inp', './Ethanol_c71_q2_chg.inp', './Ethanol_c93_q3_chg.inp', './Ethanol_c95_q3_chg.inp', './Ethanol_c82_q2_chg.inp', './Ethanol_c145_q1_chg.inp', './Ethanol_c84_q3_chg.inp', './Ethanol_c114_q1_chg.inp', './Ethanol_c105_q2_chg.inp', './Ethanol_c144_q3_chg.inp', './Ethanol_c159_q2_chg.inp', './Ethanol_c74_q1_chg.inp', './Ethanol_c17_q3_chg.inp', './Ethanol_c31_q3_chg.inp', './Ethanol_c135_q3_chg.inp', './Ethanol_c33_q1_chg.inp', './Ethanol_c26_q2_chg.inp', './Ethanol_c172_q1_chg.inp', './Ethanol_c98_q1_chg.inp', './Ethanol_c146_q3_chg.inp', './Ethanol_c161_q2_chg.inp', './Ethanol_c143_q1_chg.inp', './Ethanol_c177_q1_chg.inp', './Ethanol_c72_q3_chg.inp', './Ethanol_c15_q1_chg.inp', './Ethanol_c10_q2_chg.inp', './Ethanol_c21_q1_chg.inp', './Ethanol_c40_q1_chg.inp', './Ethanol_c117_q3_chg.inp', './Ethanol_c20_q2_chg.inp', './Ethanol_c119_q2_chg.inp', './Ethanol_c2_q2_chg.inp', './Ethanol_c28_q3_chg.inp', './Ethanol_c51_q3_chg.inp', './Ethanol_c121_q1_chg.inp', './Ethanol_c13_q2_chg.inp', './Ethanol_c108_q2_chg.inp', './Ethanol_c199_q2_chg.inp', './Ethanol_c141_q3_chg.inp', './Ethanol_c149_q3_chg.inp', './Ethanol_c76_q1_chg.inp', './Ethanol_c160_q2_chg.inp', './Ethanol_c165_q1_chg.inp', './Ethanol_c137_q1_chg.inp', './Ethanol_c168_q3_chg.inp', './Ethanol_c176_q3_chg.inp', './Ethanol_c62_q3_chg.inp', './Ethanol_c85_q3_chg.inp', './Ethanol_c84_q1_chg.inp', './Ethanol_c51_q2_chg.inp', './Ethanol_c102_q2_chg.inp', './Ethanol_c64_q2_chg.inp', './Ethanol_c197_q1_chg.inp', './Ethanol_c106_q3_chg.inp', './Ethanol_c99_q1_chg.inp', './Ethanol_c83_q1_chg.inp', './Ethanol_c32_q1_chg.inp', './Ethanol_c94_q1_chg.inp', './Ethanol_c200_q1_chg.inp', './Ethanol_c86_q2_chg.inp', './Ethanol_c4_q3_chg.inp', './Ethanol_c153_q2_chg.inp', './Ethanol_c93_q1_chg.inp', './Ethanol_c185_q3_chg.inp', './Ethanol_c194_q3_chg.inp', './Ethanol_c139_q3_chg.inp', './Ethanol_c81_q3_chg.inp', './Ethanol_c141_q1_chg.inp', './Ethanol_c120_q1_chg.inp', './Ethanol_c131_q2_chg.inp', './Ethanol_c191_q2_chg.inp', './Ethanol_c4_q2_chg.inp', './Ethanol_c102_q1_chg.inp', './Ethanol_c41_q2_chg.inp', './Ethanol_c116_q1_chg.inp', './Ethanol_c152_q2_chg.inp', './Ethanol_c67_q1_chg.inp', './Ethanol_c87_q1_chg.inp', './Ethanol_c4_q1_chg.inp', './Ethanol_c12_q2_chg.inp', './Ethanol_c153_q3_chg.inp', './Ethanol_c163_q2_chg.inp', './Ethanol_c42_q3_chg.inp', './Ethanol_c21_q2_chg.inp', './Ethanol_c37_q1_chg.inp', './Ethanol_c54_q3_chg.inp', './Ethanol_c185_q2_chg.inp', './Ethanol_c103_q3_chg.inp', './Ethanol_c155_q3_chg.inp', './Ethanol_c92_q3_chg.inp', './Ethanol_c129_q1_chg.inp', './Ethanol_c192_q2_chg.inp', './Ethanol_c156_q1_chg.inp', './Ethanol_c76_q2_chg.inp', './Ethanol_c111_q3_chg.inp', './Ethanol_c155_q2_chg.inp', './Ethanol_c44_q1_chg.inp', './Ethanol_c80_q2_chg.inp', './Ethanol_c53_q1_chg.inp', './Ethanol_c151_q1_chg.inp', './Ethanol_c167_q2_chg.inp', './Ethanol_c199_q1_chg.inp', './Ethanol_c115_q2_chg.inp', './Ethanol_c111_q1_chg.inp', './Ethanol_c197_q3_chg.inp', './Ethanol_c25_q2_chg.inp', './Ethanol_c77_q1_chg.inp', './Ethanol_c63_q3_chg.inp', './Ethanol_c57_q3_chg.inp', './Ethanol_c137_q2_chg.inp', './Ethanol_c127_q1_chg.inp', './Ethanol_c79_q2_chg.inp', './Ethanol_c83_q3_chg.inp', './Ethanol_c168_q1_chg.inp', './Ethanol_c2_q3_chg.inp', './Ethanol_c112_q2_chg.inp', './Ethanol_c179_q1_chg.inp', './Ethanol_c7_q1_chg.inp', './Ethanol_c134_q1_chg.inp', './Ethanol_c33_q3_chg.inp', './Ethanol_c89_q2_chg.inp', './Ethanol_c17_q1_chg.inp', './Ethanol_c181_q3_chg.inp', './Ethanol_c14_q2_chg.inp', './Ethanol_c145_q2_chg.inp', './Ethanol_c58_q2_chg.inp', './Ethanol_c103_q2_chg.inp', './Ethanol_c151_q3_chg.inp', './Ethanol_c164_q3_chg.inp', './Ethanol_c150_q1_chg.inp', './Ethanol_c27_q1_chg.inp', './Ethanol_c118_q2_chg.inp', './Ethanol_c39_q2_chg.inp', './Ethanol_c122_q1_chg.inp', './Ethanol_c181_q2_chg.inp', './Ethanol_c26_q1_chg.inp', './Ethanol_c13_q3_chg.inp', './Ethanol_c18_q1_chg.inp', './Ethanol_c146_q2_chg.inp', './Ethanol_c123_q3_chg.inp', './Ethanol_c45_q3_chg.inp', './Ethanol_c133_q3_chg.inp', './Ethanol_c142_q1_chg.inp', './Ethanol_c131_q3_chg.inp', './Ethanol_c75_q2_chg.inp', './Ethanol_c174_q1_chg.inp', './Ethanol_c105_q1_chg.inp', './Ethanol_c1_q1_chg.inp', './Ethanol_c85_q2_chg.inp', './Ethanol_c46_q1_chg.inp', './Ethanol_c132_q1_chg.inp', './Ethanol_c112_q3_chg.inp', './Ethanol_c182_q2_chg.inp', './Ethanol_c91_q1_chg.inp', './Ethanol_c9_q2_chg.inp', './Ethanol_c21_q3_chg.inp', './Ethanol_c35_q2_chg.inp', './Ethanol_c136_q1_chg.inp', './Ethanol_c118_q1_chg.inp', './Ethanol_c70_q1_chg.inp', './Ethanol_c173_q2_chg.inp', './Ethanol_c87_q3_chg.inp', './Ethanol_c89_q3_chg.inp', './Ethanol_c158_q1_chg.inp', './Ethanol_c140_q1_chg.inp', './Ethanol_c90_q3_chg.inp', './Ethanol_c43_q1_chg.inp', './Ethanol_c169_q3_chg.inp', './Ethanol_c154_q1_chg.inp', './Ethanol_c27_q2_chg.inp', './Ethanol_c175_q3_chg.inp', './Ethanol_c22_q1_chg.inp', './Ethanol_c108_q3_chg.inp', './Ethanol_c59_q3_chg.inp', './Ethanol_c194_q2_chg.inp', './Ethanol_c154_q3_chg.inp', './Ethanol_c119_q3_chg.inp', './Ethanol_c57_q1_chg.inp', './Ethanol_c125_q2_chg.inp', './Ethanol_c73_q2_chg.inp', './Ethanol_c12_q1_chg.inp', './Ethanol_c116_q3_chg.inp', './Ethanol_c66_q1_chg.inp', './Ethanol_c82_q3_chg.inp', './Ethanol_c56_q2_chg.inp', './Ethanol_c101_q2_chg.inp', './Ethanol_c3_q2_chg.inp', './Ethanol_c28_q1_chg.inp', './Ethanol_c115_q1_chg.inp', './Ethanol_c158_q2_chg.inp', './Ethanol_c186_q3_chg.inp', './Ethanol_c46_q2_chg.inp', './Ethanol_c74_q2_chg.inp', './Ethanol_c74_q3_chg.inp', './Ethanol_c60_q2_chg.inp', './Ethanol_c195_q3_chg.inp', './Ethanol_c170_q1_chg.inp', './Ethanol_c62_q1_chg.inp', './Ethanol_c154_q2_chg.inp', './Ethanol_c96_q2_chg.inp', './Ethanol_c162_q2_chg.inp', './Ethanol_c174_q2_chg.inp', './Ethanol_c78_q1_chg.inp', './Ethanol_c193_q3_chg.inp', './Ethanol_c92_q2_chg.inp', './Ethanol_c129_q2_chg.inp', './Ethanol_c73_q1_chg.inp', './Ethanol_c77_q2_chg.inp', './Ethanol_c35_q1_chg.inp', './Ethanol_c45_q2_chg.inp', './Ethanol_c148_q2_chg.inp', './Ethanol_c107_q1_chg.inp', './Ethanol_c142_q2_chg.inp', './Ethanol_c114_q2_chg.inp', './Ethanol_c50_q2_chg.inp', './Ethanol_c30_q2_chg.inp', './Ethanol_c110_q3_chg.inp', './Ethanol_c180_q1_chg.inp', './Ethanol_c176_q2_chg.inp', './Ethanol_c115_q3_chg.inp', './Ethanol_c73_q3_chg.inp', './Ethanol_c167_q1_chg.inp', './Ethanol_c128_q3_chg.inp', './Ethanol_c190_q1_chg.inp', './Ethanol_c39_q1_chg.inp', './Ethanol_c89_q1_chg.inp', './Ethanol_c167_q3_chg.inp', './Ethanol_c14_q1_chg.inp', './Ethanol_c19_q2_chg.inp', './Ethanol_c160_q1_chg.inp', './Ethanol_c41_q1_chg.inp', './Ethanol_c189_q2_chg.inp', './Ethanol_c1_q2_chg.inp', './Ethanol_c147_q3_chg.inp', './Ethanol_c8_q1_chg.inp', './Ethanol_c97_q2_chg.inp', './Ethanol_c171_q3_chg.inp', './Ethanol_c54_q2_chg.inp', './Ethanol_c192_q3_chg.inp', './Ethanol_c100_q1_chg.inp']
./opt-test-SCEE/Ethanol_c23_q2.out ./opt-test-SCEE/Ethanol_c23_q2_v1.dat
Traceback (most recent call last):
  File "/home/zoe/Research/SCEE_Project/Ethanol_MJ/Run_SCEE.py", line 675, in <module>
    Molecule.init_v1()
    ~~~~~~~~~~~~~~~~^^
  File "/home/zoe/Research/SCEE_Project/Ethanol_MJ/SCEE.py", line 116, in init_v1
    data = raw_data[-1].split('\n')
           ~~~~~~~~^^^^
IndexError: list index out of range
NOTE: Some configuration directories are not set up yet: 
	/home/zoe/.gromacswrapper
	/home/zoe/.gromacswrapper/qscripts
	/home/zoe/.gromacswrapper/templates
NOTE: You can create the configuration file and directories with:
	>>> import gromacs
	>>> gromacs.config.setup()
Before starting the calculations there is some information and formatting that is required from you. This is important for ensuring the scripts being applied function as intended.
We are able to create the system of interest through our python scripts. If this is a requirement, you will need to provide the gro files containing the AA {central}_AA.gro and UA {solvent}_UAS.gro and associated topology files for these molecules. The central atom will be equilibrated, minimised and have the number of requested solvent atoms added to a 5*5*5 box. Please ensure the central and solvent atoms are given different names in this case. If this isn't required the gro file for the system should be titled either {central}.gro for a system of all the same molecules or {central}_in_{solvent}.gro if for a mixture.
For systems that require the application of both UA and AA molecules that appears differently in the topology file, we request that these are separated into different .itp files labelled in the following format:f'{central}_AA.itp' and f'{solvent}_UA.itp', listed in the topology file using the #include notation. If your system is a mixture it should be labeled using f'{central}_in_{solvent}.top'. Otherwise, if using using a system that appears the same in the topology file when split into UA and AA we request that these are included as f'{central}.top'. You will be asked for the name of your central and solvent molecule names for this purposes.
There are some additional requirements for the formating of your topology file. If a dummy atom is present, ensure the [atomtypes] section, either within the topology file or associated forcefield contains the following columns ;name typ MW q dummy V@nm W@kj/mol where A represents atom and D represents the dummy. If not, the following column structure is accepted ;name typ MW q V@nm W@kj/mol. This is require for the generation of the oniom file.
With this information are you ready to get started? yes or no?
Please continue with the next steps
Does your system require separated .itp files? yes/no?
What is your central and solvent molecues?
Central molecules?
Its SMILE String?
Its residue name?
Surrounding Solvent?
Its SMILE String?
Its residue name?
What is your solvent keyword for Gaussian?
Does the central atom you are using require the application of a dummy atom?
What is the scaling ratio for your charges?
qr1:
qr2:
qr3:
Do you need the gro system generated?
What is the experimental density of your?
What is the molar mass of your?
What is the experimental dielectric constant of your molecule?
What is the experimental refractive index of your molecule?
What is the experimental dipole moment of your molecule in the gas phase?
How many replicas would you like to run?
What temperatures (in K) would you like to run your simulations to run at? (please use 1, 2, ... format)
What pressures (in K) would you like to run your simulations to run at? (please use 1, 2, ... format)
24.0
2567
2.0475
opt-test_vacuum/nvt_vacuum.out opt-test dipole_l 1.5801
opt-test_vacuum/nvt_vacuum.out opt-test dipole_m 1.5801
opt-test_vacuum/nvt_vacuum.out opt-test dipole_h 1.5801
opt-test
       dipole_l  dipole_m  dipole_h
count    1.0000    1.0000    1.0000
mean     1.5801    1.5801    1.5801
std         NaN       NaN       NaN
min      1.5801    1.5801    1.5801
25%      1.5801    1.5801    1.5801
50%      1.5801    1.5801    1.5801
75%      1.5801    1.5801    1.5801
max      1.5801    1.5801    1.5801
     config  dipole_l  dipole_m  dipole_h
0  opt-test    1.5801    1.5801    1.5801
2.1168
   dipole_l  dipole_m  dipole_h
0    2.1168    2.1168    2.1168
       dipole_l  dipole_m  dipole_h
count    1.0000    1.0000    1.0000
mean     2.1168    2.1168    2.1168
std         NaN       NaN       NaN
min      2.1168    2.1168    2.1168
25%      2.1168    2.1168    2.1168
50%      2.1168    2.1168    2.1168
75%      2.1168    2.1168    2.1168
max      2.1168    2.1168    2.1168
   dipole_l  dipole_m  dipole_h
0    2.1168    2.1168    2.1168
2.1155
   dipole_l  dipole_m  dipole_h
0    2.1155    2.1155    2.1155
       dipole_l  dipole_m  dipole_h
count    1.0000    1.0000    1.0000
mean     2.1155    2.1155    2.1155
std         NaN       NaN       NaN
min      2.1155    2.1155    2.1155
25%      2.1155    2.1155    2.1155
50%      2.1155    2.1155    2.1155
75%      2.1155    2.1155    2.1155
max      2.1155    2.1155    2.1155
   dipole_l  dipole_m  dipole_h
0    2.1155    2.1155    2.1155
['./Simulations/replica_1/298.0K/1.0Bar']
original directory: /home/zoe/Research/SCEE_Project/Ethanol_MJ
Running on host: Tower3
/home/zoe/Research/SCEE_Project/Ethanol_MJ/Simulations/replica_1/298.0K/1.0Bar
processing conf_*.gro files
['./Ethanol_c85_q2.inp', './Ethanol_c45_q2.inp', './Ethanol_c188_q3.inp', './Ethanol_c41_q3.inp', './Ethanol_c114_q1.inp', './Ethanol_c80_q2.inp', './Ethanol_c15_q2.inp', './Ethanol_c149_q1.inp', './Ethanol_c110_q3.inp', './Ethanol_c115_q2.inp', './Ethanol_c67_q2.inp', './Ethanol_c149_q3.inp', './Ethanol_c51_q1.inp', './Ethanol_c69_q3.inp', './Ethanol_c199_q2.inp', './Ethanol_c84_q3.inp', './Ethanol_c172_q1.inp', './Ethanol_c23_q1.inp', './Ethanol_c32_q1.inp', './Ethanol_c69_q1.inp', './Ethanol_c165_q1.inp', './Ethanol_c84_q1.inp', './Ethanol_c183_q3.inp', './Ethanol_c168_q3.inp', './Ethanol_c165_q3.inp', './Ethanol_c33_q1.inp', './Ethanol_c76_q2.inp', './Ethanol_c198_q1.inp', './Ethanol_c147_q3.inp', './Ethanol_c111_q1.inp', './Ethanol_c13_q1.inp', './Ethanol_c7_q1.inp', './Ethanol_c130_q2.inp', './Ethanol_c65_q1.inp', './Ethanol_c138_q3.inp', './Ethanol_c177_q1.inp', './Ethanol_c150_q2.inp', './Ethanol_c62_q2.inp', './Ethanol_c170_q2.inp', './Ethanol_c14_q2.inp', './Ethanol_c59_q3.inp', './Ethanol_c112_q1.inp', './Ethanol_c174_q1.inp', './Ethanol_c30_q2.inp', './Ethanol_c176_q3.inp', './Ethanol_c23_q2.inp', './Ethanol_c94_q1.inp', './Ethanol_c100_q1.inp', './Ethanol_c50_q1.inp', './Ethanol_c54_q1.inp', './Ethanol_c171_q2.inp', './Ethanol_c116_q1.inp', './Ethanol_c157_q1.inp', './Ethanol_c112_q2.inp', './Ethanol_c101_q3.inp', './Ethanol_c43_q1.inp', './Ethanol_c9_q2.inp', './Ethanol_c94_q3.inp', './Ethanol_c196_q2.inp', './Ethanol_c146_q1.inp', './Ethanol_c26_q3.inp', './Ethanol_c68_q1.inp', './Ethanol_c166_q2.inp', './Ethanol_c91_q2.inp', './Ethanol_c128_q3.inp', './Ethanol_c186_q3.inp', './Ethanol_c88_q3.inp', './Ethanol_c73_q2.inp', './Ethanol_c15_q1.inp', './Ethanol_c193_q1.inp', './Ethanol_c64_q1.inp', './Ethanol_c30_q1.inp', './Ethanol_c126_q1.inp', './Ethanol_c50_q2.inp', './Ethanol_c153_q2.inp', './Ethanol_c5_q2.inp', './Ethanol_c38_q3.inp', './Ethanol_c125_q2.inp', './Ethanol_c146_q2.inp', './Ethanol_c144_q2.inp', './Ethanol_c87_q1.inp', './Ethanol_c80_q1.inp', './Ethanol_c19_q1.inp', './Ethanol_c137_q1.inp', './Ethanol_c3_q2.inp', './Ethanol_c85_q3.inp', './Ethanol_c10_q3.inp', './Ethanol_c58_q2.inp', './Ethanol_c107_q3.inp', './Ethanol_c77_q3.inp', './Ethanol_c143_q3.inp', './Ethanol_c5_q3.inp', './Ethanol_c97_q1.inp', './Ethanol_c62_q3.inp', './Ethanol_c12_q2.inp', './Ethanol_c75_q1.inp', './Ethanol_c89_q3.inp', './Ethanol_c164_q1.inp', './Ethanol_c7_q3.inp', './Ethanol_c53_q3.inp', './Ethanol_c81_q1.inp', './Ethanol_c190_q2.inp', './Ethanol_c8_q1.inp', './Ethanol_c136_q3.inp', './Ethanol_c2_q3.inp', './Ethanol_c119_q2.inp', './Ethanol_c20_q3.inp', './Ethanol_c141_q3.inp', './Ethanol_c117_q2.inp', './Ethanol_c154_q2.inp', './Ethanol_c108_q1.inp', './Ethanol_c175_q3.inp', './Ethanol_c110_q2.inp', './Ethanol_c52_q1.inp', './Ethanol_c43_q2.inp', './Ethanol_c113_q2.inp', './Ethanol_c93_q2.inp', './Ethanol_c39_q3.inp', './Ethanol_c181_q2.inp', './Ethanol_c194_q1.inp', './Ethanol_c28_q2.inp', './Ethanol_c163_q3.inp', './Ethanol_c108_q3.inp', './Ethanol_c65_q3.inp', './Ethanol_c101_q2.inp', './Ethanol_c104_q2.inp', './Ethanol_c84_q2.inp', './Ethanol_c10_q2.inp', './Ethanol_c132_q3.inp', './Ethanol_c182_q1.inp', './Ethanol_c32_q3.inp', './Ethanol_c46_q2.inp', './Ethanol_c156_q3.inp', './Ethanol_c195_q1.inp', './Ethanol_c2_q1.inp', './Ethanol_c41_q1.inp', './Ethanol_c60_q2.inp', './Ethanol_c86_q2.inp', './Ethanol_c182_q3.inp', './Ethanol_c162_q1.inp', './Ethanol_c109_q1.inp', './Ethanol_c95_q3.inp', './Ethanol_c17_q3.inp', './Ethanol_c124_q3.inp', './Ethanol_c118_q2.inp', './Ethanol_c56_q3.inp', './Ethanol_c31_q2.inp', './Ethanol_c95_q1.inp', './Ethanol_c159_q1.inp', './Ethanol_c25_q2.inp', './Ethanol_c149_q2.inp', './Ethanol_c4_q1.inp', './Ethanol_c190_q1.inp', './Ethanol_c127_q1.inp', './Ethanol_c118_q3.inp', './Ethanol_c61_q1.inp', './Ethanol_c133_q2.inp', './Ethanol_c40_q2.inp', './Ethanol_c184_q1.inp', './Ethanol_c162_q3.inp', './Ethanol_c22_q1.inp', './Ethanol_c37_q1.inp', './Ethanol_c116_q2.inp', './Ethanol_c170_q3.inp', './Ethanol_c78_q2.inp', './Ethanol_c12_q1.inp', './Ethanol_c137_q2.inp', './Ethanol_c197_q2.inp', './Ethanol_c176_q2.inp', './Ethanol_c110_q1.inp', './Ethanol_c106_q1.inp', './Ethanol_c184_q3.inp', './Ethanol_c114_q3.inp', './Ethanol_c26_q1.inp', './Ethanol_c56_q1.inp', './Ethanol_c178_q3.inp', './Ethanol_c151_q2.inp', './Ethanol_c14_q3.inp', './Ethanol_c128_q1.inp', './Ethanol_c199_q3.inp', './Ethanol_c11_q1.inp', './Ethanol_c197_q3.inp', './Ethanol_c19_q2.inp', './Ethanol_c47_q2.inp', './Ethanol_c189_q3.inp', './Ethanol_c54_q3.inp', './Ethanol_c11_q3.inp', './Ethanol_c140_q3.inp', './Ethanol_c42_q3.inp', './Ethanol_c71_q1.inp', './Ethanol_c70_q2.inp', './Ethanol_c74_q1.inp', './Ethanol_c81_q2.inp', './Ethanol_c187_q2.inp', './Ethanol_c93_q3.inp', './Ethanol_c180_q3.inp', './Ethanol_c135_q2.inp', './Ethanol_c105_q2.inp', './Ethanol_c151_q1.inp', './Ethanol_c158_q2.inp', './Ethanol_c173_q3.inp', './Ethanol_c134_q1.inp', './Ethanol_c83_q3.inp', './Ethanol_c49_q3.inp', './Ethanol_c34_q3.inp', './Ethanol_c194_q2.inp', './Ethanol_c57_q1.inp', './Ethanol_c98_q1.inp', './Ethanol_c25_q3.inp', './Ethanol_c194_q3.inp', './Ethanol_c188_q1.inp', './Ethanol_c162_q2.inp', './Ethanol_c7_q2.inp', './Ethanol_c112_q3.inp', './Ethanol_c147_q1.inp', './Ethanol_c159_q3.inp', './Ethanol_c98_q3.inp', './Ethanol_c143_q2.inp', './Ethanol_c161_q2.inp', './Ethanol_c191_q3.inp', './Ethanol_c20_q2.inp', './Ethanol_c132_q1.inp', './Ethanol_c8_q3.inp', './Ethanol_c97_q3.inp', './Ethanol_c167_q2.inp', './Ethanol_c18_q1.inp', './Ethanol_c43_q3.inp', './Ethanol_c164_q2.inp', './Ethanol_c62_q1.inp', './Ethanol_c127_q2.inp', './Ethanol_c47_q3.inp', './Ethanol_c143_q1.inp', './Ethanol_c167_q3.inp', './Ethanol_c178_q2.inp', './Ethanol_c124_q1.inp', './Ethanol_c150_q1.inp', './Ethanol_c77_q2.inp', './Ethanol_c72_q1.inp', './Ethanol_c120_q1.inp', './Ethanol_c77_q1.inp', './Ethanol_c11_q2.inp', './Ethanol_c141_q2.inp', './Ethanol_c56_q2.inp', './Ethanol_c55_q2.inp', './Ethanol_c8_q2.inp', './Ethanol_c196_q3.inp', './Ethanol_c129_q2.inp', './Ethanol_c133_q1.inp', './Ethanol_c124_q2.inp', './Ethanol_c4_q3.inp', './Ethanol_c21_q3.inp', './Ethanol_c197_q1.inp', './Ethanol_c103_q2.inp', './Ethanol_c92_q1.inp', './Ethanol_c53_q1.inp', './Ethanol_c13_q2.inp', './Ethanol_c16_q3.inp', './Ethanol_c72_q3.inp', './Ethanol_c41_q2.inp', './Ethanol_c193_q2.inp', './Ethanol_c14_q1.inp', './Ethanol_c93_q1.inp', './Ethanol_c145_q1.inp', './Ethanol_c27_q3.inp', './Ethanol_c166_q3.inp', './Ethanol_c57_q2.inp', './Ethanol_c44_q2.inp', './Ethanol_c49_q1.inp', './Ethanol_c49_q2.inp', './Ethanol_c152_q1.inp', './Ethanol_c95_q2.inp', './Ethanol_c10_q1.inp', './Ethanol_c58_q1.inp', './Ethanol_c175_q1.inp', './Ethanol_c186_q1.inp', './Ethanol_c53_q2.inp', './Ethanol_c173_q2.inp', './Ethanol_c126_q2.inp', './Ethanol_c6_q2.inp', './Ethanol_c69_q2.inp', './Ethanol_c20_q1.inp', './Ethanol_c90_q3.inp', './Ethanol_c150_q3.inp', './Ethanol_c179_q3.inp', './Ethanol_c86_q3.inp', './Ethanol_c126_q3.inp', './Ethanol_c92_q2.inp', './Ethanol_c134_q2.inp', './Ethanol_c89_q2.inp', './Ethanol_c189_q1.inp', './Ethanol_c148_q2.inp', './Ethanol_c140_q2.inp', './Ethanol_c42_q2.inp', './Ethanol_c174_q2.inp', './Ethanol_c115_q1.inp', './Ethanol_c47_q1.inp', './Ethanol_c146_q3.inp', './Ethanol_c60_q3.inp', './Ethanol_c107_q2.inp', './Ethanol_c79_q2.inp', './Ethanol_c27_q2.inp', './Ethanol_c180_q1.inp', './Ethanol_c182_q2.inp', './Ethanol_c166_q1.inp', './Ethanol_c83_q1.inp', './Ethanol_c1_q1.inp', './Ethanol_c192_q3.inp', './Ethanol_c163_q1.inp', './Ethanol_c161_q1.inp', './Ethanol_c171_q3.inp', './Ethanol_c48_q1.inp', './Ethanol_c68_q2.inp', './Ethanol_c105_q1.inp', './Ethanol_c24_q3.inp', './Ethanol_c129_q1.inp', './Ethanol_c158_q1.inp', './Ethanol_c6_q3.inp', './Ethanol_c35_q3.inp', './Ethanol_c76_q3.inp', './Ethanol_c76_q1.inp', './Ethanol_c39_q2.inp', './Ethanol_c114_q2.inp', './Ethanol_c106_q3.inp', './Ethanol_c96_q1.inp', './Ethanol_c70_q3.inp', './Ethanol_c83_q2.inp', './Ethanol_c85_q1.inp', './Ethanol_c158_q3.inp', './Ethanol_c50_q3.inp', './Ethanol_c125_q1.inp', './Ethanol_c152_q3.inp', './Ethanol_c26_q2.inp', './Ethanol_c73_q1.inp', './Ethanol_c157_q3.inp', './Ethanol_c117_q3.inp', './Ethanol_c102_q1.inp', './Ethanol_c89_q1.inp', './Ethanol_c130_q3.inp', './Ethanol_c111_q2.inp', './Ethanol_c145_q3.inp', './Ethanol_c109_q3.inp', './Ethanol_c183_q2.inp', './Ethanol_c96_q3.inp', './Ethanol_c159_q2.inp', './Ethanol_c38_q1.inp', './Ethanol_c121_q1.inp', './Ethanol_c156_q2.inp', './Ethanol_c55_q3.inp', './Ethanol_c16_q1.inp', './Ethanol_c198_q2.inp', './Ethanol_c24_q2.inp', './Ethanol_c200_q2.inp', './Ethanol_c63_q1.inp', './Ethanol_c195_q3.inp', './Ethanol_c28_q1.inp', './Ethanol_c35_q2.inp', './Ethanol_c18_q3.inp', './Ethanol_c28_q3.inp', './Ethanol_c2_q2.inp', './Ethanol_c181_q1.inp', './Ethanol_c136_q2.inp', './Ethanol_c115_q3.inp', './Ethanol_c5_q1.inp', './Ethanol_c51_q3.inp', './Ethanol_c81_q3.inp', './Ethanol_c87_q3.inp', './Ethanol_c58_q3.inp', './Ethanol_c33_q2.inp', './Ethanol_c187_q3.inp', './Ethanol_c180_q2.inp', './Ethanol_c64_q3.inp', './Ethanol_c40_q3.inp', './Ethanol_c60_q1.inp', './Ethanol_c30_q3.inp', './Ethanol_c186_q2.inp', './Ethanol_c29_q3.inp', './Ethanol_c51_q2.inp', './Ethanol_c191_q1.inp', './Ethanol_c109_q2.inp', './Ethanol_c1_q3.inp', './Ethanol_c169_q3.inp', './Ethanol_c122_q3.inp', './Ethanol_c66_q2.inp', './Ethanol_c101_q1.inp', './Ethanol_c132_q2.inp', './Ethanol_c45_q1.inp', './Ethanol_c153_q3.inp', './Ethanol_c46_q1.inp', './Ethanol_c99_q3.inp', './Ethanol_c168_q2.inp', './Ethanol_c48_q2.inp', './Ethanol_c97_q2.inp', './Ethanol_c178_q1.inp', './Ethanol_c129_q3.inp', './Ethanol_c138_q2.inp', './Ethanol_c138_q1.inp', './Ethanol_c90_q1.inp', './Ethanol_c199_q1.inp', './Ethanol_c12_q3.inp', './Ethanol_c195_q2.inp', './Ethanol_c139_q3.inp', './Ethanol_c40_q1.inp', './Ethanol_c64_q2.inp', './Ethanol_c72_q2.inp', './Ethanol_c32_q2.inp', './Ethanol_c136_q1.inp', './Ethanol_c65_q2.inp', './Ethanol_c67_q1.inp', './Ethanol_c35_q1.inp', './Ethanol_c135_q1.inp', './Ethanol_c148_q3.inp', './Ethanol_c122_q2.inp', './Ethanol_c183_q1.inp', './Ethanol_c157_q2.inp', './Ethanol_c75_q2.inp', './Ethanol_c131_q2.inp', './Ethanol_c152_q2.inp', './Ethanol_c155_q3.inp', './Ethanol_c67_q3.inp', './Ethanol_c169_q1.inp', './Ethanol_c139_q1.inp', './Ethanol_c139_q2.inp', './Ethanol_c141_q1.inp', './Ethanol_c107_q1.inp', './Ethanol_c15_q3.inp', './Ethanol_c19_q3.inp', './Ethanol_c73_q3.inp', './Ethanol_c189_q2.inp', './Ethanol_c55_q1.inp', './Ethanol_c100_q3.inp', './Ethanol_c52_q3.inp', './Ethanol_c21_q2.inp', './Ethanol_c3_q1.inp', './Ethanol_c63_q3.inp', './Ethanol_c165_q2.inp', './Ethanol_c90_q2.inp', './Ethanol_c190_q3.inp', './Ethanol_c174_q3.inp', './Ethanol_c133_q3.inp', './Ethanol_c113_q3.inp', './Ethanol_c92_q3.inp', './Ethanol_c1_q2.inp', './Ethanol_c9_q1.inp', './Ethanol_c142_q1.inp', './Ethanol_c120_q3.inp', './Ethanol_c3_q3.inp', './Ethanol_c27_q1.inp', './Ethanol_c44_q1.inp', './Ethanol_c191_q2.inp', './Ethanol_c168_q1.inp', './Ethanol_c148_q1.inp', './Ethanol_c177_q3.inp', './Ethanol_c6_q1.inp', './Ethanol_c70_q1.inp', './Ethanol_c161_q3.inp', './Ethanol_c170_q1.inp', './Ethanol_c120_q2.inp', './Ethanol_c104_q1.inp', './Ethanol_c181_q3.inp', './Ethanol_c106_q2.inp', './Ethanol_c74_q2.inp', './Ethanol_c198_q3.inp', './Ethanol_c34_q2.inp', './Ethanol_c42_q1.inp', './Ethanol_c78_q3.inp', './Ethanol_c117_q1.inp', './Ethanol_c119_q3.inp', './Ethanol_c91_q1.inp', './Ethanol_c179_q1.inp', './Ethanol_c37_q2.inp', './Ethanol_c135_q3.inp', './Ethanol_c123_q3.inp', './Ethanol_c123_q1.inp', './Ethanol_c167_q1.inp', './Ethanol_c185_q3.inp', './Ethanol_c105_q3.inp', './Ethanol_c61_q2.inp', './Ethanol_c102_q2.inp', './Ethanol_c102_q3.inp', './Ethanol_c36_q2.inp', './Ethanol_c142_q2.inp', './Ethanol_c160_q1.inp', './Ethanol_c82_q3.inp', './Ethanol_c36_q3.inp', './Ethanol_c176_q1.inp', './Ethanol_c46_q3.inp', './Ethanol_c31_q1.inp', './Ethanol_c192_q2.inp', './Ethanol_c185_q1.inp', './Ethanol_c128_q2.inp', './Ethanol_c137_q3.inp', './Ethanol_c196_q1.inp', './Ethanol_c17_q2.inp', './Ethanol_c145_q2.inp', './Ethanol_c78_q1.inp', './Ethanol_c18_q2.inp', './Ethanol_c52_q2.inp', './Ethanol_c179_q2.inp', './Ethanol_c187_q1.inp', './Ethanol_c160_q3.inp', './Ethanol_c33_q3.inp', './Ethanol_c123_q2.inp', './Ethanol_c71_q3.inp', './Ethanol_c193_q3.inp', './Ethanol_c153_q1.inp', './Ethanol_c163_q2.inp', './Ethanol_c122_q1.inp', './Ethanol_c29_q1.inp', './Ethanol_c118_q1.inp', './Ethanol_c131_q3.inp', './Ethanol_c121_q2.inp', './Ethanol_c144_q1.inp', './Ethanol_c131_q1.inp', './Ethanol_c119_q1.inp', './Ethanol_c80_q3.inp', './Ethanol_c175_q2.inp', './Ethanol_c22_q3.inp', './Ethanol_c113_q1.inp', './Ethanol_c173_q1.inp', './Ethanol_c66_q1.inp', './Ethanol_c104_q3.inp', './Ethanol_c22_q2.inp', './Ethanol_c127_q3.inp', './Ethanol_c31_q3.inp', './Ethanol_c156_q1.inp', './Ethanol_c91_q3.inp', './Ethanol_c188_q2.inp', './Ethanol_c87_q2.inp', './Ethanol_c103_q3.inp', './Ethanol_c154_q3.inp', './Ethanol_c88_q2.inp', './Ethanol_c36_q1.inp', './Ethanol_c192_q1.inp', './Ethanol_c21_q1.inp', './Ethanol_c29_q2.inp', './Ethanol_c66_q3.inp', './Ethanol_c9_q3.inp', './Ethanol_c134_q3.inp', './Ethanol_c155_q2.inp', './Ethanol_c82_q1.inp', './Ethanol_c61_q3.inp', './Ethanol_c155_q1.inp', './Ethanol_c45_q3.inp', './Ethanol_c44_q3.inp', './Ethanol_c88_q1.inp', './Ethanol_c177_q2.inp', './Ethanol_c103_q1.inp', './Ethanol_c34_q1.inp', './Ethanol_c24_q1.inp', './Ethanol_c59_q2.inp', './Ethanol_c140_q1.inp', './Ethanol_c79_q3.inp', './Ethanol_c200_q3.inp', './Ethanol_c144_q3.inp', './Ethanol_c16_q2.inp', './Ethanol_c111_q3.inp', './Ethanol_c130_q1.inp', './Ethanol_c147_q2.inp', './Ethanol_c57_q3.inp', './Ethanol_c169_q2.inp', './Ethanol_c184_q2.inp', './Ethanol_c94_q2.inp', './Ethanol_c108_q2.inp', './Ethanol_c99_q1.inp', './Ethanol_c185_q2.inp', './Ethanol_c37_q3.inp', './Ethanol_c125_q3.inp', './Ethanol_c160_q2.inp', './Ethanol_c17_q1.inp', './Ethanol_c172_q2.inp', './Ethanol_c71_q2.inp', './Ethanol_c164_q3.inp', './Ethanol_c142_q3.inp', './Ethanol_c39_q1.inp', './Ethanol_c23_q3.inp', './Ethanol_c99_q2.inp', './Ethanol_c75_q3.inp', './Ethanol_c82_q2.inp', './Ethanol_c79_q1.inp', './Ethanol_c172_q3.inp', './Ethanol_c171_q1.inp', './Ethanol_c96_q2.inp', './Ethanol_c25_q1.inp', './Ethanol_c154_q1.inp', './Ethanol_c74_q3.inp', './Ethanol_c54_q2.inp', './Ethanol_c200_q1.inp', './Ethanol_c4_q2.inp', './Ethanol_c38_q2.inp', './Ethanol_c48_q3.inp', './Ethanol_c116_q3.inp', './Ethanol_c86_q1.inp', './Ethanol_c121_q3.inp', './Ethanol_c68_q3.inp', './Ethanol_c63_q2.inp', './Ethanol_c151_q3.inp', './Ethanol_c98_q2.inp', './Ethanol_c59_q1.inp', './Ethanol_c100_q2.inp', './Ethanol_c13_q3.inp']
./Ethanol_c85_q2
./opt-test-SCEE/Ethanol_c85_q2.dat
./Ethanol_c45_q2
./opt-test-SCEE/Ethanol_c45_q2.dat
./Ethanol_c188_q3
./opt-test-SCEE/Ethanol_c188_q3.dat
./Ethanol_c41_q3
./opt-test-SCEE/Ethanol_c41_q3.dat
./Ethanol_c114_q1
./opt-test-SCEE/Ethanol_c114_q1.dat
./Ethanol_c80_q2
./opt-test-SCEE/Ethanol_c80_q2.dat
./Ethanol_c15_q2
./opt-test-SCEE/Ethanol_c15_q2.dat
./Ethanol_c149_q1
./opt-test-SCEE/Ethanol_c149_q1.dat
./Ethanol_c110_q3
./opt-test-SCEE/Ethanol_c110_q3.dat
./Ethanol_c115_q2
./opt-test-SCEE/Ethanol_c115_q2.dat
./Ethanol_c67_q2
./opt-test-SCEE/Ethanol_c67_q2.dat
./Ethanol_c149_q3
./opt-test-SCEE/Ethanol_c149_q3.dat
./Ethanol_c51_q1
./opt-test-SCEE/Ethanol_c51_q1.dat
./Ethanol_c69_q3
./opt-test-SCEE/Ethanol_c69_q3.dat
./Ethanol_c199_q2
./opt-test-SCEE/Ethanol_c199_q2.dat
./Ethanol_c84_q3
./opt-test-SCEE/Ethanol_c84_q3.dat
./Ethanol_c172_q1
./opt-test-SCEE/Ethanol_c172_q1.dat
./Ethanol_c23_q1
./opt-test-SCEE/Ethanol_c23_q1.dat
./Ethanol_c32_q1
./opt-test-SCEE/Ethanol_c32_q1.dat
./Ethanol_c69_q1
./opt-test-SCEE/Ethanol_c69_q1.dat
./Ethanol_c165_q1
./opt-test-SCEE/Ethanol_c165_q1.dat
./Ethanol_c84_q1
./opt-test-SCEE/Ethanol_c84_q1.dat
./Ethanol_c183_q3
./opt-test-SCEE/Ethanol_c183_q3.dat
./Ethanol_c168_q3
./opt-test-SCEE/Ethanol_c168_q3.dat
./Ethanol_c165_q3
./opt-test-SCEE/Ethanol_c165_q3.dat
./Ethanol_c33_q1
./opt-test-SCEE/Ethanol_c33_q1.dat
./Ethanol_c76_q2
./opt-test-SCEE/Ethanol_c76_q2.dat
./Ethanol_c198_q1
./opt-test-SCEE/Ethanol_c198_q1.dat
./Ethanol_c147_q3
./opt-test-SCEE/Ethanol_c147_q3.dat
./Ethanol_c111_q1
./opt-test-SCEE/Ethanol_c111_q1.dat
./Ethanol_c13_q1
./opt-test-SCEE/Ethanol_c13_q1.dat
./Ethanol_c7_q1
./opt-test-SCEE/Ethanol_c7_q1.dat
./Ethanol_c130_q2
./opt-test-SCEE/Ethanol_c130_q2.dat
./Ethanol_c65_q1
./opt-test-SCEE/Ethanol_c65_q1.dat
./Ethanol_c138_q3
./opt-test-SCEE/Ethanol_c138_q3.dat
./Ethanol_c177_q1
./opt-test-SCEE/Ethanol_c177_q1.dat
./Ethanol_c150_q2
./opt-test-SCEE/Ethanol_c150_q2.dat
./Ethanol_c62_q2
./opt-test-SCEE/Ethanol_c62_q2.dat
./Ethanol_c170_q2
./opt-test-SCEE/Ethanol_c170_q2.dat
./Ethanol_c14_q2
./opt-test-SCEE/Ethanol_c14_q2.dat
./Ethanol_c59_q3
./opt-test-SCEE/Ethanol_c59_q3.dat
./Ethanol_c112_q1
./opt-test-SCEE/Ethanol_c112_q1.dat
./Ethanol_c174_q1
./opt-test-SCEE/Ethanol_c174_q1.dat
./Ethanol_c30_q2
./opt-test-SCEE/Ethanol_c30_q2.dat
./Ethanol_c176_q3
./opt-test-SCEE/Ethanol_c176_q3.dat
./Ethanol_c23_q2
./opt-test-SCEE/Ethanol_c23_q2.dat
./Ethanol_c94_q1
./opt-test-SCEE/Ethanol_c94_q1.dat
./Ethanol_c100_q1
./opt-test-SCEE/Ethanol_c100_q1.dat
./Ethanol_c50_q1
./opt-test-SCEE/Ethanol_c50_q1.dat
./Ethanol_c54_q1
./opt-test-SCEE/Ethanol_c54_q1.dat
./Ethanol_c171_q2
./opt-test-SCEE/Ethanol_c171_q2.dat
./Ethanol_c116_q1
./opt-test-SCEE/Ethanol_c116_q1.dat
./Ethanol_c157_q1
./opt-test-SCEE/Ethanol_c157_q1.dat
./Ethanol_c112_q2
./opt-test-SCEE/Ethanol_c112_q2.dat
./Ethanol_c101_q3
./opt-test-SCEE/Ethanol_c101_q3.dat
./Ethanol_c43_q1
./opt-test-SCEE/Ethanol_c43_q1.dat
./Ethanol_c9_q2
./opt-test-SCEE/Ethanol_c9_q2.dat
./Ethanol_c94_q3
./opt-test-SCEE/Ethanol_c94_q3.dat
./Ethanol_c196_q2
./opt-test-SCEE/Ethanol_c196_q2.dat
./Ethanol_c146_q1
./opt-test-SCEE/Ethanol_c146_q1.dat
./Ethanol_c26_q3
./opt-test-SCEE/Ethanol_c26_q3.dat
./Ethanol_c68_q1
./opt-test-SCEE/Ethanol_c68_q1.dat
./Ethanol_c166_q2
./opt-test-SCEE/Ethanol_c166_q2.dat
./Ethanol_c91_q2
./opt-test-SCEE/Ethanol_c91_q2.dat
./Ethanol_c128_q3
./opt-test-SCEE/Ethanol_c128_q3.dat
./Ethanol_c186_q3
./opt-test-SCEE/Ethanol_c186_q3.dat
./Ethanol_c88_q3
./opt-test-SCEE/Ethanol_c88_q3.dat
./Ethanol_c73_q2
./opt-test-SCEE/Ethanol_c73_q2.dat
./Ethanol_c15_q1
./opt-test-SCEE/Ethanol_c15_q1.dat
./Ethanol_c193_q1
./opt-test-SCEE/Ethanol_c193_q1.dat
./Ethanol_c64_q1
./opt-test-SCEE/Ethanol_c64_q1.dat
./Ethanol_c30_q1
./opt-test-SCEE/Ethanol_c30_q1.dat
./Ethanol_c126_q1
./opt-test-SCEE/Ethanol_c126_q1.dat
./Ethanol_c50_q2
./opt-test-SCEE/Ethanol_c50_q2.dat
./Ethanol_c153_q2
./opt-test-SCEE/Ethanol_c153_q2.dat
./Ethanol_c5_q2
./opt-test-SCEE/Ethanol_c5_q2.dat
./Ethanol_c38_q3
./opt-test-SCEE/Ethanol_c38_q3.dat
./Ethanol_c125_q2
./opt-test-SCEE/Ethanol_c125_q2.dat
./Ethanol_c146_q2
./opt-test-SCEE/Ethanol_c146_q2.dat
./Ethanol_c144_q2
./opt-test-SCEE/Ethanol_c144_q2.dat
./Ethanol_c87_q1
./opt-test-SCEE/Ethanol_c87_q1.dat
./Ethanol_c80_q1
./opt-test-SCEE/Ethanol_c80_q1.dat
./Ethanol_c19_q1
./opt-test-SCEE/Ethanol_c19_q1.dat
./Ethanol_c137_q1
./opt-test-SCEE/Ethanol_c137_q1.dat
./Ethanol_c3_q2
./opt-test-SCEE/Ethanol_c3_q2.dat
./Ethanol_c85_q3
./opt-test-SCEE/Ethanol_c85_q3.dat
./Ethanol_c10_q3
./opt-test-SCEE/Ethanol_c10_q3.dat
./Ethanol_c58_q2
./opt-test-SCEE/Ethanol_c58_q2.dat
./Ethanol_c107_q3
./opt-test-SCEE/Ethanol_c107_q3.dat
./Ethanol_c77_q3
./opt-test-SCEE/Ethanol_c77_q3.dat
./Ethanol_c143_q3
./opt-test-SCEE/Ethanol_c143_q3.dat
./Ethanol_c5_q3
./opt-test-SCEE/Ethanol_c5_q3.dat
./Ethanol_c97_q1
./opt-test-SCEE/Ethanol_c97_q1.dat
./Ethanol_c62_q3
./opt-test-SCEE/Ethanol_c62_q3.dat
./Ethanol_c12_q2
./opt-test-SCEE/Ethanol_c12_q2.dat
./Ethanol_c75_q1
./opt-test-SCEE/Ethanol_c75_q1.dat
./Ethanol_c89_q3
./opt-test-SCEE/Ethanol_c89_q3.dat
./Ethanol_c164_q1
./opt-test-SCEE/Ethanol_c164_q1.dat
./Ethanol_c7_q3
./opt-test-SCEE/Ethanol_c7_q3.dat
./Ethanol_c53_q3
./opt-test-SCEE/Ethanol_c53_q3.dat
./Ethanol_c81_q1
./opt-test-SCEE/Ethanol_c81_q1.dat
./Ethanol_c190_q2
./opt-test-SCEE/Ethanol_c190_q2.dat
./Ethanol_c8_q1
./opt-test-SCEE/Ethanol_c8_q1.dat
./Ethanol_c136_q3
./opt-test-SCEE/Ethanol_c136_q3.dat
./Ethanol_c2_q3
./opt-test-SCEE/Ethanol_c2_q3.dat
./Ethanol_c119_q2
./opt-test-SCEE/Ethanol_c119_q2.dat
./Ethanol_c20_q3
./opt-test-SCEE/Ethanol_c20_q3.dat
./Ethanol_c141_q3
./opt-test-SCEE/Ethanol_c141_q3.dat
./Ethanol_c117_q2
./opt-test-SCEE/Ethanol_c117_q2.dat
./Ethanol_c154_q2
./opt-test-SCEE/Ethanol_c154_q2.dat
./Ethanol_c108_q1
./opt-test-SCEE/Ethanol_c108_q1.dat
./Ethanol_c175_q3
./opt-test-SCEE/Ethanol_c175_q3.dat
./Ethanol_c110_q2
./opt-test-SCEE/Ethanol_c110_q2.dat
./Ethanol_c52_q1
./opt-test-SCEE/Ethanol_c52_q1.dat
./Ethanol_c43_q2
./opt-test-SCEE/Ethanol_c43_q2.dat
./Ethanol_c113_q2
./opt-test-SCEE/Ethanol_c113_q2.dat
./Ethanol_c93_q2
./opt-test-SCEE/Ethanol_c93_q2.dat
./Ethanol_c39_q3
./opt-test-SCEE/Ethanol_c39_q3.dat
./Ethanol_c181_q2
./opt-test-SCEE/Ethanol_c181_q2.dat
./Ethanol_c194_q1
./opt-test-SCEE/Ethanol_c194_q1.dat
./Ethanol_c28_q2
./opt-test-SCEE/Ethanol_c28_q2.dat
./Ethanol_c163_q3
./opt-test-SCEE/Ethanol_c163_q3.dat
./Ethanol_c108_q3
./opt-test-SCEE/Ethanol_c108_q3.dat
./Ethanol_c65_q3
./opt-test-SCEE/Ethanol_c65_q3.dat
./Ethanol_c101_q2
./opt-test-SCEE/Ethanol_c101_q2.dat
./Ethanol_c104_q2
./opt-test-SCEE/Ethanol_c104_q2.dat
./Ethanol_c84_q2
./opt-test-SCEE/Ethanol_c84_q2.dat
./Ethanol_c10_q2
./opt-test-SCEE/Ethanol_c10_q2.dat
./Ethanol_c132_q3
./opt-test-SCEE/Ethanol_c132_q3.dat
./Ethanol_c182_q1
./opt-test-SCEE/Ethanol_c182_q1.dat
./Ethanol_c32_q3
./opt-test-SCEE/Ethanol_c32_q3.dat
./Ethanol_c46_q2
./opt-test-SCEE/Ethanol_c46_q2.dat
./Ethanol_c156_q3
./opt-test-SCEE/Ethanol_c156_q3.dat
./Ethanol_c195_q1
./opt-test-SCEE/Ethanol_c195_q1.dat
./Ethanol_c2_q1
./opt-test-SCEE/Ethanol_c2_q1.dat
./Ethanol_c41_q1
./opt-test-SCEE/Ethanol_c41_q1.dat
./Ethanol_c60_q2
./opt-test-SCEE/Ethanol_c60_q2.dat
./Ethanol_c86_q2
./opt-test-SCEE/Ethanol_c86_q2.dat
./Ethanol_c182_q3
./opt-test-SCEE/Ethanol_c182_q3.dat
./Ethanol_c162_q1
./opt-test-SCEE/Ethanol_c162_q1.dat
./Ethanol_c109_q1
./opt-test-SCEE/Ethanol_c109_q1.dat
./Ethanol_c95_q3
./opt-test-SCEE/Ethanol_c95_q3.dat
./Ethanol_c17_q3
./opt-test-SCEE/Ethanol_c17_q3.dat
./Ethanol_c124_q3
./opt-test-SCEE/Ethanol_c124_q3.dat
./Ethanol_c118_q2
./opt-test-SCEE/Ethanol_c118_q2.dat
./Ethanol_c56_q3
./opt-test-SCEE/Ethanol_c56_q3.dat
./Ethanol_c31_q2
./opt-test-SCEE/Ethanol_c31_q2.dat
./Ethanol_c95_q1
./opt-test-SCEE/Ethanol_c95_q1.dat
./Ethanol_c159_q1
./opt-test-SCEE/Ethanol_c159_q1.dat
./Ethanol_c25_q2
./opt-test-SCEE/Ethanol_c25_q2.dat
./Ethanol_c149_q2
./opt-test-SCEE/Ethanol_c149_q2.dat
./Ethanol_c4_q1
./opt-test-SCEE/Ethanol_c4_q1.dat
./Ethanol_c190_q1
./opt-test-SCEE/Ethanol_c190_q1.dat
./Ethanol_c127_q1
./opt-test-SCEE/Ethanol_c127_q1.dat
./Ethanol_c118_q3
./opt-test-SCEE/Ethanol_c118_q3.dat
./Ethanol_c61_q1
./opt-test-SCEE/Ethanol_c61_q1.dat
./Ethanol_c133_q2
./opt-test-SCEE/Ethanol_c133_q2.dat
./Ethanol_c40_q2
./opt-test-SCEE/Ethanol_c40_q2.dat
./Ethanol_c184_q1
./opt-test-SCEE/Ethanol_c184_q1.dat
./Ethanol_c162_q3
./opt-test-SCEE/Ethanol_c162_q3.dat
./Ethanol_c22_q1
./opt-test-SCEE/Ethanol_c22_q1.dat
./Ethanol_c37_q1
./opt-test-SCEE/Ethanol_c37_q1.dat
./Ethanol_c116_q2
./opt-test-SCEE/Ethanol_c116_q2.dat
./Ethanol_c170_q3
./opt-test-SCEE/Ethanol_c170_q3.dat
./Ethanol_c78_q2
./opt-test-SCEE/Ethanol_c78_q2.dat
./Ethanol_c12_q1
./opt-test-SCEE/Ethanol_c12_q1.dat
./Ethanol_c137_q2
./opt-test-SCEE/Ethanol_c137_q2.dat
./Ethanol_c197_q2
./opt-test-SCEE/Ethanol_c197_q2.dat
./Ethanol_c176_q2
./opt-test-SCEE/Ethanol_c176_q2.dat
./Ethanol_c110_q1
./opt-test-SCEE/Ethanol_c110_q1.dat
./Ethanol_c106_q1
./opt-test-SCEE/Ethanol_c106_q1.dat
./Ethanol_c184_q3
./opt-test-SCEE/Ethanol_c184_q3.dat
./Ethanol_c114_q3
./opt-test-SCEE/Ethanol_c114_q3.dat
./Ethanol_c26_q1
./opt-test-SCEE/Ethanol_c26_q1.dat
./Ethanol_c56_q1
./opt-test-SCEE/Ethanol_c56_q1.dat
./Ethanol_c178_q3
./opt-test-SCEE/Ethanol_c178_q3.dat
./Ethanol_c151_q2
./opt-test-SCEE/Ethanol_c151_q2.dat
./Ethanol_c14_q3
./opt-test-SCEE/Ethanol_c14_q3.dat
./Ethanol_c128_q1
./opt-test-SCEE/Ethanol_c128_q1.dat
./Ethanol_c199_q3
./opt-test-SCEE/Ethanol_c199_q3.dat
./Ethanol_c11_q1
./opt-test-SCEE/Ethanol_c11_q1.dat
./Ethanol_c197_q3
./opt-test-SCEE/Ethanol_c197_q3.dat
./Ethanol_c19_q2
./opt-test-SCEE/Ethanol_c19_q2.dat
./Ethanol_c47_q2
./opt-test-SCEE/Ethanol_c47_q2.dat
./Ethanol_c189_q3
./opt-test-SCEE/Ethanol_c189_q3.dat
./Ethanol_c54_q3
./opt-test-SCEE/Ethanol_c54_q3.dat
./Ethanol_c11_q3
./opt-test-SCEE/Ethanol_c11_q3.dat
./Ethanol_c140_q3
./opt-test-SCEE/Ethanol_c140_q3.dat
./Ethanol_c42_q3
./opt-test-SCEE/Ethanol_c42_q3.dat
./Ethanol_c71_q1
./opt-test-SCEE/Ethanol_c71_q1.dat
./Ethanol_c70_q2
./opt-test-SCEE/Ethanol_c70_q2.dat
./Ethanol_c74_q1
./opt-test-SCEE/Ethanol_c74_q1.dat
./Ethanol_c81_q2
./opt-test-SCEE/Ethanol_c81_q2.dat
./Ethanol_c187_q2
./opt-test-SCEE/Ethanol_c187_q2.dat
./Ethanol_c93_q3
./opt-test-SCEE/Ethanol_c93_q3.dat
./Ethanol_c180_q3
./opt-test-SCEE/Ethanol_c180_q3.dat
./Ethanol_c135_q2
./opt-test-SCEE/Ethanol_c135_q2.dat
./Ethanol_c105_q2
./opt-test-SCEE/Ethanol_c105_q2.dat
./Ethanol_c151_q1
./opt-test-SCEE/Ethanol_c151_q1.dat
./Ethanol_c158_q2
./opt-test-SCEE/Ethanol_c158_q2.dat
./Ethanol_c173_q3
./opt-test-SCEE/Ethanol_c173_q3.dat
./Ethanol_c134_q1
./opt-test-SCEE/Ethanol_c134_q1.dat
./Ethanol_c83_q3
./opt-test-SCEE/Ethanol_c83_q3.dat
./Ethanol_c49_q3
./opt-test-SCEE/Ethanol_c49_q3.dat
./Ethanol_c34_q3
./opt-test-SCEE/Ethanol_c34_q3.dat
./Ethanol_c194_q2
./opt-test-SCEE/Ethanol_c194_q2.dat
./Ethanol_c57_q1
./opt-test-SCEE/Ethanol_c57_q1.dat
./Ethanol_c98_q1
./opt-test-SCEE/Ethanol_c98_q1.dat
./Ethanol_c25_q3
./opt-test-SCEE/Ethanol_c25_q3.dat
./Ethanol_c194_q3
./opt-test-SCEE/Ethanol_c194_q3.dat
./Ethanol_c188_q1
./opt-test-SCEE/Ethanol_c188_q1.dat
./Ethanol_c162_q2
./opt-test-SCEE/Ethanol_c162_q2.dat
./Ethanol_c7_q2
./opt-test-SCEE/Ethanol_c7_q2.dat
./Ethanol_c112_q3
./opt-test-SCEE/Ethanol_c112_q3.dat
./Ethanol_c147_q1
./opt-test-SCEE/Ethanol_c147_q1.dat
./Ethanol_c159_q3
./opt-test-SCEE/Ethanol_c159_q3.dat
./Ethanol_c98_q3
./opt-test-SCEE/Ethanol_c98_q3.dat
./Ethanol_c143_q2
./opt-test-SCEE/Ethanol_c143_q2.dat
./Ethanol_c161_q2
./opt-test-SCEE/Ethanol_c161_q2.dat
./Ethanol_c191_q3
./opt-test-SCEE/Ethanol_c191_q3.dat
./Ethanol_c20_q2
./opt-test-SCEE/Ethanol_c20_q2.dat
./Ethanol_c132_q1
./opt-test-SCEE/Ethanol_c132_q1.dat
./Ethanol_c8_q3
./opt-test-SCEE/Ethanol_c8_q3.dat
./Ethanol_c97_q3
./opt-test-SCEE/Ethanol_c97_q3.dat
./Ethanol_c167_q2
./opt-test-SCEE/Ethanol_c167_q2.dat
./Ethanol_c18_q1
./opt-test-SCEE/Ethanol_c18_q1.dat
./Ethanol_c43_q3
./opt-test-SCEE/Ethanol_c43_q3.dat
./Ethanol_c164_q2
./opt-test-SCEE/Ethanol_c164_q2.dat
./Ethanol_c62_q1
./opt-test-SCEE/Ethanol_c62_q1.dat
./Ethanol_c127_q2
./opt-test-SCEE/Ethanol_c127_q2.dat
./Ethanol_c47_q3
./opt-test-SCEE/Ethanol_c47_q3.dat
./Ethanol_c143_q1
./opt-test-SCEE/Ethanol_c143_q1.dat
./Ethanol_c167_q3
./opt-test-SCEE/Ethanol_c167_q3.dat
./Ethanol_c178_q2
./opt-test-SCEE/Ethanol_c178_q2.dat
./Ethanol_c124_q1
./opt-test-SCEE/Ethanol_c124_q1.dat
./Ethanol_c150_q1
./opt-test-SCEE/Ethanol_c150_q1.dat
./Ethanol_c77_q2
./opt-test-SCEE/Ethanol_c77_q2.dat
./Ethanol_c72_q1
./opt-test-SCEE/Ethanol_c72_q1.dat
./Ethanol_c120_q1
./opt-test-SCEE/Ethanol_c120_q1.dat
./Ethanol_c77_q1
./opt-test-SCEE/Ethanol_c77_q1.dat
./Ethanol_c11_q2
./opt-test-SCEE/Ethanol_c11_q2.dat
./Ethanol_c141_q2
./opt-test-SCEE/Ethanol_c141_q2.dat
./Ethanol_c56_q2
./opt-test-SCEE/Ethanol_c56_q2.dat
./Ethanol_c55_q2
./opt-test-SCEE/Ethanol_c55_q2.dat
./Ethanol_c8_q2
./opt-test-SCEE/Ethanol_c8_q2.dat
./Ethanol_c196_q3
./opt-test-SCEE/Ethanol_c196_q3.dat
./Ethanol_c129_q2
./opt-test-SCEE/Ethanol_c129_q2.dat
./Ethanol_c133_q1
./opt-test-SCEE/Ethanol_c133_q1.dat
./Ethanol_c124_q2
./opt-test-SCEE/Ethanol_c124_q2.dat
./Ethanol_c4_q3
./opt-test-SCEE/Ethanol_c4_q3.dat
./Ethanol_c21_q3
./opt-test-SCEE/Ethanol_c21_q3.dat
./Ethanol_c197_q1
./opt-test-SCEE/Ethanol_c197_q1.dat
./Ethanol_c103_q2
./opt-test-SCEE/Ethanol_c103_q2.dat
./Ethanol_c92_q1
./opt-test-SCEE/Ethanol_c92_q1.dat
./Ethanol_c53_q1
./opt-test-SCEE/Ethanol_c53_q1.dat
./Ethanol_c13_q2
./opt-test-SCEE/Ethanol_c13_q2.dat
./Ethanol_c16_q3
./opt-test-SCEE/Ethanol_c16_q3.dat
./Ethanol_c72_q3
./opt-test-SCEE/Ethanol_c72_q3.dat
./Ethanol_c41_q2
./opt-test-SCEE/Ethanol_c41_q2.dat
./Ethanol_c193_q2
./opt-test-SCEE/Ethanol_c193_q2.dat
./Ethanol_c14_q1
./opt-test-SCEE/Ethanol_c14_q1.dat
./Ethanol_c93_q1
./opt-test-SCEE/Ethanol_c93_q1.dat
./Ethanol_c145_q1
./opt-test-SCEE/Ethanol_c145_q1.dat
./Ethanol_c27_q3
./opt-test-SCEE/Ethanol_c27_q3.dat
./Ethanol_c166_q3
./opt-test-SCEE/Ethanol_c166_q3.dat
./Ethanol_c57_q2
./opt-test-SCEE/Ethanol_c57_q2.dat
./Ethanol_c44_q2
./opt-test-SCEE/Ethanol_c44_q2.dat
./Ethanol_c49_q1
./opt-test-SCEE/Ethanol_c49_q1.dat
./Ethanol_c49_q2
./opt-test-SCEE/Ethanol_c49_q2.dat
./Ethanol_c152_q1
./opt-test-SCEE/Ethanol_c152_q1.dat
./Ethanol_c95_q2
./opt-test-SCEE/Ethanol_c95_q2.dat
./Ethanol_c10_q1
./opt-test-SCEE/Ethanol_c10_q1.dat
./Ethanol_c58_q1
./opt-test-SCEE/Ethanol_c58_q1.dat
./Ethanol_c175_q1
./opt-test-SCEE/Ethanol_c175_q1.dat
./Ethanol_c186_q1
./opt-test-SCEE/Ethanol_c186_q1.dat
./Ethanol_c53_q2
./opt-test-SCEE/Ethanol_c53_q2.dat
./Ethanol_c173_q2
./opt-test-SCEE/Ethanol_c173_q2.dat
./Ethanol_c126_q2
./opt-test-SCEE/Ethanol_c126_q2.dat
./Ethanol_c6_q2
./opt-test-SCEE/Ethanol_c6_q2.dat
./Ethanol_c69_q2
./opt-test-SCEE/Ethanol_c69_q2.dat
./Ethanol_c20_q1
./opt-test-SCEE/Ethanol_c20_q1.dat
./Ethanol_c90_q3
./opt-test-SCEE/Ethanol_c90_q3.dat
./Ethanol_c150_q3
./opt-test-SCEE/Ethanol_c150_q3.dat
./Ethanol_c179_q3
./opt-test-SCEE/Ethanol_c179_q3.dat
./Ethanol_c86_q3
./opt-test-SCEE/Ethanol_c86_q3.dat
./Ethanol_c126_q3
./opt-test-SCEE/Ethanol_c126_q3.dat
./Ethanol_c92_q2
./opt-test-SCEE/Ethanol_c92_q2.dat
./Ethanol_c134_q2
./opt-test-SCEE/Ethanol_c134_q2.dat
./Ethanol_c89_q2
./opt-test-SCEE/Ethanol_c89_q2.dat
./Ethanol_c189_q1
./opt-test-SCEE/Ethanol_c189_q1.dat
./Ethanol_c148_q2
./opt-test-SCEE/Ethanol_c148_q2.dat
./Ethanol_c140_q2
./opt-test-SCEE/Ethanol_c140_q2.dat
./Ethanol_c42_q2
./opt-test-SCEE/Ethanol_c42_q2.dat
./Ethanol_c174_q2
./opt-test-SCEE/Ethanol_c174_q2.dat
./Ethanol_c115_q1
./opt-test-SCEE/Ethanol_c115_q1.dat
./Ethanol_c47_q1
./opt-test-SCEE/Ethanol_c47_q1.dat
./Ethanol_c146_q3
./opt-test-SCEE/Ethanol_c146_q3.dat
./Ethanol_c60_q3
./opt-test-SCEE/Ethanol_c60_q3.dat
./Ethanol_c107_q2
./opt-test-SCEE/Ethanol_c107_q2.dat
./Ethanol_c79_q2
./opt-test-SCEE/Ethanol_c79_q2.dat
./Ethanol_c27_q2
./opt-test-SCEE/Ethanol_c27_q2.dat
./Ethanol_c180_q1
./opt-test-SCEE/Ethanol_c180_q1.dat
./Ethanol_c182_q2
./opt-test-SCEE/Ethanol_c182_q2.dat
./Ethanol_c166_q1
./opt-test-SCEE/Ethanol_c166_q1.dat
./Ethanol_c83_q1
./opt-test-SCEE/Ethanol_c83_q1.dat
./Ethanol_c1_q1
./opt-test-SCEE/Ethanol_c1_q1.dat
./Ethanol_c192_q3
./opt-test-SCEE/Ethanol_c192_q3.dat
./Ethanol_c163_q1
./opt-test-SCEE/Ethanol_c163_q1.dat
./Ethanol_c161_q1
./opt-test-SCEE/Ethanol_c161_q1.dat
./Ethanol_c171_q3
./opt-test-SCEE/Ethanol_c171_q3.dat
./Ethanol_c48_q1
./opt-test-SCEE/Ethanol_c48_q1.dat
./Ethanol_c68_q2
./opt-test-SCEE/Ethanol_c68_q2.dat
./Ethanol_c105_q1
./opt-test-SCEE/Ethanol_c105_q1.dat
./Ethanol_c24_q3
./opt-test-SCEE/Ethanol_c24_q3.dat
./Ethanol_c129_q1
./opt-test-SCEE/Ethanol_c129_q1.dat
./Ethanol_c158_q1
./opt-test-SCEE/Ethanol_c158_q1.dat
./Ethanol_c6_q3
./opt-test-SCEE/Ethanol_c6_q3.dat
./Ethanol_c35_q3
./opt-test-SCEE/Ethanol_c35_q3.dat
./Ethanol_c76_q3
./opt-test-SCEE/Ethanol_c76_q3.dat
./Ethanol_c76_q1
./opt-test-SCEE/Ethanol_c76_q1.dat
./Ethanol_c39_q2
./opt-test-SCEE/Ethanol_c39_q2.dat
./Ethanol_c114_q2
./opt-test-SCEE/Ethanol_c114_q2.dat
./Ethanol_c106_q3
./opt-test-SCEE/Ethanol_c106_q3.dat
./Ethanol_c96_q1
./opt-test-SCEE/Ethanol_c96_q1.dat
./Ethanol_c70_q3
./opt-test-SCEE/Ethanol_c70_q3.dat
./Ethanol_c83_q2
./opt-test-SCEE/Ethanol_c83_q2.dat
./Ethanol_c85_q1
./opt-test-SCEE/Ethanol_c85_q1.dat
./Ethanol_c158_q3
./opt-test-SCEE/Ethanol_c158_q3.dat
./Ethanol_c50_q3
./opt-test-SCEE/Ethanol_c50_q3.dat
./Ethanol_c125_q1
./opt-test-SCEE/Ethanol_c125_q1.dat
./Ethanol_c152_q3
./opt-test-SCEE/Ethanol_c152_q3.dat
./Ethanol_c26_q2
./opt-test-SCEE/Ethanol_c26_q2.dat
./Ethanol_c73_q1
./opt-test-SCEE/Ethanol_c73_q1.dat
./Ethanol_c157_q3
./opt-test-SCEE/Ethanol_c157_q3.dat
./Ethanol_c117_q3
./opt-test-SCEE/Ethanol_c117_q3.dat
./Ethanol_c102_q1
./opt-test-SCEE/Ethanol_c102_q1.dat
./Ethanol_c89_q1
./opt-test-SCEE/Ethanol_c89_q1.dat
./Ethanol_c130_q3
./opt-test-SCEE/Ethanol_c130_q3.dat
./Ethanol_c111_q2
./opt-test-SCEE/Ethanol_c111_q2.dat
./Ethanol_c145_q3
./opt-test-SCEE/Ethanol_c145_q3.dat
./Ethanol_c109_q3
./opt-test-SCEE/Ethanol_c109_q3.dat
./Ethanol_c183_q2
./opt-test-SCEE/Ethanol_c183_q2.dat
./Ethanol_c96_q3
./opt-test-SCEE/Ethanol_c96_q3.dat
./Ethanol_c159_q2
./opt-test-SCEE/Ethanol_c159_q2.dat
./Ethanol_c38_q1
./opt-test-SCEE/Ethanol_c38_q1.dat
./Ethanol_c121_q1
./opt-test-SCEE/Ethanol_c121_q1.dat
./Ethanol_c156_q2
./opt-test-SCEE/Ethanol_c156_q2.dat
./Ethanol_c55_q3
./opt-test-SCEE/Ethanol_c55_q3.dat
./Ethanol_c16_q1
./opt-test-SCEE/Ethanol_c16_q1.dat
./Ethanol_c198_q2
./opt-test-SCEE/Ethanol_c198_q2.dat
./Ethanol_c24_q2
./opt-test-SCEE/Ethanol_c24_q2.dat
./Ethanol_c200_q2
./opt-test-SCEE/Ethanol_c200_q2.dat
./Ethanol_c63_q1
./opt-test-SCEE/Ethanol_c63_q1.dat
./Ethanol_c195_q3
./opt-test-SCEE/Ethanol_c195_q3.dat
./Ethanol_c28_q1
./opt-test-SCEE/Ethanol_c28_q1.dat
./Ethanol_c35_q2
./opt-test-SCEE/Ethanol_c35_q2.dat
./Ethanol_c18_q3
./opt-test-SCEE/Ethanol_c18_q3.dat
./Ethanol_c28_q3
./opt-test-SCEE/Ethanol_c28_q3.dat
./Ethanol_c2_q2
./opt-test-SCEE/Ethanol_c2_q2.dat
./Ethanol_c181_q1
./opt-test-SCEE/Ethanol_c181_q1.dat
./Ethanol_c136_q2
./opt-test-SCEE/Ethanol_c136_q2.dat
./Ethanol_c115_q3
./opt-test-SCEE/Ethanol_c115_q3.dat
./Ethanol_c5_q1
./opt-test-SCEE/Ethanol_c5_q1.dat
./Ethanol_c51_q3
./opt-test-SCEE/Ethanol_c51_q3.dat
./Ethanol_c81_q3
./opt-test-SCEE/Ethanol_c81_q3.dat
./Ethanol_c87_q3
./opt-test-SCEE/Ethanol_c87_q3.dat
./Ethanol_c58_q3
./opt-test-SCEE/Ethanol_c58_q3.dat
./Ethanol_c33_q2
./opt-test-SCEE/Ethanol_c33_q2.dat
./Ethanol_c187_q3
./opt-test-SCEE/Ethanol_c187_q3.dat
./Ethanol_c180_q2
./opt-test-SCEE/Ethanol_c180_q2.dat
./Ethanol_c64_q3
./opt-test-SCEE/Ethanol_c64_q3.dat
./Ethanol_c40_q3
./opt-test-SCEE/Ethanol_c40_q3.dat
./Ethanol_c60_q1
./opt-test-SCEE/Ethanol_c60_q1.dat
./Ethanol_c30_q3
./opt-test-SCEE/Ethanol_c30_q3.dat
./Ethanol_c186_q2
./opt-test-SCEE/Ethanol_c186_q2.dat
./Ethanol_c29_q3
./opt-test-SCEE/Ethanol_c29_q3.dat
./Ethanol_c51_q2
./opt-test-SCEE/Ethanol_c51_q2.dat
./Ethanol_c191_q1
./opt-test-SCEE/Ethanol_c191_q1.dat
./Ethanol_c109_q2
./opt-test-SCEE/Ethanol_c109_q2.dat
./Ethanol_c1_q3
./opt-test-SCEE/Ethanol_c1_q3.dat
./Ethanol_c169_q3
./opt-test-SCEE/Ethanol_c169_q3.dat
./Ethanol_c122_q3
./opt-test-SCEE/Ethanol_c122_q3.dat
./Ethanol_c66_q2
./opt-test-SCEE/Ethanol_c66_q2.dat
./Ethanol_c101_q1
./opt-test-SCEE/Ethanol_c101_q1.dat
./Ethanol_c132_q2
./opt-test-SCEE/Ethanol_c132_q2.dat
./Ethanol_c45_q1
./opt-test-SCEE/Ethanol_c45_q1.dat
./Ethanol_c153_q3
./opt-test-SCEE/Ethanol_c153_q3.dat
./Ethanol_c46_q1
./opt-test-SCEE/Ethanol_c46_q1.dat
./Ethanol_c99_q3
./opt-test-SCEE/Ethanol_c99_q3.dat
./Ethanol_c168_q2
./opt-test-SCEE/Ethanol_c168_q2.dat
./Ethanol_c48_q2
./opt-test-SCEE/Ethanol_c48_q2.dat
./Ethanol_c97_q2
./opt-test-SCEE/Ethanol_c97_q2.dat
./Ethanol_c178_q1
./opt-test-SCEE/Ethanol_c178_q1.dat
./Ethanol_c129_q3
./opt-test-SCEE/Ethanol_c129_q3.dat
./Ethanol_c138_q2
./opt-test-SCEE/Ethanol_c138_q2.dat
./Ethanol_c138_q1
./opt-test-SCEE/Ethanol_c138_q1.dat
./Ethanol_c90_q1
./opt-test-SCEE/Ethanol_c90_q1.dat
./Ethanol_c199_q1
./opt-test-SCEE/Ethanol_c199_q1.dat
./Ethanol_c12_q3
./opt-test-SCEE/Ethanol_c12_q3.dat
./Ethanol_c195_q2
./opt-test-SCEE/Ethanol_c195_q2.dat
./Ethanol_c139_q3
./opt-test-SCEE/Ethanol_c139_q3.dat
./Ethanol_c40_q1
./opt-test-SCEE/Ethanol_c40_q1.dat
./Ethanol_c64_q2
./opt-test-SCEE/Ethanol_c64_q2.dat
./Ethanol_c72_q2
./opt-test-SCEE/Ethanol_c72_q2.dat
./Ethanol_c32_q2
./opt-test-SCEE/Ethanol_c32_q2.dat
./Ethanol_c136_q1
./opt-test-SCEE/Ethanol_c136_q1.dat
./Ethanol_c65_q2
./opt-test-SCEE/Ethanol_c65_q2.dat
./Ethanol_c67_q1
./opt-test-SCEE/Ethanol_c67_q1.dat
./Ethanol_c35_q1
./opt-test-SCEE/Ethanol_c35_q1.dat
./Ethanol_c135_q1
./opt-test-SCEE/Ethanol_c135_q1.dat
./Ethanol_c148_q3
./opt-test-SCEE/Ethanol_c148_q3.dat
./Ethanol_c122_q2
./opt-test-SCEE/Ethanol_c122_q2.dat
./Ethanol_c183_q1
./opt-test-SCEE/Ethanol_c183_q1.dat
./Ethanol_c157_q2
./opt-test-SCEE/Ethanol_c157_q2.dat
./Ethanol_c75_q2
./opt-test-SCEE/Ethanol_c75_q2.dat
./Ethanol_c131_q2
./opt-test-SCEE/Ethanol_c131_q2.dat
./Ethanol_c152_q2
./opt-test-SCEE/Ethanol_c152_q2.dat
./Ethanol_c155_q3
./opt-test-SCEE/Ethanol_c155_q3.dat
./Ethanol_c67_q3
./opt-test-SCEE/Ethanol_c67_q3.dat
./Ethanol_c169_q1
./opt-test-SCEE/Ethanol_c169_q1.dat
./Ethanol_c139_q1
./opt-test-SCEE/Ethanol_c139_q1.dat
./Ethanol_c139_q2
./opt-test-SCEE/Ethanol_c139_q2.dat
./Ethanol_c141_q1
./opt-test-SCEE/Ethanol_c141_q1.dat
./Ethanol_c107_q1
./opt-test-SCEE/Ethanol_c107_q1.dat
./Ethanol_c15_q3
./opt-test-SCEE/Ethanol_c15_q3.dat
./Ethanol_c19_q3
./opt-test-SCEE/Ethanol_c19_q3.dat
./Ethanol_c73_q3
./opt-test-SCEE/Ethanol_c73_q3.dat
./Ethanol_c189_q2
./opt-test-SCEE/Ethanol_c189_q2.dat
./Ethanol_c55_q1
./opt-test-SCEE/Ethanol_c55_q1.dat
./Ethanol_c100_q3
./opt-test-SCEE/Ethanol_c100_q3.dat
./Ethanol_c52_q3
./opt-test-SCEE/Ethanol_c52_q3.dat
./Ethanol_c21_q2
./opt-test-SCEE/Ethanol_c21_q2.dat
./Ethanol_c3_q1
./opt-test-SCEE/Ethanol_c3_q1.dat
./Ethanol_c63_q3
./opt-test-SCEE/Ethanol_c63_q3.dat
./Ethanol_c165_q2
./opt-test-SCEE/Ethanol_c165_q2.dat
./Ethanol_c90_q2
./opt-test-SCEE/Ethanol_c90_q2.dat
./Ethanol_c190_q3
./opt-test-SCEE/Ethanol_c190_q3.dat
./Ethanol_c174_q3
./opt-test-SCEE/Ethanol_c174_q3.dat
./Ethanol_c133_q3
./opt-test-SCEE/Ethanol_c133_q3.dat
./Ethanol_c113_q3
./opt-test-SCEE/Ethanol_c113_q3.dat
./Ethanol_c92_q3
./opt-test-SCEE/Ethanol_c92_q3.dat
./Ethanol_c1_q2
./opt-test-SCEE/Ethanol_c1_q2.dat
./Ethanol_c9_q1
./opt-test-SCEE/Ethanol_c9_q1.dat
./Ethanol_c142_q1
./opt-test-SCEE/Ethanol_c142_q1.dat
./Ethanol_c120_q3
./opt-test-SCEE/Ethanol_c120_q3.dat
./Ethanol_c3_q3
./opt-test-SCEE/Ethanol_c3_q3.dat
./Ethanol_c27_q1
./opt-test-SCEE/Ethanol_c27_q1.dat
./Ethanol_c44_q1
./opt-test-SCEE/Ethanol_c44_q1.dat
./Ethanol_c191_q2
./opt-test-SCEE/Ethanol_c191_q2.dat
./Ethanol_c168_q1
./opt-test-SCEE/Ethanol_c168_q1.dat
./Ethanol_c148_q1
./opt-test-SCEE/Ethanol_c148_q1.dat
./Ethanol_c177_q3
./opt-test-SCEE/Ethanol_c177_q3.dat
./Ethanol_c6_q1
./opt-test-SCEE/Ethanol_c6_q1.dat
./Ethanol_c70_q1
./opt-test-SCEE/Ethanol_c70_q1.dat
./Ethanol_c161_q3
./opt-test-SCEE/Ethanol_c161_q3.dat
./Ethanol_c170_q1
./opt-test-SCEE/Ethanol_c170_q1.dat
./Ethanol_c120_q2
./opt-test-SCEE/Ethanol_c120_q2.dat
./Ethanol_c104_q1
./opt-test-SCEE/Ethanol_c104_q1.dat
./Ethanol_c181_q3
./opt-test-SCEE/Ethanol_c181_q3.dat
./Ethanol_c106_q2
./opt-test-SCEE/Ethanol_c106_q2.dat
./Ethanol_c74_q2
./opt-test-SCEE/Ethanol_c74_q2.dat
./Ethanol_c198_q3
./opt-test-SCEE/Ethanol_c198_q3.dat
./Ethanol_c34_q2
./opt-test-SCEE/Ethanol_c34_q2.dat
./Ethanol_c42_q1
./opt-test-SCEE/Ethanol_c42_q1.dat
./Ethanol_c78_q3
./opt-test-SCEE/Ethanol_c78_q3.datPreparing Ethanol_c100_q1.dat -> Ethanol_c100_q1.out on /home/zoe/Research/Gaussian/scratch
Preparing Ethanol_c100_q2.dat -> Ethanol_c100_q2.out on /home/zoe/Research/Gaussian/scratch
Preparing Ethanol_c100_q3.dat -> Ethanol_c100_q3.out on /home/zoe/Research/Gaussian/scratch
Preparing Ethanol_c101_q1.dat -> Ethanol_c101_q1.out on /home/zoe/Research/Gaussian/scratch
Preparing Ethanol_c101_q2.dat -> Ethanol_c101_q2.out on /home/zoe/Research/Gaussian/scratch
Preparing Ethanol_c101_q3.dat -> Ethanol_c101_q3.out on /home/zoe/Research/Gaussian/scratch
Preparing Ethanol_c102_q1.dat -> Ethanol_c102_q1.out on /home/zoe/Research/Gaussian/scratch
Preparing Ethanol_c102_q2.dat -> Ethanol_c102_q2.out on /home/zoe/Research/Gaussian/scratch
Preparing Ethanol_c102_q3.dat -> Ethanol_c102_q3.out on /home/zoe/Research/Gaussian/scratch
Preparing Ethanol_c103_q1.dat -> Ethanol_c103_q1.out on /home/zoe/Research/Gaussian/scratch
Preparing Ethanol_c103_q2.dat -> Ethanol_c103_q2.out on /home/zoe/Research/Gaussian/scratch
Preparing Ethanol_c103_q3.dat -> Ethanol_c103_q3.out on /home/zoe/Research/Gaussian/scratch
Preparing Ethanol_c104_q1.dat -> Ethanol_c104_q1.out on /home/zoe/Research/Gaussian/scratch
Preparing Ethanol_c104_q2.dat -> Ethanol_c104_q2.out on /home/zoe/Research/Gaussian/scratch
Preparing Ethanol_c104_q3.dat -> Ethanol_c104_q3.out on /home/zoe/Research/Gaussian/scratch
Preparing Ethanol_c105_q1.dat -> Ethanol_c105_q1.out on /home/zoe/Research/Gaussian/scratch
Preparing Ethanol_c105_q2.dat -> Ethanol_c105_q2.out on /home/zoe/Research/Gaussian/scratch
Preparing Ethanol_c105_q3.dat -> Ethanol_c105_q3.out on /home/zoe/Research/Gaussian/scratch
Preparing Ethanol_c106_q1.dat -> Ethanol_c106_q1.out on /home/zoe/Research/Gaussian/scratch
Error: segmentation violation
   rax 0000000000000000, rbx ffffffffffffffff, rcx 000008b7c6c4275b
   rdx 0000000000000000, rsp 00007ffee112aa28, rbp 00007ffee112b000
   rsi 000000000000000b, rdi 00000000002d40ab, r8  000008b686bff000
   r9  0000000000000000, r10 000008b7c6c12f60, r11 0000000000000206
   r12 0000000000000000, r13 0000000000000000, r14 00007ffee112b048
   r15 000008b686bff050
  --- traceback not available
Aborted (core dumped)
Preparing Ethanol_c106_q2.dat -> Ethanol_c106_q2.out on /home/zoe/Research/Gaussian/scratch
Preparing Ethanol_c106_q3.dat -> Ethanol_c106_q3.out on /home/zoe/Research/Gaussian/scratch
Preparing Ethanol_c107_q1.dat -> Ethanol_c107_q1.out on /home/zoe/Research/Gaussian/scratch
Preparing Ethanol_c107_q2.dat -> Ethanol_c107_q2.out on /home/zoe/Research/Gaussian/scratch
Preparing Ethanol_c107_q3.dat -> Ethanol_c107_q3.out on /home/zoe/Research/Gaussian/scratch
Preparing Ethanol_c108_q1.dat -> Ethanol_c108_q1.out on /home/zoe/Research/Gaussian/scratch
Error: segmentation violation
   rax 0000000000000000, rbx ffffffffffffffff, rcx 000009b4a524275b
   rdx 0000000000000000, rsp 00007ffdaa6d9798, rbp 00007ffdaa6d9d70
   rsi 000000000000000b, rdi 00000000002d73b5, r8  000009b3651ff000
   r9  0000000000000000, r10 000009b4a5212f60, r11 0000000000000202
   r12 0000000000000000, r13 0000000000000000, r14 00007ffdaa6d9db8
   r15 0000000001408038
  --- traceback not available
Aborted (core dumped)
Preparing Ethanol_c108_q2.dat -> Ethanol_c108_q2.out on /home/zoe/Research/Gaussian/scratch
Error: segmentation violation
   rax 0000000000000000, rbx ffffffffffffffff, rcx 000006b00144275b
   rdx 0000000000000000, rsp 00007ffd0af02ab8, rbp 00007ffd0af03090
   rsi 000000000000000b, rdi 00000000002d7943, r8  000006aec13ff000
   r9  0000000000000000, r10 000006b001412f60, r11 0000000000000206
   r12 0000000000000000, r13 0000000000000000, r14 00007ffd0af030d8
   r15 000000000000203b
  --- traceback not available
Aborted (core dumped)
Preparing Ethanol_c108_q3.dat -> Ethanol_c108_q3.out on /home/zoe/Research/Gaussian/scratch
Error: segmentation violation
   rax 0000000000000000, rbx ffffffffffffffff, rcx 000008d46804275b
   rdx 0000000000000000, rsp 00007ffed649e718, rbp 00007ffed649ecf0
   rsi 000000000000000b, rdi 00000000002d81d9, r8  000008d327fff000
   r9  0000000000000000, r10 000008d468012f60, r11 0000000000000206
   r12 0000000000000000, r13 0000000000000000, r14 00007ffed649ed38
   r15 000000000000203b
  --- traceback not available
Aborted (core dumped)
Preparing Ethanol_c109_q1.dat -> Ethanol_c109_q1.out on /home/zoe/Research/Gaussian/scratch
Preparing Ethanol_c109_q2.dat -> Ethanol_c109_q2.out on /home/zoe/Research/Gaussian/scratch
Preparing Ethanol_c109_q3.dat -> Ethanol_c109_q3.out on /home/zoe/Research/Gaussian/scratch
Preparing Ethanol_c10_q1.dat -> Ethanol_c10_q1.out on /home/zoe/Research/Gaussian/scratch
Error: segmentation violation
   rax 0000000000000000, rbx ffffffffffffffff, rcx 000006c09e24275b
   rdx 0000000000000000, rsp 00007ffe104a3c78, rbp 00007ffe104a4250
   rsi 000000000000000b, rdi 00000000002db187, r8  000006bf5e1ff000
   r9  0000000000000000, r10 000006c09e212f60, r11 0000000000000206
   r12 0000000000000000, r13 0000000000000000, r14 00007ffe104a4298
   r15 0000000000001f7b
  --- traceback not available
Aborted (core dumped)
Preparing Ethanol_c10_q2.dat -> Ethanol_c10_q2.out on /home/zoe/Research/Gaussian/scratch
Preparing Ethanol_c10_q3.dat -> Ethanol_c10_q3.out on /home/zoe/Research/Gaussian/scratch
Preparing Ethanol_c110_q1.dat -> Ethanol_c110_q1.out on /home/zoe/Research/Gaussian/scratch
Error: segmentation violation
   rax 0000000000000000, rbx ffffffffffffffff, rcx 00000c08cb64275b
   rdx 0000000000000000, rsp 00007fff07184b58, rbp 00007fff07185130
   rsi 000000000000000b, rdi 00000000002dba77, r8  00000c078b5ff000
   r9  0000000000000000, r10 00000c08cb612f60, r11 0000000000000202
   r12 0000000000000000, r13 0000000000000000, r14 00007fff07185178
   r15 0000000000001f7b
  --- traceback not available
Aborted (core dumped)
Preparing Ethanol_c110_q2.dat -> Ethanol_c110_q2.out on /home/zoe/Research/Gaussian/scratch
Preparing Ethanol_c110_q3.dat -> Ethanol_c110_q3.out on /home/zoe/Research/Gaussian/scratch
Preparing Ethanol_c111_q1.dat -> Ethanol_c111_q1.out on /home/zoe/Research/Gaussian/scratch
Preparing Ethanol_c111_q2.dat -> Ethanol_c111_q2.out on /home/zoe/Research/Gaussian/scratch
Error: segmentation violation
   rax 0000000000000000, rbx ffffffffffffffff, rcx 000008ec0264275b
   rdx 0000000000000000, rsp 00007ffdf88d09c8, rbp 00007ffdf88d0fa0
   rsi 000000000000000b, rdi 00000000002dcd5a, r8  000008eac25ff000
   r9  0000000000000000, r10 000008ec02612f60, r11 0000000000000202
   r12 0000000000000000, r13 0000000000000000, r14 00007ffdf88d0fe8
   r15 0000000000001f7b
  --- traceback not available
Aborted (core dumped)
Preparing Ethanol_c111_q3.dat -> Ethanol_c111_q3.out on /home/zoe/Research/Gaussian/scratch
Preparing Ethanol_c112_q1.dat -> Ethanol_c112_q1.out on /home/zoe/Research/Gaussian/scratch
Preparing Ethanol_c112_q2.dat -> Ethanol_c112_q2.out on /home/zoe/Research/Gaussian/scratch
Preparing Ethanol_c112_q3.dat -> Ethanol_c112_q3.out on /home/zoe/Research/Gaussian/scratch
Preparing Ethanol_c113_q1.dat -> Ethanol_c113_q1.out on /home/zoe/Research/Gaussian/scratch
Preparing Ethanol_c113_q2.dat -> Ethanol_c113_q2.out on /home/zoe/Research/Gaussian/scratch
Preparing Ethanol_c113_q3.dat -> Ethanol_c113_q3.out on /home/zoe/Research/Gaussian/scratch
Preparing Ethanol_c114_q1.dat -> Ethanol_c114_q1.out on /home/zoe/Research/Gaussian/scratch
Preparing Ethanol_c114_q2.dat -> Ethanol_c114_q2.out on /home/zoe/Research/Gaussian/scratch
Preparing Ethanol_c114_q3.dat -> Ethanol_c114_q3.out on /home/zoe/Research/Gaussian/scratch
Preparing Ethanol_c115_q1.dat -> Ethanol_c115_q1.out on /home/zoe/Research/Gaussian/scratch
Preparing Ethanol_c115_q2.dat -> Ethanol_c115_q2.out on /home/zoe/Research/Gaussian/scratch
Preparing Ethanol_c115_q3.dat -> Ethanol_c115_q3.out on /home/zoe/Research/Gaussian/scratch
Preparing Ethanol_c116_q1.dat -> Ethanol_c116_q1.out on /home/zoe/Research/Gaussian/scratch
Preparing Ethanol_c116_q2.dat -> Ethanol_c116_q2.out on /home/zoe/Research/Gaussian/scratch
Preparing Ethanol_c116_q3.dat -> Ethanol_c116_q3.out on /home/zoe/Research/Gaussian/scratch
Preparing Ethanol_c117_q1.dat -> Ethanol_c117_q1.out on /home/zoe/Research/Gaussian/scratch
Preparing Ethanol_c117_q2.dat -> Ethanol_c117_q2.out on /home/zoe/Research/Gaussian/scratch
Preparing Ethanol_c117_q3.dat -> Ethanol_c117_q3.out on /home/zoe/Research/Gaussian/scratch
Preparing Ethanol_c118_q1.dat -> Ethanol_c118_q1.out on /home/zoe/Research/Gaussian/scratch
Preparing Ethanol_c118_q2.dat -> Ethanol_c118_q2.out on /home/zoe/Research/Gaussian/scratch
Preparing Ethanol_c118_q3.dat -> Ethanol_c118_q3.out on /home/zoe/Research/Gaussian/scratch
Error: segmentation violation
   rax 0000000000000000, rbx ffffffffffffffff, rcx 000009267624275b
   rdx 0000000000000000, rsp 00007ffdf0f36ee8, rbp 00007ffdf0f374c0
   rsi 000000000000000b, rdi 00000000002e5176, r8  00000925361ff000
   r9  0000000000000000, r10 0000092676212f60, r11 0000000000000206
   r12 0000000000000000, r13 0000000000000000, r14 00007ffdf0f37508
   r15 000000000000200b
  --- traceback not available
Aborted (core dumped)
Preparing Ethanol_c119_q1.dat -> Ethanol_c119_q1.out on /home/zoe/Research/Gaussian/scratch
Preparing Ethanol_c119_q2.dat -> Ethanol_c119_q2.out on /home/zoe/Research/Gaussian/scratch
Preparing Ethanol_c119_q3.dat -> Ethanol_c119_q3.out on /home/zoe/Research/Gaussian/scratch
Preparing Ethanol_c11_q1.dat -> Ethanol_c11_q1.out on /home/zoe/Research/Gaussian/scratch
Preparing Ethanol_c11_q2.dat -> Ethanol_c11_q2.out on /home/zoe/Research/Gaussian/scratch
Preparing Ethanol_c11_q3.dat -> Ethanol_c11_q3.out on /home/zoe/Research/Gaussian/scratch
Preparing Ethanol_c120_q1.dat -> Ethanol_c120_q1.out on /home/zoe/Research/Gaussian/scratch
Preparing Ethanol_c120_q2.dat -> Ethanol_c120_q2.out on /home/zoe/Research/Gaussian/scratch
Preparing Ethanol_c120_q3.dat -> Ethanol_c120_q3.out on /home/zoe/Research/Gaussian/scratch
Preparing Ethanol_c121_q1.dat -> Ethanol_c121_q1.out on /home/zoe/Research/Gaussian/scratch
Preparing Ethanol_c121_q2.dat -> Ethanol_c121_q2.out on /home/zoe/Research/Gaussian/scratch
Preparing Ethanol_c121_q3.dat -> Ethanol_c121_q3.out on /home/zoe/Research/Gaussian/scratch
Preparing Ethanol_c122_q1.dat -> Ethanol_c122_q1.out on /home/zoe/Research/Gaussian/scratch
Error: segmentation violation
   rax 0000000000000000, rbx ffffffffffffffff, rcx 00000bcdba24275b
   rdx 0000000000000000, rsp 00007ffe29ddffa8, rbp 00007ffe29de0580
   rsi 000000000000000b, rdi 00000000002e99bb, r8  00000bcc7a1ff000
   r9  0000000000000000, r10 00000bcdba212f60, r11 0000000000000202
   r12 0000000000000000, r13 0000000000000000, r14 00007ffe29de05c8
   r15 000000000000206b
  --- traceback not available
Aborted (core dumped)
Preparing Ethanol_c122_q2.dat -> Ethanol_c122_q2.out on /home/zoe/Research/Gaussian/scratch
Preparing Ethanol_c122_q3.dat -> Ethanol_c122_q3.out on /home/zoe/Research/Gaussian/scratch
Preparing Ethanol_c123_q1.dat -> Ethanol_c123_q1.out on /home/zoe/Research/Gaussian/scratch
Preparing Ethanol_c123_q2.dat -> Ethanol_c123_q2.out on /home/zoe/Research/Gaussian/scratch
Preparing Ethanol_c123_q3.dat -> Ethanol_c123_q3.out on /home/zoe/Research/Gaussian/scratch
Preparing Ethanol_c124_q1.dat -> Ethanol_c124_q1.out on /home/zoe/Research/Gaussian/scratch
Preparing Ethanol_c124_q2.dat -> Ethanol_c124_q2.out on /home/zoe/Research/Gaussian/scratch
Preparing Ethanol_c124_q3.dat -> Ethanol_c124_q3.out on /home/zoe/Research/Gaussian/scratch
Preparing Ethanol_c125_q1.dat -> Ethanol_c125_q1.out on /home/zoe/Research/Gaussian/scratch
Preparing Ethanol_c125_q2.dat -> Ethanol_c125_q2.out on /home/zoe/Research/Gaussian/scratch
Preparing Ethanol_c125_q3.dat -> Ethanol_c125_q3.out on /home/zoe/Research/Gaussian/scratch
Preparing Ethanol_c126_q1.dat -> Ethanol_c126_q1.out on /home/zoe/Research/Gaussian/scratch
Preparing Ethanol_c126_q2.dat -> Ethanol_c126_q2.out on /home/zoe/Research/Gaussian/scratch
Preparing Ethanol_c126_q3.dat -> Ethanol_c126_q3.out on /home/zoe/Research/Gaussian/scratch
Preparing Ethanol_c127_q1.dat -> Ethanol_c127_q1.out on /home/zoe/Research/Gaussian/scratch
Preparing Ethanol_c127_q2.dat -> Ethanol_c127_q2.out on /home/zoe/Research/Gaussian/scratch
Preparing Ethanol_c127_q3.dat -> Ethanol_c127_q3.out on /home/zoe/Research/Gaussian/scratch
Preparing Ethanol_c128_q1.dat -> Ethanol_c128_q1.out on /home/zoe/Research/Gaussian/scratch
Preparing Ethanol_c128_q2.dat -> Ethanol_c128_q2.out on /home/zoe/Research/Gaussian/scratch
Preparing Ethanol_c128_q3.dat -> Ethanol_c128_q3.out on /home/zoe/Research/Gaussian/scratch
Preparing Ethanol_c129_q1.dat -> Ethanol_c129_q1.out on /home/zoe/Research/Gaussian/scratch
Preparing Ethanol_c129_q2.dat -> Ethanol_c129_q2.out on /home/zoe/Research/Gaussian/scratch
Preparing Ethanol_c129_q3.dat -> Ethanol_c129_q3.out on /home/zoe/Research/Gaussian/scratch
Preparing Ethanol_c12_q1.dat -> Ethanol_c12_q1.out on /home/zoe/Research/Gaussian/scratch
Error: segmentation violation
   rax 0000000000000000, rbx ffffffffffffffff, rcx 00000bb93004275b
   rdx 0000000000000000, rsp 00007fffe14e9e98, rbp 00007fffe14ea470
   rsi 000000000000000b, rdi 00000000002fbc83, r8  00000bb7effff000
   r9  0000000000000000, r10 00000bb930012f60, r11 0000000000000202
   r12 0000000000000000, r13 0000000000000000, r14 00007fffe14ea4b8
   r15 00000bb7effff050
  --- traceback not available
Aborted (core dumped)
Preparing Ethanol_c12_q2.dat -> Ethanol_c12_q2.out on /home/zoe/Research/Gaussian/scratch
Preparing Ethanol_c12_q3.dat -> Ethanol_c12_q3.out on /home/zoe/Research/Gaussian/scratch
Preparing Ethanol_c130_q1.dat -> Ethanol_c130_q1.out on /home/zoe/Research/Gaussian/scratch
Preparing Ethanol_c130_q2.dat -> Ethanol_c130_q2.out on /home/zoe/Research/Gaussian/scratch
Error: segmentation violation
   rax 0000000000000000, rbx ffffffffffffffff, rcx 000014cea4e4275b
   rdx 0000000000000000, rsp 00007ffc65bfdae8, rbp 00007ffc65bfe0c0
   rsi 000000000000000b, rdi 00000000002f6563, r8  000014cd64dff000
   r9  0000000000000000, r10 000014cea4e12f60, r11 0000000000000206
   r12 0000000000000000, r13 0000000000000000, r14 00007ffc65bfe108
   r15 0000000000001f1b
  --- traceback not available
Aborted (core dumped)
Preparing Ethanol_c130_q3.dat -> Ethanol_c130_q3.out on /home/zoe/Research/Gaussian/scratch
Preparing Ethanol_c131_q1.dat -> Ethanol_c131_q1.out on /home/zoe/Research/Gaussian/scratch
Preparing Ethanol_c131_q2.dat -> Ethanol_c131_q2.out on /home/zoe/Research/Gaussian/scratch
Preparing Ethanol_c131_q3.dat -> Ethanol_c131_q3.out on /home/zoe/Research/Gaussian/scratch
Preparing Ethanol_c132_q1.dat -> Ethanol_c132_q1.out on /home/zoe/Research/Gaussian/scratch
Preparing Ethanol_c132_q2.dat -> Ethanol_c132_q2.out on /home/zoe/Research/Gaussian/scratch
Preparing Ethanol_c132_q3.dat -> Ethanol_c132_q3.out on /home/zoe/Research/Gaussian/scratch
Preparing Ethanol_c133_q1.dat -> Ethanol_c133_q1.out on /home/zoe/Research/Gaussian/scratch
Error: segmentation violation
   rax 0000000000000000, rbx ffffffffffffffff, rcx 000013281c64275b
   rdx 0000000000000000, rsp 00007ffec11c8258, rbp 00007ffec11c8830
   rsi 000000000000000b, rdi 00000000002fb189, r8  00001326dc5ff000
   r9  0000000000000000, r10 000013281c612f60, r11 0000000000000202
   r12 0000000000000000, r13 0000000000000000, r14 00007ffec11c8878
   r15 000000000000203b
  --- traceback not available
Aborted (core dumped)
Preparing Ethanol_c133_q2.dat -> Ethanol_c133_q2.out on /home/zoe/Research/Gaussian/scratch
Preparing Ethanol_c133_q3.dat -> Ethanol_c133_q3.out on /home/zoe/Research/Gaussian/scratch
Error: segmentation violation
   rax 0000000000000000, rbx ffffffffffffffff, rcx 00000e0ebee4275b
   rdx 0000000000000000, rsp 00007ffc01235528, rbp 00007ffc01235b00
   rsi 000000000000000b, rdi 00000000002fb50a, r8  00000e0d7edff000
   r9  0000000000000000, r10 00000e0ebee12f60, r11 0000000000000206
   r12 0000000000000000, r13 0000000000000000, r14 00007ffc01235b48
   r15 000000000000200b
  --- traceback not available
Aborted (core dumped)
Preparing Ethanol_c134_q1.dat -> Ethanol_c134_q1.out on /home/zoe/Research/Gaussian/scratch
Preparing Ethanol_c134_q2.dat -> Ethanol_c134_q2.out on /home/zoe/Research/Gaussian/scratch
Preparing Ethanol_c134_q3.dat -> Ethanol_c134_q3.out on /home/zoe/Research/Gaussian/scratch
Preparing Ethanol_c135_q1.dat -> Ethanol_c135_q1.out on /home/zoe/Research/Gaussian/scratch
Preparing Ethanol_c135_q2.dat -> Ethanol_c135_q2.out on /home/zoe/Research/Gaussian/scratch
Preparing Ethanol_c135_q3.dat -> Ethanol_c135_q3.out on /home/zoe/Research/Gaussian/scratch
Preparing Ethanol_c136_q1.dat -> Ethanol_c136_q1.out on /home/zoe/Research/Gaussian/scratch
Preparing Ethanol_c136_q2.dat -> Ethanol_c136_q2.out on /home/zoe/Research/Gaussian/scratch
Preparing Ethanol_c136_q3.dat -> Ethanol_c136_q3.out on /home/zoe/Research/Gaussian/scratch
Preparing Ethanol_c137_q1.dat -> Ethanol_c137_q1.out on /home/zoe/Research/Gaussian/scratch
Preparing Ethanol_c137_q2.dat -> Ethanol_c137_q2.out on /home/zoe/Research/Gaussian/scratch
Preparing Ethanol_c137_q3.dat -> Ethanol_c137_q3.out on /home/zoe/Research/Gaussian/scratch
Preparing Ethanol_c138_q1.dat -> Ethanol_c138_q1.out on /home/zoe/Research/Gaussian/scratch
Preparing Ethanol_c138_q2.dat -> Ethanol_c138_q2.out on /home/zoe/Research/Gaussian/scratch
Error: segmentation violation
   rax 0000000000000000, rbx ffffffffffffffff, rcx 00000d1f1244275b
   rdx 0000000000000000, rsp 00007fff8ce39548, rbp 00007fff8ce39b20
   rsi 000000000000000b, rdi 0000000000301247, r8  00000d1dd23ff000
   r9  0000000000000000, r10 00000d1f12412f60, r11 0000000000000206
   r12 0000000000000000, r13 0000000000000000, r14 00007fff8ce39b68
   r15 000000000000212b
  --- traceback not available
Aborted (core dumped)
Preparing Ethanol_c138_q3.dat -> Ethanol_c138_q3.out on /home/zoe/Research/Gaussian/scratch
Preparing Ethanol_c139_q1.dat -> Ethanol_c139_q1.out on /home/zoe/Research/Gaussian/scratch
Preparing Ethanol_c139_q2.dat -> Ethanol_c139_q2.out on /home/zoe/Research/Gaussian/scratch
Preparing Ethanol_c139_q3.dat -> Ethanol_c139_q3.out on /home/zoe/Research/Gaussian/scratch
Preparing Ethanol_c13_q1.dat -> Ethanol_c13_q1.out on /home/zoe/Research/Gaussian/scratch
Preparing Ethanol_c13_q2.dat -> Ethanol_c13_q2.out on /home/zoe/Research/Gaussian/scratch
Error: segmentation violation
   rax 0000000000000000, rbx ffffffffffffffff, rcx 0000127724e4275b
   rdx 0000000000000000, rsp 00007ffe65535eb8, rbp 00007ffe65536490
   rsi 000000000000000b, rdi 0000000000304ba0, r8  00001275e4dff000
   r9  0000000000000000, r10 0000127724e12f60, r11 0000000000000206
   r12 0000000000000000, r13 0000000000000000, r14 00007ffe655364d8
   r15 00000000000020cb
  --- traceback not available
Aborted (core dumped)
Preparing Ethanol_c13_q3.dat -> Ethanol_c13_q3.out on /home/zoe/Research/Gaussian/scratch
Preparing Ethanol_c140_q1.dat -> Ethanol_c140_q1.out on /home/zoe/Research/Gaussian/scratch
Preparing Ethanol_c140_q2.dat -> Ethanol_c140_q2.out on /home/zoe/Research/Gaussian/scratch
Preparing Ethanol_c140_q3.dat -> Ethanol_c140_q3.out on /home/zoe/Research/Gaussian/scratch
Preparing Ethanol_c141_q1.dat -> Ethanol_c141_q1.out on /home/zoe/Research/Gaussian/scratch
Preparing Ethanol_c141_q2.dat -> Ethanol_c141_q2.out on /home/zoe/Research/Gaussian/scratch
Preparing Ethanol_c141_q3.dat -> Ethanol_c141_q3.out on /home/zoe/Research/Gaussian/scratch
Preparing Ethanol_c142_q1.dat -> Ethanol_c142_q1.out on /home/zoe/Research/Gaussian/scratch
Preparing Ethanol_c142_q2.dat -> Ethanol_c142_q2.out on /home/zoe/Research/Gaussian/scratch
Preparing Ethanol_c142_q3.dat -> Ethanol_c142_q3.out on /home/zoe/Research/Gaussian/scratch
Error: segmentation violation
   rax 0000000000000000, rbx ffffffffffffffff, rcx 000007f33164275b
   rdx 0000000000000000, rsp 00007fff44a5e438, rbp 00007fff44a5ea10
   rsi 000000000000000b, rdi 0000000000311657, r8  000007f1f15ff000
   r9  0000000000000000, r10 000007f331612f60, r11 0000000000000202
   r12 0000000000000000, r13 0000000000000000, r14 00007fff44a5ea58
   r15 000007f1f21ebaf8
  --- traceback not available
Aborted (core dumped)
Preparing Ethanol_c143_q1.dat -> Ethanol_c143_q1.out on /home/zoe/Research/Gaussian/scratch
Preparing Ethanol_c143_q2.dat -> Ethanol_c143_q2.out on /home/zoe/Research/Gaussian/scratch
Preparing Ethanol_c143_q3.dat -> Ethanol_c143_q3.out on /home/zoe/Research/Gaussian/scratch
Preparing Ethanol_c144_q1.dat -> Ethanol_c144_q1.out on /home/zoe/Research/Gaussian/scratch
Error: segmentation violation
   rax 0000000000000000, rbx ffffffffffffffff, rcx 00000bdf0844275b
   rdx 0000000000000000, rsp 00007ffcbb3e30a8, rbp 00007ffcbb3e3680
   rsi 000000000000000b, rdi 000000000030efb6, r8  00000bddc83ff000
   r9  0000000000000000, r10 00000bdf08412f60, r11 0000000000000202
   r12 0000000000000000, r13 0000000000000000, r14 00007ffcbb3e36c8
   r15 00000000000020fb
  --- traceback not available
Aborted (core dumped)
Preparing Ethanol_c144_q2.dat -> Ethanol_c144_q2.out on /home/zoe/Research/Gaussian/scratch
Error: segmentation violation
   rax 0000000000000000, rbx ffffffffffffffff, rcx 0000131013a4275b
   rdx 0000000000000000, rsp 00007fff6e3eba98, rbp 00007fff6e3ec070
   rsi 000000000000000b, rdi 0000000000311642, r8  0000130ed39ff000
   r9  0000000000000000, r10 0000131013a12f60, r11 0000000000000202
   r12 0000000000000000, r13 0000000000000000, r14 00007fff6e3ec0b8
   r15 000000000000200b
  --- traceback not available
Aborted (core dumped)
Preparing Ethanol_c144_q3.dat -> Ethanol_c144_q3.out on /home/zoe/Research/Gaussian/scratch
Preparing Ethanol_c145_q1.dat -> Ethanol_c145_q1.out on /home/zoe/Research/Gaussian/scratch
Preparing Ethanol_c145_q2.dat -> Ethanol_c145_q2.out on /home/zoe/Research/Gaussian/scratch
Preparing Ethanol_c145_q3.dat -> Ethanol_c145_q3.out on /home/zoe/Research/Gaussian/scratch
Preparing Ethanol_c146_q1.dat -> Ethanol_c146_q1.out on /home/zoe/Research/Gaussian/scratch
Error: segmentation violation
   rax 0000000000000000, rbx ffffffffffffffff, rcx 0000120423a4275b
   rdx 0000000000000000, rsp 00007ffe31b8b068, rbp 00007ffe31b8b640
   rsi 000000000000000b, rdi 0000000000313138, r8  00001202e39ff000
   r9  0000000000000000, r10 0000120423a12f60, r11 0000000000000202
   r12 0000000000000000, r13 0000000000000000, r14 00007ffe31b8b688
   r15 000000000000206b
  --- traceback not available
Aborted (core dumped)
Error: segmentation violation
   rax 0000000000000000, rbx ffffffffffffffff, rcx 00000b177ea4275b
   rdx 0000000000000000, rsp 00007fff2fdc5078, rbp 00007fff2fdc5650
   rsi 000000000000000b, rdi 00000000003134b1, r8  00000b163e9ff000
   r9  0000000000000000, r10 00000b177ea12f60, r11 0000000000000206
   r12 0000000000000000, r13 0000000000000000, r14 00007fff2fdc5698
   r15 000000000000206b
  --- traceback not available
Aborted (core dumped)
Preparing Ethanol_c146_q2.dat -> Ethanol_c146_q2.out on /home/zoe/Research/Gaussian/scratch
Preparing Ethanol_c146_q3.dat -> Ethanol_c146_q3.out on /home/zoe/Research/Gaussian/scratch
Preparing Ethanol_c147_q1.dat -> Ethanol_c147_q1.out on /home/zoe/Research/Gaussian/scratch
Preparing Ethanol_c147_q2.dat -> Ethanol_c147_q2.out on /home/zoe/Research/Gaussian/scratch
Preparing Ethanol_c147_q3.dat -> Ethanol_c147_q3.out on /home/zoe/Research/Gaussian/scratch
Preparing Ethanol_c148_q1.dat -> Ethanol_c148_q1.out on /home/zoe/Research/Gaussian/scratch
Error: segmentation violation
   rax 0000000000000000, rbx ffffffffffffffff, rcx 00001258e2a4275b
   rdx 0000000000000000, rsp 00007ffdea24e128, rbp 00007ffdea24e700
   rsi 000000000000000b, rdi 0000000000316ea4, r8  00001257a29ff000
   r9  0000000000000000, r10 00001258e2a12f60, r11 0000000000000206
   r12 0000000000000000, r13 0000000000000000, r14 00007ffdea24e748
   r15 0000000000001f7b
  --- traceback not available
Aborted (core dumped)
Preparing Ethanol_c148_q2.dat -> Ethanol_c148_q2.out on /home/zoe/Research/Gaussian/scratch
Preparing Ethanol_c148_q3.dat -> Ethanol_c148_q3.out on /home/zoe/Research/Gaussian/scratch
Preparing Ethanol_c149_q1.dat -> Ethanol_c149_q1.out on /home/zoe/Research/Gaussian/scratch
Error: segmentation violation
   rax 0000000000000000, rbx ffffffffffffffff, rcx 0000095513e4275b
   rdx 0000000000000000, rsp 00007ffc10649248, rbp 00007ffc10649820
   rsi 000000000000000b, rdi 000000000031e187, r8  00000953d3dff000
   r9  0000000000000000, r10 0000095513e12f60, r11 0000000000000206
   r12 0000000000000000, r13 0000000000000000, r14 00007ffc10649868
   r15 00000953d49e8df8
  --- traceback not available
Aborted (core dumped)
Preparing Ethanol_c149_q2.dat -> Ethanol_c149_q2.out on /home/zoe/Research/Gaussian/scratch
Preparing Ethanol_c149_q3.dat -> Ethanol_c149_q3.out on /home/zoe/Research/Gaussian/scratch
Preparing Ethanol_c14_q1.dat -> Ethanol_c14_q1.out on /home/zoe/Research/Gaussian/scratch
Error: segmentation violation
   rax 0000000000000000, rbx ffffffffffffffff, rcx 00000b68b4a4275b
   rdx 0000000000000000, rsp 00007ffd40163838, rbp 00007ffd40163e10
   rsi 000000000000000b, rdi 000000000031e2cd, r8  00000b67749ff000
   r9  0000000000000000, r10 00000b68b4a12f60, r11 0000000000000202
   r12 0000000000000000, r13 0000000000000000, r14 00007ffd40163e58
   r15 00000b67749ff050
  --- traceback not available
Aborted (core dumped)
Preparing Ethanol_c14_q2.dat -> Ethanol_c14_q2.out on /home/zoe/Research/Gaussian/scratch
Preparing Ethanol_c14_q3.dat -> Ethanol_c14_q3.out on /home/zoe/Research/Gaussian/scratch
Preparing Ethanol_c150_q1.dat -> Ethanol_c150_q1.out on /home/zoe/Research/Gaussian/scratch
Error: segmentation violation
   rax 0000000000000000, rbx ffffffffffffffff, rcx 00000f3145c4275b
   rdx 0000000000000000, rsp 00007ffe91fd81d8, rbp 00007ffe91fd87b0
   rsi 000000000000000b, rdi 000000000031ffd2, r8  00000f3005bff000
   r9  0000000000000000, r10 00000f3145c12f60, r11 0000000000000206
   r12 0000000000000000, r13 0000000000000000, r14 00007ffe91fd87f8
   r15 000000000000200b
  --- traceback not available
Aborted (core dumped)
Preparing Ethanol_c150_q2.dat -> Ethanol_c150_q2.out on /home/zoe/Research/Gaussian/scratch
Preparing Ethanol_c150_q3.dat -> Ethanol_c150_q3.out on /home/zoe/Research/Gaussian/scratch
Error: segmentation violation
   rax 0000000000000000, rbx ffffffffffffffff, rcx 000012008a24275b
   rdx 0000000000000000, rsp 00007ffd27900328, rbp 00007ffd27900900
   rsi 000000000000000b, rdi 00000000003202c1, r8  000011ff4a1ff000
   r9  0000000000000000, r10 000012008a212f60, r11 0000000000000206
   r12 0000000000000000, r13 0000000000000000, r14 00007ffd27900948
   r15 000000000000200b
  --- traceback not available
Aborted (core dumped)
Preparing Ethanol_c151_q1.dat -> Ethanol_c151_q1.out on /home/zoe/Research/Gaussian/scratch
Error: segmentation violation
   rax 0000000000000000, rbx ffffffffffffffff, rcx 00000fa519a4275b
   rdx 0000000000000000, rsp 00007ffcc9cf1268, rbp 00007ffcc9cf1840
   rsi 000000000000000b, rdi 000000000031ffe7, r8  00000fa3d99ff000
   r9  0000000000000000, r10 00000fa519a12f60, r11 0000000000000202
   r12 0000000000000000, r13 0000000000000000, r14 00007ffcc9cf1888
   r15 000000000000200b
  --- traceback not available
Aborted (core dumped)
Preparing Ethanol_c151_q2.dat -> Ethanol_c151_q2.out on /home/zoe/Research/Gaussian/scratch
Preparing Ethanol_c151_q3.dat -> Ethanol_c151_q3.out on /home/zoe/Research/Gaussian/scratch
Preparing Ethanol_c152_q1.dat -> Ethanol_c152_q1.out on /home/zoe/Research/Gaussian/scratch
Preparing Ethanol_c152_q2.dat -> Ethanol_c152_q2.out on /home/zoe/Research/Gaussian/scratch
Preparing Ethanol_c152_q3.dat -> Ethanol_c152_q3.out on /home/zoe/Research/Gaussian/scratch
Preparing Ethanol_c153_q1.dat -> Ethanol_c153_q1.out on /home/zoe/Research/Gaussian/scratch
Preparing Ethanol_c153_q2.dat -> Ethanol_c153_q2.out on /home/zoe/Research/Gaussian/scratch
Preparing Ethanol_c153_q3.dat -> Ethanol_c153_q3.out on /home/zoe/Research/Gaussian/scratch
Preparing Ethanol_c154_q1.dat -> Ethanol_c154_q1.out on /home/zoe/Research/Gaussian/scratch
Preparing Ethanol_c154_q2.dat -> Ethanol_c154_q2.out on /home/zoe/Research/Gaussian/scratch
Preparing Ethanol_c154_q3.dat -> Ethanol_c154_q3.out on /home/zoe/Research/Gaussian/scratch
Error: segmentation violation
   rax 0000000000000000, rbx ffffffffffffffff, rcx 00000a6affa4275b
   rdx 0000000000000000, rsp 00007ffdae940458, rbp 00007ffdae940a30
   rsi 000000000000000b, rdi 000000000032c751, r8  00000a69bf9ff000
   r9  0000000000000000, r10 00000a6affa12f60, r11 0000000000000202
   r12 0000000000000000, r13 0000000000000000, r14 00007ffdae940a78
   r15 000000000000209b
  --- traceback not available
Aborted (core dumped)
Preparing Ethanol_c155_q1.dat -> Ethanol_c155_q1.out on /home/zoe/Research/Gaussian/scratch
Error: segmentation violation
   rax 0000000000000000, rbx ffffffffffffffff, rcx 00000d15c644275b
   rdx 0000000000000000, rsp 00007ffd99bdadf8, rbp 00007ffd99bdb3d0
   rsi 000000000000000b, rdi 000000000032caf3, r8  00000d14863ff000
   r9  0000000000000000, r10 00000d15c6412f60, r11 0000000000000202
   r12 0000000000000000, r13 0000000000000000, r14 00007ffd99bdb418
   r15 000000000000209b
  --- traceback not available
Aborted (core dumped)
Preparing Ethanol_c155_q2.dat -> Ethanol_c155_q2.out on /home/zoe/Research/Gaussian/scratch
Error: segmentation violation
   rax 0000000000000000, rbx ffffffffffffffff, rcx 0000063c05c4275b
   rdx 0000000000000000, rsp 00007ffeab3f7c38, rbp 00007ffeab3f8210
   rsi 000000000000000b, rdi 000000000032c458, r8  0000063ac5bff000
   r9  0000000000000000, r10 0000063c05c12f60, r11 0000000000000202
   r12 0000000000000000, r13 0000000000000000, r14 00007ffeab3f8258
   r15 0000000000001fdb
  --- traceback not available
Aborted (core dumped)
Preparing Ethanol_c155_q3.dat -> Ethanol_c155_q3.out on /home/zoe/Research/Gaussian/scratch
Error: segmentation violation
   rax 0000000000000000, rbx ffffffffffffffff, rcx 0000105b1064275b
   rdx 0000000000000000, rsp 00007ffcd6ec74b8, rbp 00007ffcd6ec7a90
   rsi 000000000000000b, rdi 000000000032d048, r8  00001059d05ff000
   r9  0000000000000000, r10 0000105b10612f60, r11 0000000000000206
   r12 0000000000000000, r13 0000000000000000, r14 00007ffcd6ec7ad8
   r15 000000000000209b
  --- traceback not available
Aborted (core dumped)
Preparing Ethanol_c156_q1.dat -> Ethanol_c156_q1.out on /home/zoe/Research/Gaussian/scratch
Preparing Ethanol_c156_q2.dat -> Ethanol_c156_q2.out on /home/zoe/Research/Gaussian/scratch
Error: segmentation violation
   rax 0000000000000000, rbx ffffffffffffffff, rcx 000005eeef64275b
   rdx 0000000000000000, rsp 00007fff2b1730f8, rbp 00007fff2b1736d0
   rsi 000000000000000b, rdi 0000000000330830, r8  000005edaf5ff000
   r9  0000000000000000, r10 000005eeef612f60, r11 0000000000000202
   r12 0000000000000000, r13 0000000000000000, r14 00007fff2b173718
   r15 000000000000206b
  --- traceback not available
Aborted (core dumped)
Preparing Ethanol_c156_q3.dat -> Ethanol_c156_q3.out on /home/zoe/Research/Gaussian/scratch
Preparing Ethanol_c157_q1.dat -> Ethanol_c157_q1.out on /home/zoe/Research/Gaussian/scratch
Preparing Ethanol_c157_q2.dat -> Ethanol_c157_q2.out on /home/zoe/Research/Gaussian/scratch
Preparing Ethanol_c157_q3.dat -> Ethanol_c157_q3.out on /home/zoe/Research/Gaussian/scratch
Preparing Ethanol_c158_q1.dat -> Ethanol_c158_q1.out on /home/zoe/Research/Gaussian/scratch
Preparing Ethanol_c158_q2.dat -> Ethanol_c158_q2.out on /home/zoe/Research/Gaussian/scratch
Preparing Ethanol_c158_q3.dat -> Ethanol_c158_q3.out on /home/zoe/Research/Gaussian/scratch
Preparing Ethanol_c159_q1.dat -> Ethanol_c159_q1.out on /home/zoe/Research/Gaussian/scratch
Error: segmentation violation
   rax 0000000000000000, rbx ffffffffffffffff, rcx 00000f3544e4275b
   rdx 0000000000000000, rsp 00007ffe73d8a928, rbp 00007ffe73d8af00
   rsi 000000000000000b, rdi 00000000003342fb, r8  00000f3404dff000
   r9  0000000000000000, r10 00000f3544e12f60, r11 0000000000000206
   r12 0000000000000000, r13 0000000000000000, r14 00007ffe73d8af48
   r15 000000000000206b
  --- traceback not available
Aborted (core dumped)
Preparing Ethanol_c159_q2.dat -> Ethanol_c159_q2.out on /home/zoe/Research/Gaussian/scratch
Error: segmentation violation
   rax 0000000000000000, rbx ffffffffffffffff, rcx 00000bd58a04275b
   rdx 0000000000000000, rsp 00007ffcd8e7bf38, rbp 00007ffcd8e7c510
   rsi 000000000000000b, rdi 0000000000336b06, r8  00000bd449fff000
   r9  0000000000000000, r10 00000bd58a012f60, r11 0000000000000202
   r12 0000000000000000, r13 0000000000000000, r14 00007ffcd8e7c558
   r15 00000bd44abeccf8
  --- traceback not available
Aborted (core dumped)
Preparing Ethanol_c159_q3.dat -> Ethanol_c159_q3.out on /home/zoe/Research/Gaussian/scratch
Preparing Ethanol_c15_q1.dat -> Ethanol_c15_q1.out on /home/zoe/Research/Gaussian/scratch
Preparing Ethanol_c15_q2.dat -> Ethanol_c15_q2.out on /home/zoe/Research/Gaussian/scratch
Preparing Ethanol_c15_q3.dat -> Ethanol_c15_q3.out on /home/zoe/Research/Gaussian/scratch
Preparing Ethanol_c160_q1.dat -> Ethanol_c160_q1.out on /home/zoe/Research/Gaussian/scratch
Preparing Ethanol_c160_q2.dat -> Ethanol_c160_q2.out on /home/zoe/Research/Gaussian/scratch
Preparing Ethanol_c160_q3.dat -> Ethanol_c160_q3.out on /home/zoe/Research/Gaussian/scratch
Preparing Ethanol_c161_q1.dat -> Ethanol_c161_q1.out on /home/zoe/Research/Gaussian/scratch
Preparing Ethanol_c161_q2.dat -> Ethanol_c161_q2.out on /home/zoe/Research/Gaussian/scratch
Preparing Ethanol_c161_q3.dat -> Ethanol_c161_q3.out on /home/zoe/Research/Gaussian/scratch
Preparing Ethanol_c162_q1.dat -> Ethanol_c162_q1.out on /home/zoe/Research/Gaussian/scratch
Preparing Ethanol_c162_q2.dat -> Ethanol_c162_q2.out on /home/zoe/Research/Gaussian/scratch
Preparing Ethanol_c162_q3.dat -> Ethanol_c162_q3.out on /home/zoe/Research/Gaussian/scratch
Preparing Ethanol_c163_q1.dat -> Ethanol_c163_q1.out on /home/zoe/Research/Gaussian/scratch
Preparing Ethanol_c163_q2.dat -> Ethanol_c163_q2.out on /home/zoe/Research/Gaussian/scratch
Error: segmentation violation
   rax 0000000000000000, rbx ffffffffffffffff, rcx 00000ead3be4275b
   rdx 0000000000000000, rsp 00007ffeff5922e8, rbp 00007ffeff5928c0
   rsi 000000000000000b, rdi 000000000033f5eb, r8  00000eabfbdff000
   r9  0000000000000000, r10 00000ead3be12f60, r11 0000000000000206
   r12 0000000000000000, r13 0000000000000000, r14 00007ffeff592908
   r15 00000eabfbdff050
  --- traceback not available
Aborted (core dumped)
Preparing Ethanol_c163_q3.dat -> Ethanol_c163_q3.out on /home/zoe/Research/Gaussian/scratch
Preparing Ethanol_c164_q1.dat -> Ethanol_c164_q1.out on /home/zoe/Research/Gaussian/scratch
Preparing Ethanol_c164_q2.dat -> Ethanol_c164_q2.out on /home/zoe/Research/Gaussian/scratch
Preparing Ethanol_c164_q3.dat -> Ethanol_c164_q3.out on /home/zoe/Research/Gaussian/scratch
Preparing Ethanol_c165_q1.dat -> Ethanol_c165_q1.out on /home/zoe/Research/Gaussian/scratch
Preparing Ethanol_c165_q2.dat -> Ethanol_c165_q2.out on /home/zoe/Research/Gaussian/scratch
Preparing Ethanol_c165_q3.dat -> Ethanol_c165_q3.out on /home/zoe/Research/Gaussian/scratch
Preparing Ethanol_c166_q1.dat -> Ethanol_c166_q1.out on /home/zoe/Research/Gaussian/scratch
Preparing Ethanol_c166_q2.dat -> Ethanol_c166_q2.out on /home/zoe/Research/Gaussian/scratch
Error: segmentation violation
   rax 0000000000000000, rbx ffffffffffffffff, rcx 0000154df664275b
   rdx 0000000000000000, rsp 00007ffc2564e268, rbp 00007ffc2564e840
   rsi 000000000000000b, rdi 000000000033f21e, r8  0000154cb65ff000
   r9  0000000000000000, r10 0000154df6612f60, r11 0000000000000202
   r12 0000000000000000, r13 0000000000000000, r14 00007ffc2564e888
   r15 000000000000203b
  --- traceback not available
Aborted (core dumped)
Preparing Ethanol_c166_q3.dat -> Ethanol_c166_q3.out on /home/zoe/Research/Gaussian/scratch
Preparing Ethanol_c167_q1.dat -> Ethanol_c167_q1.out on /home/zoe/Research/Gaussian/scratch
Error: segmentation violation
   rax 0000000000000000, rbx ffffffffffffffff, rcx 000013f0ed44275b
   rdx 0000000000000000, rsp 00007fff910fe2b8, rbp 00007fff910fe890
   rsi 000000000000000b, rdi 000000000033efc6, r8  000013efad3ff000
   r9  0000000000000000, r10 000013f0ed412f60, r11 0000000000000206
   r12 0000000000000000, r13 0000000000000000, r14 00007fff910fe8d8
   r15 000000000000209b
  --- traceback not available
Aborted (core dumped)
Preparing Ethanol_c167_q2.dat -> Ethanol_c167_q2.out on /home/zoe/Research/Gaussian/scratch
Preparing Ethanol_c167_q3.dat -> Ethanol_c167_q3.out on /home/zoe/Research/Gaussian/scratch
Preparing Ethanol_c168_q1.dat -> Ethanol_c168_q1.out on /home/zoe/Research/Gaussian/scratch
Preparing Ethanol_c168_q2.dat -> Ethanol_c168_q2.out on /home/zoe/Research/Gaussian/scratch
Preparing Ethanol_c168_q3.dat -> Ethanol_c168_q3.out on /home/zoe/Research/Gaussian/scratch
Preparing Ethanol_c169_q1.dat -> Ethanol_c169_q1.out on /home/zoe/Research/Gaussian/scratch
Preparing Ethanol_c169_q2.dat -> Ethanol_c169_q2.out on /home/zoe/Research/Gaussian/scratch
Error: segmentation violation
   rax 0000000000000000, rbx ffffffffffffffff, rcx 00000ca73ba4275b
   rdx 0000000000000000, rsp 00007ffdaa6342c8, rbp 00007ffdaa6348a0
   rsi 000000000000000b, rdi 000000000034517a, r8  00000ca5fb9ff000
   r9  0000000000000000, r10 00000ca73ba12f60, r11 0000000000000202
   r12 0000000000000000, r13 0000000000000000, r14 00007ffdaa6348e8
   r15 000000000000215b
  --- traceback not available
Aborted (core dumped)
Preparing Ethanol_c169_q3.dat -> Ethanol_c169_q3.out on /home/zoe/Research/Gaussian/scratch
Error: segmentation violation
   rax 0000000000000000, rbx ffffffffffffffff, rcx 000014ab3904275b
   rdx 0000000000000000, rsp 00007ffe2d7080a8, rbp 00007ffe2d708680
   rsi 000000000000000b, rdi 0000000000344eb8, r8  000014a9f8fff000
   r9  0000000000000000, r10 000014ab39012f60, r11 0000000000000202
   r12 0000000000000000, r13 0000000000000000, r14 00007ffe2d7086c8
   r15 000000000000215b
  --- traceback not available
Aborted (core dumped)
Preparing Ethanol_c16_q1.dat -> Ethanol_c16_q1.out on /home/zoe/Research/Gaussian/scratch
Preparing Ethanol_c16_q2.dat -> Ethanol_c16_q2.out on /home/zoe/Research/Gaussian/scratch
Preparing Ethanol_c16_q3.dat -> Ethanol_c16_q3.out on /home/zoe/Research/Gaussian/scratch
Preparing Ethanol_c170_q1.dat -> Ethanol_c170_q1.out on /home/zoe/Research/Gaussian/scratch
Error: segmentation violation
   rax 0000000000000000, rbx ffffffffffffffff, rcx 000011d5c4a4275b
   rdx 0000000000000000, rsp 00007ffff1057ef8, rbp 00007ffff10584d0
   rsi 000000000000000b, rdi 000000000034afeb, r8  000011d4849ff000
   r9  0000000000000000, r10 000011d5c4a12f60, r11 0000000000000202
   r12 0000000000000000, r13 0000000000000000, r14 00007ffff1058518
   r15 00000000000020cb
  --- traceback not available
Aborted (core dumped)
Preparing Ethanol_c170_q2.dat -> Ethanol_c170_q2.out on /home/zoe/Research/Gaussian/scratch
Preparing Ethanol_c170_q3.dat -> Ethanol_c170_q3.out on /home/zoe/Research/Gaussian/scratch
Error: segmentation violation
   rax 0000000000000000, rbx ffffffffffffffff, rcx 00001033e904275b
   rdx 0000000000000000, rsp 00007fff711480a8, rbp 00007fff71148680
   rsi 000000000000000b, rdi 0000000000350295, r8  00001032a8fff000
   r9  0000000000000000, r10 00001033e9012f60, r11 0000000000000202
   r12 0000000000000000, r13 0000000000000000, r14 00007fff711486c8
   r15 00001032a9bedef8
  --- traceback not available
Aborted (core dumped)
Preparing Ethanol_c171_q1.dat -> Ethanol_c171_q1.out on /home/zoe/Research/Gaussian/scratch
Preparing Ethanol_c171_q2.dat -> Ethanol_c171_q2.out on /home/zoe/Research/Gaussian/scratch
Error: segmentation violation
   rax 0000000000000000, rbx ffffffffffffffff, rcx 00000777b3c4275b
   rdx 0000000000000000, rsp 00007ffeec5e2b48, rbp 00007ffeec5e3120
   rsi 000000000000000b, rdi 000000000034ddfa, r8  0000077673bff000
   r9  0000000000000000, r10 00000777b3c12f60, r11 0000000000000206
   r12 0000000000000000, r13 0000000000000000, r14 00007ffeec5e3168
   r15 0000000000001e8b
  --- traceback not available
Aborted (core dumped)
Preparing Ethanol_c171_q3.dat -> Ethanol_c171_q3.out on /home/zoe/Research/Gaussian/scratch
Preparing Ethanol_c172_q1.dat -> Ethanol_c172_q1.out on /home/zoe/Research/Gaussian/scratch
Error: segmentation violation
   rax 0000000000000000, rbx ffffffffffffffff, rcx 00000a78c924275b
   rdx 0000000000000000, rsp 00007ffcc62e74b8, rbp 00007ffcc62e7a90
   rsi 000000000000000b, rdi 000000000034ef6b, r8  00000a77891ff000
   r9  0000000000000000, r10 00000a78c9212f60, r11 0000000000000206
   r12 0000000000000000, r13 0000000000000000, r14 00007ffcc62e7ad8
   r15 0000000000001e8b
  --- traceback not available
Aborted (core dumped)
Error: segmentation violation
   rax 0000000000000000, rbx ffffffffffffffff, rcx 000011ada784275b
   rdx 0000000000000000, rsp 00007ffecbab0e08, rbp 00007ffecbab13e0
   rsi 000000000000000b, rdi 00000000003504ee, r8  000011ac677ff000
   r9  0000000000000000, r10 000011ada7812f60, r11 0000000000000202
   r12 0000000000000000, r13 0000000000000000, r14 00007ffecbab1428
   r15 00000000000020cb
  --- traceback not available
Aborted (core dumped)
Preparing Ethanol_c172_q2.dat -> Ethanol_c172_q2.out on /home/zoe/Research/Gaussian/scratch
Preparing Ethanol_c172_q3.dat -> Ethanol_c172_q3.out on /home/zoe/Research/Gaussian/scratch
Preparing Ethanol_c173_q1.dat -> Ethanol_c173_q1.out on /home/zoe/Research/Gaussian/scratch
Preparing Ethanol_c173_q2.dat -> Ethanol_c173_q2.out on /home/zoe/Research/Gaussian/scratch
Preparing Ethanol_c173_q3.dat -> Ethanol_c173_q3.out on /home/zoe/Research/Gaussian/scratch
Preparing Ethanol_c174_q1.dat -> Ethanol_c174_q1.out on /home/zoe/Research/Gaussian/scratch
Preparing Ethanol_c174_q2.dat -> Ethanol_c174_q2.out on /home/zoe/Research/Gaussian/scratch
Error: segmentation violation
   rax 0000000000000000, rbx ffffffffffffffff, rcx 000014dd71c4275b
   rdx 0000000000000000, rsp 00007ffce00cb4f8, rbp 00007ffce00cbad0
   rsi 000000000000000b, rdi 00000000003571a1, r8  000014dc31bff000
   r9  0000000000000000, r10 000014dd71c12f60, r11 0000000000000202
   r12 0000000000000000, r13 0000000000000000, r14 00007ffce00cbb18
   r15 000014dc31bff050
  --- traceback not available
Aborted (core dumped)
Preparing Ethanol_c174_q3.dat -> Ethanol_c174_q3.out on /home/zoe/Research/Gaussian/scratch
Preparing Ethanol_c175_q1.dat -> Ethanol_c175_q1.out on /home/zoe/Research/Gaussian/scratch
Preparing Ethanol_c175_q2.dat -> Ethanol_c175_q2.out on /home/zoe/Research/Gaussian/scratch
Preparing Ethanol_c175_q3.dat -> Ethanol_c175_q3.out on /home/zoe/Research/Gaussian/scratch
Preparing Ethanol_c176_q1.dat -> Ethanol_c176_q1.out on /home/zoe/Research/Gaussian/scratch
Preparing Ethanol_c176_q2.dat -> Ethanol_c176_q2.out on /home/zoe/Research/Gaussian/scratch
Preparing Ethanol_c176_q3.dat -> Ethanol_c176_q3.out on /home/zoe/Research/Gaussian/scratch
Error: segmentation violation
   rax 0000000000000000, rbx ffffffffffffffff, rcx 00000c7c4c84275b
   rdx 0000000000000000, rsp 00007ffc8612b2b8, rbp 00007ffc8612b890
   rsi 000000000000000b, rdi 0000000000357813, r8  00000c7b0c7ff000
   r9  0000000000000000, r10 00000c7c4c812f60, r11 0000000000000206
   r12 0000000000000000, r13 0000000000000000, r14 00007ffc8612b8d8
   r15 00000000000021bb
  --- traceback not available
Aborted (core dumped)
Preparing Ethanol_c177_q1.dat -> Ethanol_c177_q1.out on /home/zoe/Research/Gaussian/scratch
Preparing Ethanol_c177_q2.dat -> Ethanol_c177_q2.out on /home/zoe/Research/Gaussian/scratch
Preparing Ethanol_c177_q3.dat -> Ethanol_c177_q3.out on /home/zoe/Research/Gaussian/scratch
Preparing Ethanol_c178_q1.dat -> Ethanol_c178_q1.out on /home/zoe/Research/Gaussian/scratch
Preparing Ethanol_c178_q2.dat -> Ethanol_c178_q2.out on /home/zoe/Research/Gaussian/scratch
Preparing Ethanol_c178_q3.dat -> Ethanol_c178_q3.out on /home/zoe/Research/Gaussian/scratch
Preparing Ethanol_c179_q1.dat -> Ethanol_c179_q1.out on /home/zoe/Research/Gaussian/scratch
Error: segmentation violation
   rax 0000000000000000, rbx ffffffffffffffff, rcx 000010b1dec4275b
   rdx 0000000000000000, rsp 00007ffe6ed42ae8, rbp 00007ffe6ed430c0
   rsi 000000000000000b, rdi 000000000035c8b3, r8  000010b09ebff000
   r9  0000000000000000, r10 000010b1dec12f60, r11 0000000000000206
   r12 0000000000000000, r13 0000000000000000, r14 00007ffe6ed43108
   r15 00000000000020cb
  --- traceback not available
Aborted (core dumped)
Preparing Ethanol_c179_q2.dat -> Ethanol_c179_q2.out on /home/zoe/Research/Gaussian/scratch
Error: segmentation violation
   rax 0000000000000000, rbx ffffffffffffffff, rcx 000009e563a4275b
   rdx 0000000000000000, rsp 00007ffda0396f48, rbp 00007ffda0397520
   rsi 000000000000000b, rdi 000000000035c632, r8  000009e4239ff000
   r9  0000000000000000, r10 000009e563a12f60, r11 0000000000000206
   r12 0000000000000000, r13 0000000000000000, r14 00007ffda0397568
   r15 00000000000020cb
  --- traceback not available
Aborted (core dumped)
Preparing Ethanol_c179_q3.dat -> Ethanol_c179_q3.out on /home/zoe/Research/Gaussian/scratch
Error: segmentation violation
   rax 0000000000000000, rbx ffffffffffffffff, rcx 00000c125584275b
   rdx 0000000000000000, rsp 00007ffd24567c38, rbp 00007ffd24568210
   rsi 000000000000000b, rdi 000000000035c8a6, r8  00000c11157ff000
   r9  0000000000000000, r10 00000c1255812f60, r11 0000000000000202
   r12 0000000000000000, r13 0000000000000000, r14 00007ffd24568258
   r15 00000000000020cb
  --- traceback not available
Aborted (core dumped)
Preparing Ethanol_c17_q1.dat -> Ethanol_c17_q1.out on /home/zoe/Research/Gaussian/scratch
Preparing Ethanol_c17_q2.dat -> Ethanol_c17_q2.out on /home/zoe/Research/Gaussian/scratch
Preparing Ethanol_c17_q3.dat -> Ethanol_c17_q3.out on /home/zoe/Research/Gaussian/scratch
Preparing Ethanol_c180_q1.dat -> Ethanol_c180_q1.out on /home/zoe/Research/Gaussian/scratch
Preparing Ethanol_c180_q2.dat -> Ethanol_c180_q2.out on /home/zoe/Research/Gaussian/scratch
Preparing Ethanol_c180_q3.dat -> Ethanol_c180_q3.out on /home/zoe/Research/Gaussian/scratch
Preparing Ethanol_c181_q1.dat -> Ethanol_c181_q1.out on /home/zoe/Research/Gaussian/scratch
Preparing Ethanol_c181_q2.dat -> Ethanol_c181_q2.out on /home/zoe/Research/Gaussian/scratch
Preparing Ethanol_c181_q3.dat -> Ethanol_c181_q3.out on /home/zoe/Research/Gaussian/scratch
Preparing Ethanol_c182_q1.dat -> Ethanol_c182_q1.out on /home/zoe/Research/Gaussian/scratch
Preparing Ethanol_c182_q2.dat -> Ethanol_c182_q2.out on /home/zoe/Research/Gaussian/scratch
Preparing Ethanol_c182_q3.dat -> Ethanol_c182_q3.out on /home/zoe/Research/Gaussian/scratch
Error: segmentation violation
   rax 0000000000000000, rbx ffffffffffffffff, rcx 000011473e24275b
   rdx 0000000000000000, rsp 00007ffe54c26308, rbp 00007ffe54c268e0
   rsi 000000000000000b, rdi 0000000000368676, r8  00001145fe1ff000
   r9  0000000000000000, r10 000011473e212f60, r11 0000000000000202
   r12 0000000000000000, r13 0000000000000000, r14 00007ffe54c26928
   r15 00001145fedec3f8
  --- traceback not available
Aborted (core dumped)
Preparing Ethanol_c183_q1.dat -> Ethanol_c183_q1.out on /home/zoe/Research/Gaussian/scratch
Error: segmentation violation
   rax 0000000000000000, rbx ffffffffffffffff, rcx 000010e506a4275b
   rdx 0000000000000000, rsp 00007ffc0ba13bb8, rbp 00007ffc0ba14190
   rsi 000000000000000b, rdi 00000000003688ac, r8  000010e3c69ff000
   r9  0000000000000000, r10 000010e506a12f60, r11 0000000000000206
   r12 0000000000000000, r13 0000000000000000, r14 00007ffc0ba141d8
   r15 000000000000203b
  --- traceback not available
Aborted (core dumped)
Preparing Ethanol_c183_q2.dat -> Ethanol_c183_q2.out on /home/zoe/Research/Gaussian/scratch
Preparing Ethanol_c183_q3.dat -> Ethanol_c183_q3.out on /home/zoe/Research/Gaussian/scratch
Error: segmentation violation
   rax 0000000000000000, rbx ffffffffffffffff, rcx 0000115ce644275b
   rdx 0000000000000000, rsp 00007ffe1ad428e8, rbp 00007ffe1ad42ec0
   rsi 000000000000000b, rdi 000000000036aa66, r8  0000115ba63ff000
   r9  0000000000000000, r10 0000115ce6412f60, r11 0000000000000206
   r12 0000000000000000, r13 0000000000000000, r14 00007ffe1ad42f08
   r15 000000000000200b
  --- traceback not available
Aborted (core dumped)
Preparing Ethanol_c184_q1.dat -> Ethanol_c184_q1.out on /home/zoe/Research/Gaussian/scratch
Error: segmentation violation
   rax 0000000000000000, rbx ffffffffffffffff, rcx 00000d4a0724275b
   rdx 0000000000000000, rsp 00007ffe05efbb28, rbp 00007ffe05efc100
   rsi 000000000000000b, rdi 000000000036ba15, r8  00000d48c71ff000
   r9  0000000000000000, r10 00000d4a07212f60, r11 0000000000000206
   r12 0000000000000000, r13 0000000000000000, r14 00007ffe05efc148
   r15 00000d48c71ff050
  --- traceback not available
Aborted (core dumped)
Preparing Ethanol_c184_q2.dat -> Ethanol_c184_q2.out on /home/zoe/Research/Gaussian/scratch
Error: segmentation violation
   rax 0000000000000000, rbx ffffffffffffffff, rcx 00000aa0f0e4275b
   rdx 0000000000000000, rsp 00007ffd34af45f8, rbp 00007ffd34af4bd0
   rsi 000000000000000b, rdi 000000000036b311, r8  00000a9fb0dff000
   r9  0000000000000000, r10 00000aa0f0e12f60, r11 0000000000000202
   r12 0000000000000000, r13 0000000000000000, r14 00007ffd34af4c18
   r15 000000000000200b
  --- traceback not available
Aborted (core dumped)
Preparing Ethanol_c184_q3.dat -> Ethanol_c184_q3.out on /home/zoe/Research/Gaussian/scratch
Preparing Ethanol_c185_q1.dat -> Ethanol_c185_q1.out on /home/zoe/Research/Gaussian/scratch
Preparing Ethanol_c185_q2.dat -> Ethanol_c185_q2.out on /home/zoe/Research/Gaussian/scratch
Preparing Ethanol_c185_q3.dat -> Ethanol_c185_q3.out on /home/zoe/Research/Gaussian/scratch
Preparing Ethanol_c186_q1.dat -> Ethanol_c186_q1.out on /home/zoe/Research/Gaussian/scratch
Preparing Ethanol_c186_q2.dat -> Ethanol_c186_q2.out on /home/zoe/Research/Gaussian/scratch
Preparing Ethanol_c186_q3.dat -> Ethanol_c186_q3.out on /home/zoe/Research/Gaussian/scratch
Preparing Ethanol_c187_q1.dat -> Ethanol_c187_q1.out on /home/zoe/Research/Gaussian/scratch
Preparing Ethanol_c187_q2.dat -> Ethanol_c187_q2.out on /home/zoe/Research/Gaussian/scratch
Preparing Ethanol_c187_q3.dat -> Ethanol_c187_q3.out on /home/zoe/Research/Gaussian/scratch
Preparing Ethanol_c188_q1.dat -> Ethanol_c188_q1.out on /home/zoe/Research/Gaussian/scratch
Preparing Ethanol_c188_q2.dat -> Ethanol_c188_q2.out on /home/zoe/Research/Gaussian/scratch
Preparing Ethanol_c188_q3.dat -> Ethanol_c188_q3.out on /home/zoe/Research/Gaussian/scratch
Preparing Ethanol_c189_q1.dat -> Ethanol_c189_q1.out on /home/zoe/Research/Gaussian/scratch
Preparing Ethanol_c189_q2.dat -> Ethanol_c189_q2.out on /home/zoe/Research/Gaussian/scratch
Preparing Ethanol_c189_q3.dat -> Ethanol_c189_q3.out on /home/zoe/Research/Gaussian/scratch
Preparing Ethanol_c18_q1.dat -> Ethanol_c18_q1.out on /home/zoe/Research/Gaussian/scratch
Preparing Ethanol_c18_q2.dat -> Ethanol_c18_q2.out on /home/zoe/Research/Gaussian/scratch
Preparing Ethanol_c18_q3.dat -> Ethanol_c18_q3.out on /home/zoe/Research/Gaussian/scratch
Preparing Ethanol_c190_q1.dat -> Ethanol_c190_q1.out on /home/zoe/Research/Gaussian/scratch
Preparing Ethanol_c190_q2.dat -> Ethanol_c190_q2.out on /home/zoe/Research/Gaussian/scratch
Preparing Ethanol_c190_q3.dat -> Ethanol_c190_q3.out on /home/zoe/Research/Gaussian/scratch
Preparing Ethanol_c191_q1.dat -> Ethanol_c191_q1.out on /home/zoe/Research/Gaussian/scratch
Preparing Ethanol_c191_q2.dat -> Ethanol_c191_q2.out on /home/zoe/Research/Gaussian/scratch
Preparing Ethanol_c191_q3.dat -> Ethanol_c191_q3.out on /home/zoe/Research/Gaussian/scratch
Preparing Ethanol_c192_q1.dat -> Ethanol_c192_q1.out on /home/zoe/Research/Gaussian/scratch
Preparing Ethanol_c192_q2.dat -> Ethanol_c192_q2.out on /home/zoe/Research/Gaussian/scratch
Error: segmentation violation
   rax 0000000000000000, rbx ffffffffffffffff, rcx 00001320b784275b
   rdx 0000000000000000, rsp 00007ffdd3355a08, rbp 00007ffdd3355fe0
   rsi 000000000000000b, rdi 000000000037352d, r8  0000131f777ff000
   r9  0000000000000000, r10 00001320b7812f60, r11 0000000000000202
   r12 0000000000000000, r13 0000000000000000, r14 00007ffdd3356028
   r15 0000000000001f1b
  --- traceback not available
Aborted (core dumped)
Preparing Ethanol_c192_q3.dat -> Ethanol_c192_q3.out on /home/zoe/Research/Gaussian/scratch
Preparing Ethanol_c193_q1.dat -> Ethanol_c193_q1.out on /home/zoe/Research/Gaussian/scratch
Preparing Ethanol_c193_q2.dat -> Ethanol_c193_q2.out on /home/zoe/Research/Gaussian/scratch
Preparing Ethanol_c193_q3.dat -> Ethanol_c193_q3.out on /home/zoe/Research/Gaussian/scratch
Preparing Ethanol_c194_q1.dat -> Ethanol_c194_q1.out on /home/zoe/Research/Gaussian/scratch
Preparing Ethanol_c194_q2.dat -> Ethanol_c194_q2.out on /home/zoe/Research/Gaussian/scratch
Preparing Ethanol_c194_q3.dat -> Ethanol_c194_q3.out on /home/zoe/Research/Gaussian/scratch
Preparing Ethanol_c195_q1.dat -> Ethanol_c195_q1.out on /home/zoe/Research/Gaussian/scratch
Preparing Ethanol_c195_q2.dat -> Ethanol_c195_q2.out on /home/zoe/Research/Gaussian/scratch
Preparing Ethanol_c195_q3.dat -> Ethanol_c195_q3.out on /home/zoe/Research/Gaussian/scratch
Preparing Ethanol_c196_q1.dat -> Ethanol_c196_q1.out on /home/zoe/Research/Gaussian/scratch
Preparing Ethanol_c196_q2.dat -> Ethanol_c196_q2.out on /home/zoe/Research/Gaussian/scratch
Preparing Ethanol_c196_q3.dat -> Ethanol_c196_q3.out on /home/zoe/Research/Gaussian/scratch
Preparing Ethanol_c197_q1.dat -> Ethanol_c197_q1.out on /home/zoe/Research/Gaussian/scratch
Preparing Ethanol_c197_q2.dat -> Ethanol_c197_q2.out on /home/zoe/Research/Gaussian/scratch
Preparing Ethanol_c197_q3.dat -> Ethanol_c197_q3.out on /home/zoe/Research/Gaussian/scratch
Error: segmentation violation
   rax 0000000000000000, rbx ffffffffffffffff, rcx 00000561c664275b
   rdx 0000000000000000, rsp 00007ffc9c429498, rbp 00007ffc9c429a70
   rsi 000000000000000b, rdi 000000000037d96e, r8  00000560865ff000
   r9  0000000000000000, r10 00000561c6612f60, r11 0000000000000202
   r12 0000000000000000, r13 0000000000000000, r14 00007ffc9c429ab8
   r15 00000560871ed5f8
  --- traceback not available
Aborted (core dumped)
Preparing Ethanol_c198_q1.dat -> Ethanol_c198_q1.out on /home/zoe/Research/Gaussian/scratch
Preparing Ethanol_c198_q2.dat -> Ethanol_c198_q2.out on /home/zoe/Research/Gaussian/scratch
Preparing Ethanol_c198_q3.dat -> Ethanol_c198_q3.out on /home/zoe/Research/Gaussian/scratch
Error: segmentation violation
   rax 0000000000000000, rbx ffffffffffffffff, rcx 000009ab6224275b
   rdx 0000000000000000, rsp 00007ffc376b3c58, rbp 00007ffc376b4230
   rsi 000000000000000b, rdi 000000000037d24a, r8  000009aa221ff000
   r9  0000000000000000, r10 000009ab62212f60, r11 0000000000000202
   r12 0000000000000000, r13 0000000000000000, r14 00007ffc376b4278
   r15 000000000000206b
  --- traceback not available
Aborted (core dumped)
Preparing Ethanol_c199_q1.dat -> Ethanol_c199_q1.out on /home/zoe/Research/Gaussian/scratch
Preparing Ethanol_c199_q2.dat -> Ethanol_c199_q2.out on /home/zoe/Research/Gaussian/scratch
Error: segmentation violation
   rax 0000000000000000, rbx ffffffffffffffff, rcx 0000142b81e4275b
   rdx 0000000000000000, rsp 00007ffc16198ff8, rbp 00007ffc161995d0
   rsi 000000000000000b, rdi 000000000037df99, r8  0000142a41dff000
   r9  0000000000000000, r10 0000142b81e12f60, r11 0000000000000202
   r12 0000000000000000, r13 0000000000000000, r14 00007ffc16199618
   r15 000000000000209b
  --- traceback not available
Aborted (core dumped)
Preparing Ethanol_c199_q3.dat -> Ethanol_c199_q3.out on /home/zoe/Research/Gaussian/scratch
Preparing Ethanol_c19_q1.dat -> Ethanol_c19_q1.out on /home/zoe/Research/Gaussian/scratch
Preparing Ethanol_c19_q2.dat -> Ethanol_c19_q2.out on /home/zoe/Research/Gaussian/scratch
Preparing Ethanol_c19_q3.dat -> Ethanol_c19_q3.out on /home/zoe/Research/Gaussian/scratch
Preparing Ethanol_c1_q1.dat -> Ethanol_c1_q1.out on /home/zoe/Research/Gaussian/scratch
Preparing Ethanol_c1_q2.dat -> Ethanol_c1_q2.out on /home/zoe/Research/Gaussian/scratch
Preparing Ethanol_c1_q3.dat -> Ethanol_c1_q3.out on /home/zoe/Research/Gaussian/scratch
Preparing Ethanol_c200_q1.dat -> Ethanol_c200_q1.out on /home/zoe/Research/Gaussian/scratch
Preparing Ethanol_c200_q2.dat -> Ethanol_c200_q2.out on /home/zoe/Research/Gaussian/scratch
Preparing Ethanol_c200_q3.dat -> Ethanol_c200_q3.out on /home/zoe/Research/Gaussian/scratch
Preparing Ethanol_c20_q1.dat -> Ethanol_c20_q1.out on /home/zoe/Research/Gaussian/scratch
Error: segmentation violation
   rax 0000000000000000, rbx ffffffffffffffff, rcx 0000107a7364275b
   rdx 0000000000000000, rsp 00007ffdc6e41e48, rbp 00007ffdc6e42420
   rsi 000000000000000b, rdi 00000000003888c9, r8  00001079335ff000
   r9  0000000000000000, r10 0000107a73612f60, r11 0000000000000206
   r12 0000000000000000, r13 0000000000000000, r14 00007ffdc6e42468
   r15 00001079335ff050
  --- traceback not available
Aborted (core dumped)
Preparing Ethanol_c20_q2.dat -> Ethanol_c20_q2.out on /home/zoe/Research/Gaussian/scratch
Preparing Ethanol_c20_q3.dat -> Ethanol_c20_q3.out on /home/zoe/Research/Gaussian/scratch
Preparing Ethanol_c21_q1.dat -> Ethanol_c21_q1.out on /home/zoe/Research/Gaussian/scratch
Error: segmentation violation
   rax 0000000000000000, rbx ffffffffffffffff, rcx 00000f720c44275b
   rdx 0000000000000000, rsp 00007fffe2da66c8, rbp 00007fffe2da6ca0
   rsi 000000000000000b, rdi 000000000038834b, r8  00000f70cc3ff000
   r9  0000000000000000, r10 00000f720c412f60, r11 0000000000000202
   r12 0000000000000000, r13 0000000000000000, r14 00007fffe2da6ce8
   r15 0000000000001fab
  --- traceback not available
Aborted (core dumped)
Preparing Ethanol_c21_q2.dat -> Ethanol_c21_q2.out on /home/zoe/Research/Gaussian/scratch
Error: segmentation violation
   rax 0000000000000000, rbx ffffffffffffffff, rcx 000008926184275b
   rdx 0000000000000000, rsp 00007ffc402e6f28, rbp 00007ffc402e7500
   rsi 000000000000000b, rdi 0000000000389113, r8  00000891217ff000
   r9  0000000000000000, r10 0000089261812f60, r11 0000000000000206
   r12 0000000000000000, r13 0000000000000000, r14 00007ffc402e7548
   r15 0000000000001e8b
  --- traceback not available
Aborted (core dumped)
Preparing Ethanol_c21_q3.dat -> Ethanol_c21_q3.out on /home/zoe/Research/Gaussian/scratch
Error: segmentation violation
   rax 0000000000000000, rbx ffffffffffffffff, rcx 000014700e04275b
   rdx 0000000000000000, rsp 00007ffea51cf4e8, rbp 00007ffea51cfac0
   rsi 000000000000000b, rdi 000000000038e73d, r8  0000146ecdfff000
   r9  0000000000000000, r10 000014700e012f60, r11 0000000000000206
   r12 0000000000000000, r13 0000000000000000, r14 00007ffea51cfb08
   r15 0000146ecdfff050
  --- traceback not available
Aborted (core dumped)
Preparing Ethanol_c22_q1.dat -> Ethanol_c22_q1.out on /home/zoe/Research/Gaussian/scratch
Preparing Ethanol_c22_q2.dat -> Ethanol_c22_q2.out on /home/zoe/Research/Gaussian/scratch
Preparing Ethanol_c22_q3.dat -> Ethanol_c22_q3.out on /home/zoe/Research/Gaussian/scratch
Preparing Ethanol_c23_q1.dat -> Ethanol_c23_q1.out on /home/zoe/Research/Gaussian/scratch
Preparing Ethanol_c23_q2.dat -> Ethanol_c23_q2.out on /home/zoe/Research/Gaussian/scratch
Preparing Ethanol_c23_q3.dat -> Ethanol_c23_q3.out on /home/zoe/Research/Gaussian/scratch
Preparing Ethanol_c24_q1.dat -> Ethanol_c24_q1.out on /home/zoe/Research/Gaussian/scratch
Preparing Ethanol_c24_q2.dat -> Ethanol_c24_q2.out on /home/zoe/Research/Gaussian/scratch
Preparing Ethanol_c24_q3.dat -> Ethanol_c24_q3.out on /home/zoe/Research/Gaussian/scratch
Preparing Ethanol_c25_q1.dat -> Ethanol_c25_q1.out on /home/zoe/Research/Gaussian/scratch
Preparing Ethanol_c25_q2.dat -> Ethanol_c25_q2.out on /home/zoe/Research/Gaussian/scratch
Error: segmentation violation
   rax 0000000000000000, rbx ffffffffffffffff, rcx 0000125e5c24275b
   rdx 0000000000000000, rsp 00007ffed26449d8, rbp 00007ffed2644fb0
   rsi 000000000000000b, rdi 000000000038e433, r8  0000125d1c1ff000
   r9  0000000000000000, r10 0000125e5c212f60, r11 0000000000000206
   r12 0000000000000000, r13 0000000000000000, r14 00007ffed2644ff8
   r15 000000000000200b
  --- traceback not available
Aborted (core dumped)
Preparing Ethanol_c25_q3.dat -> Ethanol_c25_q3.out on /home/zoe/Research/Gaussian/scratch
Preparing Ethanol_c26_q1.dat -> Ethanol_c26_q1.out on /home/zoe/Research/Gaussian/scratch
Error: segmentation violation
   rax 0000000000000000, rbx ffffffffffffffff, rcx 00000df5e764275b
   rdx 0000000000000000, rsp 00007ffc19c0fbd8, rbp 00007ffc19c101b0
   rsi 000000000000000b, rdi 000000000038f4a9, r8  00000df4a75ff000
   r9  0000000000000000, r10 00000df5e7612f60, r11 0000000000000206
   r12 0000000000000000, r13 0000000000000000, r14 00007ffc19c101f8
   r15 000000000000200b
  --- traceback not available
Aborted (core dumped)
Preparing Ethanol_c26_q2.dat -> Ethanol_c26_q2.out on /home/zoe/Research/Gaussian/scratch
Preparing Ethanol_c26_q3.dat -> Ethanol_c26_q3.out on /home/zoe/Research/Gaussian/scratch
Preparing Ethanol_c27_q1.dat -> Ethanol_c27_q1.out on /home/zoe/Research/Gaussian/scratch
Preparing Ethanol_c27_q2.dat -> Ethanol_c27_q2.out on /home/zoe/Research/Gaussian/scratch
Error: segmentation violation
   rax 0000000000000000, rbx ffffffffffffffff, rcx 0000148d96e4275b
   rdx 0000000000000000, rsp 00007ffd6a8ffe78, rbp 00007ffd6a900450
   rsi 000000000000000b, rdi 000000000039a7df, r8  0000148c56dff000
   r9  0000000000000000, r10 0000148d96e12f60, r11 0000000000000206
   r12 0000000000000000, r13 0000000000000000, r14 00007ffd6a900498
   r15 0000148c56dff050
  --- traceback not available
Aborted (core dumped)
Preparing Ethanol_c27_q3.dat -> Ethanol_c27_q3.out on /home/zoe/Research/Gaussian/scratch
Error: segmentation violation
   rax 0000000000000000, rbx ffffffffffffffff, rcx 00000c39c5a4275b
   rdx 0000000000000000, rsp 00007ffc40bc3ab8, rbp 00007ffc40bc4090
   rsi 000000000000000b, rdi 00000000003974b7, r8  00000c38859ff000
   r9  0000000000000000, r10 00000c39c5a12f60, r11 0000000000000206
   r12 0000000000000000, r13 0000000000000000, r14 00007ffc40bc40d8
   r15 000000000000209b
  --- traceback not available
Aborted (core dumped)
Preparing Ethanol_c28_q1.dat -> Ethanol_c28_q1.out on /home/zoe/Research/Gaussian/scratch
Preparing Ethanol_c28_q2.dat -> Ethanol_c28_q2.out on /home/zoe/Research/Gaussian/scratch
Error: segmentation violation
   rax 0000000000000000, rbx ffffffffffffffff, rcx 000010cec904275b
   rdx 0000000000000000, rsp 00007fffbe7555f8, rbp 00007fffbe755bd0
   rsi 000000000000000b, rdi 00000000003975a8, r8  000010cd88fff000
   r9  0000000000000000, r10 000010cec9012f60, r11 0000000000000202
   r12 0000000000000000, r13 0000000000000000, r14 00007fffbe755c18
   r15 000000000000209b
  --- traceback not available
Aborted (core dumped)
Preparing Ethanol_c28_q3.dat -> Ethanol_c28_q3.out on /home/zoe/Research/Gaussian/scratch
Error: segmentation violation
   rax 0000000000000000, rbx ffffffffffffffff, rcx 000011bfa624275b
   rdx 0000000000000000, rsp 00007ffd69797368, rbp 00007ffd69797940
   rsi 000000000000000b, rdi 0000000000398172, r8  000011be661ff000
   r9  0000000000000000, r10 000011bfa6212f60, r11 0000000000000202
   r12 0000000000000000, r13 0000000000000000, r14 00007ffd69797988
   r15 000000000000209b
  --- traceback not available
Aborted (core dumped)
Preparing Ethanol_c29_q1.dat -> Ethanol_c29_q1.out on /home/zoe/Research/Gaussian/scratch
Error: segmentation violation
   rax 0000000000000000, rbx ffffffffffffffff, rcx 00001128e184275b
   rdx 0000000000000000, rsp 00007ffda3db8c18, rbp 00007ffda3db91f0
   rsi 000000000000000b, rdi 0000000000398f62, r8  00001127a17ff000
   r9  0000000000000000, r10 00001128e1812f60, r11 0000000000000206
   r12 0000000000000000, r13 0000000000000000, r14 00007ffda3db9238
   r15 00000000000020fb
  --- traceback not available
Aborted (core dumped)
Preparing Ethanol_c29_q2.dat -> Ethanol_c29_q2.out on /home/zoe/Research/Gaussian/scratch
Preparing Ethanol_c29_q3.dat -> Ethanol_c29_q3.out on /home/zoe/Research/Gaussian/scratch
Preparing Ethanol_c2_q1.dat -> Ethanol_c2_q1.out on /home/zoe/Research/Gaussian/scratch
Preparing Ethanol_c2_q2.dat -> Ethanol_c2_q2.out on /home/zoe/Research/Gaussian/scratch
Preparing Ethanol_c2_q3.dat -> Ethanol_c2_q3.out on /home/zoe/Research/Gaussian/scratch
Preparing Ethanol_c30_q1.dat -> Ethanol_c30_q1.out on /home/zoe/Research/Gaussian/scratch
Preparing Ethanol_c30_q2.dat -> Ethanol_c30_q2.out on /home/zoe/Research/Gaussian/scratch
Preparing Ethanol_c30_q3.dat -> Ethanol_c30_q3.out on /home/zoe/Research/Gaussian/scratch
Preparing Ethanol_c31_q1.dat -> Ethanol_c31_q1.out on /home/zoe/Research/Gaussian/scratch
Preparing Ethanol_c31_q2.dat -> Ethanol_c31_q2.out on /home/zoe/Research/Gaussian/scratch
Preparing Ethanol_c31_q3.dat -> Ethanol_c31_q3.out on /home/zoe/Research/Gaussian/scratch
Preparing Ethanol_c32_q1.dat -> Ethanol_c32_q1.out on /home/zoe/Research/Gaussian/scratch
Preparing Ethanol_c32_q2.dat -> Ethanol_c32_q2.out on /home/zoe/Research/Gaussian/scratch
Preparing Ethanol_c32_q3.dat -> Ethanol_c32_q3.out on /home/zoe/Research/Gaussian/scratch
Preparing Ethanol_c33_q1.dat -> Ethanol_c33_q1.out on /home/zoe/Research/Gaussian/scratch
Preparing Ethanol_c33_q2.dat -> Ethanol_c33_q2.out on /home/zoe/Research/Gaussian/scratch
Preparing Ethanol_c33_q3.dat -> Ethanol_c33_q3.out on /home/zoe/Research/Gaussian/scratch
Preparing Ethanol_c34_q1.dat -> Ethanol_c34_q1.out on /home/zoe/Research/Gaussian/scratch
Preparing Ethanol_c34_q2.dat -> Ethanol_c34_q2.out on /home/zoe/Research/Gaussian/scratch
Preparing Ethanol_c34_q3.dat -> Ethanol_c34_q3.out on /home/zoe/Research/Gaussian/scratch
Preparing Ethanol_c35_q1.dat -> Ethanol_c35_q1.out on /home/zoe/Research/Gaussian/scratch
Preparing Ethanol_c35_q2.dat -> Ethanol_c35_q2.out on /home/zoe/Research/Gaussian/scratch
Preparing Ethanol_c35_q3.dat -> Ethanol_c35_q3.out on /home/zoe/Research/Gaussian/scratch
Preparing Ethanol_c36_q1.dat -> Ethanol_c36_q1.out on /home/zoe/Research/Gaussian/scratch
Preparing Ethanol_c36_q2.dat -> Ethanol_c36_q2.out on /home/zoe/Research/Gaussian/scratch
Preparing Ethanol_c36_q3.dat -> Ethanol_c36_q3.out on /home/zoe/Research/Gaussian/scratch
Preparing Ethanol_c37_q1.dat -> Ethanol_c37_q1.out on /home/zoe/Research/Gaussian/scratch
Preparing Ethanol_c37_q2.dat -> Ethanol_c37_q2.out on /home/zoe/Research/Gaussian/scratch
Preparing Ethanol_c37_q3.dat -> Ethanol_c37_q3.out on /home/zoe/Research/Gaussian/scratch
Error: segmentation violation
   rax 0000000000000000, rbx ffffffffffffffff, rcx 000007e24584275b
   rdx 0000000000000000, rsp 00007ffd79905ba8, rbp 00007ffd79906180
   rsi 000000000000000b, rdi 00000000003a66fe, r8  000007e1057ff000
   r9  0000000000000000, r10 000007e245812f60, r11 0000000000000202
   r12 0000000000000000, r13 0000000000000000, r14 00007ffd799061c8
   r15 000000000000212b
  --- traceback not available
Aborted (core dumped)
Preparing Ethanol_c38_q1.dat -> Ethanol_c38_q1.out on /home/zoe/Research/Gaussian/scratch
Error: segmentation violation
   rax 0000000000000000, rbx ffffffffffffffff, rcx 00000c48e9a4275b
   rdx 0000000000000000, rsp 00007ffc0e9d2b08, rbp 00007ffc0e9d30e0
   rsi 000000000000000b, rdi 00000000003a85d4, r8  00000c47a99ff000
   r9  0000000000000000, r10 00000c48e9a12f60, r11 0000000000000202
   r12 0000000000000000, r13 0000000000000000, r14 00007ffc0e9d3128
   r15 0000000000001fab
  --- traceback not available
Aborted (core dumped)
Preparing Ethanol_c38_q2.dat -> Ethanol_c38_q2.out on /home/zoe/Research/Gaussian/scratch
Error: segmentation violation
   rax 0000000000000000, rbx ffffffffffffffff, rcx 0000097ca0e4275b
   rdx 0000000000000000, rsp 00007ffdbf4629b8, rbp 00007ffdbf462f90
   rsi 000000000000000b, rdi 00000000003aac92, r8  0000097b60dff000
   r9  0000000000000000, r10 0000097ca0e12f60, r11 0000000000000206
   r12 0000000000000000, r13 0000000000000000, r14 00007ffdbf462fd8
   r15 00000000000020cb
  --- traceback not available
Aborted (core dumped)
Preparing Ethanol_c38_q3.dat -> Ethanol_c38_q3.out on /home/zoe/Research/Gaussian/scratch
Preparing Ethanol_c39_q1.dat -> Ethanol_c39_q1.out on /home/zoe/Research/Gaussian/scratch
Preparing Ethanol_c39_q2.dat -> Ethanol_c39_q2.out on /home/zoe/Research/Gaussian/scratch
Preparing Ethanol_c39_q3.dat -> Ethanol_c39_q3.out on /home/zoe/Research/Gaussian/scratch
Error: segmentation violation
   rax 0000000000000000, rbx ffffffffffffffff, rcx 000009f70aa4275b
   rdx 0000000000000000, rsp 00007ffeffee5738, rbp 00007ffeffee5d10
   rsi 000000000000000b, rdi 00000000003ab5fb, r8  000009f5ca9ff000
   r9  0000000000000000, r10 000009f70aa12f60, r11 0000000000000202
   r12 0000000000000000, r13 0000000000000000, r14 00007ffeffee5d58
   r15 00000000000020cb
  --- traceback not available
Aborted (core dumped)
Preparing Ethanol_c3_q1.dat -> Ethanol_c3_q1.out on /home/zoe/Research/Gaussian/scratch
Preparing Ethanol_c3_q2.dat -> Ethanol_c3_q2.out on /home/zoe/Research/Gaussian/scratch
Error: segmentation violation
   rax 0000000000000000, rbx ffffffffffffffff, rcx 0000132122c4275b
   rdx 0000000000000000, rsp 00007ffc645123e8, rbp 00007ffc645129c0
   rsi 000000000000000b, rdi 00000000003ad023, r8  0000131fe2bff000
   r9  0000000000000000, r10 0000132122c12f60, r11 0000000000000206
   r12 0000000000000000, r13 0000000000000000, r14 00007ffc64512a08
   r15 0000000000001fdb
  --- traceback not available
Aborted (core dumped)
Preparing Ethanol_c3_q3.dat -> Ethanol_c3_q3.out on /home/zoe/Research/Gaussian/scratch
Preparing Ethanol_c40_q1.dat -> Ethanol_c40_q1.out on /home/zoe/Research/Gaussian/scratch
Error: segmentation violation
   rax 0000000000000000, rbx ffffffffffffffff, rcx 00000d8667a4275b
   rdx 0000000000000000, rsp 00007ffda2650358, rbp 00007ffda2650930
   rsi 000000000000000b, rdi 00000000003af668, r8  00000d85279ff000
   r9  0000000000000000, r10 00000d8667a12f60, r11 0000000000000202
   r12 0000000000000000, r13 0000000000000000, r14 00007ffda2650978
   r15 0000000000001f7b
  --- traceback not available
Aborted (core dumped)
Preparing Ethanol_c40_q2.dat -> Ethanol_c40_q2.out on /home/zoe/Research/Gaussian/scratch
Preparing Ethanol_c40_q3.dat -> Ethanol_c40_q3.out on /home/zoe/Research/Gaussian/scratch
Error: segmentation violation
   rax 0000000000000000, rbx ffffffffffffffff, rcx 000007228264275b
   rdx 0000000000000000, rsp 00007ffd44d13f18, rbp 00007ffd44d144f0
   rsi 000000000000000b, rdi 00000000003b38bc, r8  00000721425ff000
   r9  0000000000000000, r10 0000072282612f60, r11 0000000000000206
   r12 0000000000000000, r13 0000000000000000, r14 00007ffd44d14538
   r15 0000000000001f7b
  --- traceback not available
Aborted (core dumped)
Preparing Ethanol_c41_q1.dat -> Ethanol_c41_q1.out on /home/zoe/Research/Gaussian/scratch
Preparing Ethanol_c41_q2.dat -> Ethanol_c41_q2.out on /home/zoe/Research/Gaussian/scratch
Preparing Ethanol_c41_q3.dat -> Ethanol_c41_q3.out on /home/zoe/Research/Gaussian/scratch
Preparing Ethanol_c42_q1.dat -> Ethanol_c42_q1.out on /home/zoe/Research/Gaussian/scratch
Error: segmentation violation
   rax 0000000000000000, rbx ffffffffffffffff, rcx 000012a034a4275b
   rdx 0000000000000000, rsp 00007ffc186a1a28, rbp 00007ffc186a2000
   rsi 000000000000000b, rdi 00000000003b7060, r8  0000129ef49ff000
   r9  0000000000000000, r10 000012a034a12f60, r11 0000000000000206
   r12 0000000000000000, r13 0000000000000000, r14 00007ffc186a2048
   r15 000000000000203b
  --- traceback not available
Aborted (core dumped)
Preparing Ethanol_c42_q2.dat -> Ethanol_c42_q2.out on /home/zoe/Research/Gaussian/scratch
Error: segmentation violation
   rax 0000000000000000, rbx ffffffffffffffff, rcx 00001517e624275b
   rdx 0000000000000000, rsp 00007ffdd526a5c8, rbp 00007ffdd526aba0
   rsi 000000000000000b, rdi 00000000003b7366, r8  00001516a61ff000
   r9  0000000000000000, r10 00001517e6212f60, r11 0000000000000202
   r12 0000000000000000, r13 0000000000000000, r14 00007ffdd526abe8
   r15 000000000000203b
  --- traceback not available
Aborted (core dumped)
Preparing Ethanol_c42_q3.dat -> Ethanol_c42_q3.out on /home/zoe/Research/Gaussian/scratch
Preparing Ethanol_c43_q1.dat -> Ethanol_c43_q1.out on /home/zoe/Research/Gaussian/scratch
Preparing Ethanol_c43_q2.dat -> Ethanol_c43_q2.out on /home/zoe/Research/Gaussian/scratch
Preparing Ethanol_c43_q3.dat -> Ethanol_c43_q3.out on /home/zoe/Research/Gaussian/scratch
Preparing Ethanol_c44_q1.dat -> Ethanol_c44_q1.out on /home/zoe/Research/Gaussian/scratch
Error: segmentation violation
   rax 0000000000000000, rbx ffffffffffffffff, rcx 00000568aaa4275b
   rdx 0000000000000000, rsp 00007ffe2271d148, rbp 00007ffe2271d720
   rsi 000000000000000b, rdi 00000000003b99ea, r8  000005676a9ff000
   r9  0000000000000000, r10 00000568aaa12f60, r11 0000000000000206
   r12 0000000000000000, r13 0000000000000000, r14 00007ffe2271d768
   r15 00000000000020cb
  --- traceback not available
Aborted (core dumped)
Preparing Ethanol_c44_q2.dat -> Ethanol_c44_q2.out on /home/zoe/Research/Gaussian/scratch
Preparing Ethanol_c44_q3.dat -> Ethanol_c44_q3.out on /home/zoe/Research/Gaussian/scratch
Preparing Ethanol_c45_q1.dat -> Ethanol_c45_q1.out on /home/zoe/Research/Gaussian/scratch
Preparing Ethanol_c45_q2.dat -> Ethanol_c45_q2.out on /home/zoe/Research/Gaussian/scratch
Preparing Ethanol_c45_q3.dat -> Ethanol_c45_q3.out on /home/zoe/Research/Gaussian/scratch
Preparing Ethanol_c46_q1.dat -> Ethanol_c46_q1.out on /home/zoe/Research/Gaussian/scratch
Preparing Ethanol_c46_q2.dat -> Ethanol_c46_q2.out on /home/zoe/Research/Gaussian/scratch
Preparing Ethanol_c46_q3.dat -> Ethanol_c46_q3.out on /home/zoe/Research/Gaussian/scratch
Error: segmentation violation
   rax 0000000000000000, rbx ffffffffffffffff, rcx 00000a136044275b
   rdx 0000000000000000, rsp 00007ffdd5e91608, rbp 00007ffdd5e91be0
   rsi 000000000000000b, rdi 00000000003bda68, r8  00000a12203ff000
   r9  0000000000000000, r10 00000a1360412f60, r11 0000000000000202
   r12 0000000000000000, r13 0000000000000000, r14 00007ffdd5e91c28
   r15 0000000000001fab
  --- traceback not available
Aborted (core dumped)
Preparing Ethanol_c47_q1.dat -> Ethanol_c47_q1.out on /home/zoe/Research/Gaussian/scratch
Preparing Ethanol_c47_q2.dat -> Ethanol_c47_q2.out on /home/zoe/Research/Gaussian/scratch
Preparing Ethanol_c47_q3.dat -> Ethanol_c47_q3.out on /home/zoe/Research/Gaussian/scratch
Preparing Ethanol_c48_q1.dat -> Ethanol_c48_q1.out on /home/zoe/Research/Gaussian/scratch
Error: segmentation violation
   rax 0000000000000000, rbx ffffffffffffffff, rcx 000013368844275b
   rdx 0000000000000000, rsp 00007ffd17fbd188, rbp 00007ffd17fbd760
   rsi 000000000000000b, rdi 00000000003becf8, r8  00001335483ff000
   r9  0000000000000000, r10 0000133688412f60, r11 0000000000000206
   r12 0000000000000000, r13 0000000000000000, r14 00007ffd17fbd7a8
   r15 0000000000001fab
  --- traceback not available
Aborted (core dumped)
Preparing Ethanol_c48_q2.dat -> Ethanol_c48_q2.out on /home/zoe/Research/Gaussian/scratch
Preparing Ethanol_c48_q3.dat -> Ethanol_c48_q3.out on /home/zoe/Research/Gaussian/scratch
Preparing Ethanol_c49_q1.dat -> Ethanol_c49_q1.out on /home/zoe/Research/Gaussian/scratch
Preparing Ethanol_c49_q2.dat -> Ethanol_c49_q2.out on /home/zoe/Research/Gaussian/scratch
Preparing Ethanol_c49_q3.dat -> Ethanol_c49_q3.out on /home/zoe/Research/Gaussian/scratch
Preparing Ethanol_c4_q1.dat -> Ethanol_c4_q1.out on /home/zoe/Research/Gaussian/scratch
Preparing Ethanol_c4_q2.dat -> Ethanol_c4_q2.out on /home/zoe/Research/Gaussian/scratch
Preparing Ethanol_c4_q3.dat -> Ethanol_c4_q3.out on /home/zoe/Research/Gaussian/scratch
Preparing Ethanol_c50_q1.dat -> Ethanol_c50_q1.out on /home/zoe/Research/Gaussian/scratch
Preparing Ethanol_c50_q2.dat -> Ethanol_c50_q2.out on /home/zoe/Research/Gaussian/scratch
Preparing Ethanol_c50_q3.dat -> Ethanol_c50_q3.out on /home/zoe/Research/Gaussian/scratch
Preparing Ethanol_c51_q1.dat -> Ethanol_c51_q1.out on /home/zoe/Research/Gaussian/scratch
Error: segmentation violation
   rax 0000000000000000, rbx ffffffffffffffff, rcx 000013dfd944275b
   rdx 0000000000000000, rsp 00007ffdb8e0e4f8, rbp 00007ffdb8e0ead0
   rsi 000000000000000b, rdi 00000000003cb955, r8  000013de993ff000
   r9  0000000000000000, r10 000013dfd9412f60, r11 0000000000000202
   r12 0000000000000000, r13 0000000000000000, r14 00007ffdb8e0eb18
   r15 000000000000203b
  --- traceback not available
Aborted (core dumped)
Preparing Ethanol_c51_q2.dat -> Ethanol_c51_q2.out on /home/zoe/Research/Gaussian/scratch
Error: segmentation violation
   rax 0000000000000000, rbx ffffffffffffffff, rcx 00000669e6c4275b
   rdx 0000000000000000, rsp 00007ffe65921d28, rbp 00007ffe65922300
   rsi 000000000000000b, rdi 00000000003cff01, r8  00000668a6bff000
   r9  0000000000000000, r10 00000669e6c12f60, r11 0000000000000206
   r12 0000000000000000, r13 0000000000000000, r14 00007ffe65922348
   r15 00000668a6bff050
  --- traceback not available
Aborted (core dumped)
Preparing Ethanol_c51_q3.dat -> Ethanol_c51_q3.out on /home/zoe/Research/Gaussian/scratch
Error: segmentation violation
   rax 0000000000000000, rbx ffffffffffffffff, rcx 000006959204275b
   rdx 0000000000000000, rsp 00007ffdf2e35f68, rbp 00007ffdf2e36540
   rsi 000000000000000b, rdi 00000000003cb948, r8  0000069451fff000
   r9  0000000000000000, r10 0000069592012f60, r11 0000000000000202
   r12 0000000000000000, r13 0000000000000000, r14 00007ffdf2e36588
   r15 000000000000203b
  --- traceback not available
Aborted (core dumped)
Preparing Ethanol_c52_q1.dat -> Ethanol_c52_q1.out on /home/zoe/Research/Gaussian/scratch
Error: segmentation violation
   rax 0000000000000000, rbx ffffffffffffffff, rcx 000008345464275b
   rdx 0000000000000000, rsp 00007ffd0e28f218, rbp 00007ffd0e28f7f0
   rsi 000000000000000b, rdi 00000000003cc0c9, r8  00000833145ff000
   r9  0000000000000000, r10 0000083454612f60, r11 0000000000000206
   r12 0000000000000000, r13 0000000000000000, r14 00007ffd0e28f838
   r15 000000000000203b
  --- traceback not available
Aborted (core dumped)
Preparing Ethanol_c52_q2.dat -> Ethanol_c52_q2.out on /home/zoe/Research/Gaussian/scratch
Error: segmentation violation
   rax 0000000000000000, rbx ffffffffffffffff, rcx 0000079520e4275b
   rdx 0000000000000000, rsp 00007ffcae6788b8, rbp 00007ffcae678e90
   rsi 000000000000000b, rdi 00000000003cbf50, r8  00000793e0dff000
   r9  0000000000000000, r10 0000079520e12f60, r11 0000000000000206
   r12 0000000000000000, r13 0000000000000000, r14 00007ffcae678ed8
   r15 000000000000203b
  --- traceback not available
Aborted (core dumped)
Preparing Ethanol_c52_q3.dat -> Ethanol_c52_q3.out on /home/zoe/Research/Gaussian/scratch
Preparing Ethanol_c53_q1.dat -> Ethanol_c53_q1.out on /home/zoe/Research/Gaussian/scratch
Preparing Ethanol_c53_q2.dat -> Ethanol_c53_q2.out on /home/zoe/Research/Gaussian/scratch
Preparing Ethanol_c53_q3.dat -> Ethanol_c53_q3.out on /home/zoe/Research/Gaussian/scratch
Preparing Ethanol_c54_q1.dat -> Ethanol_c54_q1.out on /home/zoe/Research/Gaussian/scratch
Preparing Ethanol_c54_q2.dat -> Ethanol_c54_q2.out on /home/zoe/Research/Gaussian/scratch
Preparing Ethanol_c54_q3.dat -> Ethanol_c54_q3.out on /home/zoe/Research/Gaussian/scratch
Preparing Ethanol_c55_q1.dat -> Ethanol_c55_q1.out on /home/zoe/Research/Gaussian/scratch
Preparing Ethanol_c55_q2.dat -> Ethanol_c55_q2.out on /home/zoe/Research/Gaussian/scratch
Preparing Ethanol_c55_q3.dat -> Ethanol_c55_q3.out on /home/zoe/Research/Gaussian/scratch
Preparing Ethanol_c56_q1.dat -> Ethanol_c56_q1.out on /home/zoe/Research/Gaussian/scratch
Error: segmentation violation
   rax 0000000000000000, rbx ffffffffffffffff, rcx 00000e2eac04275b
   rdx 0000000000000000, rsp 00007ffe57724cd8, rbp 00007ffe577252b0
   rsi 000000000000000b, rdi 00000000003d0fa6, r8  00000e2d6bfff000
   r9  0000000000000000, r10 00000e2eac012f60, r11 0000000000000206
   r12 0000000000000000, r13 0000000000000000, r14 00007ffe577252f8
   r15 000000000000209b
  --- traceback not available
Aborted (core dumped)
Preparing Ethanol_c56_q2.dat -> Ethanol_c56_q2.out on /home/zoe/Research/Gaussian/scratch
Preparing Ethanol_c56_q3.dat -> Ethanol_c56_q3.out on /home/zoe/Research/Gaussian/scratch
Preparing Ethanol_c57_q1.dat -> Ethanol_c57_q1.out on /home/zoe/Research/Gaussian/scratch
Preparing Ethanol_c57_q2.dat -> Ethanol_c57_q2.out on /home/zoe/Research/Gaussian/scratch
Preparing Ethanol_c57_q3.dat -> Ethanol_c57_q3.out on /home/zoe/Research/Gaussian/scratch
Error: segmentation violation
   rax 0000000000000000, rbx ffffffffffffffff, rcx 00000f145aa4275b
   rdx 0000000000000000, rsp 00007ffe21a8e8c8, rbp 00007ffe21a8eea0
   rsi 000000000000000b, rdi 00000000003d6925, r8  00000f131a9ff000
   r9  0000000000000000, r10 00000f145aa12f60, r11 0000000000000202
   r12 0000000000000000, r13 0000000000000000, r14 00007ffe21a8eee8
   r15 00000000000021bb
  --- traceback not available
Aborted (core dumped)
Preparing Ethanol_c58_q1.dat -> Ethanol_c58_q1.out on /home/zoe/Research/Gaussian/scratch
Error: segmentation violation
   rax 0000000000000000, rbx ffffffffffffffff, rcx 000006812304275b
   rdx 0000000000000000, rsp 00007ffd7e560e68, rbp 00007ffd7e561440
   rsi 000000000000000b, rdi 00000000003daa97, r8  0000067fe2fff000
   r9  0000000000000000, r10 0000068123012f60, r11 0000000000000202
   r12 0000000000000000, r13 0000000000000000, r14 00007ffd7e561488
   r15 0000000000001f7b
  --- traceback not available
Aborted (core dumped)
Preparing Ethanol_c58_q2.dat -> Ethanol_c58_q2.out on /home/zoe/Research/Gaussian/scratch
Preparing Ethanol_c58_q3.dat -> Ethanol_c58_q3.out on /home/zoe/Research/Gaussian/scratch
Error: segmentation violation
   rax 0000000000000000, rbx ffffffffffffffff, rcx 0000063af224275b
   rdx 0000000000000000, rsp 00007ffd35a24db8, rbp 00007ffd35a25390
   rsi 000000000000000b, rdi 00000000003dcd40, r8  00000639b21ff000
   r9  0000000000000000, r10 0000063af2212f60, r11 0000000000000206
   r12 0000000000000000, r13 0000000000000000, r14 00007ffd35a253d8
   r15 00000000000020fb
  --- traceback not available
Aborted (core dumped)
Preparing Ethanol_c59_q1.dat -> Ethanol_c59_q1.out on /home/zoe/Research/Gaussian/scratch
Error: segmentation violation
   rax 0000000000000000, rbx ffffffffffffffff, rcx 00000b4e2764275b
   rdx 0000000000000000, rsp 00007ffce2bb4f58, rbp 00007ffce2bb5530
   rsi 000000000000000b, rdi 00000000003dcf81, r8  00000b4ce75ff000
   r9  0000000000000000, r10 00000b4e27612f60, r11 0000000000000202
   r12 0000000000000000, r13 0000000000000000, r14 00007ffce2bb5578
   r15 00000000000020fb
  --- traceback not available
Aborted (core dumped)
Preparing Ethanol_c59_q2.dat -> Ethanol_c59_q2.out on /home/zoe/Research/Gaussian/scratch
Error: segmentation violation
   rax 0000000000000000, rbx ffffffffffffffff, rcx 00000e50e004275b
   rdx 0000000000000000, rsp 00007ffee64ed328, rbp 00007ffee64ed900
   rsi 000000000000000b, rdi 00000000003dd09e, r8  00000e4f9ffff000
   r9  0000000000000000, r10 00000e50e0012f60, r11 0000000000000206
   r12 0000000000000000, r13 0000000000000000, r14 00007ffee64ed948
   r15 00000000000020fb
  --- traceback not available
Aborted (core dumped)
Preparing Ethanol_c59_q3.dat -> Ethanol_c59_q3.out on /home/zoe/Research/Gaussian/scratch
Preparing Ethanol_c5_q1.dat -> Ethanol_c5_q1.out on /home/zoe/Research/Gaussian/scratch
Preparing Ethanol_c5_q2.dat -> Ethanol_c5_q2.out on /home/zoe/Research/Gaussian/scratch
Preparing Ethanol_c5_q3.dat -> Ethanol_c5_q3.out on /home/zoe/Research/Gaussian/scratch
Preparing Ethanol_c60_q1.dat -> Ethanol_c60_q1.out on /home/zoe/Research/Gaussian/scratch
Preparing Ethanol_c60_q2.dat -> Ethanol_c60_q2.out on /home/zoe/Research/Gaussian/scratch
Error: segmentation violation
   rax 0000000000000000, rbx ffffffffffffffff, rcx 000005a6ebc4275b
   rdx 0000000000000000, rsp 00007fff79f48d88, rbp 00007fff79f49360
   rsi 000000000000000b, rdi 00000000003dfdbc, r8  000005a5abbff000
   r9  0000000000000000, r10 000005a6ebc12f60, r11 0000000000000206
   r12 0000000000000000, r13 0000000000000000, r14 00007fff79f493a8
   r15 0000000000001fdb
  --- traceback not available
Aborted (core dumped)
Preparing Ethanol_c60_q3.dat -> Ethanol_c60_q3.out on /home/zoe/Research/Gaussian/scratch
Preparing Ethanol_c61_q1.dat -> Ethanol_c61_q1.out on /home/zoe/Research/Gaussian/scratch
Preparing Ethanol_c61_q2.dat -> Ethanol_c61_q2.out on /home/zoe/Research/Gaussian/scratch
Preparing Ethanol_c61_q3.dat -> Ethanol_c61_q3.out on /home/zoe/Research/Gaussian/scratch
Preparing Ethanol_c62_q1.dat -> Ethanol_c62_q1.out on /home/zoe/Research/Gaussian/scratch
Preparing Ethanol_c62_q2.dat -> Ethanol_c62_q2.out on /home/zoe/Research/Gaussian/scratch
Preparing Ethanol_c62_q3.dat -> Ethanol_c62_q3.out on /home/zoe/Research/Gaussian/scratch
Preparing Ethanol_c63_q1.dat -> Ethanol_c63_q1.out on /home/zoe/Research/Gaussian/scratch
Preparing Ethanol_c63_q2.dat -> Ethanol_c63_q2.out on /home/zoe/Research/Gaussian/scratch
Preparing Ethanol_c63_q3.dat -> Ethanol_c63_q3.out on /home/zoe/Research/Gaussian/scratch
Preparing Ethanol_c64_q1.dat -> Ethanol_c64_q1.out on /home/zoe/Research/Gaussian/scratch
Error: segmentation violation
   rax 0000000000000000, rbx ffffffffffffffff, rcx 000015136dc4275b
   rdx 0000000000000000, rsp 00007ffc4cc2a468, rbp 00007ffc4cc2aa40
   rsi 000000000000000b, rdi 00000000003e2387, r8  000015122dbff000
   r9  0000000000000000, r10 000015136dc12f60, r11 0000000000000202
   r12 0000000000000000, r13 0000000000000000, r14 00007ffc4cc2aa88
   r15 0000000000001fdb
  --- traceback not available
Aborted (core dumped)
Preparing Ethanol_c64_q2.dat -> Ethanol_c64_q2.out on /home/zoe/Research/Gaussian/scratch
Preparing Ethanol_c64_q3.dat -> Ethanol_c64_q3.out on /home/zoe/Research/Gaussian/scratch
Preparing Ethanol_c65_q1.dat -> Ethanol_c65_q1.out on /home/zoe/Research/Gaussian/scratch
Preparing Ethanol_c65_q2.dat -> Ethanol_c65_q2.out on /home/zoe/Research/Gaussian/scratch
Preparing Ethanol_c65_q3.dat -> Ethanol_c65_q3.out on /home/zoe/Research/Gaussian/scratch
Preparing Ethanol_c66_q1.dat -> Ethanol_c66_q1.out on /home/zoe/Research/Gaussian/scratch
Preparing Ethanol_c66_q2.dat -> Ethanol_c66_q2.out on /home/zoe/Research/Gaussian/scratch
Preparing Ethanol_c66_q3.dat -> Ethanol_c66_q3.out on /home/zoe/Research/Gaussian/scratch
Preparing Ethanol_c67_q1.dat -> Ethanol_c67_q1.out on /home/zoe/Research/Gaussian/scratch
Preparing Ethanol_c67_q2.dat -> Ethanol_c67_q2.out on /home/zoe/Research/Gaussian/scratch
Error: segmentation violation
   rax 0000000000000000, rbx ffffffffffffffff, rcx 00000b68ec44275b
   rdx 0000000000000000, rsp 00007ffd3ea12418, rbp 00007ffd3ea129f0
   rsi 000000000000000b, rdi 00000000003e98c4, r8  00000b67ac3ff000
   r9  0000000000000000, r10 00000b68ec412f60, r11 0000000000000206
   r12 0000000000000000, r13 0000000000000000, r14 00007ffd3ea12a38
   r15 000000000000203b
  --- traceback not available
Aborted (core dumped)
Preparing Ethanol_c67_q3.dat -> Ethanol_c67_q3.out on /home/zoe/Research/Gaussian/scratch
Preparing Ethanol_c68_q1.dat -> Ethanol_c68_q1.out on /home/zoe/Research/Gaussian/scratch
Preparing Ethanol_c68_q2.dat -> Ethanol_c68_q2.out on /home/zoe/Research/Gaussian/scratch
Preparing Ethanol_c68_q3.dat -> Ethanol_c68_q3.out on /home/zoe/Research/Gaussian/scratch
Preparing Ethanol_c69_q1.dat -> Ethanol_c69_q1.out on /home/zoe/Research/Gaussian/scratch
Preparing Ethanol_c69_q2.dat -> Ethanol_c69_q2.out on /home/zoe/Research/Gaussian/scratch
Preparing Ethanol_c69_q3.dat -> Ethanol_c69_q3.out on /home/zoe/Research/Gaussian/scratch
Error: segmentation violation
   rax 0000000000000000, rbx ffffffffffffffff, rcx 00000c6cf5a4275b
   rdx 0000000000000000, rsp 00007ffc397e50a8, rbp 00007ffc397e5680
   rsi 000000000000000b, rdi 00000000003ef95d, r8  00000c6bb59ff000
   r9  0000000000000000, r10 00000c6cf5a12f60, r11 0000000000000202
   r12 0000000000000000, r13 0000000000000000, r14 00007ffc397e56c8
   r15 00000000000020fb
  --- traceback not available
Aborted (core dumped)
Preparing Ethanol_c6_q1.dat -> Ethanol_c6_q1.out on /home/zoe/Research/Gaussian/scratch
Preparing Ethanol_c6_q2.dat -> Ethanol_c6_q2.out on /home/zoe/Research/Gaussian/scratch
Error: segmentation violation
   rax 0000000000000000, rbx ffffffffffffffff, rcx 000006718ee4275b
   rdx 0000000000000000, rsp 00007fff37924b48, rbp 00007fff37925120
   rsi 000000000000000b, rdi 00000000003f060c, r8  000006704edff000
   r9  0000000000000000, r10 000006718ee12f60, r11 0000000000000206
   r12 0000000000000000, r13 0000000000000000, r14 00007fff37925168
   r15 00000000000020fb
  --- traceback not available
Aborted (core dumped)
Preparing Ethanol_c6_q3.dat -> Ethanol_c6_q3.out on /home/zoe/Research/Gaussian/scratch
Preparing Ethanol_c70_q1.dat -> Ethanol_c70_q1.out on /home/zoe/Research/Gaussian/scratch
Preparing Ethanol_c70_q2.dat -> Ethanol_c70_q2.out on /home/zoe/Research/Gaussian/scratch
Preparing Ethanol_c70_q3.dat -> Ethanol_c70_q3.out on /home/zoe/Research/Gaussian/scratch
Preparing Ethanol_c71_q1.dat -> Ethanol_c71_q1.out on /home/zoe/Research/Gaussian/scratch
Error: segmentation violation
   rax 0000000000000000, rbx ffffffffffffffff, rcx 000008633704275b
   rdx 0000000000000000, rsp 00007ffe0383c758, rbp 00007ffe0383cd30
   rsi 000000000000000b, rdi 00000000003f2caa, r8  00000861f6fff000
   r9  0000000000000000, r10 0000086337012f60, r11 0000000000000202
   r12 0000000000000000, r13 0000000000000000, r14 00007ffe0383cd78
   r15 000000000000203b
  --- traceback not available
Aborted (core dumped)
Preparing Ethanol_c71_q2.dat -> Ethanol_c71_q2.out on /home/zoe/Research/Gaussian/scratch
Preparing Ethanol_c71_q3.dat -> Ethanol_c71_q3.out on /home/zoe/Research/Gaussian/scratch
Error: segmentation violation
   rax 0000000000000000, rbx ffffffffffffffff, rcx 00000b3304e4275b
   rdx 0000000000000000, rsp 00007ffdb0269e38, rbp 00007ffdb026a410
   rsi 000000000000000b, rdi 00000000003f322d, r8  00000b31c4dff000
   r9  0000000000000000, r10 00000b3304e12f60, r11 0000000000000202
   r12 0000000000000000, r13 0000000000000000, r14 00007ffdb026a458
   r15 000000000000203b
  --- traceback not available
Aborted (core dumped)
Preparing Ethanol_c72_q1.dat -> Ethanol_c72_q1.out on /home/zoe/Research/Gaussian/scratch
Preparing Ethanol_c72_q2.dat -> Ethanol_c72_q2.out on /home/zoe/Research/Gaussian/scratch
Preparing Ethanol_c72_q3.dat -> Ethanol_c72_q3.out on /home/zoe/Research/Gaussian/scratch
Preparing Ethanol_c73_q1.dat -> Ethanol_c73_q1.out on /home/zoe/Research/Gaussian/scratch
Preparing Ethanol_c73_q2.dat -> Ethanol_c73_q2.out on /home/zoe/Research/Gaussian/scratch
Preparing Ethanol_c73_q3.dat -> Ethanol_c73_q3.out on /home/zoe/Research/Gaussian/scratch
Preparing Ethanol_c74_q1.dat -> Ethanol_c74_q1.out on /home/zoe/Research/Gaussian/scratch
Preparing Ethanol_c74_q2.dat -> Ethanol_c74_q2.out on /home/zoe/Research/Gaussian/scratch
Preparing Ethanol_c74_q3.dat -> Ethanol_c74_q3.out on /home/zoe/Research/Gaussian/scratch
Preparing Ethanol_c75_q1.dat -> Ethanol_c75_q1.out on /home/zoe/Research/Gaussian/scratch
Preparing Ethanol_c75_q2.dat -> Ethanol_c75_q2.out on /home/zoe/Research/Gaussian/scratch
Preparing Ethanol_c75_q3.dat -> Ethanol_c75_q3.out on /home/zoe/Research/Gaussian/scratch
Error: segmentation violation
   rax 0000000000000000, rbx ffffffffffffffff, rcx 0000104bbca4275b
   rdx 0000000000000000, rsp 00007fff4c80a378, rbp 00007fff4c80a950
   rsi 000000000000000b, rdi 00000000003fd994, r8  0000104a7c9ff000
   r9  0000000000000000, r10 0000104bbca12f60, r11 0000000000000206
   r12 0000000000000000, r13 0000000000000000, r14 00007fff4c80a998
   r15 0000104a7c9ff050
  --- traceback not available
Aborted (core dumped)
Preparing Ethanol_c76_q1.dat -> Ethanol_c76_q1.out on /home/zoe/Research/Gaussian/scratch
Preparing Ethanol_c76_q2.dat -> Ethanol_c76_q2.out on /home/zoe/Research/Gaussian/scratch
Preparing Ethanol_c76_q3.dat -> Ethanol_c76_q3.out on /home/zoe/Research/Gaussian/scratch
Preparing Ethanol_c77_q1.dat -> Ethanol_c77_q1.out on /home/zoe/Research/Gaussian/scratch
Preparing Ethanol_c77_q2.dat -> Ethanol_c77_q2.out on /home/zoe/Research/Gaussian/scratch
Preparing Ethanol_c77_q3.dat -> Ethanol_c77_q3.out on /home/zoe/Research/Gaussian/scratch
Preparing Ethanol_c78_q1.dat -> Ethanol_c78_q1.out on /home/zoe/Research/Gaussian/scratch
Preparing Ethanol_c78_q2.dat -> Ethanol_c78_q2.out on /home/zoe/Research/Gaussian/scratch
Preparing Ethanol_c78_q3.dat -> Ethanol_c78_q3.out on /home/zoe/Research/Gaussian/scratch
Preparing Ethanol_c79_q1.dat -> Ethanol_c79_q1.out on /home/zoe/Research/Gaussian/scratch
Preparing Ethanol_c79_q2.dat -> Ethanol_c79_q2.out on /home/zoe/Research/Gaussian/scratch
Preparing Ethanol_c79_q3.dat -> Ethanol_c79_q3.out on /home/zoe/Research/Gaussian/scratch
Preparing Ethanol_c7_q1.dat -> Ethanol_c7_q1.out on /home/zoe/Research/Gaussian/scratch
Preparing Ethanol_c7_q2.dat -> Ethanol_c7_q2.out on /home/zoe/Research/Gaussian/scratch
Preparing Ethanol_c7_q3.dat -> Ethanol_c7_q3.out on /home/zoe/Research/Gaussian/scratch
Preparing Ethanol_c80_q1.dat -> Ethanol_c80_q1.out on /home/zoe/Research/Gaussian/scratch
Preparing Ethanol_c80_q2.dat -> Ethanol_c80_q2.out on /home/zoe/Research/Gaussian/scratch
Preparing Ethanol_c80_q3.dat -> Ethanol_c80_q3.out on /home/zoe/Research/Gaussian/scratch
Preparing Ethanol_c81_q1.dat -> Ethanol_c81_q1.out on /home/zoe/Research/Gaussian/scratch
Error: segmentation violation
   rax 0000000000000000, rbx ffffffffffffffff, rcx 000006611684275b
   rdx 0000000000000000, rsp 00007ffcb5015f28, rbp 00007ffcb5016500
   rsi 000000000000000b, rdi 0000000000002785, r8  0000065fd67ff000
   r9  0000000000000000, r10 0000066116812f60, r11 0000000000000206
   r12 0000000000000000, r13 0000000000000000, r14 00007ffcb5016548
   r15 000000000000206b
  --- traceback not available
Aborted (core dumped)
Preparing Ethanol_c81_q2.dat -> Ethanol_c81_q2.out on /home/zoe/Research/Gaussian/scratch
Error: segmentation violation
   rax 0000000000000000, rbx ffffffffffffffff, rcx 00000bc625a4275b
   rdx 0000000000000000, rsp 00007ffeb108ae78, rbp 00007ffeb108b450
   rsi 000000000000000b, rdi 0000000000002c8d, r8  00000bc4e59ff000
   r9  0000000000000000, r10 00000bc625a12f60, r11 0000000000000206
   r12 0000000000000000, r13 0000000000000000, r14 00007ffeb108b498
   r15 000000000000206b
  --- traceback not available
Aborted (core dumped)
Preparing Ethanol_c81_q3.dat -> Ethanol_c81_q3.out on /home/zoe/Research/Gaussian/scratch
Error: segmentation violation
   rax 0000000000000000, rbx ffffffffffffffff, rcx 00000afb2964275b
   rdx 0000000000000000, rsp 00007ffd149cdbb8, rbp 00007ffd149ce190
   rsi 000000000000000b, rdi 000000000000300e, r8  00000af9e95ff000
   r9  0000000000000000, r10 00000afb29612f60, r11 0000000000000206
   r12 0000000000000000, r13 0000000000000000, r14 00007ffd149ce1d8
   r15 0000000000001fab
  --- traceback not available
Aborted (core dumped)
Preparing Ethanol_c82_q1.dat -> Ethanol_c82_q1.out on /home/zoe/Research/Gaussian/scratch
Error: segmentation violation
   rax 0000000000000000, rbx ffffffffffffffff, rcx 000006b2aee4275b
   rdx 0000000000000000, rsp 00007fffabd8afa8, rbp 00007fffabd8b580
   rsi 000000000000000b, rdi 0000000000009c02, r8  000006b16edff000
   r9  0000000000000000, r10 000006b2aee12f60, r11 0000000000000202
   r12 0000000000000000, r13 0000000000000000, r14 00007fffabd8b5c8
   r15 0000000000001fdb
  --- traceback not available
Aborted (core dumped)
Preparing Ethanol_c82_q2.dat -> Ethanol_c82_q2.out on /home/zoe/Research/Gaussian/scratch
Error: segmentation violation
   rax 0000000000000000, rbx ffffffffffffffff, rcx 00000fcc9d44275b
   rdx 0000000000000000, rsp 00007fff216d2558, rbp 00007fff216d2b30
   rsi 000000000000000b, rdi 000000000000b2cb, r8  00000fcb5d3ff000
   r9  0000000000000000, r10 00000fcc9d412f60, r11 0000000000000202
   r12 0000000000000000, r13 0000000000000000, r14 00007fff216d2b78
   r15 0000000000001f4b
  --- traceback not available
Aborted (core dumped)
Preparing Ethanol_c82_q3.dat -> Ethanol_c82_q3.out on /home/zoe/Research/Gaussian/scratch
Preparing Ethanol_c83_q1.dat -> Ethanol_c83_q1.out on /home/zoe/Research/Gaussian/scratch
Error: segmentation violation
   rax 0000000000000000, rbx ffffffffffffffff, rcx 00000a7ee8a4275b
   rdx 0000000000000000, rsp 00007ffd6f641578, rbp 00007ffd6f641b50
   rsi 000000000000000b, rdi 000000000000c0fe, r8  00000a7da89ff000
   r9  0000000000000000, r10 00000a7ee8a12f60, r11 0000000000000206
   r12 0000000000000000, r13 0000000000000000, r14 00007ffd6f641b98
   r15 0000000000001f4b
  --- traceback not available
Aborted (core dumped)
Preparing Ethanol_c83_q2.dat -> Ethanol_c83_q2.out on /home/zoe/Research/Gaussian/scratch
Preparing Ethanol_c83_q3.dat -> Ethanol_c83_q3.out on /home/zoe/Research/Gaussian/scratch
Preparing Ethanol_c84_q1.dat -> Ethanol_c84_q1.out on /home/zoe/Research/Gaussian/scratch
Error: segmentation violation
   rax 0000000000000000, rbx ffffffffffffffff, rcx 000009a3d184275b
   rdx 0000000000000000, rsp 00007ffdffe7b798, rbp 00007ffdffe7bd70
   rsi 000000000000000b, rdi 000000000000dfea, r8  000009a2917ff000
   r9  0000000000000000, r10 000009a3d1812f60, r11 0000000000000202
   r12 0000000000000000, r13 0000000000000000, r14 00007ffdffe7bdb8
   r15 000000000000209b
  --- traceback not available
Aborted (core dumped)
Preparing Ethanol_c84_q2.dat -> Ethanol_c84_q2.out on /home/zoe/Research/Gaussian/scratch
Preparing Ethanol_c84_q3.dat -> Ethanol_c84_q3.out on /home/zoe/Research/Gaussian/scratch
Preparing Ethanol_c85_q1.dat -> Ethanol_c85_q1.out on /home/zoe/Research/Gaussian/scratch
Preparing Ethanol_c85_q2.dat -> Ethanol_c85_q2.out on /home/zoe/Research/Gaussian/scratch
Error: segmentation violation
   rax 0000000000000000, rbx ffffffffffffffff, rcx 00000fd6ac84275b
   rdx 0000000000000000, rsp 00007ffdb3149c68, rbp 00007ffdb314a240
   rsi 000000000000000b, rdi 000000000000f707, r8  00000fd56c7ff000
   r9  0000000000000000, r10 00000fd6ac812f60, r11 0000000000000202
   r12 0000000000000000, r13 0000000000000000, r14 00007ffdb314a288
   r15 000000000000209b
  --- traceback not available
Aborted (core dumped)
Preparing Ethanol_c85_q3.dat -> Ethanol_c85_q3.out on /home/zoe/Research/Gaussian/scratch
Preparing Ethanol_c86_q1.dat -> Ethanol_c86_q1.out on /home/zoe/Research/Gaussian/scratch
Preparing Ethanol_c86_q2.dat -> Ethanol_c86_q2.out on /home/zoe/Research/Gaussian/scratch
Preparing Ethanol_c86_q3.dat -> Ethanol_c86_q3.out on /home/zoe/Research/Gaussian/scratch
Preparing Ethanol_c87_q1.dat -> Ethanol_c87_q1.out on /home/zoe/Research/Gaussian/scratch
Error: segmentation violation
   rax 0000000000000000, rbx ffffffffffffffff, rcx 000014901784275b
   rdx 0000000000000000, rsp 00007ffc503e90e8, rbp 00007ffc503e96c0
   rsi 000000000000000b, rdi 000000000000e3ff, r8  0000148ed77ff000
   r9  0000000000000000, r10 0000149017812f60, r11 0000000000000206
   r12 0000000000000000, r13 0000000000000000, r14 00007ffc503e9708
   r15 000000000000209b
  --- traceback not available
Aborted (core dumped)
Preparing Ethanol_c87_q2.dat -> Ethanol_c87_q2.out on /home/zoe/Research/Gaussian/scratch
Preparing Ethanol_c87_q3.dat -> Ethanol_c87_q3.out on /home/zoe/Research/Gaussian/scratch
Error: segmentation violation
   rax 0000000000000000, rbx ffffffffffffffff, rcx 000008c95024275b
   rdx 0000000000000000, rsp 00007ffc45a84548, rbp 00007ffc45a84b20
   rsi 000000000000000b, rdi 0000000000017cec, r8  000008c8101ff000
   r9  0000000000000000, r10 000008c950212f60, r11 0000000000000206
   r12 0000000000000000, r13 0000000000000000, r14 00007ffc45a84b68
   r15 000000000000209b
  --- traceback not available
Aborted (core dumped)
Preparing Ethanol_c88_q1.dat -> Ethanol_c88_q1.out on /home/zoe/Research/Gaussian/scratch
Preparing Ethanol_c88_q2.dat -> Ethanol_c88_q2.out on /home/zoe/Research/Gaussian/scratch
Error: segmentation violation
   rax 0000000000000000, rbx ffffffffffffffff, rcx 000011d33e24275b
   rdx 0000000000000000, rsp 00007fffa5e02868, rbp 00007fffa5e02e40
   rsi 000000000000000b, rdi 000000000001ae3f, r8  000011d1fe1ff000
   r9  0000000000000000, r10 000011d33e212f60, r11 0000000000000202
   r12 0000000000000000, r13 0000000000000000, r14 00007fffa5e02e88
   r15 000011d1fedeeda0
  --- traceback not available
Aborted (core dumped)
Preparing Ethanol_c88_q3.dat -> Ethanol_c88_q3.out on /home/zoe/Research/Gaussian/scratch
Preparing Ethanol_c89_q1.dat -> Ethanol_c89_q1.out on /home/zoe/Research/Gaussian/scratch
Error: segmentation violation
   rax 0000000000000000, rbx ffffffffffffffff, rcx 00000596fbe4275b
   rdx 0000000000000000, rsp 00007ffee47a24c8, rbp 00007ffee47a2aa0
   rsi 000000000000000b, rdi 00000000000194dc, r8  00000595bbdff000
   r9  0000000000000000, r10 00000596fbe12f60, r11 0000000000000202
   r12 0000000000000000, r13 0000000000000000, r14 00007ffee47a2ae8
   r15 000000000000209b
  --- traceback not available
Aborted (core dumped)
Preparing Ethanol_c89_q2.dat -> Ethanol_c89_q2.out on /home/zoe/Research/Gaussian/scratch
Error: segmentation violation
   rax 0000000000000000, rbx ffffffffffffffff, rcx 000009ef7324275b
   rdx 0000000000000000, rsp 00007ffd47b02a68, rbp 00007ffd47b03040
   rsi 000000000000000b, rdi 000000000001b3b4, r8  000009ee331ff000
   r9  0000000000000000, r10 000009ef73212f60, r11 0000000000000202
   r12 0000000000000000, r13 0000000000000000, r14 00007ffd47b03088
   r15 00000000000020cb
  --- traceback not available
Aborted (core dumped)
Preparing Ethanol_c89_q3.dat -> Ethanol_c89_q3.out on /home/zoe/Research/Gaussian/scratch
Preparing Ethanol_c8_q1.dat -> Ethanol_c8_q1.out on /home/zoe/Research/Gaussian/scratch
Preparing Ethanol_c8_q2.dat -> Ethanol_c8_q2.out on /home/zoe/Research/Gaussian/scratch
Error: segmentation violation
   rax 0000000000000000, rbx ffffffffffffffff, rcx 0000095c6fa4275b
   rdx 0000000000000000, rsp 00007ffd8f865f68, rbp 00007ffd8f866540
   rsi 000000000000000b, rdi 000000000001be2f, r8  0000095b2f9ff000
   r9  0000000000000000, r10 0000095c6fa12f60, r11 0000000000000202
   r12 0000000000000000, r13 0000000000000000, r14 00007ffd8f866588
   r15 00000000000020cb
  --- traceback not available
Aborted (core dumped)
Preparing Ethanol_c8_q3.dat -> Ethanol_c8_q3.out on /home/zoe/Research/Gaussian/scratch
Error: segmentation violation
   rax 0000000000000000, rbx ffffffffffffffff, rcx 000011e02144275b
   rdx 0000000000000000, rsp 00007ffcfc9fcc48, rbp 00007ffcfc9fd220
   rsi 000000000000000b, rdi 0000000000022787, r8  000011dee13ff000
   r9  0000000000000000, r10 000011e021412f60, r11 0000000000000206
   r12 0000000000000000, r13 0000000000000000, r14 00007ffcfc9fd268
   r15 000011dee1ff0bf8
  --- traceback not available
Aborted (core dumped)
Preparing Ethanol_c90_q1.dat -> Ethanol_c90_q1.out on /home/zoe/Research/Gaussian/scratch
Preparing Ethanol_c90_q2.dat -> Ethanol_c90_q2.out on /home/zoe/Research/Gaussian/scratch
Preparing Ethanol_c90_q3.dat -> Ethanol_c90_q3.out on /home/zoe/Research/Gaussian/scratch
Preparing Ethanol_c91_q1.dat -> Ethanol_c91_q1.out on /home/zoe/Research/Gaussian/scratch
Preparing Ethanol_c91_q2.dat -> Ethanol_c91_q2.out on /home/zoe/Research/Gaussian/scratch
Preparing Ethanol_c91_q3.dat -> Ethanol_c91_q3.out on /home/zoe/Research/Gaussian/scratch
Preparing Ethanol_c92_q1.dat -> Ethanol_c92_q1.out on /home/zoe/Research/Gaussian/scratch
Preparing Ethanol_c92_q2.dat -> Ethanol_c92_q2.out on /home/zoe/Research/Gaussian/scratch
Preparing Ethanol_c92_q3.dat -> Ethanol_c92_q3.out on /home/zoe/Research/Gaussian/scratch
Preparing Ethanol_c93_q1.dat -> Ethanol_c93_q1.out on /home/zoe/Research/Gaussian/scratch
Preparing Ethanol_c93_q2.dat -> Ethanol_c93_q2.out on /home/zoe/Research/Gaussian/scratch
Preparing Ethanol_c93_q3.dat -> Ethanol_c93_q3.out on /home/zoe/Research/Gaussian/scratch
Preparing Ethanol_c94_q1.dat -> Ethanol_c94_q1.out on /home/zoe/Research/Gaussian/scratch
Preparing Ethanol_c94_q2.dat -> Ethanol_c94_q2.out on /home/zoe/Research/Gaussian/scratch
Preparing Ethanol_c94_q3.dat -> Ethanol_c94_q3.out on /home/zoe/Research/Gaussian/scratch
Preparing Ethanol_c95_q1.dat -> Ethanol_c95_q1.out on /home/zoe/Research/Gaussian/scratch
Preparing Ethanol_c95_q2.dat -> Ethanol_c95_q2.out on /home/zoe/Research/Gaussian/scratch
Preparing Ethanol_c95_q3.dat -> Ethanol_c95_q3.out on /home/zoe/Research/Gaussian/scratch
Error: segmentation violation
   rax 0000000000000000, rbx ffffffffffffffff, rcx 000014bf2c24275b
   rdx 0000000000000000, rsp 00007ffe574abf28, rbp 00007ffe574ac500
   rsi 000000000000000b, rdi 0000000000025093, r8  000014bdec1ff000
   r9  0000000000000000, r10 000014bf2c212f60, r11 0000000000000206
   r12 0000000000000000, r13 0000000000000000, r14 00007ffe574ac548
   r15 000000000000206b
  --- traceback not available
Aborted (core dumped)
Preparing Ethanol_c96_q1.dat -> Ethanol_c96_q1.out on /home/zoe/Research/Gaussian/scratch
Error: segmentation violation
   rax 0000000000000000, rbx ffffffffffffffff, rcx 00000e1ac1a4275b
   rdx 0000000000000000, rsp 00007ffd6d7b7348, rbp 00007ffd6d7b7920
   rsi 000000000000000b, rdi 00000000000265c5, r8  00000e19819ff000
   r9  0000000000000000, r10 00000e1ac1a12f60, r11 0000000000000206
   r12 0000000000000000, r13 0000000000000000, r14 00007ffd6d7b7968
   r15 000000000000203b
  --- traceback not available
Aborted (core dumped)
Preparing Ethanol_c96_q2.dat -> Ethanol_c96_q2.out on /home/zoe/Research/Gaussian/scratch
Preparing Ethanol_c96_q3.dat -> Ethanol_c96_q3.out on /home/zoe/Research/Gaussian/scratch
Preparing Ethanol_c97_q1.dat -> Ethanol_c97_q1.out on /home/zoe/Research/Gaussian/scratch
Preparing Ethanol_c97_q2.dat -> Ethanol_c97_q2.out on /home/zoe/Research/Gaussian/scratch
Preparing Ethanol_c97_q3.dat -> Ethanol_c97_q3.out on /home/zoe/Research/Gaussian/scratch
Preparing Ethanol_c98_q1.dat -> Ethanol_c98_q1.out on /home/zoe/Research/Gaussian/scratch
Error: segmentation violation
   rax 0000000000000000, rbx ffffffffffffffff, rcx 000010f45684275b
   rdx 0000000000000000, rsp 00007ffcd5010b58, rbp 00007ffcd5011130
   rsi 000000000000000b, rdi 000000000002b210, r8  000010f3167ff000
   r9  0000000000000000, r10 000010f456812f60, r11 0000000000000202
   r12 0000000000000000, r13 0000000000000000, r14 00007ffcd5011178
   r15 000000000000206b
  --- traceback not available
Aborted (core dumped)
Preparing Ethanol_c98_q2.dat -> Ethanol_c98_q2.out on /home/zoe/Research/Gaussian/scratch
Preparing Ethanol_c98_q3.dat -> Ethanol_c98_q3.out on /home/zoe/Research/Gaussian/scratch
Error: segmentation violation
   rax 0000000000000000, rbx ffffffffffffffff, rcx 000009046f64275b
   rdx 0000000000000000, rsp 00007ffc6d04eac8, rbp 00007ffc6d04f0a0
   rsi 000000000000000b, rdi 000000000002dcad, r8  000009032f5ff000
   r9  0000000000000000, r10 000009046f612f60, r11 0000000000000202
   r12 0000000000000000, r13 0000000000000000, r14 00007ffc6d04f0e8
   r15 00000000000020fb
  --- traceback not available
Aborted (core dumped)
Preparing Ethanol_c99_q1.dat -> Ethanol_c99_q1.out on /home/zoe/Research/Gaussian/scratch
Preparing Ethanol_c99_q2.dat -> Ethanol_c99_q2.out on /home/zoe/Research/Gaussian/scratch
Error: segmentation violation
   rax 0000000000000000, rbx ffffffffffffffff, rcx 000006f912e4275b
   rdx 0000000000000000, rsp 00007ffc2a488558, rbp 00007ffc2a488b30
   rsi 000000000000000b, rdi 000000000002e5e7, r8  000006f7d2dff000
   r9  0000000000000000, r10 000006f912e12f60, r11 0000000000000202
   r12 0000000000000000, r13 0000000000000000, r14 00007ffc2a488b78
   r15 00000000000020fb
  --- traceback not available
Aborted (core dumped)
Preparing Ethanol_c99_q3.dat -> Ethanol_c99_q3.out on /home/zoe/Research/Gaussian/scratch
Preparing Ethanol_c9_q1.dat -> Ethanol_c9_q1.out on /home/zoe/Research/Gaussian/scratch
Preparing Ethanol_c9_q2.dat -> Ethanol_c9_q2.out on /home/zoe/Research/Gaussian/scratch
Preparing Ethanol_c9_q3.dat -> Ethanol_c9_q3.out on /home/zoe/Research/Gaussian/scratch
Error: segmentation violation
   rax 0000000000000000, rbx ffffffffffffffff, rcx 00000d1c5424275b
   rdx 0000000000000000, rsp 00007ffebea8b328, rbp 00007ffebea8b900
   rsi 000000000000000b, rdi 0000000000030795, r8  00000d1b141ff000
   r9  0000000000000000, r10 00000d1c54212f60, r11 0000000000000206
   r12 0000000000000000, r13 0000000000000000, r14 00007ffebea8b948
   r15 0000000000001fab
  --- traceback not available
Aborted (core dumped)
Error: segmentation violation
   rax 0000000000000000, rbx ffffffffffffffff, rcx 00000e56a684275b
   rdx 0000000000000000, rsp 00007ffd707d4558, rbp 00007ffd707d4b30
   rsi 000000000000000b, rdi 000000000003508a, r8  00000e55667ff000
   r9  0000000000000000, r10 00000e56a6812f60, r11 0000000000000202
   r12 0000000000000000, r13 0000000000000000, r14 00007ffd707d4b78
   r15 0000000000001fdb
  --- traceback not available
Aborted (core dumped)

./Ethanol_c117_q1
./opt-test-SCEE/Ethanol_c117_q1.dat
./Ethanol_c119_q3
./opt-test-SCEE/Ethanol_c119_q3.dat
./Ethanol_c91_q1
./opt-test-SCEE/Ethanol_c91_q1.dat
./Ethanol_c179_q1
./opt-test-SCEE/Ethanol_c179_q1.dat
./Ethanol_c37_q2
./opt-test-SCEE/Ethanol_c37_q2.dat
./Ethanol_c135_q3
./opt-test-SCEE/Ethanol_c135_q3.dat
./Ethanol_c123_q3
./opt-test-SCEE/Ethanol_c123_q3.dat
./Ethanol_c123_q1
./opt-test-SCEE/Ethanol_c123_q1.dat
./Ethanol_c167_q1
./opt-test-SCEE/Ethanol_c167_q1.dat
./Ethanol_c185_q3
./opt-test-SCEE/Ethanol_c185_q3.dat
./Ethanol_c105_q3
./opt-test-SCEE/Ethanol_c105_q3.dat
./Ethanol_c61_q2
./opt-test-SCEE/Ethanol_c61_q2.dat
./Ethanol_c102_q2
./opt-test-SCEE/Ethanol_c102_q2.dat
./Ethanol_c102_q3
./opt-test-SCEE/Ethanol_c102_q3.dat
./Ethanol_c36_q2
./opt-test-SCEE/Ethanol_c36_q2.dat
./Ethanol_c142_q2
./opt-test-SCEE/Ethanol_c142_q2.dat
./Ethanol_c160_q1
./opt-test-SCEE/Ethanol_c160_q1.dat
./Ethanol_c82_q3
./opt-test-SCEE/Ethanol_c82_q3.dat
./Ethanol_c36_q3
./opt-test-SCEE/Ethanol_c36_q3.dat
./Ethanol_c176_q1
./opt-test-SCEE/Ethanol_c176_q1.dat
./Ethanol_c46_q3
./opt-test-SCEE/Ethanol_c46_q3.dat
./Ethanol_c31_q1
./opt-test-SCEE/Ethanol_c31_q1.dat
./Ethanol_c192_q2
./opt-test-SCEE/Ethanol_c192_q2.dat
./Ethanol_c185_q1
./opt-test-SCEE/Ethanol_c185_q1.dat
./Ethanol_c128_q2
./opt-test-SCEE/Ethanol_c128_q2.dat
./Ethanol_c137_q3
./opt-test-SCEE/Ethanol_c137_q3.dat
./Ethanol_c196_q1
./opt-test-SCEE/Ethanol_c196_q1.dat
./Ethanol_c17_q2
./opt-test-SCEE/Ethanol_c17_q2.dat
./Ethanol_c145_q2
./opt-test-SCEE/Ethanol_c145_q2.dat
./Ethanol_c78_q1
./opt-test-SCEE/Ethanol_c78_q1.dat
./Ethanol_c18_q2
./opt-test-SCEE/Ethanol_c18_q2.dat
./Ethanol_c52_q2
./opt-test-SCEE/Ethanol_c52_q2.dat
./Ethanol_c179_q2
./opt-test-SCEE/Ethanol_c179_q2.dat
./Ethanol_c187_q1
./opt-test-SCEE/Ethanol_c187_q1.dat
./Ethanol_c160_q3
./opt-test-SCEE/Ethanol_c160_q3.dat
./Ethanol_c33_q3
./opt-test-SCEE/Ethanol_c33_q3.dat
./Ethanol_c123_q2
./opt-test-SCEE/Ethanol_c123_q2.dat
./Ethanol_c71_q3
./opt-test-SCEE/Ethanol_c71_q3.dat
./Ethanol_c193_q3
./opt-test-SCEE/Ethanol_c193_q3.dat
./Ethanol_c153_q1
./opt-test-SCEE/Ethanol_c153_q1.dat
./Ethanol_c163_q2
./opt-test-SCEE/Ethanol_c163_q2.dat
./Ethanol_c122_q1
./opt-test-SCEE/Ethanol_c122_q1.dat
./Ethanol_c29_q1
./opt-test-SCEE/Ethanol_c29_q1.dat
./Ethanol_c118_q1
./opt-test-SCEE/Ethanol_c118_q1.dat
./Ethanol_c131_q3
./opt-test-SCEE/Ethanol_c131_q3.dat
./Ethanol_c121_q2
./opt-test-SCEE/Ethanol_c121_q2.dat
./Ethanol_c144_q1
./opt-test-SCEE/Ethanol_c144_q1.dat
./Ethanol_c131_q1
./opt-test-SCEE/Ethanol_c131_q1.dat
./Ethanol_c119_q1
./opt-test-SCEE/Ethanol_c119_q1.dat
./Ethanol_c80_q3
./opt-test-SCEE/Ethanol_c80_q3.dat
./Ethanol_c175_q2
./opt-test-SCEE/Ethanol_c175_q2.dat
./Ethanol_c22_q3
./opt-test-SCEE/Ethanol_c22_q3.dat
./Ethanol_c113_q1
./opt-test-SCEE/Ethanol_c113_q1.dat
./Ethanol_c173_q1
./opt-test-SCEE/Ethanol_c173_q1.dat
./Ethanol_c66_q1
./opt-test-SCEE/Ethanol_c66_q1.dat
./Ethanol_c104_q3
./opt-test-SCEE/Ethanol_c104_q3.dat
./Ethanol_c22_q2
./opt-test-SCEE/Ethanol_c22_q2.dat
./Ethanol_c127_q3
./opt-test-SCEE/Ethanol_c127_q3.dat
./Ethanol_c31_q3
./opt-test-SCEE/Ethanol_c31_q3.dat
./Ethanol_c156_q1
./opt-test-SCEE/Ethanol_c156_q1.dat
./Ethanol_c91_q3
./opt-test-SCEE/Ethanol_c91_q3.dat
./Ethanol_c188_q2
./opt-test-SCEE/Ethanol_c188_q2.dat
./Ethanol_c87_q2
./opt-test-SCEE/Ethanol_c87_q2.dat
./Ethanol_c103_q3
./opt-test-SCEE/Ethanol_c103_q3.dat
./Ethanol_c154_q3
./opt-test-SCEE/Ethanol_c154_q3.dat
./Ethanol_c88_q2
./opt-test-SCEE/Ethanol_c88_q2.dat
./Ethanol_c36_q1
./opt-test-SCEE/Ethanol_c36_q1.dat
./Ethanol_c192_q1
./opt-test-SCEE/Ethanol_c192_q1.dat
./Ethanol_c21_q1
./opt-test-SCEE/Ethanol_c21_q1.dat
./Ethanol_c29_q2
./opt-test-SCEE/Ethanol_c29_q2.dat
./Ethanol_c66_q3
./opt-test-SCEE/Ethanol_c66_q3.dat
./Ethanol_c9_q3
./opt-test-SCEE/Ethanol_c9_q3.dat
./Ethanol_c134_q3
./opt-test-SCEE/Ethanol_c134_q3.dat
./Ethanol_c155_q2
./opt-test-SCEE/Ethanol_c155_q2.dat
./Ethanol_c82_q1
./opt-test-SCEE/Ethanol_c82_q1.dat
./Ethanol_c61_q3
./opt-test-SCEE/Ethanol_c61_q3.dat
./Ethanol_c155_q1
./opt-test-SCEE/Ethanol_c155_q1.dat
./Ethanol_c45_q3
./opt-test-SCEE/Ethanol_c45_q3.dat
./Ethanol_c44_q3
./opt-test-SCEE/Ethanol_c44_q3.dat
./Ethanol_c88_q1
./opt-test-SCEE/Ethanol_c88_q1.dat
./Ethanol_c177_q2
./opt-test-SCEE/Ethanol_c177_q2.dat
./Ethanol_c103_q1
./opt-test-SCEE/Ethanol_c103_q1.dat
./Ethanol_c34_q1
./opt-test-SCEE/Ethanol_c34_q1.dat
./Ethanol_c24_q1
./opt-test-SCEE/Ethanol_c24_q1.dat
./Ethanol_c59_q2
./opt-test-SCEE/Ethanol_c59_q2.dat
./Ethanol_c140_q1
./opt-test-SCEE/Ethanol_c140_q1.dat
./Ethanol_c79_q3
./opt-test-SCEE/Ethanol_c79_q3.dat
./Ethanol_c200_q3
./opt-test-SCEE/Ethanol_c200_q3.dat
./Ethanol_c144_q3
./opt-test-SCEE/Ethanol_c144_q3.dat
./Ethanol_c16_q2
./opt-test-SCEE/Ethanol_c16_q2.dat
./Ethanol_c111_q3
./opt-test-SCEE/Ethanol_c111_q3.dat
./Ethanol_c130_q1
./opt-test-SCEE/Ethanol_c130_q1.dat
./Ethanol_c147_q2
./opt-test-SCEE/Ethanol_c147_q2.dat
./Ethanol_c57_q3
./opt-test-SCEE/Ethanol_c57_q3.dat
./Ethanol_c169_q2
./opt-test-SCEE/Ethanol_c169_q2.dat
./Ethanol_c184_q2
./opt-test-SCEE/Ethanol_c184_q2.dat
./Ethanol_c94_q2
./opt-test-SCEE/Ethanol_c94_q2.dat
./Ethanol_c108_q2
./opt-test-SCEE/Ethanol_c108_q2.dat
./Ethanol_c99_q1
./opt-test-SCEE/Ethanol_c99_q1.dat
./Ethanol_c185_q2
./opt-test-SCEE/Ethanol_c185_q2.dat
./Ethanol_c37_q3
./opt-test-SCEE/Ethanol_c37_q3.dat
./Ethanol_c125_q3
./opt-test-SCEE/Ethanol_c125_q3.dat
./Ethanol_c160_q2
./opt-test-SCEE/Ethanol_c160_q2.dat
./Ethanol_c17_q1
./opt-test-SCEE/Ethanol_c17_q1.dat
./Ethanol_c172_q2
./opt-test-SCEE/Ethanol_c172_q2.dat
./Ethanol_c71_q2
./opt-test-SCEE/Ethanol_c71_q2.dat
./Ethanol_c164_q3
./opt-test-SCEE/Ethanol_c164_q3.dat
./Ethanol_c142_q3
./opt-test-SCEE/Ethanol_c142_q3.dat
./Ethanol_c39_q1
./opt-test-SCEE/Ethanol_c39_q1.dat
./Ethanol_c23_q3
./opt-test-SCEE/Ethanol_c23_q3.dat
./Ethanol_c99_q2
./opt-test-SCEE/Ethanol_c99_q2.dat
./Ethanol_c75_q3
./opt-test-SCEE/Ethanol_c75_q3.dat
./Ethanol_c82_q2
./opt-test-SCEE/Ethanol_c82_q2.dat
./Ethanol_c79_q1
./opt-test-SCEE/Ethanol_c79_q1.dat
./Ethanol_c172_q3
./opt-test-SCEE/Ethanol_c172_q3.dat
./Ethanol_c171_q1
./opt-test-SCEE/Ethanol_c171_q1.dat
./Ethanol_c96_q2
./opt-test-SCEE/Ethanol_c96_q2.dat
./Ethanol_c25_q1
./opt-test-SCEE/Ethanol_c25_q1.dat
./Ethanol_c154_q1
./opt-test-SCEE/Ethanol_c154_q1.dat
./Ethanol_c74_q3
./opt-test-SCEE/Ethanol_c74_q3.dat
./Ethanol_c54_q2
./opt-test-SCEE/Ethanol_c54_q2.dat
./Ethanol_c200_q1
./opt-test-SCEE/Ethanol_c200_q1.dat
./Ethanol_c4_q2
./opt-test-SCEE/Ethanol_c4_q2.dat
./Ethanol_c38_q2
./opt-test-SCEE/Ethanol_c38_q2.dat
./Ethanol_c48_q3
./opt-test-SCEE/Ethanol_c48_q3.dat
./Ethanol_c116_q3
./opt-test-SCEE/Ethanol_c116_q3.dat
./Ethanol_c86_q1
./opt-test-SCEE/Ethanol_c86_q1.dat
./Ethanol_c121_q3
./opt-test-SCEE/Ethanol_c121_q3.dat
./Ethanol_c68_q3
./opt-test-SCEE/Ethanol_c68_q3.dat
./Ethanol_c63_q2
./opt-test-SCEE/Ethanol_c63_q2.dat
./Ethanol_c151_q3
./opt-test-SCEE/Ethanol_c151_q3.dat
./Ethanol_c98_q2
./opt-test-SCEE/Ethanol_c98_q2.dat
./Ethanol_c59_q1
./opt-test-SCEE/Ethanol_c59_q1.dat
./Ethanol_c100_q2
./opt-test-SCEE/Ethanol_c100_q2.dat
./Ethanol_c13_q3
./opt-test-SCEE/Ethanol_c13_q3.dat
['./Ethanol_c23_q2_chg.inp', './Ethanol_c124_q1_chg.inp', './Ethanol_c179_q2_chg.inp', './Ethanol_c113_q1_chg.inp', './Ethanol_c47_q2_chg.inp', './Ethanol_c138_q3_chg.inp', './Ethanol_c178_q1_chg.inp', './Ethanol_c61_q1_chg.inp', './Ethanol_c145_q3_chg.inp', './Ethanol_c188_q2_chg.inp', './Ethanol_c24_q2_chg.inp', './Ethanol_c134_q3_chg.inp', './Ethanol_c124_q2_chg.inp', './Ethanol_c75_q3_chg.inp', './Ethanol_c184_q1_chg.inp', './Ethanol_c86_q1_chg.inp', './Ethanol_c95_q2_chg.inp', './Ethanol_c123_q2_chg.inp', './Ethanol_c136_q3_chg.inp', './Ethanol_c117_q2_chg.inp', './Ethanol_c129_q3_chg.inp', './Ethanol_c159_q3_chg.inp', './Ethanol_c65_q2_chg.inp', './Ethanol_c70_q3_chg.inp', './Ethanol_c71_q3_chg.inp', './Ethanol_c112_q1_chg.inp', './Ethanol_c140_q3_chg.inp', './Ethanol_c148_q3_chg.inp', './Ethanol_c94_q3_chg.inp', './Ethanol_c59_q1_chg.inp', './Ethanol_c97_q3_chg.inp', './Ethanol_c136_q2_chg.inp', './Ethanol_c52_q1_chg.inp', './Ethanol_c181_q1_chg.inp', './Ethanol_c91_q3_chg.inp', './Ethanol_c156_q3_chg.inp', './Ethanol_c10_q1_chg.inp', './Ethanol_c66_q2_chg.inp', './Ethanol_c164_q2_chg.inp', './Ethanol_c171_q1_chg.inp', './Ethanol_c183_q3_chg.inp', './Ethanol_c166_q3_chg.inp', './Ethanol_c41_q3_chg.inp', './Ethanol_c28_q2_chg.inp', './Ethanol_c173_q3_chg.inp', './Ethanol_c67_q2_chg.inp', './Ethanol_c64_q1_chg.inp', './Ethanol_c16_q3_chg.inp', './Ethanol_c150_q3_chg.inp', './Ethanol_c121_q2_chg.inp', './Ethanol_c52_q2_chg.inp', './Ethanol_c11_q2_chg.inp', './Ethanol_c113_q2_chg.inp', './Ethanol_c79_q1_chg.inp', './Ethanol_c104_q2_chg.inp', './Ethanol_c156_q2_chg.inp', './Ethanol_c42_q2_chg.inp', './Ethanol_c130_q1_chg.inp', './Ethanol_c148_q1_chg.inp', './Ethanol_c91_q2_chg.inp', './Ethanol_c32_q2_chg.inp', './Ethanol_c127_q3_chg.inp', './Ethanol_c88_q2_chg.inp', './Ethanol_c153_q1_chg.inp', './Ethanol_c9_q1_chg.inp', './Ethanol_c70_q2_chg.inp', './Ethanol_c80_q3_chg.inp', './Ethanol_c144_q1_chg.inp', './Ethanol_c20_q3_chg.inp', './Ethanol_c185_q1_chg.inp', './Ethanol_c43_q2_chg.inp', './Ethanol_c78_q2_chg.inp', './Ethanol_c159_q1_chg.inp', './Ethanol_c196_q3_chg.inp', './Ethanol_c85_q1_chg.inp', './Ethanol_c101_q3_chg.inp', './Ethanol_c99_q2_chg.inp', './Ethanol_c124_q3_chg.inp', './Ethanol_c29_q1_chg.inp', './Ethanol_c34_q1_chg.inp', './Ethanol_c79_q3_chg.inp', './Ethanol_c99_q3_chg.inp', './Ethanol_c164_q1_chg.inp', './Ethanol_c105_q3_chg.inp', './Ethanol_c72_q1_chg.inp', './Ethanol_c98_q2_chg.inp', './Ethanol_c19_q1_chg.inp', './Ethanol_c169_q1_chg.inp', './Ethanol_c34_q3_chg.inp', './Ethanol_c38_q1_chg.inp', './Ethanol_c38_q2_chg.inp', './Ethanol_c191_q3_chg.inp', './Ethanol_c183_q2_chg.inp', './Ethanol_c110_q2_chg.inp', './Ethanol_c189_q1_chg.inp', './Ethanol_c40_q3_chg.inp', './Ethanol_c135_q2_chg.inp', './Ethanol_c109_q1_chg.inp', './Ethanol_c200_q2_chg.inp', './Ethanol_c65_q3_chg.inp', './Ethanol_c173_q1_chg.inp', './Ethanol_c131_q1_chg.inp', './Ethanol_c102_q3_chg.inp', './Ethanol_c31_q2_chg.inp', './Ethanol_c90_q1_chg.inp', './Ethanol_c14_q3_chg.inp', './Ethanol_c107_q3_chg.inp', './Ethanol_c22_q2_chg.inp', './Ethanol_c48_q2_chg.inp', './Ethanol_c83_q2_chg.inp', './Ethanol_c42_q1_chg.inp', './Ethanol_c30_q1_chg.inp', './Ethanol_c37_q2_chg.inp', './Ethanol_c189_q3_chg.inp', './Ethanol_c169_q2_chg.inp', './Ethanol_c48_q3_chg.inp', './Ethanol_c128_q1_chg.inp', './Ethanol_c198_q1_chg.inp', './Ethanol_c151_q2_chg.inp', './Ethanol_c43_q3_chg.inp', './Ethanol_c183_q1_chg.inp', './Ethanol_c36_q1_chg.inp', './Ethanol_c100_q3_chg.inp', './Ethanol_c120_q3_chg.inp', './Ethanol_c180_q2_chg.inp', './Ethanol_c33_q2_chg.inp', './Ethanol_c7_q3_chg.inp', './Ethanol_c162_q3_chg.inp', './Ethanol_c57_q2_chg.inp', './Ethanol_c59_q2_chg.inp', './Ethanol_c15_q3_chg.inp', './Ethanol_c172_q3_chg.inp', './Ethanol_c182_q1_chg.inp', './Ethanol_c103_q1_chg.inp', './Ethanol_c178_q2_chg.inp', './Ethanol_c162_q1_chg.inp', './Ethanol_c126_q1_chg.inp', './Ethanol_c56_q3_chg.inp', './Ethanol_c106_q1_chg.inp', './Ethanol_c174_q3_chg.inp', './Ethanol_c13_q1_chg.inp', './Ethanol_c106_q2_chg.inp', './Ethanol_c9_q3_chg.inp', './Ethanol_c20_q1_chg.inp', './Ethanol_c142_q3_chg.inp', './Ethanol_c93_q2_chg.inp', './Ethanol_c141_q2_chg.inp', './Ethanol_c138_q2_chg.inp', './Ethanol_c58_q1_chg.inp', './Ethanol_c76_q3_chg.inp', './Ethanol_c138_q1_chg.inp', './Ethanol_c6_q1_chg.inp', './Ethanol_c5_q1_chg.inp', './Ethanol_c55_q2_chg.inp', './Ethanol_c3_q3_chg.inp', './Ethanol_c125_q3_chg.inp', './Ethanol_c128_q2_chg.inp', './Ethanol_c119_q1_chg.inp', './Ethanol_c188_q1_chg.inp', './Ethanol_c92_q1_chg.inp', './Ethanol_c182_q3_chg.inp', './Ethanol_c196_q2_chg.inp', './Ethanol_c187_q1_chg.inp', './Ethanol_c39_q3_chg.inp', './Ethanol_c187_q2_chg.inp', './Ethanol_c192_q1_chg.inp', './Ethanol_c135_q1_chg.inp', './Ethanol_c88_q1_chg.inp', './Ethanol_c104_q1_chg.inp', './Ethanol_c49_q3_chg.inp', './Ethanol_c2_q1_chg.inp', './Ethanol_c54_q1_chg.inp', './Ethanol_c152_q3_chg.inp', './Ethanol_c190_q2_chg.inp', './Ethanol_c100_q2_chg.inp', './Ethanol_c63_q1_chg.inp', './Ethanol_c175_q2_chg.inp', './Ethanol_c114_q3_chg.inp', './Ethanol_c23_q1_chg.inp', './Ethanol_c110_q1_chg.inp', './Ethanol_c49_q2_chg.inp', './Ethanol_c61_q2_chg.inp', './Ethanol_c44_q3_chg.inp', './Ethanol_c82_q1_chg.inp', './Ethanol_c5_q2_chg.inp', './Ethanol_c58_q3_chg.inp', './Ethanol_c8_q3_chg.inp', './Ethanol_c143_q2_chg.inp', './Ethanol_c31_q1_chg.inp', './Ethanol_c35_q3_chg.inp', './Ethanol_c190_q3_chg.inp', './Ethanol_c150_q2_chg.inp', './Ethanol_c193_q2_chg.inp', './Ethanol_c10_q3_chg.inp', './Ethanol_c200_q3_chg.inp', './Ethanol_c5_q3_chg.inp', './Ethanol_c168_q2_chg.inp', './Ethanol_c179_q3_chg.inp', './Ethanol_c134_q2_chg.inp', './Ethanol_c133_q2_chg.inp', './Ethanol_c177_q3_chg.inp', './Ethanol_c16_q1_chg.inp', './Ethanol_c143_q3_chg.inp', './Ethanol_c49_q1_chg.inp', './Ethanol_c36_q3_chg.inp', './Ethanol_c171_q2_chg.inp', './Ethanol_c27_q3_chg.inp', './Ethanol_c30_q3_chg.inp', './Ethanol_c32_q3_chg.inp', './Ethanol_c125_q1_chg.inp', './Ethanol_c22_q3_chg.inp', './Ethanol_c193_q1_chg.inp', './Ethanol_c62_q2_chg.inp', './Ethanol_c109_q3_chg.inp', './Ethanol_c64_q3_chg.inp', './Ethanol_c109_q2_chg.inp', './Ethanol_c140_q2_chg.inp', './Ethanol_c81_q1_chg.inp', './Ethanol_c157_q2_chg.inp', './Ethanol_c96_q3_chg.inp', './Ethanol_c187_q3_chg.inp', './Ethanol_c60_q1_chg.inp', './Ethanol_c80_q1_chg.inp', './Ethanol_c72_q2_chg.inp', './Ethanol_c195_q2_chg.inp', './Ethanol_c56_q1_chg.inp', './Ethanol_c96_q1_chg.inp', './Ethanol_c63_q2_chg.inp', './Ethanol_c157_q3_chg.inp', './Ethanol_c48_q1_chg.inp', './Ethanol_c94_q2_chg.inp', './Ethanol_c3_q1_chg.inp', './Ethanol_c122_q2_chg.inp', './Ethanol_c36_q2_chg.inp', './Ethanol_c117_q1_chg.inp', './Ethanol_c149_q2_chg.inp', './Ethanol_c163_q3_chg.inp', './Ethanol_c61_q3_chg.inp', './Ethanol_c180_q3_chg.inp', './Ethanol_c157_q1_chg.inp', './Ethanol_c161_q3_chg.inp', './Ethanol_c44_q2_chg.inp', './Ethanol_c172_q2_chg.inp', './Ethanol_c144_q2_chg.inp', './Ethanol_c170_q3_chg.inp', './Ethanol_c122_q3_chg.inp', './Ethanol_c147_q2_chg.inp', './Ethanol_c6_q3_chg.inp', './Ethanol_c46_q3_chg.inp', './Ethanol_c113_q3_chg.inp', './Ethanol_c130_q2_chg.inp', './Ethanol_c29_q2_chg.inp', './Ethanol_c55_q1_chg.inp', './Ethanol_c199_q3_chg.inp', './Ethanol_c45_q1_chg.inp', './Ethanol_c108_q1_chg.inp', './Ethanol_c123_q1_chg.inp', './Ethanol_c7_q2_chg.inp', './Ethanol_c186_q2_chg.inp', './Ethanol_c176_q1_chg.inp', './Ethanol_c146_q1_chg.inp', './Ethanol_c69_q1_chg.inp', './Ethanol_c130_q3_chg.inp', './Ethanol_c24_q3_chg.inp', './Ethanol_c137_q3_chg.inp', './Ethanol_c65_q1_chg.inp', './Ethanol_c116_q2_chg.inp', './Ethanol_c66_q3_chg.inp', './Ethanol_c133_q1_chg.inp', './Ethanol_c161_q1_chg.inp', './Ethanol_c50_q1_chg.inp', './Ethanol_c86_q3_chg.inp', './Ethanol_c11_q1_chg.inp', './Ethanol_c19_q3_chg.inp', './Ethanol_c160_q3_chg.inp', './Ethanol_c184_q2_chg.inp', './Ethanol_c198_q2_chg.inp', './Ethanol_c6_q2_chg.inp', './Ethanol_c12_q3_chg.inp', './Ethanol_c18_q3_chg.inp', './Ethanol_c139_q1_chg.inp', './Ethanol_c8_q2_chg.inp', './Ethanol_c147_q1_chg.inp', './Ethanol_c55_q3_chg.inp', './Ethanol_c196_q1_chg.inp', './Ethanol_c188_q3_chg.inp', './Ethanol_c15_q2_chg.inp', './Ethanol_c17_q2_chg.inp', './Ethanol_c25_q1_chg.inp', './Ethanol_c184_q3_chg.inp', './Ethanol_c60_q3_chg.inp', './Ethanol_c120_q2_chg.inp', './Ethanol_c132_q2_chg.inp', './Ethanol_c177_q2_chg.inp', './Ethanol_c165_q3_chg.inp', './Ethanol_c95_q1_chg.inp', './Ethanol_c68_q3_chg.inp', './Ethanol_c84_q2_chg.inp', './Ethanol_c18_q2_chg.inp', './Ethanol_c68_q2_chg.inp', './Ethanol_c158_q3_chg.inp', './Ethanol_c186_q1_chg.inp', './Ethanol_c40_q2_chg.inp', './Ethanol_c166_q2_chg.inp', './Ethanol_c11_q3_chg.inp', './Ethanol_c47_q1_chg.inp', './Ethanol_c68_q1_chg.inp', './Ethanol_c37_q3_chg.inp', './Ethanol_c197_q2_chg.inp', './Ethanol_c191_q1_chg.inp', './Ethanol_c126_q3_chg.inp', './Ethanol_c101_q1_chg.inp', './Ethanol_c126_q2_chg.inp', './Ethanol_c98_q3_chg.inp', './Ethanol_c52_q3_chg.inp', './Ethanol_c50_q3_chg.inp', './Ethanol_c16_q2_chg.inp', './Ethanol_c81_q2_chg.inp', './Ethanol_c132_q3_chg.inp', './Ethanol_c175_q1_chg.inp', './Ethanol_c75_q1_chg.inp', './Ethanol_c111_q2_chg.inp', './Ethanol_c23_q3_chg.inp', './Ethanol_c24_q1_chg.inp', './Ethanol_c1_q3_chg.inp', './Ethanol_c152_q1_chg.inp', './Ethanol_c163_q1_chg.inp', './Ethanol_c26_q3_chg.inp', './Ethanol_c165_q2_chg.inp', './Ethanol_c155_q1_chg.inp', './Ethanol_c121_q3_chg.inp', './Ethanol_c53_q2_chg.inp', './Ethanol_c178_q3_chg.inp', './Ethanol_c104_q3_chg.inp', './Ethanol_c47_q3_chg.inp', './Ethanol_c107_q2_chg.inp', './Ethanol_c97_q1_chg.inp', './Ethanol_c38_q3_chg.inp', './Ethanol_c88_q3_chg.inp', './Ethanol_c118_q3_chg.inp', './Ethanol_c166_q1_chg.inp', './Ethanol_c87_q2_chg.inp', './Ethanol_c34_q2_chg.inp', './Ethanol_c194_q1_chg.inp', './Ethanol_c198_q3_chg.inp', './Ethanol_c69_q3_chg.inp', './Ethanol_c78_q3_chg.inp', './Ethanol_c195_q1_chg.inp', './Ethanol_c69_q2_chg.inp', './Ethanol_c29_q3_chg.inp', './Ethanol_c170_q2_chg.inp', './Ethanol_c25_q3_chg.inp', './Ethanol_c90_q2_chg.inp', './Ethanol_c71_q1_chg.inp', './Ethanol_c127_q2_chg.inp', './Ethanol_c53_q3_chg.inp', './Ethanol_c139_q2_chg.inp', './Ethanol_c67_q3_chg.inp', './Ethanol_c77_q3_chg.inp', './Ethanol_c149_q1_chg.inp', './Ethanol_c51_q1_chg.inp', './Ethanol_c71_q2_chg.inp', './Ethanol_c93_q3_chg.inp', './Ethanol_c95_q3_chg.inp', './Ethanol_c82_q2_chg.inp', './Ethanol_c145_q1_chg.inp', './Ethanol_c84_q3_chg.inp', './Ethanol_c114_q1_chg.inp', './Ethanol_c105_q2_chg.inp', './Ethanol_c144_q3_chg.inp', './Ethanol_c159_q2_chg.inp', './Ethanol_c74_q1_chg.inp', './Ethanol_c17_q3_chg.inp', './Ethanol_c31_q3_chg.inp', './Ethanol_c135_q3_chg.inp', './Ethanol_c33_q1_chg.inp', './Ethanol_c26_q2_chg.inp', './Ethanol_c172_q1_chg.inp', './Ethanol_c98_q1_chg.inp', './Ethanol_c146_q3_chg.inp', './Ethanol_c161_q2_chg.inp', './Ethanol_c143_q1_chg.inp', './Ethanol_c177_q1_chg.inp', './Ethanol_c72_q3_chg.inp', './Ethanol_c15_q1_chg.inp', './Ethanol_c10_q2_chg.inp', './Ethanol_c21_q1_chg.inp', './Ethanol_c40_q1_chg.inp', './Ethanol_c117_q3_chg.inp', './Ethanol_c20_q2_chg.inp', './Ethanol_c119_q2_chg.inp', './Ethanol_c2_q2_chg.inp', './Ethanol_c28_q3_chg.inp', './Ethanol_c51_q3_chg.inp', './Ethanol_c121_q1_chg.inp', './Ethanol_c13_q2_chg.inp', './Ethanol_c108_q2_chg.inp', './Ethanol_c199_q2_chg.inp', './Ethanol_c141_q3_chg.inp', './Ethanol_c149_q3_chg.inp', './Ethanol_c76_q1_chg.inp', './Ethanol_c160_q2_chg.inp', './Ethanol_c165_q1_chg.inp', './Ethanol_c137_q1_chg.inp', './Ethanol_c168_q3_chg.inp', './Ethanol_c176_q3_chg.inp', './Ethanol_c62_q3_chg.inp', './Ethanol_c85_q3_chg.inp', './Ethanol_c84_q1_chg.inp', './Ethanol_c51_q2_chg.inp', './Ethanol_c102_q2_chg.inp', './Ethanol_c64_q2_chg.inp', './Ethanol_c197_q1_chg.inp', './Ethanol_c106_q3_chg.inp', './Ethanol_c99_q1_chg.inp', './Ethanol_c83_q1_chg.inp', './Ethanol_c32_q1_chg.inp', './Ethanol_c94_q1_chg.inp', './Ethanol_c200_q1_chg.inp', './Ethanol_c86_q2_chg.inp', './Ethanol_c4_q3_chg.inp', './Ethanol_c153_q2_chg.inp', './Ethanol_c93_q1_chg.inp', './Ethanol_c185_q3_chg.inp', './Ethanol_c194_q3_chg.inp', './Ethanol_c139_q3_chg.inp', './Ethanol_c81_q3_chg.inp', './Ethanol_c141_q1_chg.inp', './Ethanol_c120_q1_chg.inp', './Ethanol_c131_q2_chg.inp', './Ethanol_c191_q2_chg.inp', './Ethanol_c4_q2_chg.inp', './Ethanol_c102_q1_chg.inp', './Ethanol_c41_q2_chg.inp', './Ethanol_c116_q1_chg.inp', './Ethanol_c152_q2_chg.inp', './Ethanol_c67_q1_chg.inp', './Ethanol_c87_q1_chg.inp', './Ethanol_c4_q1_chg.inp', './Ethanol_c12_q2_chg.inp', './Ethanol_c153_q3_chg.inp', './Ethanol_c163_q2_chg.inp', './Ethanol_c42_q3_chg.inp', './Ethanol_c21_q2_chg.inp', './Ethanol_c37_q1_chg.inp', './Ethanol_c54_q3_chg.inp', './Ethanol_c185_q2_chg.inp', './Ethanol_c103_q3_chg.inp', './Ethanol_c155_q3_chg.inp', './Ethanol_c92_q3_chg.inp', './Ethanol_c129_q1_chg.inp', './Ethanol_c192_q2_chg.inp', './Ethanol_c156_q1_chg.inp', './Ethanol_c76_q2_chg.inp', './Ethanol_c111_q3_chg.inp', './Ethanol_c155_q2_chg.inp', './Ethanol_c44_q1_chg.inp', './Ethanol_c80_q2_chg.inp', './Ethanol_c53_q1_chg.inp', './Ethanol_c151_q1_chg.inp', './Ethanol_c167_q2_chg.inp', './Ethanol_c199_q1_chg.inp', './Ethanol_c115_q2_chg.inp', './Ethanol_c111_q1_chg.inp', './Ethanol_c197_q3_chg.inp', './Ethanol_c25_q2_chg.inp', './Ethanol_c77_q1_chg.inp', './Ethanol_c63_q3_chg.inp', './Ethanol_c57_q3_chg.inp', './Ethanol_c137_q2_chg.inp', './Ethanol_c127_q1_chg.inp', './Ethanol_c79_q2_chg.inp', './Ethanol_c83_q3_chg.inp', './Ethanol_c168_q1_chg.inp', './Ethanol_c2_q3_chg.inp', './Ethanol_c112_q2_chg.inp', './Ethanol_c179_q1_chg.inp', './Ethanol_c7_q1_chg.inp', './Ethanol_c134_q1_chg.inp', './Ethanol_c33_q3_chg.inp', './Ethanol_c89_q2_chg.inp', './Ethanol_c17_q1_chg.inp', './Ethanol_c181_q3_chg.inp', './Ethanol_c14_q2_chg.inp', './Ethanol_c145_q2_chg.inp', './Ethanol_c58_q2_chg.inp', './Ethanol_c103_q2_chg.inp', './Ethanol_c151_q3_chg.inp', './Ethanol_c164_q3_chg.inp', './Ethanol_c150_q1_chg.inp', './Ethanol_c27_q1_chg.inp', './Ethanol_c118_q2_chg.inp', './Ethanol_c39_q2_chg.inp', './Ethanol_c122_q1_chg.inp', './Ethanol_c181_q2_chg.inp', './Ethanol_c26_q1_chg.inp', './Ethanol_c13_q3_chg.inp', './Ethanol_c18_q1_chg.inp', './Ethanol_c146_q2_chg.inp', './Ethanol_c123_q3_chg.inp', './Ethanol_c45_q3_chg.inp', './Ethanol_c133_q3_chg.inp', './Ethanol_c142_q1_chg.inp', './Ethanol_c131_q3_chg.inp', './Ethanol_c75_q2_chg.inp', './Ethanol_c174_q1_chg.inp', './Ethanol_c105_q1_chg.inp', './Ethanol_c1_q1_chg.inp', './Ethanol_c85_q2_chg.inp', './Ethanol_c46_q1_chg.inp', './Ethanol_c132_q1_chg.inp', './Ethanol_c112_q3_chg.inp', './Ethanol_c182_q2_chg.inp', './Ethanol_c91_q1_chg.inp', './Ethanol_c9_q2_chg.inp', './Ethanol_c21_q3_chg.inp', './Ethanol_c35_q2_chg.inp', './Ethanol_c136_q1_chg.inp', './Ethanol_c118_q1_chg.inp', './Ethanol_c70_q1_chg.inp', './Ethanol_c173_q2_chg.inp', './Ethanol_c87_q3_chg.inp', './Ethanol_c89_q3_chg.inp', './Ethanol_c158_q1_chg.inp', './Ethanol_c140_q1_chg.inp', './Ethanol_c90_q3_chg.inp', './Ethanol_c43_q1_chg.inp', './Ethanol_c169_q3_chg.inp', './Ethanol_c154_q1_chg.inp', './Ethanol_c27_q2_chg.inp', './Ethanol_c175_q3_chg.inp', './Ethanol_c22_q1_chg.inp', './Ethanol_c108_q3_chg.inp', './Ethanol_c59_q3_chg.inp', './Ethanol_c194_q2_chg.inp', './Ethanol_c154_q3_chg.inp', './Ethanol_c119_q3_chg.inp', './Ethanol_c57_q1_chg.inp', './Ethanol_c125_q2_chg.inp', './Ethanol_c73_q2_chg.inp', './Ethanol_c12_q1_chg.inp', './Ethanol_c116_q3_chg.inp', './Ethanol_c66_q1_chg.inp', './Ethanol_c82_q3_chg.inp', './Ethanol_c56_q2_chg.inp', './Ethanol_c101_q2_chg.inp', './Ethanol_c3_q2_chg.inp', './Ethanol_c28_q1_chg.inp', './Ethanol_c115_q1_chg.inp', './Ethanol_c158_q2_chg.inp', './Ethanol_c186_q3_chg.inp', './Ethanol_c46_q2_chg.inp', './Ethanol_c74_q2_chg.inp', './Ethanol_c74_q3_chg.inp', './Ethanol_c60_q2_chg.inp', './Ethanol_c195_q3_chg.inp', './Ethanol_c170_q1_chg.inp', './Ethanol_c62_q1_chg.inp', './Ethanol_c154_q2_chg.inp', './Ethanol_c96_q2_chg.inp', './Ethanol_c162_q2_chg.inp', './Ethanol_c174_q2_chg.inp', './Ethanol_c78_q1_chg.inp', './Ethanol_c193_q3_chg.inp', './Ethanol_c92_q2_chg.inp', './Ethanol_c129_q2_chg.inp', './Ethanol_c73_q1_chg.inp', './Ethanol_c77_q2_chg.inp', './Ethanol_c35_q1_chg.inp', './Ethanol_c45_q2_chg.inp', './Ethanol_c148_q2_chg.inp', './Ethanol_c107_q1_chg.inp', './Ethanol_c142_q2_chg.inp', './Ethanol_c114_q2_chg.inp', './Ethanol_c50_q2_chg.inp', './Ethanol_c30_q2_chg.inp', './Ethanol_c110_q3_chg.inp', './Ethanol_c180_q1_chg.inp', './Ethanol_c176_q2_chg.inp', './Ethanol_c115_q3_chg.inp', './Ethanol_c73_q3_chg.inp', './Ethanol_c167_q1_chg.inp', './Ethanol_c128_q3_chg.inp', './Ethanol_c190_q1_chg.inp', './Ethanol_c39_q1_chg.inp', './Ethanol_c89_q1_chg.inp', './Ethanol_c167_q3_chg.inp', './Ethanol_c14_q1_chg.inp', './Ethanol_c19_q2_chg.inp', './Ethanol_c160_q1_chg.inp', './Ethanol_c41_q1_chg.inp', './Ethanol_c189_q2_chg.inp', './Ethanol_c1_q2_chg.inp', './Ethanol_c147_q3_chg.inp', './Ethanol_c8_q1_chg.inp', './Ethanol_c97_q2_chg.inp', './Ethanol_c171_q3_chg.inp', './Ethanol_c54_q2_chg.inp', './Ethanol_c192_q3_chg.inp', './Ethanol_c100_q1_chg.inp']
./opt-test-SCEE/Ethanol_c23_q2.out ./opt-test-SCEE/Ethanol_c23_q2_v1.dat
./opt-test-SCEE/Ethanol_c124_q1.out ./opt-test-SCEE/Ethanol_c124_q1_v1.dat
./opt-test-SCEE/Ethanol_c179_q2.out ./opt-test-SCEE/Ethanol_c179_q2_v1.dat
./opt-test-SCEE/Ethanol_c113_q1.out ./opt-test-SCEE/Ethanol_c113_q1_v1.dat
./opt-test-SCEE/Ethanol_c47_q2.out ./opt-test-SCEE/Ethanol_c47_q2_v1.dat
./opt-test-SCEE/Ethanol_c138_q3.out ./opt-test-SCEE/Ethanol_c138_q3_v1.dat
./opt-test-SCEE/Ethanol_c178_q1.out ./opt-test-SCEE/Ethanol_c178_q1_v1.dat
./opt-test-SCEE/Ethanol_c61_q1.out ./opt-test-SCEE/Ethanol_c61_q1_v1.dat
./opt-test-SCEE/Ethanol_c145_q3.out ./opt-test-SCEE/Ethanol_c145_q3_v1.dat
./opt-test-SCEE/Ethanol_c188_q2.out ./opt-test-SCEE/Ethanol_c188_q2_v1.dat
./opt-test-SCEE/Ethanol_c24_q2.out ./opt-test-SCEE/Ethanol_c24_q2_v1.dat
./opt-test-SCEE/Ethanol_c134_q3.out ./opt-test-SCEE/Ethanol_c134_q3_v1.dat
./opt-test-SCEE/Ethanol_c124_q2.out ./opt-test-SCEE/Ethanol_c124_q2_v1.dat
./opt-test-SCEE/Ethanol_c75_q3.out ./opt-test-SCEE/Ethanol_c75_q3_v1.dat
./opt-test-SCEE/Ethanol_c184_q1.out ./opt-test-SCEE/Ethanol_c184_q1_v1.dat
./opt-test-SCEE/Ethanol_c86_q1.out ./opt-test-SCEE/Ethanol_c86_q1_v1.dat
./opt-test-SCEE/Ethanol_c95_q2.out ./opt-test-SCEE/Ethanol_c95_q2_v1.dat
./opt-test-SCEE/Ethanol_c123_q2.out ./opt-test-SCEE/Ethanol_c123_q2_v1.dat
./opt-test-SCEE/Ethanol_c136_q3.out ./opt-test-SCEE/Ethanol_c136_q3_v1.dat
./opt-test-SCEE/Ethanol_c117_q2.out ./opt-test-SCEE/Ethanol_c117_q2_v1.dat
./opt-test-SCEE/Ethanol_c129_q3.out ./opt-test-SCEE/Ethanol_c129_q3_v1.dat
./opt-test-SCEE/Ethanol_c159_q3.out ./opt-test-SCEE/Ethanol_c159_q3_v1.dat
./opt-test-SCEE/Ethanol_c65_q2.out ./opt-test-SCEE/Ethanol_c65_q2_v1.dat
./opt-test-SCEE/Ethanol_c70_q3.out ./opt-test-SCEE/Ethanol_c70_q3_v1.dat
./opt-test-SCEE/Ethanol_c71_q3.out ./opt-test-SCEE/Ethanol_c71_q3_v1.dat
./opt-test-SCEE/Ethanol_c112_q1.out ./opt-test-SCEE/Ethanol_c112_q1_v1.dat
./opt-test-SCEE/Ethanol_c140_q3.out ./opt-test-SCEE/Ethanol_c140_q3_v1.dat
./opt-test-SCEE/Ethanol_c148_q3.out ./opt-test-SCEE/Ethanol_c148_q3_v1.dat
./opt-test-SCEE/Ethanol_c94_q3.out ./opt-test-SCEE/Ethanol_c94_q3_v1.dat
./opt-test-SCEE/Ethanol_c59_q1.out ./opt-test-SCEE/Ethanol_c59_q1_v1.dat
./opt-test-SCEE/Ethanol_c97_q3.out ./opt-test-SCEE/Ethanol_c97_q3_v1.dat
./opt-test-SCEE/Ethanol_c136_q2.out ./opt-test-SCEE/Ethanol_c136_q2_v1.dat
./opt-test-SCEE/Ethanol_c52_q1.out ./opt-test-SCEE/Ethanol_c52_q1_v1.dat
./opt-test-SCEE/Ethanol_c181_q1.out ./opt-test-SCEE/Ethanol_c181_q1_v1.dat
./opt-test-SCEE/Ethanol_c91_q3.out ./opt-test-SCEE/Ethanol_c91_q3_v1.dat
./opt-test-SCEE/Ethanol_c156_q3.out ./opt-test-SCEE/Ethanol_c156_q3_v1.dat
./opt-test-SCEE/Ethanol_c10_q1.out ./opt-test-SCEE/Ethanol_c10_q1_v1.dat
./opt-test-SCEE/Ethanol_c66_q2.out ./opt-test-SCEE/Ethanol_c66_q2_v1.dat
./opt-test-SCEE/Ethanol_c164_q2.out ./opt-test-SCEE/Ethanol_c164_q2_v1.dat
./opt-test-SCEE/Ethanol_c171_q1.out ./opt-test-SCEE/Ethanol_c171_q1_v1.dat
./opt-test-SCEE/Ethanol_c183_q3.out ./opt-test-SCEE/Ethanol_c183_q3_v1.dat
./opt-test-SCEE/Ethanol_c166_q3.out ./opt-test-SCEE/Ethanol_c166_q3_v1.dat
./opt-test-SCEE/Ethanol_c41_q3.out ./opt-test-SCEE/Ethanol_c41_q3_v1.dat
./opt-test-SCEE/Ethanol_c28_q2.out ./opt-test-SCEE/Ethanol_c28_q2_v1.dat
./opt-test-SCEE/Ethanol_c173_q3.out ./opt-test-SCEE/Ethanol_c173_q3_v1.dat
./opt-test-SCEE/Ethanol_c67_q2.out ./opt-test-SCEE/Ethanol_c67_q2_v1.dat
./opt-test-SCEE/Ethanol_c64_q1.out ./opt-test-SCEE/Ethanol_c64_q1_v1.dat
./opt-test-SCEE/Ethanol_c16_q3.out ./opt-test-SCEE/Ethanol_c16_q3_v1.dat
./opt-test-SCEE/Ethanol_c150_q3.out ./opt-test-SCEE/Ethanol_c150_q3_v1.dat
./opt-test-SCEE/Ethanol_c121_q2.out ./opt-test-SCEE/Ethanol_c121_q2_v1.dat
./opt-test-SCEE/Ethanol_c52_q2.out ./opt-test-SCEE/Ethanol_c52_q2_v1.dat
./opt-test-SCEE/Ethanol_c11_q2.out ./opt-test-SCEE/Ethanol_c11_q2_v1.dat
./opt-test-SCEE/Ethanol_c113_q2.out ./opt-test-SCEE/Ethanol_c113_q2_v1.dat
./opt-test-SCEE/Ethanol_c79_q1.out ./opt-test-SCEE/Ethanol_c79_q1_v1.dat
./opt-test-SCEE/Ethanol_c104_q2.out ./opt-test-SCEE/Ethanol_c104_q2_v1.dat
./opt-test-SCEE/Ethanol_c156_q2.out ./opt-test-SCEE/Ethanol_c156_q2_v1.dat
./opt-test-SCEE/Ethanol_c42_q2.out ./opt-test-SCEE/Ethanol_c42_q2_v1.dat
./opt-test-SCEE/Ethanol_c130_q1.out ./opt-test-SCEE/Ethanol_c130_q1_v1.dat
./opt-test-SCEE/Ethanol_c148_q1.out ./opt-test-SCEE/Ethanol_c148_q1_v1.dat
./opt-test-SCEE/Ethanol_c91_q2.out ./opt-test-SCEE/Ethanol_c91_q2_v1.dat
./opt-test-SCEE/Ethanol_c32_q2.out ./opt-test-SCEE/Ethanol_c32_q2_v1.dat
./opt-test-SCEE/Ethanol_c127_q3.out ./opt-test-SCEE/Ethanol_c127_q3_v1.dat
./opt-test-SCEE/Ethanol_c88_q2.out ./opt-test-SCEE/Ethanol_c88_q2_v1.dat
./opt-test-SCEE/Ethanol_c153_q1.out ./opt-test-SCEE/Ethanol_c153_q1_v1.dat
./opt-test-SCEE/Ethanol_c9_q1.out ./opt-test-SCEE/Ethanol_c9_q1_v1.dat
./opt-test-SCEE/Ethanol_c70_q2.out ./opt-test-SCEE/Ethanol_c70_q2_v1.dat
./opt-test-SCEE/Ethanol_c80_q3.out ./opt-test-SCEE/Ethanol_c80_q3_v1.dat
./opt-test-SCEE/Ethanol_c144_q1.out ./opt-test-SCEE/Ethanol_c144_q1_v1.dat
./opt-test-SCEE/Ethanol_c20_q3.out ./opt-test-SCEE/Ethanol_c20_q3_v1.dat
./opt-test-SCEE/Ethanol_c185_q1.out ./opt-test-SCEE/Ethanol_c185_q1_v1.dat
./opt-test-SCEE/Ethanol_c43_q2.out ./opt-test-SCEE/Ethanol_c43_q2_v1.dat
./opt-test-SCEE/Ethanol_c78_q2.out ./opt-test-SCEE/Ethanol_c78_q2_v1.dat
./opt-test-SCEE/Ethanol_c159_q1.out ./opt-test-SCEE/Ethanol_c159_q1_v1.dat
./opt-test-SCEE/Ethanol_c196_q3.out ./opt-test-SCEE/Ethanol_c196_q3_v1.dat
./opt-test-SCEE/Ethanol_c85_q1.out ./opt-test-SCEE/Ethanol_c85_q1_v1.dat
./opt-test-SCEE/Ethanol_c101_q3.out ./opt-test-SCEE/Ethanol_c101_q3_v1.dat
./opt-test-SCEE/Ethanol_c99_q2.out ./opt-test-SCEE/Ethanol_c99_q2_v1.dat
./opt-test-SCEE/Ethanol_c124_q3.out ./opt-test-SCEE/Ethanol_c124_q3_v1.dat
./opt-test-SCEE/Ethanol_c29_q1.out ./opt-test-SCEE/Ethanol_c29_q1_v1.dat
./opt-test-SCEE/Ethanol_c34_q1.out ./opt-test-SCEE/Ethanol_c34_q1_v1.dat
./opt-test-SCEE/Ethanol_c79_q3.out ./opt-test-SCEE/Ethanol_c79_q3_v1.dat
./opt-test-SCEE/Ethanol_c99_q3.out ./opt-test-SCEE/Ethanol_c99_q3_v1.dat
./opt-test-SCEE/Ethanol_c164_q1.out ./opt-test-SCEE/Ethanol_c164_q1_v1.dat
./opt-test-SCEE/Ethanol_c105_q3.out ./opt-test-SCEE/Ethanol_c105_q3_v1.dat
./opt-test-SCEE/Ethanol_c72_q1.out ./opt-test-SCEE/Ethanol_c72_q1_v1.dat
./opt-test-SCEE/Ethanol_c98_q2.out ./opt-test-SCEE/Ethanol_c98_q2_v1.dat
./opt-test-SCEE/Ethanol_c19_q1.out ./opt-test-SCEE/Ethanol_c19_q1_v1.dat
./opt-test-SCEE/Ethanol_c169_q1.out ./opt-test-SCEE/Ethanol_c169_q1_v1.dat
./opt-test-SCEE/Ethanol_c34_q3.out ./opt-test-SCEE/Ethanol_c34_q3_v1.dat
./opt-test-SCEE/Ethanol_c38_q1.out ./opt-test-SCEE/Ethanol_c38_q1_v1.dat
./opt-test-SCEE/Ethanol_c38_q2.out ./opt-test-SCEE/Ethanol_c38_q2_v1.dat
./opt-test-SCEE/Ethanol_c191_q3.out ./opt-test-SCEE/Ethanol_c191_q3_v1.dat
./opt-test-SCEE/Ethanol_c183_q2.out ./opt-test-SCEE/Ethanol_c183_q2_v1.dat
./opt-test-SCEE/Ethanol_c110_q2.out ./opt-test-SCEE/Ethanol_c110_q2_v1.dat
./opt-test-SCEE/Ethanol_c189_q1.out ./opt-test-SCEE/Ethanol_c189_q1_v1.dat
./opt-test-SCEE/Ethanol_c40_q3.out ./opt-test-SCEE/Ethanol_c40_q3_v1.dat
./opt-test-SCEE/Ethanol_c135_q2.out ./opt-test-SCEE/Ethanol_c135_q2_v1.dat
./opt-test-SCEE/Ethanol_c109_q1.out ./opt-test-SCEE/Ethanol_c109_q1_v1.dat
./opt-test-SCEE/Ethanol_c200_q2.out ./opt-test-SCEE/Ethanol_c200_q2_v1.dat
./opt-test-SCEE/Ethanol_c65_q3.out ./opt-test-SCEE/Ethanol_c65_q3_v1.dat
./opt-test-SCEE/Ethanol_c173_q1.out ./opt-test-SCEE/Ethanol_c173_q1_v1.dat
./opt-test-SCEE/Ethanol_c131_q1.out ./opt-test-SCEE/Ethanol_c131_q1_v1.dat
./opt-test-SCEE/Ethanol_c102_q3.out ./opt-test-SCEE/Ethanol_c102_q3_v1.dat
./opt-test-SCEE/Ethanol_c31_q2.out ./opt-test-SCEE/Ethanol_c31_q2_v1.dat
./opt-test-SCEE/Ethanol_c90_q1.out ./opt-test-SCEE/Ethanol_c90_q1_v1.dat
./opt-test-SCEE/Ethanol_c14_q3.out ./opt-test-SCEE/Ethanol_c14_q3_v1.dat
./opt-test-SCEE/Ethanol_c107_q3.out ./opt-test-SCEE/Ethanol_c107_q3_v1.dat
./opt-test-SCEE/Ethanol_c22_q2.out ./opt-test-SCEE/Ethanol_c22_q2_v1.dat
./opt-test-SCEE/Ethanol_c48_q2.out ./opt-test-SCEE/Ethanol_c48_q2_v1.dat
./opt-test-SCEE/Ethanol_c83_q2.out ./opt-test-SCEE/Ethanol_c83_q2_v1.dat
./opt-test-SCEE/Ethanol_c42_q1.out ./opt-test-SCEE/Ethanol_c42_q1_v1.dat
./opt-test-SCEE/Ethanol_c30_q1.out ./opt-test-SCEE/Ethanol_c30_q1_v1.dat
./opt-test-SCEE/Ethanol_c37_q2.out ./opt-test-SCEE/Ethanol_c37_q2_v1.dat
./opt-test-SCEE/Ethanol_c189_q3.out ./opt-test-SCEE/Ethanol_c189_q3_v1.dat
./opt-test-SCEE/Ethanol_c169_q2.out ./opt-test-SCEE/Ethanol_c169_q2_v1.dat
./opt-test-SCEE/Ethanol_c48_q3.out ./opt-test-SCEE/Ethanol_c48_q3_v1.dat
./opt-test-SCEE/Ethanol_c128_q1.out ./opt-test-SCEE/Ethanol_c128_q1_v1.dat
./opt-test-SCEE/Ethanol_c198_q1.out ./opt-test-SCEE/Ethanol_c198_q1_v1.dat
./opt-test-SCEE/Ethanol_c151_q2.out ./opt-test-SCEE/Ethanol_c151_q2_v1.dat
./opt-test-SCEE/Ethanol_c43_q3.out ./opt-test-SCEE/Ethanol_c43_q3_v1.dat
./opt-test-SCEE/Ethanol_c183_q1.out ./opt-test-SCEE/Ethanol_c183_q1_v1.dat
./opt-test-SCEE/Ethanol_c36_q1.out ./opt-test-SCEE/Ethanol_c36_q1_v1.dat
./opt-test-SCEE/Ethanol_c100_q3.out ./opt-test-SCEE/Ethanol_c100_q3_v1.dat
./opt-test-SCEE/Ethanol_c120_q3.out ./opt-test-SCEE/Ethanol_c120_q3_v1.dat
./opt-test-SCEE/Ethanol_c180_q2.out ./opt-test-SCEE/Ethanol_c180_q2_v1.dat
./opt-test-SCEE/Ethanol_c33_q2.out ./opt-test-SCEE/Ethanol_c33_q2_v1.dat
./opt-test-SCEE/Ethanol_c7_q3.out ./opt-test-SCEE/Ethanol_c7_q3_v1.dat
./opt-test-SCEE/Ethanol_c162_q3.out ./opt-test-SCEE/Ethanol_c162_q3_v1.dat
./opt-test-SCEE/Ethanol_c57_q2.out ./opt-test-SCEE/Ethanol_c57_q2_v1.dat
./opt-test-SCEE/Ethanol_c59_q2.out ./opt-test-SCEE/Ethanol_c59_q2_v1.dat
./opt-test-SCEE/Ethanol_c15_q3.out ./opt-test-SCEE/Ethanol_c15_q3_v1.dat
./opt-test-SCEE/Ethanol_c172_q3.out ./opt-test-SCEE/Ethanol_c172_q3_v1.dat
./opt-test-SCEE/Ethanol_c182_q1.out ./opt-test-SCEE/Ethanol_c182_q1_v1.dat
./opt-test-SCEE/Ethanol_c103_q1.out ./opt-test-SCEE/Ethanol_c103_q1_v1.dat
./opt-test-SCEE/Ethanol_c178_q2.out ./opt-test-SCEE/Ethanol_c178_q2_v1.dat
./opt-test-SCEE/Ethanol_c162_q1.out ./opt-test-SCEE/Ethanol_c162_q1_v1.dat
./opt-test-SCEE/Ethanol_c126_q1.out ./opt-test-SCEE/Ethanol_c126_q1_v1.dat
./opt-test-SCEE/Ethanol_c56_q3.out ./opt-test-SCEE/Ethanol_c56_q3_v1.dat
./opt-test-SCEE/Ethanol_c106_q1.out ./opt-test-SCEE/Ethanol_c106_q1_v1.dat
./opt-test-SCEE/Ethanol_c174_q3.out ./opt-test-SCEE/Ethanol_c174_q3_v1.dat
./opt-test-SCEE/Ethanol_c13_q1.out ./opt-test-SCEE/Ethanol_c13_q1_v1.dat
./opt-test-SCEE/Ethanol_c106_q2.out ./opt-test-SCEE/Ethanol_c106_q2_v1.dat
./opt-test-SCEE/Ethanol_c9_q3.out ./opt-test-SCEE/Ethanol_c9_q3_v1.dat
./opt-test-SCEE/Ethanol_c20_q1.out ./opt-test-SCEE/Ethanol_c20_q1_v1.dat
./opt-test-SCEE/Ethanol_c142_q3.out ./opt-test-SCEE/Ethanol_c142_q3_v1.dat
./opt-test-SCEE/Ethanol_c93_q2.out ./opt-test-SCEE/Ethanol_c93_q2_v1.dat
./opt-test-SCEE/Ethanol_c141_q2.out ./opt-test-SCEE/Ethanol_c141_q2_v1.dat
./opt-test-SCEE/Ethanol_c138_q2.out ./opt-test-SCEE/Ethanol_c138_q2_v1.dat
./opt-test-SCEE/Ethanol_c58_q1.out ./opt-test-SCEE/Ethanol_c58_q1_v1.dat
./opt-test-SCEE/Ethanol_c76_q3.out ./opt-test-SCEE/Ethanol_c76_q3_v1.dat
./opt-test-SCEE/Ethanol_c138_q1.out ./opt-test-SCEE/Ethanol_c138_q1_v1.dat
./opt-test-SCEE/Ethanol_c6_q1.out ./opt-test-SCEE/Ethanol_c6_q1_v1.dat
./opt-test-SCEE/Ethanol_c5_q1.out ./opt-test-SCEE/Ethanol_c5_q1_v1.dat
./opt-test-SCEE/Ethanol_c55_q2.out ./opt-test-SCEE/Ethanol_c55_q2_v1.dat
./opt-test-SCEE/Ethanol_c3_q3.out ./opt-test-SCEE/Ethanol_c3_q3_v1.dat
./opt-test-SCEE/Ethanol_c125_q3.out ./opt-test-SCEE/Ethanol_c125_q3_v1.dat
./opt-test-SCEE/Ethanol_c128_q2.out ./opt-test-SCEE/Ethanol_c128_q2_v1.dat
./opt-test-SCEE/Ethanol_c119_q1.out ./opt-test-SCEE/Ethanol_c119_q1_v1.dat
./opt-test-SCEE/Ethanol_c188_q1.out ./opt-test-SCEE/Ethanol_c188_q1_v1.dat
./opt-test-SCEE/Ethanol_c92_q1.out ./opt-test-SCEE/Ethanol_c92_q1_v1.dat
./opt-test-SCEE/Ethanol_c182_q3.out ./opt-test-SCEE/Ethanol_c182_q3_v1.dat
./opt-test-SCEE/Ethanol_c196_q2.out ./opt-test-SCEE/Ethanol_c196_q2_v1.dat
./opt-test-SCEE/Ethanol_c187_q1.out ./opt-test-SCEE/Ethanol_c187_q1_v1.dat
./opt-test-SCEE/Ethanol_c39_q3.out ./opt-test-SCEE/Ethanol_c39_q3_v1.dat
./opt-test-SCEE/Ethanol_c187_q2.out ./opt-test-SCEE/Ethanol_c187_q2_v1.dat
./opt-test-SCEE/Ethanol_c192_q1.out ./opt-test-SCEE/Ethanol_c192_q1_v1.dat
./opt-test-SCEE/Ethanol_c135_q1.out ./opt-test-SCEE/Ethanol_c135_q1_v1.dat
./opt-test-SCEE/Ethanol_c88_q1.out ./opt-test-SCEE/Ethanol_c88_q1_v1.dat
./opt-test-SCEE/Ethanol_c104_q1.out ./opt-test-SCEE/Ethanol_c104_q1_v1.dat
./opt-test-SCEE/Ethanol_c49_q3.out ./opt-test-SCEE/Ethanol_c49_q3_v1.dat
./opt-test-SCEE/Ethanol_c2_q1.out ./opt-test-SCEE/Ethanol_c2_q1_v1.dat
./opt-test-SCEE/Ethanol_c54_q1.out ./opt-test-SCEE/Ethanol_c54_q1_v1.dat
./opt-test-SCEE/Ethanol_c152_q3.out ./opt-test-SCEE/Ethanol_c152_q3_v1.dat
./opt-test-SCEE/Ethanol_c190_q2.out ./opt-test-SCEE/Ethanol_c190_q2_v1.dat
./opt-test-SCEE/Ethanol_c100_q2.out ./opt-test-SCEE/Ethanol_c100_q2_v1.dat
./opt-test-SCEE/Ethanol_c63_q1.out ./opt-test-SCEE/Ethanol_c63_q1_v1.dat
./opt-test-SCEE/Ethanol_c175_q2.out ./opt-test-SCEE/Ethanol_c175_q2_v1.dat
./opt-test-SCEE/Ethanol_c114_q3.out ./opt-test-SCEE/Ethanol_c114_q3_v1.dat
./opt-test-SCEE/Ethanol_c23_q1.out ./opt-test-SCEE/Ethanol_c23_q1_v1.dat
./opt-test-SCEE/Ethanol_c110_q1.out ./opt-test-SCEE/Ethanol_c110_q1_v1.dat
./opt-test-SCEE/Ethanol_c49_q2.out ./opt-test-SCEE/Ethanol_c49_q2_v1.dat
./opt-test-SCEE/Ethanol_c61_q2.out ./opt-test-SCEE/Ethanol_c61_q2_v1.dat
./opt-test-SCEE/Ethanol_c44_q3.out ./opt-test-SCEE/Ethanol_c44_q3_v1.dat
./opt-test-SCEE/Ethanol_c82_q1.out ./opt-test-SCEE/Ethanol_c82_q1_v1.dat
./opt-test-SCEE/Ethanol_c5_q2.out ./opt-test-SCEE/Ethanol_c5_q2_v1.dat
./opt-test-SCEE/Ethanol_c58_q3.out ./opt-test-SCEE/Ethanol_c58_q3_v1.dat
./opt-test-SCEE/Ethanol_c8_q3.out ./opt-test-SCEE/Ethanol_c8_q3_v1.dat
./opt-test-SCEE/Ethanol_c143_q2.out ./opt-test-SCEE/Ethanol_c143_q2_v1.dat
./opt-test-SCEE/Ethanol_c31_q1.out ./opt-test-SCEE/Ethanol_c31_q1_v1.dat
./opt-test-SCEE/Ethanol_c35_q3.out ./opt-test-SCEE/Ethanol_c35_q3_v1.dat
./opt-test-SCEE/Ethanol_c190_q3.out ./opt-test-SCEE/Ethanol_c190_q3_v1.dat
./opt-test-SCEE/Ethanol_c150_q2.out ./opt-test-SCEE/Ethanol_c150_q2_v1.dat
./opt-test-SCEE/Ethanol_c193_q2.out ./opt-test-SCEE/Ethanol_c193_q2_v1.dat
./opt-test-SCEE/Ethanol_c10_q3.out ./opt-test-SCEE/Ethanol_c10_q3_v1.dat
./opt-test-SCEE/Ethanol_c200_q3.out ./opt-test-SCEE/Ethanol_c200_q3_v1.dat
./opt-test-SCEE/Ethanol_c5_q3.out ./opt-test-SCEE/Ethanol_c5_q3_v1.dat
./opt-test-SCEE/Ethanol_c168_q2.out ./opt-test-SCEE/Ethanol_c168_q2_v1.dat
./opt-test-SCEE/Ethanol_c179_q3.out ./opt-test-SCEE/Ethanol_c179_q3_v1.dat
./opt-test-SCEE/Ethanol_c134_q2.out ./opt-test-SCEE/Ethanol_c134_q2_v1.dat
./opt-test-SCEE/Ethanol_c133_q2.out ./opt-test-SCEE/Ethanol_c133_q2_v1.dat
./opt-test-SCEE/Ethanol_c177_q3.out ./opt-test-SCEE/Ethanol_c177_q3_v1.dat
./opt-test-SCEE/Ethanol_c16_q1.out ./opt-test-SCEE/Ethanol_c16_q1_v1.dat
./opt-test-SCEE/Ethanol_c143_q3.out ./opt-test-SCEE/Ethanol_c143_q3_v1.dat
./opt-test-SCEE/Ethanol_c49_q1.out ./opt-test-SCEE/Ethanol_c49_q1_v1.dat
./opt-test-SCEE/Ethanol_c36_q3.out ./opt-test-SCEE/Ethanol_c36_q3_v1.dat
./opt-test-SCEE/Ethanol_c171_q2.out ./opt-test-SCEE/Ethanol_c171_q2_v1.dat
./opt-test-SCEE/Ethanol_c27_q3.out ./opt-test-SCEE/Ethanol_c27_q3_v1.dat
./opt-test-SCEE/Ethanol_c30_q3.out ./opt-test-SCEE/Ethanol_c30_q3_v1.dat
./opt-test-SCEE/Ethanol_c32_q3.out ./opt-test-SCEE/Ethanol_c32_q3_v1.dat
./opt-test-SCEE/Ethanol_c125_q1.out ./opt-test-SCEE/Ethanol_c125_q1_v1.dat
./opt-test-SCEE/Ethanol_c22_q3.out ./opt-test-SCEE/Ethanol_c22_q3_v1.dat
./opt-test-SCEE/Ethanol_c193_q1.out ./opt-test-SCEE/Ethanol_c193_q1_v1.dat
./opt-test-SCEE/Ethanol_c62_q2.out ./opt-test-SCEE/Ethanol_c62_q2_v1.dat
./opt-test-SCEE/Ethanol_c109_q3.out ./opt-test-SCEE/Ethanol_c109_q3_v1.dat
./opt-test-SCEE/Ethanol_c64_q3.out ./opt-test-SCEE/Ethanol_c64_q3_v1.dat
./opt-test-SCEE/Ethanol_c109_q2.out ./opt-test-SCEE/Ethanol_c109_q2_v1.dat
./opt-test-SCEE/Ethanol_c140_q2.out ./opt-test-SCEE/Ethanol_c140_q2_v1.dat
./opt-test-SCEE/Ethanol_c81_q1.out ./opt-test-SCEE/Ethanol_c81_q1_v1.dat
./opt-test-SCEE/Ethanol_c157_q2.out ./opt-test-SCEE/Ethanol_c157_q2_v1.dat
./opt-test-SCEE/Ethanol_c96_q3.out ./opt-test-SCEE/Ethanol_c96_q3_v1.dat
./opt-test-SCEE/Ethanol_c187_q3.out ./opt-test-SCEE/Ethanol_c187_q3_v1.dat
./opt-test-SCEE/Ethanol_c60_q1.out ./opt-test-SCEE/Ethanol_c60_q1_v1.dat
./opt-test-SCEE/Ethanol_c80_q1.out ./opt-test-SCEE/Ethanol_c80_q1_v1.dat
./opt-test-SCEE/Ethanol_c72_q2.out ./opt-test-SCEE/Ethanol_c72_q2_v1.dat
./opt-test-SCEE/Ethanol_c195_q2.out ./opt-test-SCEE/Ethanol_c195_q2_v1.dat
./opt-test-SCEE/Ethanol_c56_q1.out ./opt-test-SCEE/Ethanol_c56_q1_v1.dat
./opt-test-SCEE/Ethanol_c96_q1.out ./opt-test-SCEE/Ethanol_c96_q1_v1.dat
./opt-test-SCEE/Ethanol_c63_q2.out ./opt-test-SCEE/Ethanol_c63_q2_v1.dat
./opt-test-SCEE/Ethanol_c157_q3.out ./opt-test-SCEE/Ethanol_c157_q3_v1.dat
./opt-test-SCEE/Ethanol_c48_q1.out ./opt-test-SCEE/Ethanol_c48_q1_v1.dat
./opt-test-SCEE/Ethanol_c94_q2.out ./opt-test-SCEE/Ethanol_c94_q2_v1.dat
./opt-test-SCEE/Ethanol_c3_q1.out ./opt-test-SCEE/Ethanol_c3_q1_v1.dat
./opt-test-SCEE/Ethanol_c122_q2.out ./opt-test-SCEE/Ethanol_c122_q2_v1.dat
./opt-test-SCEE/Ethanol_c36_q2.out ./opt-test-SCEE/Ethanol_c36_q2_v1.dat
./opt-test-SCEE/Ethanol_c117_q1.out ./opt-test-SCEE/Ethanol_c117_q1_v1.dat
./opt-test-SCEE/Ethanol_c149_q2.out ./opt-test-SCEE/Ethanol_c149_q2_v1.dat
./opt-test-SCEE/Ethanol_c163_q3.out ./opt-test-SCEE/Ethanol_c163_q3_v1.dat
./opt-test-SCEE/Ethanol_c61_q3.out ./opt-test-SCEE/Ethanol_c61_q3_v1.dat
./opt-test-SCEE/Ethanol_c180_q3.out ./opt-test-SCEE/Ethanol_c180_q3_v1.dat
./opt-test-SCEE/Ethanol_c157_q1.out ./opt-test-SCEE/Ethanol_c157_q1_v1.dat
./opt-test-SCEE/Ethanol_c161_q3.out ./opt-test-SCEE/Ethanol_c161_q3_v1.dat
./opt-test-SCEE/Ethanol_c44_q2.out ./opt-test-SCEE/Ethanol_c44_q2_v1.dat
./opt-test-SCEE/Ethanol_c172_q2.out ./opt-test-SCEE/Ethanol_c172_q2_v1.dat
./opt-test-SCEE/Ethanol_c144_q2.out ./opt-test-SCEE/Ethanol_c144_q2_v1.dat
./opt-test-SCEE/Ethanol_c170_q3.out ./opt-test-SCEE/Ethanol_c170_q3_v1.dat
./opt-test-SCEE/Ethanol_c122_q3.out ./opt-test-SCEE/Ethanol_c122_q3_v1.dat
./opt-test-SCEE/Ethanol_c147_q2.out ./opt-test-SCEE/Ethanol_c147_q2_v1.dat
./opt-test-SCEE/Ethanol_c6_q3.out ./opt-test-SCEE/Ethanol_c6_q3_v1.dat
./opt-test-SCEE/Ethanol_c46_q3.out ./opt-test-SCEE/Ethanol_c46_q3_v1.dat
./opt-test-SCEE/Ethanol_c113_q3.out ./opt-test-SCEE/Ethanol_c113_q3_v1.dat
./opt-test-SCEE/Ethanol_c130_q2.out ./opt-test-SCEE/Ethanol_c130_q2_v1.dat
./opt-test-SCEE/Ethanol_c29_q2.out ./opt-test-SCEE/Ethanol_c29_q2_v1.dat
./opt-test-SCEE/Ethanol_c55_q1.out ./opt-test-SCEE/Ethanol_c55_q1_v1.dat
./opt-test-SCEE/Ethanol_c199_q3.out ./opt-test-SCEE/Ethanol_c199_q3_v1.dat
./opt-test-SCEE/Ethanol_c45_q1.out ./opt-test-SCEE/Ethanol_c45_q1_v1.dat
./opt-test-SCEE/Ethanol_c108_q1.out ./opt-test-SCEE/Ethanol_c108_q1_v1.dat
./opt-test-SCEE/Ethanol_c123_q1.out ./opt-test-SCEE/Ethanol_c123_q1_v1.dat
./opt-test-SCEE/Ethanol_c7_q2.out ./opt-test-SCEE/Ethanol_c7_q2_v1.dat
./opt-test-SCEE/Ethanol_c186_q2.out ./opt-test-SCEE/Ethanol_c186_q2_v1.dat
./opt-test-SCEE/Ethanol_c176_q1.out ./opt-test-SCEE/Ethanol_c176_q1_v1.dat
./opt-test-SCEE/Ethanol_c146_q1.out ./opt-test-SCEE/Ethanol_c146_q1_v1.dat
./opt-test-SCEE/Ethanol_c69_q1.out ./opt-test-SCEE/Ethanol_c69_q1_v1.dat
./opt-test-SCEE/Ethanol_c130_q3.out ./opt-test-SCEE/Ethanol_c130_q3_v1.dat
./opt-test-SCEE/Ethanol_c24_q3.out ./opt-test-SCEE/Ethanol_c24_q3_v1.dat
./opt-test-SCEE/Ethanol_c137_q3.out ./opt-test-SCEE/Ethanol_c137_q3_v1.dat
./opt-test-SCEE/Ethanol_c65_q1.out ./opt-test-SCEE/Ethanol_c65_q1_v1.dat
./opt-test-SCEE/Ethanol_c116_q2.out ./opt-test-SCEE/Ethanol_c116_q2_v1.dat
./opt-test-SCEE/Ethanol_c66_q3.out ./opt-test-SCEE/Ethanol_c66_q3_v1.dat
./opt-test-SCEE/Ethanol_c133_q1.out ./opt-test-SCEE/Ethanol_c133_q1_v1.dat
./opt-test-SCEE/Ethanol_c161_q1.out ./opt-test-SCEE/Ethanol_c161_q1_v1.dat
./opt-test-SCEE/Ethanol_c50_q1.out ./opt-test-SCEE/Ethanol_c50_q1_v1.dat
./opt-test-SCEE/Ethanol_c86_q3.out ./opt-test-SCEE/Ethanol_c86_q3_v1.dat
./opt-test-SCEE/Ethanol_c11_q1.out ./opt-test-SCEE/Ethanol_c11_q1_v1.dat
./opt-test-SCEE/Ethanol_c19_q3.out ./opt-test-SCEE/Ethanol_c19_q3_v1.dat
./opt-test-SCEE/Ethanol_c160_q3.out ./opt-test-SCEE/Ethanol_c160_q3_v1.dat
./opt-test-SCEE/Ethanol_c184_q2.out ./opt-test-SCEE/Ethanol_c184_q2_v1.dat
./opt-test-SCEE/Ethanol_c198_q2.out ./opt-test-SCEE/Ethanol_c198_q2_v1.dat
./opt-test-SCEE/Ethanol_c6_q2.out ./opt-test-SCEE/Ethanol_c6_q2_v1.dat
./opt-test-SCEE/Ethanol_c12_q3.out ./opt-test-SCEE/Ethanol_c12_q3_v1.dat
./opt-test-SCEE/Ethanol_c18_q3.out ./opt-test-SCEE/Ethanol_c18_q3_v1.dat
./opt-test-SCEE/Ethanol_c139_q1.out ./opt-test-SCEE/Ethanol_c139_q1_v1.dat
./opt-test-SCEE/Ethanol_c8_q2.out ./opt-test-SCEE/Ethanol_c8_q2_v1.dat
./opt-test-SCEE/Ethanol_c147_q1.out ./opt-test-SCEE/Ethanol_c147_q1_v1.dat
./opt-test-SCEE/Ethanol_c55_q3.out ./opt-test-SCEE/Ethanol_c55_q3_v1.dat
./opt-test-SCEE/Ethanol_c196_q1.out ./opt-test-SCEE/Ethanol_c196_q1_v1.dat
./opt-test-SCEE/Ethanol_c188_q3.out ./opt-test-SCEE/Ethanol_c188_q3_v1.dat
./opt-test-SCEE/Ethanol_c15_q2.out ./opt-test-SCEE/Ethanol_c15_q2_v1.dat
./opt-test-SCEE/Ethanol_c17_q2.out ./opt-test-SCEE/Ethanol_c17_q2_v1.dat
./opt-test-SCEE/Ethanol_c25_q1.out ./opt-test-SCEE/Ethanol_c25_q1_v1.dat
./opt-test-SCEE/Ethanol_c184_q3.out ./opt-test-SCEE/Ethanol_c184_q3_v1.dat
./opt-test-SCEE/Ethanol_c60_q3.out ./opt-test-SCEE/Ethanol_c60_q3_v1.dat
./opt-test-SCEE/Ethanol_c120_q2.out ./opt-test-SCEE/Ethanol_c120_q2_v1.dat
./opt-test-SCEE/Ethanol_c132_q2.out ./opt-test-SCEE/Ethanol_c132_q2_v1.dat
./opt-test-SCEE/Ethanol_c177_q2.out ./opt-test-SCEE/Ethanol_c177_q2_v1.dat
./opt-test-SCEE/Ethanol_c165_q3.out ./opt-test-SCEE/Ethanol_c165_q3_v1.dat
./opt-test-SCEE/Ethanol_c95_q1.out ./opt-test-SCEE/Ethanol_c95_q1_v1.dat
./opt-test-SCEE/Ethanol_c68_q3.out ./opt-test-SCEE/Ethanol_c68_q3_v1.dat
./opt-test-SCEE/Ethanol_c84_q2.out ./opt-test-SCEE/Ethanol_c84_q2_v1.dat
./opt-test-SCEE/Ethanol_c18_q2.out ./opt-test-SCEE/Ethanol_c18_q2_v1.dat
./opt-test-SCEE/Ethanol_c68_q2.out ./opt-test-SCEE/Ethanol_c68_q2_v1.dat
./opt-test-SCEE/Ethanol_c158_q3.out ./opt-test-SCEE/Ethanol_c158_q3_v1.dat
./opt-test-SCEE/Ethanol_c186_q1.out ./opt-test-SCEE/Ethanol_c186_q1_v1.dat
./opt-test-SCEE/Ethanol_c40_q2.out ./opt-test-SCEE/Ethanol_c40_q2_v1.dat
./opt-test-SCEE/Ethanol_c166_q2.out ./opt-test-SCEE/Ethanol_c166_q2_v1.dat
./opt-test-SCEE/Ethanol_c11_q3.out ./opt-test-SCEE/Ethanol_c11_q3_v1.dat
./opt-test-SCEE/Ethanol_c47_q1.out ./opt-test-SCEE/Ethanol_c47_q1_v1.dat
./opt-test-SCEE/Ethanol_c68_q1.out ./opt-test-SCEE/Ethanol_c68_q1_v1.dat
./opt-test-SCEE/Ethanol_c37_q3.out ./opt-test-SCEE/Ethanol_c37_q3_v1.dat
./opt-test-SCEE/Ethanol_c197_q2.out ./opt-test-SCEE/Ethanol_c197_q2_v1.dat
./opt-test-SCEE/Ethanol_c191_q1.out ./opt-test-SCEE/Ethanol_c191_q1_v1.dat
./opt-test-SCEE/Ethanol_c126_q3.out ./opt-test-SCEE/Ethanol_c126_q3_v1.dat
./opt-test-SCEE/Ethanol_c101_q1.out ./opt-test-SCEE/Ethanol_c101_q1_v1.dat
./opt-test-SCEE/Ethanol_c126_q2.out ./opt-test-SCEE/Ethanol_c126_q2_v1.dat
./opt-test-SCEE/Ethanol_c98_q3.out ./opt-test-SCEE/Ethanol_c98_q3_v1.dat
./opt-test-SCEE/Ethanol_c52_q3.out ./opt-test-SCEE/Ethanol_c52_q3_v1.dat
./opt-test-SCEE/Ethanol_c50_q3.out ./opt-test-SCEE/Ethanol_c50_q3_v1.dat
./opt-test-SCEE/Ethanol_c16_q2.out ./opt-test-SCEE/Ethanol_c16_q2_v1.dat
./opt-test-SCEE/Ethanol_c81_q2.out ./opt-test-SCEE/Ethanol_c81_q2_v1.dat
./opt-test-SCEE/Ethanol_c132_q3.out ./opt-test-SCEE/Ethanol_c132_q3_v1.dat
./opt-test-SCEE/Ethanol_c175_q1.out ./opt-test-SCEE/Ethanol_c175_q1_v1.dat
./opt-test-SCEE/Ethanol_c75_q1.out ./opt-test-SCEE/Ethanol_c75_q1_v1.dat
./opt-test-SCEE/Ethanol_c111_q2.out ./opt-test-SCEE/Ethanol_c111_q2_v1.dat
./opt-test-SCEE/Ethanol_c23_q3.out ./opt-test-SCEE/Ethanol_c23_q3_v1.dat
./opt-test-SCEE/Ethanol_c24_q1.out ./opt-test-SCEE/Ethanol_c24_q1_v1.dat
./opt-test-SCEE/Ethanol_c1_q3.out ./opt-test-SCEE/Ethanol_c1_q3_v1.dat
./opt-test-SCEE/Ethanol_c152_q1.out ./opt-test-SCEE/Ethanol_c152_q1_v1.dat
./opt-test-SCEE/Ethanol_c163_q1.out ./opt-test-SCEE/Ethanol_c163_q1_v1.dat
./opt-test-SCEE/Ethanol_c26_q3.out ./opt-test-SCEE/Ethanol_c26_q3_v1.dat
./opt-test-SCEE/Ethanol_c165_q2.out ./opt-test-SCEE/Ethanol_c165_q2_v1.dat
./opt-test-SCEE/Ethanol_c155_q1.out ./opt-test-SCEE/Ethanol_c155_q1_v1.dat
./opt-test-SCEE/Ethanol_c121_q3.out ./opt-test-SCEE/Ethanol_c121_q3_v1.dat
./opt-test-SCEE/Ethanol_c53_q2.out ./opt-test-SCEE/Ethanol_c53_q2_v1.dat
./opt-test-SCEE/Ethanol_c178_q3.out ./opt-test-SCEE/Ethanol_c178_q3_v1.dat
./opt-test-SCEE/Ethanol_c104_q3.out ./opt-test-SCEE/Ethanol_c104_q3_v1.dat
./opt-test-SCEE/Ethanol_c47_q3.out ./opt-test-SCEE/Ethanol_c47_q3_v1.dat
./opt-test-SCEE/Ethanol_c107_q2.out ./opt-test-SCEE/Ethanol_c107_q2_v1.dat
./opt-test-SCEE/Ethanol_c97_q1.out ./opt-test-SCEE/Ethanol_c97_q1_v1.dat
./opt-test-SCEE/Ethanol_c38_q3.out ./opt-test-SCEE/Ethanol_c38_q3_v1.dat
./opt-test-SCEE/Ethanol_c88_q3.out ./opt-test-SCEE/Ethanol_c88_q3_v1.dat
./opt-test-SCEE/Ethanol_c118_q3.out ./opt-test-SCEE/Ethanol_c118_q3_v1.dat
./opt-test-SCEE/Ethanol_c166_q1.out ./opt-test-SCEE/Ethanol_c166_q1_v1.dat
./opt-test-SCEE/Ethanol_c87_q2.out ./opt-test-SCEE/Ethanol_c87_q2_v1.dat
./opt-test-SCEE/Ethanol_c34_q2.out ./opt-test-SCEE/Ethanol_c34_q2_v1.dat
./opt-test-SCEE/Ethanol_c194_q1.out ./opt-test-SCEE/Ethanol_c194_q1_v1.dat
./opt-test-SCEE/Ethanol_c198_q3.out ./opt-test-SCEE/Ethanol_c198_q3_v1.dat
./opt-test-SCEE/Ethanol_c69_q3.out ./opt-test-SCEE/Ethanol_c69_q3_v1.dat
./opt-test-SCEE/Ethanol_c78_q3.out ./opt-test-SCEE/Ethanol_c78_q3_v1.dat
./opt-test-SCEE/Ethanol_c195_q1.out ./opt-test-SCEE/Ethanol_c195_q1_v1.dat
./opt-test-SCEE/Ethanol_c69_q2.out ./opt-test-SCEE/Ethanol_c69_q2_v1.dat
./opt-test-SCEE/Ethanol_c29_q3.out ./opt-test-SCEE/Ethanol_c29_q3_v1.dat
./opt-test-SCEE/Ethanol_c170_q2.out ./opt-test-SCEE/Ethanol_c170_q2_v1.dat
./opt-test-SCEE/Ethanol_c25_q3.out ./opt-test-SCEE/Ethanol_c25_q3_v1.dat
./opt-test-SCEE/Ethanol_c90_q2.out ./opt-test-SCEE/Ethanol_c90_q2_v1.dat
./opt-test-SCEE/Ethanol_c71_q1.out ./opt-test-SCEE/Ethanol_c71_q1_v1.dat
./opt-test-SCEE/Ethanol_c127_q2.out ./opt-test-SCEE/Ethanol_c127_q2_v1.dat
./opt-test-SCEE/Ethanol_c53_q3.out ./opt-test-SCEE/Ethanol_c53_q3_v1.dat
./opt-test-SCEE/Ethanol_c139_q2.out ./opt-test-SCEE/Ethanol_c139_q2_v1.dat
./opt-test-SCEE/Ethanol_c67_q3.out ./opt-test-SCEE/Ethanol_c67_q3_v1.dat
./opt-test-SCEE/Ethanol_c77_q3.out ./opt-test-SCEE/Ethanol_c77_q3_v1.dat
./opt-test-SCEE/Ethanol_c149_q1.out ./opt-test-SCEE/Ethanol_c149_q1_v1.dat
./opt-test-SCEE/Ethanol_c51_q1.out ./opt-test-SCEE/Ethanol_c51_q1_v1.dat
./opt-test-SCEE/Ethanol_c71_q2.out ./opt-test-SCEE/Ethanol_c71_q2_v1.dat
./opt-test-SCEE/Ethanol_c93_q3.out ./opt-test-SCEE/Ethanol_c93_q3_v1.dat
./opt-test-SCEE/Ethanol_c95_q3.out ./opt-test-SCEE/Ethanol_c95_q3_v1.dat
./opt-test-SCEE/Ethanol_c82_q2.out ./opt-test-SCEE/Ethanol_c82_q2_v1.dat
./opt-test-SCEE/Ethanol_c145_q1.out ./opt-test-SCEE/Ethanol_c145_q1_v1.dat
./opt-test-SCEE/Ethanol_c84_q3.out ./opt-test-SCEE/Ethanol_c84_q3_v1.dat
./opt-test-SCEE/Ethanol_c114_q1.out ./opt-test-SCEE/Ethanol_c114_q1_v1.dat
./opt-test-SCEE/Ethanol_c105_q2.out ./opt-test-SCEE/Ethanol_c105_q2_v1.dat
./opt-test-SCEE/Ethanol_c144_q3.out ./opt-test-SCEE/Ethanol_c144_q3_v1.dat
./opt-test-SCEE/Ethanol_c159_q2.out ./opt-test-SCEE/Ethanol_c159_q2_v1.dat
./opt-test-SCEE/Ethanol_c74_q1.out ./opt-test-SCEE/Ethanol_c74_q1_v1.dat
./opt-test-SCEE/Ethanol_c17_q3.out ./opt-test-SCEE/Ethanol_c17_q3_v1.dat
./opt-test-SCEE/Ethanol_c31_q3.out ./opt-test-SCEE/Ethanol_c31_q3_v1.dat
./opt-test-SCEE/Ethanol_c135_q3.out ./opt-test-SCEE/Ethanol_c135_q3_v1.dat
./opt-test-SCEE/Ethanol_c33_q1.out ./opt-test-SCEE/Ethanol_c33_q1_v1.dat
./opt-test-SCEE/Ethanol_c26_q2.out ./opt-test-SCEE/Ethanol_c26_q2_v1.dat
./opt-test-SCEE/Ethanol_c172_q1.out ./opt-test-SCEE/Ethanol_c172_q1_v1.dat
./opt-test-SCEE/Ethanol_c98_q1.out ./opt-test-SCEE/Ethanol_c98_q1_v1.dat
./opt-test-SCEE/Ethanol_c146_q3.out ./opt-test-SCEE/Ethanol_c146_q3_v1.dat
./opt-test-SCEE/Ethanol_c161_q2.out ./opt-test-SCEE/Ethanol_c161_q2_v1.dat
./opt-test-SCEE/Ethanol_c143_q1.out ./opt-test-SCEE/Ethanol_c143_q1_v1.dat
./opt-test-SCEE/Ethanol_c177_q1.out ./opt-test-SCEE/Ethanol_c177_q1_v1.dat
./opt-test-SCEE/Ethanol_c72_q3.out ./opt-test-SCEE/Ethanol_c72_q3_v1.dat
./opt-test-SCEE/Ethanol_c15_q1.out ./opt-test-SCEE/Ethanol_c15_q1_v1.dat
./opt-test-SCEE/Ethanol_c10_q2.out ./opt-test-SCEE/Ethanol_c10_q2_v1.dat
./opt-test-SCEE/Ethanol_c21_q1.out ./opt-test-SCEE/Ethanol_c21_q1_v1.dat
./opt-test-SCEE/Ethanol_c40_q1.out ./opt-test-SCEE/Ethanol_c40_q1_v1.dat
./opt-test-SCEE/Ethanol_c117_q3.out ./opt-test-SCEE/Ethanol_c117_q3_v1.dat
./opt-test-SCEE/Ethanol_c20_q2.out ./opt-test-SCEE/Ethanol_c20_q2_v1.dat
./opt-test-SCEE/Ethanol_c119_q2.out ./opt-test-SCEE/Ethanol_c119_q2_v1.dat
./opt-test-SCEE/Ethanol_c2_q2.out ./opt-test-SCEE/Ethanol_c2_q2_v1.dat
./opt-test-SCEE/Ethanol_c28_q3.out ./opt-test-SCEE/Ethanol_c28_q3_v1.dat
./opt-test-SCEE/Ethanol_c51_q3.out ./opt-test-SCEE/Ethanol_c51_q3_v1.dat
./opt-test-SCEE/Ethanol_c121_q1.out ./opt-test-SCEE/Ethanol_c121_q1_v1.dat
./opt-test-SCEE/Ethanol_c13_q2.out ./opt-test-SCEE/Ethanol_c13_q2_v1.dat
./opt-test-SCEE/Ethanol_c108_q2.out ./opt-test-SCEE/Ethanol_c108_q2_v1.dat
./opt-test-SCEE/Ethanol_c199_q2.out ./opt-test-SCEE/Ethanol_c199_q2_v1.dat
./opt-test-SCEE/Ethanol_c141_q3.out ./opt-test-SCEE/Ethanol_c141_q3_v1.dat
./opt-test-SCEE/Ethanol_c149_q3.out ./opt-test-SCEE/Ethanol_c149_q3_v1.dat
./opt-test-SCEE/Ethanol_c76_q1.out ./opt-test-SCEE/Ethanol_c76_q1_v1.dat
./opt-test-SCEE/Ethanol_c160_q2.out ./opt-test-SCEE/Ethanol_c160_q2_v1.dat
./opt-test-SCEE/Ethanol_c165_q1.out ./opt-test-SCEE/Ethanol_c165_q1_v1.dat
./opt-test-SCEE/Ethanol_c137_q1.out ./opt-test-SCEE/Ethanol_c137_q1_v1.dat
./opt-test-SCEE/Ethanol_c168_q3.out ./opt-test-SCEE/Ethanol_c168_q3_v1.dat
./opt-test-SCEE/Ethanol_c176_q3.out ./opt-test-SCEE/Ethanol_c176_q3_v1.dat
./opt-test-SCEE/Ethanol_c62_q3.out ./opt-test-SCEE/Ethanol_c62_q3_v1.dat
./opt-test-SCEE/Ethanol_c85_q3.out ./opt-test-SCEE/Ethanol_c85_q3_v1.dat
./opt-test-SCEE/Ethanol_c84_q1.out ./opt-test-SCEE/Ethanol_c84_q1_v1.dat
./opt-test-SCEE/Ethanol_c51_q2.out ./opt-test-SCEE/Ethanol_c51_q2_v1.dat
./opt-test-SCEE/Ethanol_c102_q2.out ./opt-test-SCEE/Ethanol_c102_q2_v1.dat
./opt-test-SCEE/Ethanol_c64_q2.out ./opt-test-SCEE/Ethanol_c64_q2_v1.dat
./opt-test-SCEE/Ethanol_c197_q1.out ./opt-test-SCEE/Ethanol_c197_q1_v1.dat
./opt-test-SCEE/Ethanol_c106_q3.out ./opt-test-SCEE/Ethanol_c106_q3_v1.dat
./opt-test-SCEE/Ethanol_c99_q1.out ./opt-test-SCEE/Ethanol_c99_q1_v1.dat
./opt-test-SCEE/Ethanol_c83_q1.out ./opt-test-SCEE/Ethanol_c83_q1_v1.dat
./opt-test-SCEE/Ethanol_c32_q1.out ./opt-test-SCEE/Ethanol_c32_q1_v1.dat
./opt-test-SCEE/Ethanol_c94_q1.out ./opt-test-SCEE/Ethanol_c94_q1_v1.dat
./opt-test-SCEE/Ethanol_c200_q1.out ./opt-test-SCEE/Ethanol_c200_q1_v1.dat
./opt-test-SCEE/Ethanol_c86_q2.out ./opt-test-SCEE/Ethanol_c86_q2_v1.dat
./opt-test-SCEE/Ethanol_c4_q3.out ./opt-test-SCEE/Ethanol_c4_q3_v1.dat
./opt-test-SCEE/Ethanol_c153_q2.out ./opt-test-SCEE/Ethanol_c153_q2_v1.dat
./opt-test-SCEE/Ethanol_c93_q1.out ./opt-test-SCEE/Ethanol_c93_q1_v1.dat
./opt-test-SCEE/Ethanol_c185_q3.out ./opt-test-SCEE/Ethanol_c185_q3_v1.dat
./opt-test-SCEE/Ethanol_c194_q3.out ./opt-test-SCEE/Ethanol_c194_q3_v1.dat
./opt-test-SCEE/Ethanol_c139_q3.out ./opt-test-SCEE/Ethanol_c139_q3_v1.dat
./opt-test-SCEE/Ethanol_c81_q3.out ./opt-test-SCEE/Ethanol_c81_q3_v1.dat
./opt-test-SCEE/Ethanol_c141_q1.out ./opt-test-SCEE/Ethanol_c141_q1_v1.dat
./opt-test-SCEE/Ethanol_c120_q1.out ./opt-test-SCEE/Ethanol_c120_q1_v1.dat
./opt-test-SCEE/Ethanol_c131_q2.out ./opt-test-SCEE/Ethanol_c131_q2_v1.dat
./opt-test-SCEE/Ethanol_c191_q2.out ./opt-test-SCEE/Ethanol_c191_q2_v1.dat
./opt-test-SCEE/Ethanol_c4_q2.out ./opt-test-SCEE/Ethanol_c4_q2_v1.dat
./opt-test-SCEE/Ethanol_c102_q1.out ./opt-test-SCEE/Ethanol_c102_q1_v1.dat
./opt-test-SCEE/Ethanol_c41_q2.out ./opt-test-SCEE/Ethanol_c41_q2_v1.dat
./opt-test-SCEE/Ethanol_c116_q1.out ./opt-test-SCEE/Ethanol_c116_q1_v1.dat
./opt-test-SCEE/Ethanol_c152_q2.out ./opt-test-SCEE/Ethanol_c152_q2_v1.dat
./opt-test-SCEE/Ethanol_c67_q1.out ./opt-test-SCEE/Ethanol_c67_q1_v1.dat
./opt-test-SCEE/Ethanol_c87_q1.out ./opt-test-SCEE/Ethanol_c87_q1_v1.dat
./opt-test-SCEE/Ethanol_c4_q1.out ./opt-test-SCEE/Ethanol_c4_q1_v1.dat
./opt-test-SCEE/Ethanol_c12_q2.out ./opt-test-SCEE/Ethanol_c12_q2_v1.dat
./opt-test-SCEE/Ethanol_c153_q3.out ./opt-test-SCEE/Ethanol_c153_q3_v1.dat
./opt-test-SCEE/Ethanol_c163_q2.out ./opt-test-SCEE/Ethanol_c163_q2_v1.dat
./opt-test-SCEE/Ethanol_c42_q3.out ./opt-test-SCEE/Ethanol_c42_q3_v1.dat
./opt-test-SCEE/Ethanol_c21_q2.out ./opt-test-SCEE/Ethanol_c21_q2_v1.dat
./opt-test-SCEE/Ethanol_c37_q1.out ./opt-test-SCEE/Ethanol_c37_q1_v1.dat
./opt-test-SCEE/Ethanol_c54_q3.out ./opt-test-SCEE/Ethanol_c54_q3_v1.dat
./opt-test-SCEE/Ethanol_c185_q2.out ./opt-test-SCEE/Ethanol_c185_q2_v1.dat
./opt-test-SCEE/Ethanol_c103_q3.out ./opt-test-SCEE/Ethanol_c103_q3_v1.dat
./opt-test-SCEE/Ethanol_c155_q3.out ./opt-test-SCEE/Ethanol_c155_q3_v1.dat
./opt-test-SCEE/Ethanol_c92_q3.out ./opt-test-SCEE/Ethanol_c92_q3_v1.dat
./opt-test-SCEE/Ethanol_c129_q1.out ./opt-test-SCEE/Ethanol_c129_q1_v1.dat
./opt-test-SCEE/Ethanol_c192_q2.out ./opt-test-SCEE/Ethanol_c192_q2_v1.dat
./opt-test-SCEE/Ethanol_c156_q1.out ./opt-test-SCEE/Ethanol_c156_q1_v1.dat
./opt-test-SCEE/Ethanol_c76_q2.out ./opt-test-SCEE/Ethanol_c76_q2_v1.dat
./opt-test-SCEE/Ethanol_c111_q3.out ./opt-test-SCEE/Ethanol_c111_q3_v1.dat
./opt-test-SCEE/Ethanol_c155_q2.out ./opt-test-SCEE/Ethanol_c155_q2_v1.dat
./opt-test-SCEE/Ethanol_c44_q1.out ./opt-test-SCEE/Ethanol_c44_q1_v1.dat
./opt-test-SCEE/Ethanol_c80_q2.out ./opt-test-SCEE/Ethanol_c80_q2_v1.dat
./opt-test-SCEE/Ethanol_c53_q1.out ./opt-test-SCEE/Ethanol_c53_q1_v1.dat
./opt-test-SCEE/Ethanol_c151_q1.out ./opt-test-SCEE/Ethanol_c151_q1_v1.dat
./opt-test-SCEE/Ethanol_c167_q2.out ./opt-test-SCEE/Ethanol_c167_q2_v1.dat
./opt-test-SCEE/Ethanol_c199_q1.out ./opt-test-SCEE/Ethanol_c199_q1_v1.dat
./opt-test-SCEE/Ethanol_c115_q2.out ./opt-test-SCEE/Ethanol_c115_q2_v1.dat
./opt-test-SCEE/Ethanol_c111_q1.out ./opt-test-SCEE/Ethanol_c111_q1_v1.dat
./opt-test-SCEE/Ethanol_c197_q3.out ./opt-test-SCEE/Ethanol_c197_q3_v1.dat
./opt-test-SCEE/Ethanol_c25_q2.out ./opt-test-SCEE/Ethanol_c25_q2_v1.dat
./opt-test-SCEE/Ethanol_c77_q1.out ./opt-test-SCEE/Ethanol_c77_q1_v1.dat
./opt-test-SCEE/Ethanol_c63_q3.out ./opt-test-SCEE/Ethanol_c63_q3_v1.dat
./opt-test-SCEE/Ethanol_c57_q3.out ./opt-test-SCEE/Ethanol_c57_q3_v1.dat
./opt-test-SCEE/Ethanol_c137_q2.out ./opt-test-SCEE/Ethanol_c137_q2_v1.dat
./opt-test-SCEE/Ethanol_c127_q1.out ./opt-test-SCEE/Ethanol_c127_q1_v1.dat
./opt-test-SCEE/Ethanol_c79_q2.out ./opt-test-SCEE/Ethanol_c79_q2_v1.dat
./opt-test-SCEE/Ethanol_c83_q3.out ./opt-test-SCEE/Ethanol_c83_q3_v1.dat
./opt-test-SCEE/Ethanol_c168_q1.out ./opt-test-SCEE/Ethanol_c168_q1_v1.dat
./opt-test-SCEE/Ethanol_c2_q3.out ./opt-test-SCEE/Ethanol_c2_q3_v1.dat
./opt-test-SCEE/Ethanol_c112_q2.out ./opt-test-SCEE/Ethanol_c112_q2_v1.dat
./opt-test-SCEE/Ethanol_c179_q1.out ./opt-test-SCEE/Ethanol_c179_q1_v1.dat
./opt-test-SCEE/Ethanol_c7_q1.out ./opt-test-SCEE/Ethanol_c7_q1_v1.dat
./opt-test-SCEE/Ethanol_c134_q1.out ./opt-test-SCEE/Ethanol_c134_q1_v1.dat
./opt-test-SCEE/Ethanol_c33_q3.out ./opt-test-SCEE/Ethanol_c33_q3_v1.dat
./opt-test-SCEE/Ethanol_c89_q2.out ./opt-test-SCEE/Ethanol_c89_q2_v1.dat
./opt-test-SCEE/Ethanol_c17_q1.out ./opt-test-SCEE/Ethanol_c17_q1_v1.dat
./opt-test-SCEE/Ethanol_c181_q3.out ./opt-test-SCEE/Ethanol_c181_q3_v1.dat
./opt-test-SCEE/Ethanol_c14_q2.out ./opt-test-SCEE/Ethanol_c14_q2_v1.dat
./opt-test-SCEE/Ethanol_c145_q2.out ./opt-test-SCEE/Ethanol_c145_q2_v1.dat
./opt-test-SCEE/Ethanol_c58_q2.out ./opt-test-SCEE/Ethanol_c58_q2_v1.dat
./opt-test-SCEE/Ethanol_c103_q2.out ./opt-test-SCEE/Ethanol_c103_q2_v1.dat
./opt-test-SCEE/Ethanol_c151_q3.out ./opt-test-SCEE/Ethanol_c151_q3_v1.dat
./opt-test-SCEE/Ethanol_c164_q3.out ./opt-test-SCEE/Ethanol_c164_q3_v1.dat
./opt-test-SCEE/Ethanol_c150_q1.out ./opt-test-SCEE/Ethanol_c150_q1_v1.dat
./opt-test-SCEE/Ethanol_c27_q1.out ./opt-test-SCEE/Ethanol_c27_q1_v1.dat
./opt-test-SCEE/Ethanol_c118_q2.out ./opt-test-SCEE/Ethanol_c118_q2_v1.dat
./opt-test-SCEE/Ethanol_c39_q2.out ./opt-test-SCEE/Ethanol_c39_q2_v1.dat
./opt-test-SCEE/Ethanol_c122_q1.out ./opt-test-SCEE/Ethanol_c122_q1_v1.dat
./opt-test-SCEE/Ethanol_c181_q2.out ./opt-test-SCEE/Ethanol_c181_q2_v1.dat
./opt-test-SCEE/Ethanol_c26_q1.out ./opt-test-SCEE/Ethanol_c26_q1_v1.dat
./opt-test-SCEE/Ethanol_c13_q3.out ./opt-test-SCEE/Ethanol_c13_q3_v1.dat
./opt-test-SCEE/Ethanol_c18_q1.out ./opt-test-SCEE/Ethanol_c18_q1_v1.dat
./opt-test-SCEE/Ethanol_c146_q2.out ./opt-test-SCEE/Ethanol_c146_q2_v1.dat
./opt-test-SCEE/Ethanol_c123_q3.out ./opt-test-SCEE/Ethanol_c123_q3_v1.dat
./opt-test-SCEE/Ethanol_c45_q3.out ./opt-test-SCEE/Ethanol_c45_q3_v1.dat
./opt-test-SCEE/Ethanol_c133_q3.out ./opt-test-SCEE/Ethanol_c133_q3_v1.dat
./opt-test-SCEE/Ethanol_c142_q1.out ./opt-test-SCEE/Ethanol_c142_q1_v1.dat
./opt-test-SCEE/Ethanol_c131_q3.out ./opt-test-SCEE/Ethanol_c131_q3_v1.dat
./opt-test-SCEE/Ethanol_c75_q2.out ./opt-test-SCEE/Ethanol_c75_q2_v1.dat
./opt-test-SCEE/Ethanol_c174_q1.out ./opt-test-SCEE/Ethanol_c174_q1_v1.dat
./opt-test-SCEE/Ethanol_c105_q1.out ./opt-test-SCEE/Ethanol_c105_q1_v1.dat
./opt-test-SCEE/Ethanol_c1_q1.out ./opt-test-SCEE/Ethanol_c1_q1_v1.dat
./opt-test-SCEE/Ethanol_c85_q2.out ./opt-test-SCEE/Ethanol_c85_q2_v1.dat
./opt-test-SCEE/Ethanol_c46_q1.out ./opt-test-SCEE/Ethanol_c46_q1_v1.dat
./opt-test-SCEE/Ethanol_c132_q1.out ./opt-test-SCEE/Ethanol_c132_q1_v1.dat
./opt-test-SCEE/Ethanol_c112_q3.out ./opt-test-SCEE/Ethanol_c112_q3_v1.dat
./opt-test-SCEE/Ethanol_c182_q2.out ./opt-test-SCEE/Ethanol_c182_q2_v1.dat
./opt-test-SCEE/Ethanol_c91_q1.out ./opt-test-SCEE/Ethanol_c91_q1_v1.dat
./opt-test-SCEE/Ethanol_c9_q2.out ./opt-test-SCEE/Ethanol_c9_q2_v1.dat
./opt-test-SCEE/Ethanol_c21_q3.out ./opt-test-SCEE/Ethanol_c21_q3_v1.dat
./opt-test-SCEE/Ethanol_c35_q2.out ./opt-test-SCEE/Ethanol_c35_q2_v1.dat
./opt-test-SCEE/Ethanol_c136_q1.out ./opt-test-SCEE/Ethanol_c136_q1_v1.dat
./opt-test-SCEE/Ethanol_c118_q1.out ./opt-test-SCEE/Ethanol_c118_q1_v1.dat
./opt-test-SCEE/Ethanol_c70_q1.out ./opt-test-SCEE/Ethanol_c70_q1_v1.dat
./opt-test-SCEE/Ethanol_c173_q2.out ./opt-test-SCEE/Ethanol_c173_q2_v1.dat
./opt-test-SCEE/Ethanol_c87_q3.out ./opt-test-SCEE/Ethanol_c87_q3_v1.dat
./opt-test-SCEE/Ethanol_c89_q3.out ./opt-test-SCEE/Ethanol_c89_q3_v1.dat
./opt-test-SCEE/Ethanol_c158_q1.out ./opt-test-SCEE/Ethanol_c158_q1_v1.dat
./opt-test-SCEE/Ethanol_c140_q1.out ./opt-test-SCEE/Ethanol_c140_q1_v1.dat
./opt-test-SCEE/Ethanol_c90_q3.out ./opt-test-SCEE/Ethanol_c90_q3_v1.dat
./opt-test-SCEE/Ethanol_c43_q1.out ./opt-test-SCEE/Ethanol_c43_q1_v1.dat
./opt-test-SCEE/Ethanol_c169_q3.out ./opt-test-SCEE/Ethanol_c169_q3_v1.dat
./opt-test-SCEE/Ethanol_c154_q1.out ./opt-test-SCEE/Ethanol_c154_q1_v1.dat
./opt-test-SCEE/Ethanol_c27_q2.out ./opt-test-SCEE/Ethanol_c27_q2_v1.dat
./opt-test-SCEE/Ethanol_c175_q3.out ./opt-test-SCEE/Ethanol_c175_q3_v1.dat
./opt-test-SCEE/Ethanol_c22_q1.out ./opt-test-SCEE/Ethanol_c22_q1_v1.dat
./opt-test-SCEE/Ethanol_c108_q3.out ./opt-test-SCEE/Ethanol_c108_q3_v1.dat
./opt-test-SCEE/Ethanol_c59_q3.out ./opt-test-SCEE/Ethanol_c59_q3_v1.dat
./opt-test-SCEE/Ethanol_c194_q2.out ./opt-test-SCEE/Ethanol_c194_q2_v1.dat
./opt-test-SCEE/Ethanol_c154_q3.out ./opt-test-SCEE/Ethanol_c154_q3_v1.dat
./opt-test-SCEE/Ethanol_c119_q3.out ./opt-test-SCEE/Ethanol_c119_q3_v1.dat
./opt-test-SCEE/Ethanol_c57_q1.out ./opt-test-SCEE/Ethanol_c57_q1_v1.dat
./opt-test-SCEE/Ethanol_c125_q2.out ./opt-test-SCEE/Ethanol_c125_q2_v1.dat
./opt-test-SCEE/Ethanol_c73_q2.out ./opt-test-SCEE/Ethanol_c73_q2_v1.dat
./opt-test-SCEE/Ethanol_c12_q1.out ./opt-test-SCEE/Ethanol_c12_q1_v1.dat
./opt-test-SCEE/Ethanol_c116_q3.out ./opt-test-SCEE/Ethanol_c116_q3_v1.dat
./opt-test-SCEE/Ethanol_c66_q1.out ./opt-test-SCEE/Ethanol_c66_q1_v1.dat
./opt-test-SCEE/Ethanol_c82_q3.out ./opt-test-SCEE/Ethanol_c82_q3_v1.dat
./opt-test-SCEE/Ethanol_c56_q2.out ./opt-test-SCEE/Ethanol_c56_q2_v1.dat
./opt-test-SCEE/Ethanol_c101_q2.out ./opt-test-SCEE/Ethanol_c101_q2_v1.dat
./opt-test-SCEE/Ethanol_c3_q2.out ./opt-test-SCEE/Ethanol_c3_q2_v1.dat
./opt-test-SCEE/Ethanol_c28_q1.out ./opt-test-SCEE/Ethanol_c28_q1_v1.dat
./opt-test-SCEE/Ethanol_c115_q1.out ./opt-test-SCEE/Ethanol_c115_q1_v1.dat
./opt-test-SCEE/Ethanol_c158_q2.out ./opt-test-SCEE/Ethanol_c158_q2_v1.dat
./opt-test-SCEE/Ethanol_c186_q3.out ./opt-test-SCEE/Ethanol_c186_q3_v1.dat
./opt-test-SCEE/Ethanol_c46_q2.out ./opt-test-SCEE/Ethanol_c46_q2_v1.dat
./opt-test-SCEE/Ethanol_c74_q2.out ./opt-test-SCEE/Ethanol_c74_q2_v1.dat
./opt-test-SCEE/Ethanol_c74_q3.out ./opt-test-SCEE/Ethanol_c74_q3_v1.dat
./opt-test-SCEE/Ethanol_c60_q2.out ./opt-test-SCEE/Ethanol_c60_q2_v1.datPreparing Ethanol_c100_q1_v1.dat -> Ethanol_c100_q1_v1.out on /home/zoe/Research/Gaussian/scratch
Preparing Ethanol_c100_q2_v1.dat -> Ethanol_c100_q2_v1.out on /home/zoe/Research/Gaussian/scratch
Preparing Ethanol_c100_q3_v1.dat -> Ethanol_c100_q3_v1.out on /home/zoe/Research/Gaussian/scratch
Preparing Ethanol_c101_q1_v1.dat -> Ethanol_c101_q1_v1.out on /home/zoe/Research/Gaussian/scratch
Preparing Ethanol_c101_q2_v1.dat -> Ethanol_c101_q2_v1.out on /home/zoe/Research/Gaussian/scratch
Preparing Ethanol_c101_q3_v1.dat -> Ethanol_c101_q3_v1.out on /home/zoe/Research/Gaussian/scratch
Preparing Ethanol_c102_q1_v1.dat -> Ethanol_c102_q1_v1.out on /home/zoe/Research/Gaussian/scratch
Preparing Ethanol_c102_q2_v1.dat -> Ethanol_c102_q2_v1.out on /home/zoe/Research/Gaussian/scratch
Preparing Ethanol_c102_q3_v1.dat -> Ethanol_c102_q3_v1.out on /home/zoe/Research/Gaussian/scratch
Preparing Ethanol_c103_q1_v1.dat -> Ethanol_c103_q1_v1.out on /home/zoe/Research/Gaussian/scratch
Preparing Ethanol_c103_q2_v1.dat -> Ethanol_c103_q2_v1.out on /home/zoe/Research/Gaussian/scratch
Preparing Ethanol_c103_q3_v1.dat -> Ethanol_c103_q3_v1.out on /home/zoe/Research/Gaussian/scratch
Preparing Ethanol_c104_q1_v1.dat -> Ethanol_c104_q1_v1.out on /home/zoe/Research/Gaussian/scratch
Preparing Ethanol_c104_q2_v1.dat -> Ethanol_c104_q2_v1.out on /home/zoe/Research/Gaussian/scratch
Preparing Ethanol_c104_q3_v1.dat -> Ethanol_c104_q3_v1.out on /home/zoe/Research/Gaussian/scratch
Preparing Ethanol_c105_q1_v1.dat -> Ethanol_c105_q1_v1.out on /home/zoe/Research/Gaussian/scratch
Preparing Ethanol_c105_q2_v1.dat -> Ethanol_c105_q2_v1.out on /home/zoe/Research/Gaussian/scratch
Preparing Ethanol_c105_q3_v1.dat -> Ethanol_c105_q3_v1.out on /home/zoe/Research/Gaussian/scratch
Preparing Ethanol_c106_q1_v1.dat -> Ethanol_c106_q1_v1.out on /home/zoe/Research/Gaussian/scratch
Preparing Ethanol_c106_q2_v1.dat -> Ethanol_c106_q2_v1.out on /home/zoe/Research/Gaussian/scratch
Preparing Ethanol_c106_q3_v1.dat -> Ethanol_c106_q3_v1.out on /home/zoe/Research/Gaussian/scratch
Preparing Ethanol_c107_q1_v1.dat -> Ethanol_c107_q1_v1.out on /home/zoe/Research/Gaussian/scratch
Preparing Ethanol_c107_q2_v1.dat -> Ethanol_c107_q2_v1.out on /home/zoe/Research/Gaussian/scratch
Preparing Ethanol_c107_q3_v1.dat -> Ethanol_c107_q3_v1.out on /home/zoe/Research/Gaussian/scratch
Preparing Ethanol_c108_q1_v1.dat -> Ethanol_c108_q1_v1.out on /home/zoe/Research/Gaussian/scratch
Preparing Ethanol_c108_q2_v1.dat -> Ethanol_c108_q2_v1.out on /home/zoe/Research/Gaussian/scratch
Preparing Ethanol_c108_q3_v1.dat -> Ethanol_c108_q3_v1.out on /home/zoe/Research/Gaussian/scratch
Preparing Ethanol_c109_q1_v1.dat -> Ethanol_c109_q1_v1.out on /home/zoe/Research/Gaussian/scratch
Preparing Ethanol_c109_q2_v1.dat -> Ethanol_c109_q2_v1.out on /home/zoe/Research/Gaussian/scratch
Preparing Ethanol_c109_q3_v1.dat -> Ethanol_c109_q3_v1.out on /home/zoe/Research/Gaussian/scratch
Preparing Ethanol_c10_q1_v1.dat -> Ethanol_c10_q1_v1.out on /home/zoe/Research/Gaussian/scratch
Preparing Ethanol_c10_q2_v1.dat -> Ethanol_c10_q2_v1.out on /home/zoe/Research/Gaussian/scratch
Preparing Ethanol_c10_q3_v1.dat -> Ethanol_c10_q3_v1.out on /home/zoe/Research/Gaussian/scratch
Preparing Ethanol_c110_q1_v1.dat -> Ethanol_c110_q1_v1.out on /home/zoe/Research/Gaussian/scratch
Preparing Ethanol_c110_q2_v1.dat -> Ethanol_c110_q2_v1.out on /home/zoe/Research/Gaussian/scratch
Preparing Ethanol_c110_q3_v1.dat -> Ethanol_c110_q3_v1.out on /home/zoe/Research/Gaussian/scratch
Preparing Ethanol_c111_q1_v1.dat -> Ethanol_c111_q1_v1.out on /home/zoe/Research/Gaussian/scratch
Preparing Ethanol_c111_q2_v1.dat -> Ethanol_c111_q2_v1.out on /home/zoe/Research/Gaussian/scratch
Preparing Ethanol_c111_q3_v1.dat -> Ethanol_c111_q3_v1.out on /home/zoe/Research/Gaussian/scratch
Preparing Ethanol_c112_q1_v1.dat -> Ethanol_c112_q1_v1.out on /home/zoe/Research/Gaussian/scratch
Preparing Ethanol_c112_q2_v1.dat -> Ethanol_c112_q2_v1.out on /home/zoe/Research/Gaussian/scratch
Preparing Ethanol_c112_q3_v1.dat -> Ethanol_c112_q3_v1.out on /home/zoe/Research/Gaussian/scratch
Preparing Ethanol_c113_q1_v1.dat -> Ethanol_c113_q1_v1.out on /home/zoe/Research/Gaussian/scratch
Preparing Ethanol_c113_q2_v1.dat -> Ethanol_c113_q2_v1.out on /home/zoe/Research/Gaussian/scratch
Preparing Ethanol_c113_q3_v1.dat -> Ethanol_c113_q3_v1.out on /home/zoe/Research/Gaussian/scratch
Preparing Ethanol_c114_q1_v1.dat -> Ethanol_c114_q1_v1.out on /home/zoe/Research/Gaussian/scratch
Preparing Ethanol_c114_q2_v1.dat -> Ethanol_c114_q2_v1.out on /home/zoe/Research/Gaussian/scratch
Preparing Ethanol_c114_q3_v1.dat -> Ethanol_c114_q3_v1.out on /home/zoe/Research/Gaussian/scratch
Preparing Ethanol_c115_q1_v1.dat -> Ethanol_c115_q1_v1.out on /home/zoe/Research/Gaussian/scratch
Preparing Ethanol_c115_q2_v1.dat -> Ethanol_c115_q2_v1.out on /home/zoe/Research/Gaussian/scratch
Preparing Ethanol_c115_q3_v1.dat -> Ethanol_c115_q3_v1.out on /home/zoe/Research/Gaussian/scratch
Preparing Ethanol_c116_q1_v1.dat -> Ethanol_c116_q1_v1.out on /home/zoe/Research/Gaussian/scratch
Preparing Ethanol_c116_q2_v1.dat -> Ethanol_c116_q2_v1.out on /home/zoe/Research/Gaussian/scratch
Preparing Ethanol_c116_q3_v1.dat -> Ethanol_c116_q3_v1.out on /home/zoe/Research/Gaussian/scratch
Preparing Ethanol_c117_q1_v1.dat -> Ethanol_c117_q1_v1.out on /home/zoe/Research/Gaussian/scratch
Preparing Ethanol_c117_q2_v1.dat -> Ethanol_c117_q2_v1.out on /home/zoe/Research/Gaussian/scratch
Preparing Ethanol_c117_q3_v1.dat -> Ethanol_c117_q3_v1.out on /home/zoe/Research/Gaussian/scratch
Preparing Ethanol_c118_q1_v1.dat -> Ethanol_c118_q1_v1.out on /home/zoe/Research/Gaussian/scratch
Preparing Ethanol_c118_q2_v1.dat -> Ethanol_c118_q2_v1.out on /home/zoe/Research/Gaussian/scratch
Preparing Ethanol_c118_q3_v1.dat -> Ethanol_c118_q3_v1.out on /home/zoe/Research/Gaussian/scratch
Preparing Ethanol_c119_q1_v1.dat -> Ethanol_c119_q1_v1.out on /home/zoe/Research/Gaussian/scratch
Preparing Ethanol_c119_q2_v1.dat -> Ethanol_c119_q2_v1.out on /home/zoe/Research/Gaussian/scratch
Preparing Ethanol_c119_q3_v1.dat -> Ethanol_c119_q3_v1.out on /home/zoe/Research/Gaussian/scratch
Preparing Ethanol_c11_q1_v1.dat -> Ethanol_c11_q1_v1.out on /home/zoe/Research/Gaussian/scratch
Preparing Ethanol_c11_q2_v1.dat -> Ethanol_c11_q2_v1.out on /home/zoe/Research/Gaussian/scratch
Preparing Ethanol_c11_q3_v1.dat -> Ethanol_c11_q3_v1.out on /home/zoe/Research/Gaussian/scratch
Preparing Ethanol_c120_q1_v1.dat -> Ethanol_c120_q1_v1.out on /home/zoe/Research/Gaussian/scratch
Preparing Ethanol_c120_q2_v1.dat -> Ethanol_c120_q2_v1.out on /home/zoe/Research/Gaussian/scratch
Preparing Ethanol_c120_q3_v1.dat -> Ethanol_c120_q3_v1.out on /home/zoe/Research/Gaussian/scratch
Preparing Ethanol_c121_q1_v1.dat -> Ethanol_c121_q1_v1.out on /home/zoe/Research/Gaussian/scratch
Preparing Ethanol_c121_q2_v1.dat -> Ethanol_c121_q2_v1.out on /home/zoe/Research/Gaussian/scratch
Preparing Ethanol_c121_q3_v1.dat -> Ethanol_c121_q3_v1.out on /home/zoe/Research/Gaussian/scratch
Preparing Ethanol_c122_q1_v1.dat -> Ethanol_c122_q1_v1.out on /home/zoe/Research/Gaussian/scratch
Preparing Ethanol_c122_q2_v1.dat -> Ethanol_c122_q2_v1.out on /home/zoe/Research/Gaussian/scratch
Preparing Ethanol_c122_q3_v1.dat -> Ethanol_c122_q3_v1.out on /home/zoe/Research/Gaussian/scratch
Preparing Ethanol_c123_q1_v1.dat -> Ethanol_c123_q1_v1.out on /home/zoe/Research/Gaussian/scratch
Preparing Ethanol_c123_q2_v1.dat -> Ethanol_c123_q2_v1.out on /home/zoe/Research/Gaussian/scratch
Preparing Ethanol_c123_q3_v1.dat -> Ethanol_c123_q3_v1.out on /home/zoe/Research/Gaussian/scratch
Preparing Ethanol_c124_q1_v1.dat -> Ethanol_c124_q1_v1.out on /home/zoe/Research/Gaussian/scratch
Preparing Ethanol_c124_q2_v1.dat -> Ethanol_c124_q2_v1.out on /home/zoe/Research/Gaussian/scratch
Preparing Ethanol_c124_q3_v1.dat -> Ethanol_c124_q3_v1.out on /home/zoe/Research/Gaussian/scratch
Preparing Ethanol_c125_q1_v1.dat -> Ethanol_c125_q1_v1.out on /home/zoe/Research/Gaussian/scratch
Preparing Ethanol_c125_q2_v1.dat -> Ethanol_c125_q2_v1.out on /home/zoe/Research/Gaussian/scratch
Preparing Ethanol_c125_q3_v1.dat -> Ethanol_c125_q3_v1.out on /home/zoe/Research/Gaussian/scratch
Preparing Ethanol_c126_q1_v1.dat -> Ethanol_c126_q1_v1.out on /home/zoe/Research/Gaussian/scratch
Preparing Ethanol_c126_q2_v1.dat -> Ethanol_c126_q2_v1.out on /home/zoe/Research/Gaussian/scratch
Preparing Ethanol_c126_q3_v1.dat -> Ethanol_c126_q3_v1.out on /home/zoe/Research/Gaussian/scratch
Preparing Ethanol_c127_q1_v1.dat -> Ethanol_c127_q1_v1.out on /home/zoe/Research/Gaussian/scratch
Preparing Ethanol_c127_q2_v1.dat -> Ethanol_c127_q2_v1.out on /home/zoe/Research/Gaussian/scratch
Preparing Ethanol_c127_q3_v1.dat -> Ethanol_c127_q3_v1.out on /home/zoe/Research/Gaussian/scratch
Preparing Ethanol_c128_q1_v1.dat -> Ethanol_c128_q1_v1.out on /home/zoe/Research/Gaussian/scratch
Preparing Ethanol_c128_q2_v1.dat -> Ethanol_c128_q2_v1.out on /home/zoe/Research/Gaussian/scratch
Preparing Ethanol_c128_q3_v1.dat -> Ethanol_c128_q3_v1.out on /home/zoe/Research/Gaussian/scratch
Preparing Ethanol_c129_q1_v1.dat -> Ethanol_c129_q1_v1.out on /home/zoe/Research/Gaussian/scratch
Preparing Ethanol_c129_q2_v1.dat -> Ethanol_c129_q2_v1.out on /home/zoe/Research/Gaussian/scratch
Preparing Ethanol_c129_q3_v1.dat -> Ethanol_c129_q3_v1.out on /home/zoe/Research/Gaussian/scratch
Preparing Ethanol_c12_q1_v1.dat -> Ethanol_c12_q1_v1.out on /home/zoe/Research/Gaussian/scratch
Preparing Ethanol_c12_q2_v1.dat -> Ethanol_c12_q2_v1.out on /home/zoe/Research/Gaussian/scratch
Preparing Ethanol_c12_q3_v1.dat -> Ethanol_c12_q3_v1.out on /home/zoe/Research/Gaussian/scratch
Preparing Ethanol_c130_q1_v1.dat -> Ethanol_c130_q1_v1.out on /home/zoe/Research/Gaussian/scratch
Preparing Ethanol_c130_q2_v1.dat -> Ethanol_c130_q2_v1.out on /home/zoe/Research/Gaussian/scratch
Preparing Ethanol_c130_q3_v1.dat -> Ethanol_c130_q3_v1.out on /home/zoe/Research/Gaussian/scratch
Preparing Ethanol_c131_q1_v1.dat -> Ethanol_c131_q1_v1.out on /home/zoe/Research/Gaussian/scratch
Preparing Ethanol_c131_q2_v1.dat -> Ethanol_c131_q2_v1.out on /home/zoe/Research/Gaussian/scratch
Preparing Ethanol_c131_q3_v1.dat -> Ethanol_c131_q3_v1.out on /home/zoe/Research/Gaussian/scratch
Preparing Ethanol_c132_q1_v1.dat -> Ethanol_c132_q1_v1.out on /home/zoe/Research/Gaussian/scratch
Preparing Ethanol_c132_q2_v1.dat -> Ethanol_c132_q2_v1.out on /home/zoe/Research/Gaussian/scratch
Preparing Ethanol_c132_q3_v1.dat -> Ethanol_c132_q3_v1.out on /home/zoe/Research/Gaussian/scratch
Preparing Ethanol_c133_q1_v1.dat -> Ethanol_c133_q1_v1.out on /home/zoe/Research/Gaussian/scratch
Preparing Ethanol_c133_q2_v1.dat -> Ethanol_c133_q2_v1.out on /home/zoe/Research/Gaussian/scratch
Preparing Ethanol_c133_q3_v1.dat -> Ethanol_c133_q3_v1.out on /home/zoe/Research/Gaussian/scratch
Preparing Ethanol_c134_q1_v1.dat -> Ethanol_c134_q1_v1.out on /home/zoe/Research/Gaussian/scratch
Preparing Ethanol_c134_q2_v1.dat -> Ethanol_c134_q2_v1.out on /home/zoe/Research/Gaussian/scratch
Preparing Ethanol_c134_q3_v1.dat -> Ethanol_c134_q3_v1.out on /home/zoe/Research/Gaussian/scratch
Preparing Ethanol_c135_q1_v1.dat -> Ethanol_c135_q1_v1.out on /home/zoe/Research/Gaussian/scratch
Preparing Ethanol_c135_q2_v1.dat -> Ethanol_c135_q2_v1.out on /home/zoe/Research/Gaussian/scratch
Preparing Ethanol_c135_q3_v1.dat -> Ethanol_c135_q3_v1.out on /home/zoe/Research/Gaussian/scratch
Preparing Ethanol_c136_q1_v1.dat -> Ethanol_c136_q1_v1.out on /home/zoe/Research/Gaussian/scratch
Preparing Ethanol_c136_q2_v1.dat -> Ethanol_c136_q2_v1.out on /home/zoe/Research/Gaussian/scratch
Preparing Ethanol_c136_q3_v1.dat -> Ethanol_c136_q3_v1.out on /home/zoe/Research/Gaussian/scratch
Preparing Ethanol_c137_q1_v1.dat -> Ethanol_c137_q1_v1.out on /home/zoe/Research/Gaussian/scratch
Preparing Ethanol_c137_q2_v1.dat -> Ethanol_c137_q2_v1.out on /home/zoe/Research/Gaussian/scratch
Preparing Ethanol_c137_q3_v1.dat -> Ethanol_c137_q3_v1.out on /home/zoe/Research/Gaussian/scratch
Preparing Ethanol_c138_q1_v1.dat -> Ethanol_c138_q1_v1.out on /home/zoe/Research/Gaussian/scratch
Preparing Ethanol_c138_q2_v1.dat -> Ethanol_c138_q2_v1.out on /home/zoe/Research/Gaussian/scratch
Preparing Ethanol_c138_q3_v1.dat -> Ethanol_c138_q3_v1.out on /home/zoe/Research/Gaussian/scratch
Preparing Ethanol_c139_q1_v1.dat -> Ethanol_c139_q1_v1.out on /home/zoe/Research/Gaussian/scratch
Preparing Ethanol_c139_q2_v1.dat -> Ethanol_c139_q2_v1.out on /home/zoe/Research/Gaussian/scratch
Preparing Ethanol_c139_q3_v1.dat -> Ethanol_c139_q3_v1.out on /home/zoe/Research/Gaussian/scratch
Preparing Ethanol_c13_q1_v1.dat -> Ethanol_c13_q1_v1.out on /home/zoe/Research/Gaussian/scratch
Preparing Ethanol_c13_q2_v1.dat -> Ethanol_c13_q2_v1.out on /home/zoe/Research/Gaussian/scratch
Preparing Ethanol_c13_q3_v1.dat -> Ethanol_c13_q3_v1.out on /home/zoe/Research/Gaussian/scratch
Preparing Ethanol_c140_q1_v1.dat -> Ethanol_c140_q1_v1.out on /home/zoe/Research/Gaussian/scratch
Preparing Ethanol_c140_q2_v1.dat -> Ethanol_c140_q2_v1.out on /home/zoe/Research/Gaussian/scratch
Preparing Ethanol_c140_q3_v1.dat -> Ethanol_c140_q3_v1.out on /home/zoe/Research/Gaussian/scratch
Preparing Ethanol_c141_q1_v1.dat -> Ethanol_c141_q1_v1.out on /home/zoe/Research/Gaussian/scratch
Preparing Ethanol_c141_q2_v1.dat -> Ethanol_c141_q2_v1.out on /home/zoe/Research/Gaussian/scratch
Preparing Ethanol_c141_q3_v1.dat -> Ethanol_c141_q3_v1.out on /home/zoe/Research/Gaussian/scratch
Preparing Ethanol_c142_q1_v1.dat -> Ethanol_c142_q1_v1.out on /home/zoe/Research/Gaussian/scratch
Preparing Ethanol_c142_q2_v1.dat -> Ethanol_c142_q2_v1.out on /home/zoe/Research/Gaussian/scratch
Preparing Ethanol_c142_q3_v1.dat -> Ethanol_c142_q3_v1.out on /home/zoe/Research/Gaussian/scratch
Preparing Ethanol_c143_q1_v1.dat -> Ethanol_c143_q1_v1.out on /home/zoe/Research/Gaussian/scratch
Preparing Ethanol_c143_q2_v1.dat -> Ethanol_c143_q2_v1.out on /home/zoe/Research/Gaussian/scratch
Preparing Ethanol_c143_q3_v1.dat -> Ethanol_c143_q3_v1.out on /home/zoe/Research/Gaussian/scratch
Preparing Ethanol_c144_q1_v1.dat -> Ethanol_c144_q1_v1.out on /home/zoe/Research/Gaussian/scratch
Preparing Ethanol_c144_q2_v1.dat -> Ethanol_c144_q2_v1.out on /home/zoe/Research/Gaussian/scratch
Preparing Ethanol_c144_q3_v1.dat -> Ethanol_c144_q3_v1.out on /home/zoe/Research/Gaussian/scratch
Preparing Ethanol_c145_q1_v1.dat -> Ethanol_c145_q1_v1.out on /home/zoe/Research/Gaussian/scratch
Preparing Ethanol_c145_q2_v1.dat -> Ethanol_c145_q2_v1.out on /home/zoe/Research/Gaussian/scratch
Preparing Ethanol_c145_q3_v1.dat -> Ethanol_c145_q3_v1.out on /home/zoe/Research/Gaussian/scratch
Preparing Ethanol_c146_q1_v1.dat -> Ethanol_c146_q1_v1.out on /home/zoe/Research/Gaussian/scratch
Preparing Ethanol_c146_q2_v1.dat -> Ethanol_c146_q2_v1.out on /home/zoe/Research/Gaussian/scratch
Error: segmentation violation
   rax 0000000000000000, rbx ffffffffffffffff, rcx 0000099195a4275b
   rdx 0000000000000000, rsp 00007ffd70ee2968, rbp 00007ffd70ee2f40
   rsi 000000000000000b, rdi 0000000000040be4, r8  00000990559ff000
   r9  0000000000000000, r10 0000099195a12f60, r11 0000000000000202
   r12 0000000000000000, r13 0000000000000000, r14 00007ffd70ee2f88
   r15 0000000031973df8
  --- traceback not available
Aborted (core dumped)
Preparing Ethanol_c146_q3_v1.dat -> Ethanol_c146_q3_v1.out on /home/zoe/Research/Gaussian/scratch
Preparing Ethanol_c147_q1_v1.dat -> Ethanol_c147_q1_v1.out on /home/zoe/Research/Gaussian/scratch
Preparing Ethanol_c147_q2_v1.dat -> Ethanol_c147_q2_v1.out on /home/zoe/Research/Gaussian/scratch
Preparing Ethanol_c147_q3_v1.dat -> Ethanol_c147_q3_v1.out on /home/zoe/Research/Gaussian/scratch
Preparing Ethanol_c148_q1_v1.dat -> Ethanol_c148_q1_v1.out on /home/zoe/Research/Gaussian/scratch
Preparing Ethanol_c148_q2_v1.dat -> Ethanol_c148_q2_v1.out on /home/zoe/Research/Gaussian/scratch
Preparing Ethanol_c148_q3_v1.dat -> Ethanol_c148_q3_v1.out on /home/zoe/Research/Gaussian/scratch
Preparing Ethanol_c149_q1_v1.dat -> Ethanol_c149_q1_v1.out on /home/zoe/Research/Gaussian/scratch
Preparing Ethanol_c149_q2_v1.dat -> Ethanol_c149_q2_v1.out on /home/zoe/Research/Gaussian/scratch
Preparing Ethanol_c149_q3_v1.dat -> Ethanol_c149_q3_v1.out on /home/zoe/Research/Gaussian/scratch
Preparing Ethanol_c14_q1_v1.dat -> Ethanol_c14_q1_v1.out on /home/zoe/Research/Gaussian/scratch
Preparing Ethanol_c14_q2_v1.dat -> Ethanol_c14_q2_v1.out on /home/zoe/Research/Gaussian/scratch
Preparing Ethanol_c14_q3_v1.dat -> Ethanol_c14_q3_v1.out on /home/zoe/Research/Gaussian/scratch
Preparing Ethanol_c150_q1_v1.dat -> Ethanol_c150_q1_v1.out on /home/zoe/Research/Gaussian/scratch
Preparing Ethanol_c150_q2_v1.dat -> Ethanol_c150_q2_v1.out on /home/zoe/Research/Gaussian/scratch
Preparing Ethanol_c150_q3_v1.dat -> Ethanol_c150_q3_v1.out on /home/zoe/Research/Gaussian/scratch
Preparing Ethanol_c151_q1_v1.dat -> Ethanol_c151_q1_v1.out on /home/zoe/Research/Gaussian/scratch
Preparing Ethanol_c151_q2_v1.dat -> Ethanol_c151_q2_v1.out on /home/zoe/Research/Gaussian/scratch
Preparing Ethanol_c151_q3_v1.dat -> Ethanol_c151_q3_v1.out on /home/zoe/Research/Gaussian/scratch
Preparing Ethanol_c152_q1_v1.dat -> Ethanol_c152_q1_v1.out on /home/zoe/Research/Gaussian/scratch
Preparing Ethanol_c152_q2_v1.dat -> Ethanol_c152_q2_v1.out on /home/zoe/Research/Gaussian/scratch
Preparing Ethanol_c152_q3_v1.dat -> Ethanol_c152_q3_v1.out on /home/zoe/Research/Gaussian/scratch
Preparing Ethanol_c153_q1_v1.dat -> Ethanol_c153_q1_v1.out on /home/zoe/Research/Gaussian/scratch
Preparing Ethanol_c153_q2_v1.dat -> Ethanol_c153_q2_v1.out on /home/zoe/Research/Gaussian/scratch
Preparing Ethanol_c153_q3_v1.dat -> Ethanol_c153_q3_v1.out on /home/zoe/Research/Gaussian/scratch
Preparing Ethanol_c154_q1_v1.dat -> Ethanol_c154_q1_v1.out on /home/zoe/Research/Gaussian/scratch
Preparing Ethanol_c154_q2_v1.dat -> Ethanol_c154_q2_v1.out on /home/zoe/Research/Gaussian/scratch
Preparing Ethanol_c154_q3_v1.dat -> Ethanol_c154_q3_v1.out on /home/zoe/Research/Gaussian/scratch
Preparing Ethanol_c155_q1_v1.dat -> Ethanol_c155_q1_v1.out on /home/zoe/Research/Gaussian/scratch
Preparing Ethanol_c155_q2_v1.dat -> Ethanol_c155_q2_v1.out on /home/zoe/Research/Gaussian/scratch
Preparing Ethanol_c155_q3_v1.dat -> Ethanol_c155_q3_v1.out on /home/zoe/Research/Gaussian/scratch
Preparing Ethanol_c156_q1_v1.dat -> Ethanol_c156_q1_v1.out on /home/zoe/Research/Gaussian/scratch
Preparing Ethanol_c156_q2_v1.dat -> Ethanol_c156_q2_v1.out on /home/zoe/Research/Gaussian/scratch
Preparing Ethanol_c156_q3_v1.dat -> Ethanol_c156_q3_v1.out on /home/zoe/Research/Gaussian/scratch
Preparing Ethanol_c157_q1_v1.dat -> Ethanol_c157_q1_v1.out on /home/zoe/Research/Gaussian/scratch
Preparing Ethanol_c157_q2_v1.dat -> Ethanol_c157_q2_v1.out on /home/zoe/Research/Gaussian/scratch
Preparing Ethanol_c157_q3_v1.dat -> Ethanol_c157_q3_v1.out on /home/zoe/Research/Gaussian/scratch
Preparing Ethanol_c158_q1_v1.dat -> Ethanol_c158_q1_v1.out on /home/zoe/Research/Gaussian/scratch
Preparing Ethanol_c158_q2_v1.dat -> Ethanol_c158_q2_v1.out on /home/zoe/Research/Gaussian/scratch
Preparing Ethanol_c158_q3_v1.dat -> Ethanol_c158_q3_v1.out on /home/zoe/Research/Gaussian/scratch
Preparing Ethanol_c159_q1_v1.dat -> Ethanol_c159_q1_v1.out on /home/zoe/Research/Gaussian/scratch
Preparing Ethanol_c159_q2_v1.dat -> Ethanol_c159_q2_v1.out on /home/zoe/Research/Gaussian/scratch
Preparing Ethanol_c159_q3_v1.dat -> Ethanol_c159_q3_v1.out on /home/zoe/Research/Gaussian/scratch
Preparing Ethanol_c15_q1_v1.dat -> Ethanol_c15_q1_v1.out on /home/zoe/Research/Gaussian/scratch
Error: segmentation violation
   rax 0000000000000000, rbx ffffffffffffffff, rcx 0000070b30e4275b
   rdx 0000000000000000, rsp 00007ffe3387b7d8, rbp 00007ffe3387bdb0
   rsi 000000000000000b, rdi 0000000000041bdd, r8  00000709f0dff000
   r9  0000000000000000, r10 0000070b30e12f60, r11 0000000000000206
   r12 0000000000000000, r13 0000000000000000, r14 00007ffe3387bdf8
   r15 0000000031973df8
  --- traceback not available
Aborted (core dumped)
Preparing Ethanol_c15_q2_v1.dat -> Ethanol_c15_q2_v1.out on /home/zoe/Research/Gaussian/scratch
Preparing Ethanol_c15_q3_v1.dat -> Ethanol_c15_q3_v1.out on /home/zoe/Research/Gaussian/scratch
Preparing Ethanol_c160_q1_v1.dat -> Ethanol_c160_q1_v1.out on /home/zoe/Research/Gaussian/scratch
Preparing Ethanol_c160_q2_v1.dat -> Ethanol_c160_q2_v1.out on /home/zoe/Research/Gaussian/scratch
Preparing Ethanol_c160_q3_v1.dat -> Ethanol_c160_q3_v1.out on /home/zoe/Research/Gaussian/scratch
Preparing Ethanol_c161_q1_v1.dat -> Ethanol_c161_q1_v1.out on /home/zoe/Research/Gaussian/scratch
Preparing Ethanol_c161_q2_v1.dat -> Ethanol_c161_q2_v1.out on /home/zoe/Research/Gaussian/scratch
Preparing Ethanol_c161_q3_v1.dat -> Ethanol_c161_q3_v1.out on /home/zoe/Research/Gaussian/scratch
Preparing Ethanol_c162_q1_v1.dat -> Ethanol_c162_q1_v1.out on /home/zoe/Research/Gaussian/scratch
Preparing Ethanol_c162_q2_v1.dat -> Ethanol_c162_q2_v1.out on /home/zoe/Research/Gaussian/scratch
Preparing Ethanol_c162_q3_v1.dat -> Ethanol_c162_q3_v1.out on /home/zoe/Research/Gaussian/scratch
Preparing Ethanol_c163_q1_v1.dat -> Ethanol_c163_q1_v1.out on /home/zoe/Research/Gaussian/scratch
Preparing Ethanol_c163_q2_v1.dat -> Ethanol_c163_q2_v1.out on /home/zoe/Research/Gaussian/scratch
Preparing Ethanol_c163_q3_v1.dat -> Ethanol_c163_q3_v1.out on /home/zoe/Research/Gaussian/scratch
Preparing Ethanol_c164_q1_v1.dat -> Ethanol_c164_q1_v1.out on /home/zoe/Research/Gaussian/scratch
Preparing Ethanol_c164_q2_v1.dat -> Ethanol_c164_q2_v1.out on /home/zoe/Research/Gaussian/scratch
Preparing Ethanol_c164_q3_v1.dat -> Ethanol_c164_q3_v1.out on /home/zoe/Research/Gaussian/scratch
Preparing Ethanol_c165_q1_v1.dat -> Ethanol_c165_q1_v1.out on /home/zoe/Research/Gaussian/scratch
Preparing Ethanol_c165_q2_v1.dat -> Ethanol_c165_q2_v1.out on /home/zoe/Research/Gaussian/scratch
Preparing Ethanol_c165_q3_v1.dat -> Ethanol_c165_q3_v1.out on /home/zoe/Research/Gaussian/scratch
Preparing Ethanol_c166_q1_v1.dat -> Ethanol_c166_q1_v1.out on /home/zoe/Research/Gaussian/scratch
Preparing Ethanol_c166_q2_v1.dat -> Ethanol_c166_q2_v1.out on /home/zoe/Research/Gaussian/scratch
Preparing Ethanol_c166_q3_v1.dat -> Ethanol_c166_q3_v1.out on /home/zoe/Research/Gaussian/scratch
Preparing Ethanol_c167_q1_v1.dat -> Ethanol_c167_q1_v1.out on /home/zoe/Research/Gaussian/scratch
Preparing Ethanol_c167_q2_v1.dat -> Ethanol_c167_q2_v1.out on /home/zoe/Research/Gaussian/scratch
Preparing Ethanol_c167_q3_v1.dat -> Ethanol_c167_q3_v1.out on /home/zoe/Research/Gaussian/scratch
Preparing Ethanol_c168_q1_v1.dat -> Ethanol_c168_q1_v1.out on /home/zoe/Research/Gaussian/scratch
Preparing Ethanol_c168_q2_v1.dat -> Ethanol_c168_q2_v1.out on /home/zoe/Research/Gaussian/scratch
Preparing Ethanol_c168_q3_v1.dat -> Ethanol_c168_q3_v1.out on /home/zoe/Research/Gaussian/scratch
Preparing Ethanol_c169_q1_v1.dat -> Ethanol_c169_q1_v1.out on /home/zoe/Research/Gaussian/scratch
Preparing Ethanol_c169_q2_v1.dat -> Ethanol_c169_q2_v1.out on /home/zoe/Research/Gaussian/scratch
Preparing Ethanol_c169_q3_v1.dat -> Ethanol_c169_q3_v1.out on /home/zoe/Research/Gaussian/scratch
Preparing Ethanol_c16_q1_v1.dat -> Ethanol_c16_q1_v1.out on /home/zoe/Research/Gaussian/scratch
Preparing Ethanol_c16_q2_v1.dat -> Ethanol_c16_q2_v1.out on /home/zoe/Research/Gaussian/scratch
Preparing Ethanol_c16_q3_v1.dat -> Ethanol_c16_q3_v1.out on /home/zoe/Research/Gaussian/scratch
Preparing Ethanol_c170_q1_v1.dat -> Ethanol_c170_q1_v1.out on /home/zoe/Research/Gaussian/scratch
Preparing Ethanol_c170_q2_v1.dat -> Ethanol_c170_q2_v1.out on /home/zoe/Research/Gaussian/scratch
Preparing Ethanol_c170_q3_v1.dat -> Ethanol_c170_q3_v1.out on /home/zoe/Research/Gaussian/scratch
Preparing Ethanol_c171_q1_v1.dat -> Ethanol_c171_q1_v1.out on /home/zoe/Research/Gaussian/scratch
Preparing Ethanol_c171_q2_v1.dat -> Ethanol_c171_q2_v1.out on /home/zoe/Research/Gaussian/scratch
Preparing Ethanol_c171_q3_v1.dat -> Ethanol_c171_q3_v1.out on /home/zoe/Research/Gaussian/scratch
Preparing Ethanol_c172_q1_v1.dat -> Ethanol_c172_q1_v1.out on /home/zoe/Research/Gaussian/scratch
Preparing Ethanol_c172_q2_v1.dat -> Ethanol_c172_q2_v1.out on /home/zoe/Research/Gaussian/scratch
Preparing Ethanol_c172_q3_v1.dat -> Ethanol_c172_q3_v1.out on /home/zoe/Research/Gaussian/scratch
Preparing Ethanol_c173_q1_v1.dat -> Ethanol_c173_q1_v1.out on /home/zoe/Research/Gaussian/scratch
Preparing Ethanol_c173_q2_v1.dat -> Ethanol_c173_q2_v1.out on /home/zoe/Research/Gaussian/scratch
Preparing Ethanol_c173_q3_v1.dat -> Ethanol_c173_q3_v1.out on /home/zoe/Research/Gaussian/scratch
Preparing Ethanol_c174_q1_v1.dat -> Ethanol_c174_q1_v1.out on /home/zoe/Research/Gaussian/scratch
Preparing Ethanol_c174_q2_v1.dat -> Ethanol_c174_q2_v1.out on /home/zoe/Research/Gaussian/scratch
Preparing Ethanol_c174_q3_v1.dat -> Ethanol_c174_q3_v1.out on /home/zoe/Research/Gaussian/scratch
Preparing Ethanol_c175_q1_v1.dat -> Ethanol_c175_q1_v1.out on /home/zoe/Research/Gaussian/scratch
Preparing Ethanol_c175_q2_v1.dat -> Ethanol_c175_q2_v1.out on /home/zoe/Research/Gaussian/scratch
Preparing Ethanol_c175_q3_v1.dat -> Ethanol_c175_q3_v1.out on /home/zoe/Research/Gaussian/scratch
Preparing Ethanol_c176_q1_v1.dat -> Ethanol_c176_q1_v1.out on /home/zoe/Research/Gaussian/scratch
Preparing Ethanol_c176_q2_v1.dat -> Ethanol_c176_q2_v1.out on /home/zoe/Research/Gaussian/scratch
Preparing Ethanol_c176_q3_v1.dat -> Ethanol_c176_q3_v1.out on /home/zoe/Research/Gaussian/scratch
Preparing Ethanol_c177_q1_v1.dat -> Ethanol_c177_q1_v1.out on /home/zoe/Research/Gaussian/scratch
Preparing Ethanol_c177_q2_v1.dat -> Ethanol_c177_q2_v1.out on /home/zoe/Research/Gaussian/scratch
Preparing Ethanol_c177_q3_v1.dat -> Ethanol_c177_q3_v1.out on /home/zoe/Research/Gaussian/scratch
Preparing Ethanol_c178_q1_v1.dat -> Ethanol_c178_q1_v1.out on /home/zoe/Research/Gaussian/scratch
Preparing Ethanol_c178_q2_v1.dat -> Ethanol_c178_q2_v1.out on /home/zoe/Research/Gaussian/scratch
Preparing Ethanol_c178_q3_v1.dat -> Ethanol_c178_q3_v1.out on /home/zoe/Research/Gaussian/scratch
Preparing Ethanol_c179_q1_v1.dat -> Ethanol_c179_q1_v1.out on /home/zoe/Research/Gaussian/scratch
Preparing Ethanol_c179_q2_v1.dat -> Ethanol_c179_q2_v1.out on /home/zoe/Research/Gaussian/scratch
Preparing Ethanol_c179_q3_v1.dat -> Ethanol_c179_q3_v1.out on /home/zoe/Research/Gaussian/scratch
Preparing Ethanol_c17_q1_v1.dat -> Ethanol_c17_q1_v1.out on /home/zoe/Research/Gaussian/scratch
Preparing Ethanol_c17_q2_v1.dat -> Ethanol_c17_q2_v1.out on /home/zoe/Research/Gaussian/scratch
Preparing Ethanol_c17_q3_v1.dat -> Ethanol_c17_q3_v1.out on /home/zoe/Research/Gaussian/scratch
Preparing Ethanol_c180_q1_v1.dat -> Ethanol_c180_q1_v1.out on /home/zoe/Research/Gaussian/scratch
Preparing Ethanol_c180_q2_v1.dat -> Ethanol_c180_q2_v1.out on /home/zoe/Research/Gaussian/scratch
Preparing Ethanol_c180_q3_v1.dat -> Ethanol_c180_q3_v1.out on /home/zoe/Research/Gaussian/scratch
Preparing Ethanol_c181_q1_v1.dat -> Ethanol_c181_q1_v1.out on /home/zoe/Research/Gaussian/scratch
Preparing Ethanol_c181_q2_v1.dat -> Ethanol_c181_q2_v1.out on /home/zoe/Research/Gaussian/scratch
Preparing Ethanol_c181_q3_v1.dat -> Ethanol_c181_q3_v1.out on /home/zoe/Research/Gaussian/scratch
Preparing Ethanol_c182_q1_v1.dat -> Ethanol_c182_q1_v1.out on /home/zoe/Research/Gaussian/scratch
Preparing Ethanol_c182_q2_v1.dat -> Ethanol_c182_q2_v1.out on /home/zoe/Research/Gaussian/scratch
Preparing Ethanol_c182_q3_v1.dat -> Ethanol_c182_q3_v1.out on /home/zoe/Research/Gaussian/scratch
Preparing Ethanol_c183_q1_v1.dat -> Ethanol_c183_q1_v1.out on /home/zoe/Research/Gaussian/scratch
Preparing Ethanol_c183_q2_v1.dat -> Ethanol_c183_q2_v1.out on /home/zoe/Research/Gaussian/scratch
Preparing Ethanol_c183_q3_v1.dat -> Ethanol_c183_q3_v1.out on /home/zoe/Research/Gaussian/scratch
Preparing Ethanol_c184_q1_v1.dat -> Ethanol_c184_q1_v1.out on /home/zoe/Research/Gaussian/scratch
Preparing Ethanol_c184_q2_v1.dat -> Ethanol_c184_q2_v1.out on /home/zoe/Research/Gaussian/scratch
Preparing Ethanol_c184_q3_v1.dat -> Ethanol_c184_q3_v1.out on /home/zoe/Research/Gaussian/scratch
Preparing Ethanol_c185_q1_v1.dat -> Ethanol_c185_q1_v1.out on /home/zoe/Research/Gaussian/scratch
Preparing Ethanol_c185_q2_v1.dat -> Ethanol_c185_q2_v1.out on /home/zoe/Research/Gaussian/scratch
Preparing Ethanol_c185_q3_v1.dat -> Ethanol_c185_q3_v1.out on /home/zoe/Research/Gaussian/scratch
Preparing Ethanol_c186_q1_v1.dat -> Ethanol_c186_q1_v1.out on /home/zoe/Research/Gaussian/scratch
Preparing Ethanol_c186_q2_v1.dat -> Ethanol_c186_q2_v1.out on /home/zoe/Research/Gaussian/scratch
Preparing Ethanol_c186_q3_v1.dat -> Ethanol_c186_q3_v1.out on /home/zoe/Research/Gaussian/scratch
Preparing Ethanol_c187_q1_v1.dat -> Ethanol_c187_q1_v1.out on /home/zoe/Research/Gaussian/scratch
Preparing Ethanol_c187_q2_v1.dat -> Ethanol_c187_q2_v1.out on /home/zoe/Research/Gaussian/scratch
Preparing Ethanol_c187_q3_v1.dat -> Ethanol_c187_q3_v1.out on /home/zoe/Research/Gaussian/scratch
Preparing Ethanol_c188_q1_v1.dat -> Ethanol_c188_q1_v1.out on /home/zoe/Research/Gaussian/scratch
Preparing Ethanol_c188_q2_v1.dat -> Ethanol_c188_q2_v1.out on /home/zoe/Research/Gaussian/scratch
Preparing Ethanol_c188_q3_v1.dat -> Ethanol_c188_q3_v1.out on /home/zoe/Research/Gaussian/scratch
Preparing Ethanol_c189_q1_v1.dat -> Ethanol_c189_q1_v1.out on /home/zoe/Research/Gaussian/scratch
Preparing Ethanol_c189_q2_v1.dat -> Ethanol_c189_q2_v1.out on /home/zoe/Research/Gaussian/scratch
Preparing Ethanol_c189_q3_v1.dat -> Ethanol_c189_q3_v1.out on /home/zoe/Research/Gaussian/scratch
Preparing Ethanol_c18_q1_v1.dat -> Ethanol_c18_q1_v1.out on /home/zoe/Research/Gaussian/scratch
Preparing Ethanol_c18_q2_v1.dat -> Ethanol_c18_q2_v1.out on /home/zoe/Research/Gaussian/scratch
Preparing Ethanol_c18_q3_v1.dat -> Ethanol_c18_q3_v1.out on /home/zoe/Research/Gaussian/scratch
Preparing Ethanol_c190_q1_v1.dat -> Ethanol_c190_q1_v1.out on /home/zoe/Research/Gaussian/scratch
Preparing Ethanol_c190_q2_v1.dat -> Ethanol_c190_q2_v1.out on /home/zoe/Research/Gaussian/scratch
Preparing Ethanol_c190_q3_v1.dat -> Ethanol_c190_q3_v1.out on /home/zoe/Research/Gaussian/scratch
Preparing Ethanol_c191_q1_v1.dat -> Ethanol_c191_q1_v1.out on /home/zoe/Research/Gaussian/scratch
Preparing Ethanol_c191_q2_v1.dat -> Ethanol_c191_q2_v1.out on /home/zoe/Research/Gaussian/scratch
Preparing Ethanol_c191_q3_v1.dat -> Ethanol_c191_q3_v1.out on /home/zoe/Research/Gaussian/scratch
Preparing Ethanol_c192_q1_v1.dat -> Ethanol_c192_q1_v1.out on /home/zoe/Research/Gaussian/scratch
Preparing Ethanol_c192_q2_v1.dat -> Ethanol_c192_q2_v1.out on /home/zoe/Research/Gaussian/scratch
Preparing Ethanol_c192_q3_v1.dat -> Ethanol_c192_q3_v1.out on /home/zoe/Research/Gaussian/scratch
Preparing Ethanol_c193_q1_v1.dat -> Ethanol_c193_q1_v1.out on /home/zoe/Research/Gaussian/scratch
Preparing Ethanol_c193_q2_v1.dat -> Ethanol_c193_q2_v1.out on /home/zoe/Research/Gaussian/scratch
Preparing Ethanol_c193_q3_v1.dat -> Ethanol_c193_q3_v1.out on /home/zoe/Research/Gaussian/scratch
Preparing Ethanol_c194_q1_v1.dat -> Ethanol_c194_q1_v1.out on /home/zoe/Research/Gaussian/scratch
Preparing Ethanol_c194_q2_v1.dat -> Ethanol_c194_q2_v1.out on /home/zoe/Research/Gaussian/scratch
Preparing Ethanol_c194_q3_v1.dat -> Ethanol_c194_q3_v1.out on /home/zoe/Research/Gaussian/scratch
Preparing Ethanol_c195_q1_v1.dat -> Ethanol_c195_q1_v1.out on /home/zoe/Research/Gaussian/scratch
Preparing Ethanol_c195_q2_v1.dat -> Ethanol_c195_q2_v1.out on /home/zoe/Research/Gaussian/scratch
Preparing Ethanol_c195_q3_v1.dat -> Ethanol_c195_q3_v1.out on /home/zoe/Research/Gaussian/scratch
Preparing Ethanol_c196_q1_v1.dat -> Ethanol_c196_q1_v1.out on /home/zoe/Research/Gaussian/scratch
Preparing Ethanol_c196_q2_v1.dat -> Ethanol_c196_q2_v1.out on /home/zoe/Research/Gaussian/scratch
Preparing Ethanol_c196_q3_v1.dat -> Ethanol_c196_q3_v1.out on /home/zoe/Research/Gaussian/scratch
Preparing Ethanol_c197_q1_v1.dat -> Ethanol_c197_q1_v1.out on /home/zoe/Research/Gaussian/scratch
Preparing Ethanol_c197_q2_v1.dat -> Ethanol_c197_q2_v1.out on /home/zoe/Research/Gaussian/scratch
Preparing Ethanol_c197_q3_v1.dat -> Ethanol_c197_q3_v1.out on /home/zoe/Research/Gaussian/scratch
Preparing Ethanol_c198_q1_v1.dat -> Ethanol_c198_q1_v1.out on /home/zoe/Research/Gaussian/scratch
Preparing Ethanol_c198_q2_v1.dat -> Ethanol_c198_q2_v1.out on /home/zoe/Research/Gaussian/scratch
Preparing Ethanol_c198_q3_v1.dat -> Ethanol_c198_q3_v1.out on /home/zoe/Research/Gaussian/scratch
Preparing Ethanol_c199_q1_v1.dat -> Ethanol_c199_q1_v1.out on /home/zoe/Research/Gaussian/scratch
Preparing Ethanol_c199_q2_v1.dat -> Ethanol_c199_q2_v1.out on /home/zoe/Research/Gaussian/scratch
Preparing Ethanol_c199_q3_v1.dat -> Ethanol_c199_q3_v1.out on /home/zoe/Research/Gaussian/scratch
Preparing Ethanol_c19_q1_v1.dat -> Ethanol_c19_q1_v1.out on /home/zoe/Research/Gaussian/scratch
Preparing Ethanol_c19_q2_v1.dat -> Ethanol_c19_q2_v1.out on /home/zoe/Research/Gaussian/scratch
Preparing Ethanol_c19_q3_v1.dat -> Ethanol_c19_q3_v1.out on /home/zoe/Research/Gaussian/scratch
Preparing Ethanol_c1_q1_v1.dat -> Ethanol_c1_q1_v1.out on /home/zoe/Research/Gaussian/scratch
Preparing Ethanol_c1_q2_v1.dat -> Ethanol_c1_q2_v1.out on /home/zoe/Research/Gaussian/scratch
Preparing Ethanol_c1_q3_v1.dat -> Ethanol_c1_q3_v1.out on /home/zoe/Research/Gaussian/scratch
Preparing Ethanol_c200_q1_v1.dat -> Ethanol_c200_q1_v1.out on /home/zoe/Research/Gaussian/scratch
Preparing Ethanol_c200_q2_v1.dat -> Ethanol_c200_q2_v1.out on /home/zoe/Research/Gaussian/scratch
Preparing Ethanol_c200_q3_v1.dat -> Ethanol_c200_q3_v1.out on /home/zoe/Research/Gaussian/scratch
Preparing Ethanol_c20_q1_v1.dat -> Ethanol_c20_q1_v1.out on /home/zoe/Research/Gaussian/scratch
Preparing Ethanol_c20_q2_v1.dat -> Ethanol_c20_q2_v1.out on /home/zoe/Research/Gaussian/scratch
Preparing Ethanol_c20_q3_v1.dat -> Ethanol_c20_q3_v1.out on /home/zoe/Research/Gaussian/scratch
Preparing Ethanol_c21_q1_v1.dat -> Ethanol_c21_q1_v1.out on /home/zoe/Research/Gaussian/scratch
Preparing Ethanol_c21_q2_v1.dat -> Ethanol_c21_q2_v1.out on /home/zoe/Research/Gaussian/scratch
Preparing Ethanol_c21_q3_v1.dat -> Ethanol_c21_q3_v1.out on /home/zoe/Research/Gaussian/scratch
Preparing Ethanol_c22_q1_v1.dat -> Ethanol_c22_q1_v1.out on /home/zoe/Research/Gaussian/scratch
Preparing Ethanol_c22_q2_v1.dat -> Ethanol_c22_q2_v1.out on /home/zoe/Research/Gaussian/scratch
Preparing Ethanol_c22_q3_v1.dat -> Ethanol_c22_q3_v1.out on /home/zoe/Research/Gaussian/scratch
Preparing Ethanol_c23_q1_v1.dat -> Ethanol_c23_q1_v1.out on /home/zoe/Research/Gaussian/scratch
Preparing Ethanol_c23_q2_v1.dat -> Ethanol_c23_q2_v1.out on /home/zoe/Research/Gaussian/scratch
Preparing Ethanol_c23_q3_v1.dat -> Ethanol_c23_q3_v1.out on /home/zoe/Research/Gaussian/scratch
Preparing Ethanol_c24_q1_v1.dat -> Ethanol_c24_q1_v1.out on /home/zoe/Research/Gaussian/scratch
Preparing Ethanol_c24_q2_v1.dat -> Ethanol_c24_q2_v1.out on /home/zoe/Research/Gaussian/scratch
Preparing Ethanol_c24_q3_v1.dat -> Ethanol_c24_q3_v1.out on /home/zoe/Research/Gaussian/scratch
Preparing Ethanol_c25_q1_v1.dat -> Ethanol_c25_q1_v1.out on /home/zoe/Research/Gaussian/scratch
Preparing Ethanol_c25_q2_v1.dat -> Ethanol_c25_q2_v1.out on /home/zoe/Research/Gaussian/scratch
Preparing Ethanol_c25_q3_v1.dat -> Ethanol_c25_q3_v1.out on /home/zoe/Research/Gaussian/scratch
Preparing Ethanol_c26_q1_v1.dat -> Ethanol_c26_q1_v1.out on /home/zoe/Research/Gaussian/scratch
Preparing Ethanol_c26_q2_v1.dat -> Ethanol_c26_q2_v1.out on /home/zoe/Research/Gaussian/scratch
Preparing Ethanol_c26_q3_v1.dat -> Ethanol_c26_q3_v1.out on /home/zoe/Research/Gaussian/scratch
Preparing Ethanol_c27_q1_v1.dat -> Ethanol_c27_q1_v1.out on /home/zoe/Research/Gaussian/scratch
Preparing Ethanol_c27_q2_v1.dat -> Ethanol_c27_q2_v1.out on /home/zoe/Research/Gaussian/scratch
Preparing Ethanol_c27_q3_v1.dat -> Ethanol_c27_q3_v1.out on /home/zoe/Research/Gaussian/scratch
Preparing Ethanol_c28_q1_v1.dat -> Ethanol_c28_q1_v1.out on /home/zoe/Research/Gaussian/scratch
Preparing Ethanol_c28_q2_v1.dat -> Ethanol_c28_q2_v1.out on /home/zoe/Research/Gaussian/scratch
Preparing Ethanol_c28_q3_v1.dat -> Ethanol_c28_q3_v1.out on /home/zoe/Research/Gaussian/scratch
Preparing Ethanol_c29_q1_v1.dat -> Ethanol_c29_q1_v1.out on /home/zoe/Research/Gaussian/scratch
Preparing Ethanol_c29_q2_v1.dat -> Ethanol_c29_q2_v1.out on /home/zoe/Research/Gaussian/scratch
Preparing Ethanol_c29_q3_v1.dat -> Ethanol_c29_q3_v1.out on /home/zoe/Research/Gaussian/scratch
Preparing Ethanol_c2_q1_v1.dat -> Ethanol_c2_q1_v1.out on /home/zoe/Research/Gaussian/scratch
Preparing Ethanol_c2_q2_v1.dat -> Ethanol_c2_q2_v1.out on /home/zoe/Research/Gaussian/scratch
Preparing Ethanol_c2_q3_v1.dat -> Ethanol_c2_q3_v1.out on /home/zoe/Research/Gaussian/scratch
Preparing Ethanol_c30_q1_v1.dat -> Ethanol_c30_q1_v1.out on /home/zoe/Research/Gaussian/scratch
Preparing Ethanol_c30_q2_v1.dat -> Ethanol_c30_q2_v1.out on /home/zoe/Research/Gaussian/scratch
Preparing Ethanol_c30_q3_v1.dat -> Ethanol_c30_q3_v1.out on /home/zoe/Research/Gaussian/scratch
Preparing Ethanol_c31_q1_v1.dat -> Ethanol_c31_q1_v1.out on /home/zoe/Research/Gaussian/scratch
Preparing Ethanol_c31_q2_v1.dat -> Ethanol_c31_q2_v1.out on /home/zoe/Research/Gaussian/scratch
Preparing Ethanol_c31_q3_v1.dat -> Ethanol_c31_q3_v1.out on /home/zoe/Research/Gaussian/scratch
Preparing Ethanol_c32_q1_v1.dat -> Ethanol_c32_q1_v1.out on /home/zoe/Research/Gaussian/scratch
Preparing Ethanol_c32_q2_v1.dat -> Ethanol_c32_q2_v1.out on /home/zoe/Research/Gaussian/scratch
Preparing Ethanol_c32_q3_v1.dat -> Ethanol_c32_q3_v1.out on /home/zoe/Research/Gaussian/scratch
Preparing Ethanol_c33_q1_v1.dat -> Ethanol_c33_q1_v1.out on /home/zoe/Research/Gaussian/scratch
Preparing Ethanol_c33_q2_v1.dat -> Ethanol_c33_q2_v1.out on /home/zoe/Research/Gaussian/scratch
Preparing Ethanol_c33_q3_v1.dat -> Ethanol_c33_q3_v1.out on /home/zoe/Research/Gaussian/scratch
Preparing Ethanol_c34_q1_v1.dat -> Ethanol_c34_q1_v1.out on /home/zoe/Research/Gaussian/scratch
Preparing Ethanol_c34_q2_v1.dat -> Ethanol_c34_q2_v1.out on /home/zoe/Research/Gaussian/scratch
Preparing Ethanol_c34_q3_v1.dat -> Ethanol_c34_q3_v1.out on /home/zoe/Research/Gaussian/scratch
Preparing Ethanol_c35_q1_v1.dat -> Ethanol_c35_q1_v1.out on /home/zoe/Research/Gaussian/scratch
Preparing Ethanol_c35_q2_v1.dat -> Ethanol_c35_q2_v1.out on /home/zoe/Research/Gaussian/scratch
Preparing Ethanol_c35_q3_v1.dat -> Ethanol_c35_q3_v1.out on /home/zoe/Research/Gaussian/scratch
Preparing Ethanol_c36_q1_v1.dat -> Ethanol_c36_q1_v1.out on /home/zoe/Research/Gaussian/scratch
Error: segmentation violation
   rax 0000000000000000, rbx ffffffffffffffff, rcx 000005a78be4275b
   rdx 0000000000000000, rsp 00007ffd4dbdf548, rbp 00007ffd4dbdfb20
   rsi 000000000000000b, rdi 000000000004602b, r8  000005a64bdff000
   r9  0000000000000000, r10 000005a78be12f60, r11 0000000000000206
   r12 0000000000000000, r13 0000000000000000, r14 00007ffd4dbdfb68
   r15 0000000031973df8
  --- traceback not available
Aborted (core dumped)
Preparing Ethanol_c36_q2_v1.dat -> Ethanol_c36_q2_v1.out on /home/zoe/Research/Gaussian/scratch
Preparing Ethanol_c36_q3_v1.dat -> Ethanol_c36_q3_v1.out on /home/zoe/Research/Gaussian/scratch
Preparing Ethanol_c37_q1_v1.dat -> Ethanol_c37_q1_v1.out on /home/zoe/Research/Gaussian/scratch
Preparing Ethanol_c37_q2_v1.dat -> Ethanol_c37_q2_v1.out on /home/zoe/Research/Gaussian/scratch
Preparing Ethanol_c37_q3_v1.dat -> Ethanol_c37_q3_v1.out on /home/zoe/Research/Gaussian/scratch
Preparing Ethanol_c38_q1_v1.dat -> Ethanol_c38_q1_v1.out on /home/zoe/Research/Gaussian/scratch
Preparing Ethanol_c38_q2_v1.dat -> Ethanol_c38_q2_v1.out on /home/zoe/Research/Gaussian/scratch
Preparing Ethanol_c38_q3_v1.dat -> Ethanol_c38_q3_v1.out on /home/zoe/Research/Gaussian/scratch
Preparing Ethanol_c39_q1_v1.dat -> Ethanol_c39_q1_v1.out on /home/zoe/Research/Gaussian/scratch
Preparing Ethanol_c39_q2_v1.dat -> Ethanol_c39_q2_v1.out on /home/zoe/Research/Gaussian/scratch
Preparing Ethanol_c39_q3_v1.dat -> Ethanol_c39_q3_v1.out on /home/zoe/Research/Gaussian/scratch
Preparing Ethanol_c3_q1_v1.dat -> Ethanol_c3_q1_v1.out on /home/zoe/Research/Gaussian/scratch
Preparing Ethanol_c3_q2_v1.dat -> Ethanol_c3_q2_v1.out on /home/zoe/Research/Gaussian/scratch
Preparing Ethanol_c3_q3_v1.dat -> Ethanol_c3_q3_v1.out on /home/zoe/Research/Gaussian/scratch
Preparing Ethanol_c40_q1_v1.dat -> Ethanol_c40_q1_v1.out on /home/zoe/Research/Gaussian/scratch
Preparing Ethanol_c40_q2_v1.dat -> Ethanol_c40_q2_v1.out on /home/zoe/Research/Gaussian/scratch
Preparing Ethanol_c40_q3_v1.dat -> Ethanol_c40_q3_v1.out on /home/zoe/Research/Gaussian/scratch
Preparing Ethanol_c41_q1_v1.dat -> Ethanol_c41_q1_v1.out on /home/zoe/Research/Gaussian/scratch
Preparing Ethanol_c41_q2_v1.dat -> Ethanol_c41_q2_v1.out on /home/zoe/Research/Gaussian/scratch
Preparing Ethanol_c41_q3_v1.dat -> Ethanol_c41_q3_v1.out on /home/zoe/Research/Gaussian/scratch
Preparing Ethanol_c42_q1_v1.dat -> Ethanol_c42_q1_v1.out on /home/zoe/Research/Gaussian/scratch
Preparing Ethanol_c42_q2_v1.dat -> Ethanol_c42_q2_v1.out on /home/zoe/Research/Gaussian/scratch
Preparing Ethanol_c42_q3_v1.dat -> Ethanol_c42_q3_v1.out on /home/zoe/Research/Gaussian/scratch
Preparing Ethanol_c43_q1_v1.dat -> Ethanol_c43_q1_v1.out on /home/zoe/Research/Gaussian/scratch
Preparing Ethanol_c43_q2_v1.dat -> Ethanol_c43_q2_v1.out on /home/zoe/Research/Gaussian/scratch
Preparing Ethanol_c43_q3_v1.dat -> Ethanol_c43_q3_v1.out on /home/zoe/Research/Gaussian/scratch
Preparing Ethanol_c44_q1_v1.dat -> Ethanol_c44_q1_v1.out on /home/zoe/Research/Gaussian/scratch
Preparing Ethanol_c44_q2_v1.dat -> Ethanol_c44_q2_v1.out on /home/zoe/Research/Gaussian/scratch
Preparing Ethanol_c44_q3_v1.dat -> Ethanol_c44_q3_v1.out on /home/zoe/Research/Gaussian/scratch
Preparing Ethanol_c45_q1_v1.dat -> Ethanol_c45_q1_v1.out on /home/zoe/Research/Gaussian/scratch
Preparing Ethanol_c45_q2_v1.dat -> Ethanol_c45_q2_v1.out on /home/zoe/Research/Gaussian/scratch
Preparing Ethanol_c45_q3_v1.dat -> Ethanol_c45_q3_v1.out on /home/zoe/Research/Gaussian/scratch
Preparing Ethanol_c46_q1_v1.dat -> Ethanol_c46_q1_v1.out on /home/zoe/Research/Gaussian/scratch
Preparing Ethanol_c46_q2_v1.dat -> Ethanol_c46_q2_v1.out on /home/zoe/Research/Gaussian/scratch
Preparing Ethanol_c46_q3_v1.dat -> Ethanol_c46_q3_v1.out on /home/zoe/Research/Gaussian/scratch
Preparing Ethanol_c47_q1_v1.dat -> Ethanol_c47_q1_v1.out on /home/zoe/Research/Gaussian/scratch
Preparing Ethanol_c47_q2_v1.dat -> Ethanol_c47_q2_v1.out on /home/zoe/Research/Gaussian/scratch
Preparing Ethanol_c47_q3_v1.dat -> Ethanol_c47_q3_v1.out on /home/zoe/Research/Gaussian/scratch
Preparing Ethanol_c48_q1_v1.dat -> Ethanol_c48_q1_v1.out on /home/zoe/Research/Gaussian/scratch
Preparing Ethanol_c48_q2_v1.dat -> Ethanol_c48_q2_v1.out on /home/zoe/Research/Gaussian/scratch
Preparing Ethanol_c48_q3_v1.dat -> Ethanol_c48_q3_v1.out on /home/zoe/Research/Gaussian/scratch
Preparing Ethanol_c49_q1_v1.dat -> Ethanol_c49_q1_v1.out on /home/zoe/Research/Gaussian/scratch
Preparing Ethanol_c49_q2_v1.dat -> Ethanol_c49_q2_v1.out on /home/zoe/Research/Gaussian/scratch
Preparing Ethanol_c49_q3_v1.dat -> Ethanol_c49_q3_v1.out on /home/zoe/Research/Gaussian/scratch
Preparing Ethanol_c4_q1_v1.dat -> Ethanol_c4_q1_v1.out on /home/zoe/Research/Gaussian/scratch
Preparing Ethanol_c4_q2_v1.dat -> Ethanol_c4_q2_v1.out on /home/zoe/Research/Gaussian/scratch
Preparing Ethanol_c4_q3_v1.dat -> Ethanol_c4_q3_v1.out on /home/zoe/Research/Gaussian/scratch
Preparing Ethanol_c50_q1_v1.dat -> Ethanol_c50_q1_v1.out on /home/zoe/Research/Gaussian/scratch
Preparing Ethanol_c50_q2_v1.dat -> Ethanol_c50_q2_v1.out on /home/zoe/Research/Gaussian/scratch
Preparing Ethanol_c50_q3_v1.dat -> Ethanol_c50_q3_v1.out on /home/zoe/Research/Gaussian/scratch
Preparing Ethanol_c51_q1_v1.dat -> Ethanol_c51_q1_v1.out on /home/zoe/Research/Gaussian/scratch
Preparing Ethanol_c51_q2_v1.dat -> Ethanol_c51_q2_v1.out on /home/zoe/Research/Gaussian/scratch
Preparing Ethanol_c51_q3_v1.dat -> Ethanol_c51_q3_v1.out on /home/zoe/Research/Gaussian/scratch
Preparing Ethanol_c52_q1_v1.dat -> Ethanol_c52_q1_v1.out on /home/zoe/Research/Gaussian/scratch
Preparing Ethanol_c52_q2_v1.dat -> Ethanol_c52_q2_v1.out on /home/zoe/Research/Gaussian/scratch
Preparing Ethanol_c52_q3_v1.dat -> Ethanol_c52_q3_v1.out on /home/zoe/Research/Gaussian/scratch
Preparing Ethanol_c53_q1_v1.dat -> Ethanol_c53_q1_v1.out on /home/zoe/Research/Gaussian/scratch
Preparing Ethanol_c53_q2_v1.dat -> Ethanol_c53_q2_v1.out on /home/zoe/Research/Gaussian/scratch
Preparing Ethanol_c53_q3_v1.dat -> Ethanol_c53_q3_v1.out on /home/zoe/Research/Gaussian/scratch
Preparing Ethanol_c54_q1_v1.dat -> Ethanol_c54_q1_v1.out on /home/zoe/Research/Gaussian/scratch
Preparing Ethanol_c54_q2_v1.dat -> Ethanol_c54_q2_v1.out on /home/zoe/Research/Gaussian/scratch
Preparing Ethanol_c54_q3_v1.dat -> Ethanol_c54_q3_v1.out on /home/zoe/Research/Gaussian/scratch
Preparing Ethanol_c55_q1_v1.dat -> Ethanol_c55_q1_v1.out on /home/zoe/Research/Gaussian/scratch
Preparing Ethanol_c55_q2_v1.dat -> Ethanol_c55_q2_v1.out on /home/zoe/Research/Gaussian/scratch
Preparing Ethanol_c55_q3_v1.dat -> Ethanol_c55_q3_v1.out on /home/zoe/Research/Gaussian/scratch
Preparing Ethanol_c56_q1_v1.dat -> Ethanol_c56_q1_v1.out on /home/zoe/Research/Gaussian/scratch
Preparing Ethanol_c56_q2_v1.dat -> Ethanol_c56_q2_v1.out on /home/zoe/Research/Gaussian/scratch
Preparing Ethanol_c56_q3_v1.dat -> Ethanol_c56_q3_v1.out on /home/zoe/Research/Gaussian/scratch
Preparing Ethanol_c57_q1_v1.dat -> Ethanol_c57_q1_v1.out on /home/zoe/Research/Gaussian/scratch
Preparing Ethanol_c57_q2_v1.dat -> Ethanol_c57_q2_v1.out on /home/zoe/Research/Gaussian/scratch
Preparing Ethanol_c57_q3_v1.dat -> Ethanol_c57_q3_v1.out on /home/zoe/Research/Gaussian/scratch
Preparing Ethanol_c58_q1_v1.dat -> Ethanol_c58_q1_v1.out on /home/zoe/Research/Gaussian/scratch
Preparing Ethanol_c58_q2_v1.dat -> Ethanol_c58_q2_v1.out on /home/zoe/Research/Gaussian/scratch
Preparing Ethanol_c58_q3_v1.dat -> Ethanol_c58_q3_v1.out on /home/zoe/Research/Gaussian/scratch
Preparing Ethanol_c59_q1_v1.dat -> Ethanol_c59_q1_v1.out on /home/zoe/Research/Gaussian/scratch
Preparing Ethanol_c59_q2_v1.dat -> Ethanol_c59_q2_v1.out on /home/zoe/Research/Gaussian/scratch
Preparing Ethanol_c59_q3_v1.dat -> Ethanol_c59_q3_v1.out on /home/zoe/Research/Gaussian/scratch
Preparing Ethanol_c5_q1_v1.dat -> Ethanol_c5_q1_v1.out on /home/zoe/Research/Gaussian/scratch
Preparing Ethanol_c5_q2_v1.dat -> Ethanol_c5_q2_v1.out on /home/zoe/Research/Gaussian/scratch
Preparing Ethanol_c5_q3_v1.dat -> Ethanol_c5_q3_v1.out on /home/zoe/Research/Gaussian/scratch
Preparing Ethanol_c60_q1_v1.dat -> Ethanol_c60_q1_v1.out on /home/zoe/Research/Gaussian/scratch
Preparing Ethanol_c60_q2_v1.dat -> Ethanol_c60_q2_v1.out on /home/zoe/Research/Gaussian/scratch
Preparing Ethanol_c60_q3_v1.dat -> Ethanol_c60_q3_v1.out on /home/zoe/Research/Gaussian/scratch
Preparing Ethanol_c61_q1_v1.dat -> Ethanol_c61_q1_v1.out on /home/zoe/Research/Gaussian/scratch
Preparing Ethanol_c61_q2_v1.dat -> Ethanol_c61_q2_v1.out on /home/zoe/Research/Gaussian/scratch
Preparing Ethanol_c61_q3_v1.dat -> Ethanol_c61_q3_v1.out on /home/zoe/Research/Gaussian/scratch
Preparing Ethanol_c62_q1_v1.dat -> Ethanol_c62_q1_v1.out on /home/zoe/Research/Gaussian/scratch
Preparing Ethanol_c62_q2_v1.dat -> Ethanol_c62_q2_v1.out on /home/zoe/Research/Gaussian/scratch
Preparing Ethanol_c62_q3_v1.dat -> Ethanol_c62_q3_v1.out on /home/zoe/Research/Gaussian/scratch
Preparing Ethanol_c63_q1_v1.dat -> Ethanol_c63_q1_v1.out on /home/zoe/Research/Gaussian/scratch
Preparing Ethanol_c63_q2_v1.dat -> Ethanol_c63_q2_v1.out on /home/zoe/Research/Gaussian/scratch
Preparing Ethanol_c63_q3_v1.dat -> Ethanol_c63_q3_v1.out on /home/zoe/Research/Gaussian/scratch
Preparing Ethanol_c64_q1_v1.dat -> Ethanol_c64_q1_v1.out on /home/zoe/Research/Gaussian/scratch
Preparing Ethanol_c64_q2_v1.dat -> Ethanol_c64_q2_v1.out on /home/zoe/Research/Gaussian/scratch
Preparing Ethanol_c64_q3_v1.dat -> Ethanol_c64_q3_v1.out on /home/zoe/Research/Gaussian/scratch
Preparing Ethanol_c65_q1_v1.dat -> Ethanol_c65_q1_v1.out on /home/zoe/Research/Gaussian/scratch
Preparing Ethanol_c65_q2_v1.dat -> Ethanol_c65_q2_v1.out on /home/zoe/Research/Gaussian/scratch
Preparing Ethanol_c65_q3_v1.dat -> Ethanol_c65_q3_v1.out on /home/zoe/Research/Gaussian/scratch
Preparing Ethanol_c66_q1_v1.dat -> Ethanol_c66_q1_v1.out on /home/zoe/Research/Gaussian/scratch
Preparing Ethanol_c66_q2_v1.dat -> Ethanol_c66_q2_v1.out on /home/zoe/Research/Gaussian/scratch
Preparing Ethanol_c66_q3_v1.dat -> Ethanol_c66_q3_v1.out on /home/zoe/Research/Gaussian/scratch
Preparing Ethanol_c67_q1_v1.dat -> Ethanol_c67_q1_v1.out on /home/zoe/Research/Gaussian/scratch
Preparing Ethanol_c67_q2_v1.dat -> Ethanol_c67_q2_v1.out on /home/zoe/Research/Gaussian/scratch
Preparing Ethanol_c67_q3_v1.dat -> Ethanol_c67_q3_v1.out on /home/zoe/Research/Gaussian/scratch
Preparing Ethanol_c68_q1_v1.dat -> Ethanol_c68_q1_v1.out on /home/zoe/Research/Gaussian/scratch
Preparing Ethanol_c68_q2_v1.dat -> Ethanol_c68_q2_v1.out on /home/zoe/Research/Gaussian/scratch
Preparing Ethanol_c68_q3_v1.dat -> Ethanol_c68_q3_v1.out on /home/zoe/Research/Gaussian/scratch
Preparing Ethanol_c69_q1_v1.dat -> Ethanol_c69_q1_v1.out on /home/zoe/Research/Gaussian/scratch
Preparing Ethanol_c69_q2_v1.dat -> Ethanol_c69_q2_v1.out on /home/zoe/Research/Gaussian/scratch
Preparing Ethanol_c69_q3_v1.dat -> Ethanol_c69_q3_v1.out on /home/zoe/Research/Gaussian/scratch
Preparing Ethanol_c6_q1_v1.dat -> Ethanol_c6_q1_v1.out on /home/zoe/Research/Gaussian/scratch
Preparing Ethanol_c6_q2_v1.dat -> Ethanol_c6_q2_v1.out on /home/zoe/Research/Gaussian/scratch
Preparing Ethanol_c6_q3_v1.dat -> Ethanol_c6_q3_v1.out on /home/zoe/Research/Gaussian/scratch
Preparing Ethanol_c70_q1_v1.dat -> Ethanol_c70_q1_v1.out on /home/zoe/Research/Gaussian/scratch
Preparing Ethanol_c70_q2_v1.dat -> Ethanol_c70_q2_v1.out on /home/zoe/Research/Gaussian/scratch
Preparing Ethanol_c70_q3_v1.dat -> Ethanol_c70_q3_v1.out on /home/zoe/Research/Gaussian/scratch
Preparing Ethanol_c71_q1_v1.dat -> Ethanol_c71_q1_v1.out on /home/zoe/Research/Gaussian/scratch
Preparing Ethanol_c71_q2_v1.dat -> Ethanol_c71_q2_v1.out on /home/zoe/Research/Gaussian/scratch
Preparing Ethanol_c71_q3_v1.dat -> Ethanol_c71_q3_v1.out on /home/zoe/Research/Gaussian/scratch
Preparing Ethanol_c72_q1_v1.dat -> Ethanol_c72_q1_v1.out on /home/zoe/Research/Gaussian/scratch
Preparing Ethanol_c72_q2_v1.dat -> Ethanol_c72_q2_v1.out on /home/zoe/Research/Gaussian/scratch
Preparing Ethanol_c72_q3_v1.dat -> Ethanol_c72_q3_v1.out on /home/zoe/Research/Gaussian/scratch
Preparing Ethanol_c73_q1_v1.dat -> Ethanol_c73_q1_v1.out on /home/zoe/Research/Gaussian/scratch
Preparing Ethanol_c73_q2_v1.dat -> Ethanol_c73_q2_v1.out on /home/zoe/Research/Gaussian/scratch
Preparing Ethanol_c73_q3_v1.dat -> Ethanol_c73_q3_v1.out on /home/zoe/Research/Gaussian/scratch
Preparing Ethanol_c74_q1_v1.dat -> Ethanol_c74_q1_v1.out on /home/zoe/Research/Gaussian/scratch
Preparing Ethanol_c74_q2_v1.dat -> Ethanol_c74_q2_v1.out on /home/zoe/Research/Gaussian/scratch
Preparing Ethanol_c74_q3_v1.dat -> Ethanol_c74_q3_v1.out on /home/zoe/Research/Gaussian/scratch
Preparing Ethanol_c75_q1_v1.dat -> Ethanol_c75_q1_v1.out on /home/zoe/Research/Gaussian/scratch
Preparing Ethanol_c75_q2_v1.dat -> Ethanol_c75_q2_v1.out on /home/zoe/Research/Gaussian/scratch
Preparing Ethanol_c75_q3_v1.dat -> Ethanol_c75_q3_v1.out on /home/zoe/Research/Gaussian/scratch
Preparing Ethanol_c76_q1_v1.dat -> Ethanol_c76_q1_v1.out on /home/zoe/Research/Gaussian/scratch
Preparing Ethanol_c76_q2_v1.dat -> Ethanol_c76_q2_v1.out on /home/zoe/Research/Gaussian/scratch
Preparing Ethanol_c76_q3_v1.dat -> Ethanol_c76_q3_v1.out on /home/zoe/Research/Gaussian/scratch
Preparing Ethanol_c77_q1_v1.dat -> Ethanol_c77_q1_v1.out on /home/zoe/Research/Gaussian/scratch
Preparing Ethanol_c77_q2_v1.dat -> Ethanol_c77_q2_v1.out on /home/zoe/Research/Gaussian/scratch
Preparing Ethanol_c77_q3_v1.dat -> Ethanol_c77_q3_v1.out on /home/zoe/Research/Gaussian/scratch
Preparing Ethanol_c78_q1_v1.dat -> Ethanol_c78_q1_v1.out on /home/zoe/Research/Gaussian/scratch
Preparing Ethanol_c78_q2_v1.dat -> Ethanol_c78_q2_v1.out on /home/zoe/Research/Gaussian/scratch
Preparing Ethanol_c78_q3_v1.dat -> Ethanol_c78_q3_v1.out on /home/zoe/Research/Gaussian/scratch
Preparing Ethanol_c79_q1_v1.dat -> Ethanol_c79_q1_v1.out on /home/zoe/Research/Gaussian/scratch
Preparing Ethanol_c79_q2_v1.dat -> Ethanol_c79_q2_v1.out on /home/zoe/Research/Gaussian/scratch
Preparing Ethanol_c79_q3_v1.dat -> Ethanol_c79_q3_v1.out on /home/zoe/Research/Gaussian/scratch
Preparing Ethanol_c7_q1_v1.dat -> Ethanol_c7_q1_v1.out on /home/zoe/Research/Gaussian/scratch
Preparing Ethanol_c7_q2_v1.dat -> Ethanol_c7_q2_v1.out on /home/zoe/Research/Gaussian/scratch
Preparing Ethanol_c7_q3_v1.dat -> Ethanol_c7_q3_v1.out on /home/zoe/Research/Gaussian/scratch
Preparing Ethanol_c80_q1_v1.dat -> Ethanol_c80_q1_v1.out on /home/zoe/Research/Gaussian/scratch
Preparing Ethanol_c80_q2_v1.dat -> Ethanol_c80_q2_v1.out on /home/zoe/Research/Gaussian/scratch
Preparing Ethanol_c80_q3_v1.dat -> Ethanol_c80_q3_v1.out on /home/zoe/Research/Gaussian/scratch
Preparing Ethanol_c81_q1_v1.dat -> Ethanol_c81_q1_v1.out on /home/zoe/Research/Gaussian/scratch
Preparing Ethanol_c81_q2_v1.dat -> Ethanol_c81_q2_v1.out on /home/zoe/Research/Gaussian/scratch
Preparing Ethanol_c81_q3_v1.dat -> Ethanol_c81_q3_v1.out on /home/zoe/Research/Gaussian/scratch
Preparing Ethanol_c82_q1_v1.dat -> Ethanol_c82_q1_v1.out on /home/zoe/Research/Gaussian/scratch
Preparing Ethanol_c82_q2_v1.dat -> Ethanol_c82_q2_v1.out on /home/zoe/Research/Gaussian/scratch
Preparing Ethanol_c82_q3_v1.dat -> Ethanol_c82_q3_v1.out on /home/zoe/Research/Gaussian/scratch
Preparing Ethanol_c83_q1_v1.dat -> Ethanol_c83_q1_v1.out on /home/zoe/Research/Gaussian/scratch
Preparing Ethanol_c83_q2_v1.dat -> Ethanol_c83_q2_v1.out on /home/zoe/Research/Gaussian/scratch
Preparing Ethanol_c83_q3_v1.dat -> Ethanol_c83_q3_v1.out on /home/zoe/Research/Gaussian/scratch
Preparing Ethanol_c84_q1_v1.dat -> Ethanol_c84_q1_v1.out on /home/zoe/Research/Gaussian/scratch
Preparing Ethanol_c84_q2_v1.dat -> Ethanol_c84_q2_v1.out on /home/zoe/Research/Gaussian/scratch
Preparing Ethanol_c84_q3_v1.dat -> Ethanol_c84_q3_v1.out on /home/zoe/Research/Gaussian/scratch
Preparing Ethanol_c85_q1_v1.dat -> Ethanol_c85_q1_v1.out on /home/zoe/Research/Gaussian/scratch
Preparing Ethanol_c85_q2_v1.dat -> Ethanol_c85_q2_v1.out on /home/zoe/Research/Gaussian/scratch
Preparing Ethanol_c85_q3_v1.dat -> Ethanol_c85_q3_v1.out on /home/zoe/Research/Gaussian/scratch
Preparing Ethanol_c86_q1_v1.dat -> Ethanol_c86_q1_v1.out on /home/zoe/Research/Gaussian/scratch
Preparing Ethanol_c86_q2_v1.dat -> Ethanol_c86_q2_v1.out on /home/zoe/Research/Gaussian/scratch
Preparing Ethanol_c86_q3_v1.dat -> Ethanol_c86_q3_v1.out on /home/zoe/Research/Gaussian/scratch
Preparing Ethanol_c87_q1_v1.dat -> Ethanol_c87_q1_v1.out on /home/zoe/Research/Gaussian/scratch
Preparing Ethanol_c87_q2_v1.dat -> Ethanol_c87_q2_v1.out on /home/zoe/Research/Gaussian/scratch
Preparing Ethanol_c87_q3_v1.dat -> Ethanol_c87_q3_v1.out on /home/zoe/Research/Gaussian/scratch
Preparing Ethanol_c88_q1_v1.dat -> Ethanol_c88_q1_v1.out on /home/zoe/Research/Gaussian/scratch
Preparing Ethanol_c88_q2_v1.dat -> Ethanol_c88_q2_v1.out on /home/zoe/Research/Gaussian/scratch
Preparing Ethanol_c88_q3_v1.dat -> Ethanol_c88_q3_v1.out on /home/zoe/Research/Gaussian/scratch
Preparing Ethanol_c89_q1_v1.dat -> Ethanol_c89_q1_v1.out on /home/zoe/Research/Gaussian/scratch
Preparing Ethanol_c89_q2_v1.dat -> Ethanol_c89_q2_v1.out on /home/zoe/Research/Gaussian/scratch
Preparing Ethanol_c89_q3_v1.dat -> Ethanol_c89_q3_v1.out on /home/zoe/Research/Gaussian/scratch
Preparing Ethanol_c8_q1_v1.dat -> Ethanol_c8_q1_v1.out on /home/zoe/Research/Gaussian/scratch
Preparing Ethanol_c8_q2_v1.dat -> Ethanol_c8_q2_v1.out on /home/zoe/Research/Gaussian/scratch
Preparing Ethanol_c8_q3_v1.dat -> Ethanol_c8_q3_v1.out on /home/zoe/Research/Gaussian/scratch
Preparing Ethanol_c90_q1_v1.dat -> Ethanol_c90_q1_v1.out on /home/zoe/Research/Gaussian/scratch
Preparing Ethanol_c90_q2_v1.dat -> Ethanol_c90_q2_v1.out on /home/zoe/Research/Gaussian/scratch
Preparing Ethanol_c90_q3_v1.dat -> Ethanol_c90_q3_v1.out on /home/zoe/Research/Gaussian/scratch
Preparing Ethanol_c91_q1_v1.dat -> Ethanol_c91_q1_v1.out on /home/zoe/Research/Gaussian/scratch
Preparing Ethanol_c91_q2_v1.dat -> Ethanol_c91_q2_v1.out on /home/zoe/Research/Gaussian/scratch
Preparing Ethanol_c91_q3_v1.dat -> Ethanol_c91_q3_v1.out on /home/zoe/Research/Gaussian/scratch
Preparing Ethanol_c92_q1_v1.dat -> Ethanol_c92_q1_v1.out on /home/zoe/Research/Gaussian/scratch
Preparing Ethanol_c92_q2_v1.dat -> Ethanol_c92_q2_v1.out on /home/zoe/Research/Gaussian/scratch
Preparing Ethanol_c92_q3_v1.dat -> Ethanol_c92_q3_v1.out on /home/zoe/Research/Gaussian/scratch
Preparing Ethanol_c93_q1_v1.dat -> Ethanol_c93_q1_v1.out on /home/zoe/Research/Gaussian/scratch
Preparing Ethanol_c93_q2_v1.dat -> Ethanol_c93_q2_v1.out on /home/zoe/Research/Gaussian/scratch
Preparing Ethanol_c93_q3_v1.dat -> Ethanol_c93_q3_v1.out on /home/zoe/Research/Gaussian/scratch
Preparing Ethanol_c94_q1_v1.dat -> Ethanol_c94_q1_v1.out on /home/zoe/Research/Gaussian/scratch
Preparing Ethanol_c94_q2_v1.dat -> Ethanol_c94_q2_v1.out on /home/zoe/Research/Gaussian/scratch
Preparing Ethanol_c94_q3_v1.dat -> Ethanol_c94_q3_v1.out on /home/zoe/Research/Gaussian/scratch
Preparing Ethanol_c95_q1_v1.dat -> Ethanol_c95_q1_v1.out on /home/zoe/Research/Gaussian/scratch
Preparing Ethanol_c95_q2_v1.dat -> Ethanol_c95_q2_v1.out on /home/zoe/Research/Gaussian/scratch
Preparing Ethanol_c95_q3_v1.dat -> Ethanol_c95_q3_v1.out on /home/zoe/Research/Gaussian/scratch
Preparing Ethanol_c96_q1_v1.dat -> Ethanol_c96_q1_v1.out on /home/zoe/Research/Gaussian/scratch
Error: segmentation violation
   rax 0000000000000000, rbx ffffffffffffffff, rcx 0000106b4fe4275b
   rdx 0000000000000000, rsp 00007ffe7227aba8, rbp 00007ffe7227b180
   rsi 000000000000000b, rdi 000000000004a63e, r8  0000106a0fdf5000
   r9  0000000000000000, r10 0000106b4fe12f60, r11 0000000000000202
   r12 0000000000000000, r13 0000000000000000, r14 00007ffe7227b1c8
   r15 0000000031973df8
  --- traceback not available
Aborted (core dumped)
Preparing Ethanol_c96_q2_v1.dat -> Ethanol_c96_q2_v1.out on /home/zoe/Research/Gaussian/scratch
Preparing Ethanol_c96_q3_v1.dat -> Ethanol_c96_q3_v1.out on /home/zoe/Research/Gaussian/scratch
Preparing Ethanol_c97_q1_v1.dat -> Ethanol_c97_q1_v1.out on /home/zoe/Research/Gaussian/scratch
Preparing Ethanol_c97_q2_v1.dat -> Ethanol_c97_q2_v1.out on /home/zoe/Research/Gaussian/scratch
Preparing Ethanol_c97_q3_v1.dat -> Ethanol_c97_q3_v1.out on /home/zoe/Research/Gaussian/scratch
Preparing Ethanol_c98_q1_v1.dat -> Ethanol_c98_q1_v1.out on /home/zoe/Research/Gaussian/scratch
Preparing Ethanol_c98_q2_v1.dat -> Ethanol_c98_q2_v1.out on /home/zoe/Research/Gaussian/scratch
Preparing Ethanol_c98_q3_v1.dat -> Ethanol_c98_q3_v1.out on /home/zoe/Research/Gaussian/scratch
Preparing Ethanol_c99_q1_v1.dat -> Ethanol_c99_q1_v1.out on /home/zoe/Research/Gaussian/scratch
Preparing Ethanol_c99_q2_v1.dat -> Ethanol_c99_q2_v1.out on /home/zoe/Research/Gaussian/scratch
Preparing Ethanol_c99_q3_v1.dat -> Ethanol_c99_q3_v1.out on /home/zoe/Research/Gaussian/scratch
Preparing Ethanol_c9_q1_v1.dat -> Ethanol_c9_q1_v1.out on /home/zoe/Research/Gaussian/scratch
Preparing Ethanol_c9_q2_v1.dat -> Ethanol_c9_q2_v1.out on /home/zoe/Research/Gaussian/scratch
Preparing Ethanol_c9_q3_v1.dat -> Ethanol_c9_q3_v1.out on /home/zoe/Research/Gaussian/scratch

./opt-test-SCEE/Ethanol_c195_q3.out ./opt-test-SCEE/Ethanol_c195_q3_v1.dat
./opt-test-SCEE/Ethanol_c170_q1.out ./opt-test-SCEE/Ethanol_c170_q1_v1.dat
./opt-test-SCEE/Ethanol_c62_q1.out ./opt-test-SCEE/Ethanol_c62_q1_v1.dat
./opt-test-SCEE/Ethanol_c154_q2.out ./opt-test-SCEE/Ethanol_c154_q2_v1.dat
./opt-test-SCEE/Ethanol_c96_q2.out ./opt-test-SCEE/Ethanol_c96_q2_v1.dat
./opt-test-SCEE/Ethanol_c162_q2.out ./opt-test-SCEE/Ethanol_c162_q2_v1.dat
./opt-test-SCEE/Ethanol_c174_q2.out ./opt-test-SCEE/Ethanol_c174_q2_v1.dat
./opt-test-SCEE/Ethanol_c78_q1.out ./opt-test-SCEE/Ethanol_c78_q1_v1.dat
./opt-test-SCEE/Ethanol_c193_q3.out ./opt-test-SCEE/Ethanol_c193_q3_v1.dat
./opt-test-SCEE/Ethanol_c92_q2.out ./opt-test-SCEE/Ethanol_c92_q2_v1.dat
./opt-test-SCEE/Ethanol_c129_q2.out ./opt-test-SCEE/Ethanol_c129_q2_v1.dat
./opt-test-SCEE/Ethanol_c73_q1.out ./opt-test-SCEE/Ethanol_c73_q1_v1.dat
./opt-test-SCEE/Ethanol_c77_q2.out ./opt-test-SCEE/Ethanol_c77_q2_v1.dat
./opt-test-SCEE/Ethanol_c35_q1.out ./opt-test-SCEE/Ethanol_c35_q1_v1.dat
./opt-test-SCEE/Ethanol_c45_q2.out ./opt-test-SCEE/Ethanol_c45_q2_v1.dat
./opt-test-SCEE/Ethanol_c148_q2.out ./opt-test-SCEE/Ethanol_c148_q2_v1.dat
./opt-test-SCEE/Ethanol_c107_q1.out ./opt-test-SCEE/Ethanol_c107_q1_v1.dat
./opt-test-SCEE/Ethanol_c142_q2.out ./opt-test-SCEE/Ethanol_c142_q2_v1.dat
./opt-test-SCEE/Ethanol_c114_q2.out ./opt-test-SCEE/Ethanol_c114_q2_v1.dat
./opt-test-SCEE/Ethanol_c50_q2.out ./opt-test-SCEE/Ethanol_c50_q2_v1.dat
./opt-test-SCEE/Ethanol_c30_q2.out ./opt-test-SCEE/Ethanol_c30_q2_v1.dat
./opt-test-SCEE/Ethanol_c110_q3.out ./opt-test-SCEE/Ethanol_c110_q3_v1.dat
./opt-test-SCEE/Ethanol_c180_q1.out ./opt-test-SCEE/Ethanol_c180_q1_v1.dat
./opt-test-SCEE/Ethanol_c176_q2.out ./opt-test-SCEE/Ethanol_c176_q2_v1.dat
./opt-test-SCEE/Ethanol_c115_q3.out ./opt-test-SCEE/Ethanol_c115_q3_v1.dat
./opt-test-SCEE/Ethanol_c73_q3.out ./opt-test-SCEE/Ethanol_c73_q3_v1.dat
./opt-test-SCEE/Ethanol_c167_q1.out ./opt-test-SCEE/Ethanol_c167_q1_v1.dat
./opt-test-SCEE/Ethanol_c128_q3.out ./opt-test-SCEE/Ethanol_c128_q3_v1.dat
./opt-test-SCEE/Ethanol_c190_q1.out ./opt-test-SCEE/Ethanol_c190_q1_v1.dat
./opt-test-SCEE/Ethanol_c39_q1.out ./opt-test-SCEE/Ethanol_c39_q1_v1.dat
./opt-test-SCEE/Ethanol_c89_q1.out ./opt-test-SCEE/Ethanol_c89_q1_v1.dat
./opt-test-SCEE/Ethanol_c167_q3.out ./opt-test-SCEE/Ethanol_c167_q3_v1.dat
./opt-test-SCEE/Ethanol_c14_q1.out ./opt-test-SCEE/Ethanol_c14_q1_v1.dat
./opt-test-SCEE/Ethanol_c19_q2.out ./opt-test-SCEE/Ethanol_c19_q2_v1.dat
./opt-test-SCEE/Ethanol_c160_q1.out ./opt-test-SCEE/Ethanol_c160_q1_v1.dat
./opt-test-SCEE/Ethanol_c41_q1.out ./opt-test-SCEE/Ethanol_c41_q1_v1.dat
./opt-test-SCEE/Ethanol_c189_q2.out ./opt-test-SCEE/Ethanol_c189_q2_v1.dat
./opt-test-SCEE/Ethanol_c1_q2.out ./opt-test-SCEE/Ethanol_c1_q2_v1.dat
./opt-test-SCEE/Ethanol_c147_q3.out ./opt-test-SCEE/Ethanol_c147_q3_v1.dat
./opt-test-SCEE/Ethanol_c8_q1.out ./opt-test-SCEE/Ethanol_c8_q1_v1.dat
./opt-test-SCEE/Ethanol_c97_q2.out ./opt-test-SCEE/Ethanol_c97_q2_v1.dat
./opt-test-SCEE/Ethanol_c171_q3.out ./opt-test-SCEE/Ethanol_c171_q3_v1.dat
./opt-test-SCEE/Ethanol_c54_q2.out ./opt-test-SCEE/Ethanol_c54_q2_v1.dat
./opt-test-SCEE/Ethanol_c192_q3.out ./opt-test-SCEE/Ethanol_c192_q3_v1.dat
./opt-test-SCEE/Ethanol_c100_q1.out ./opt-test-SCEE/Ethanol_c100_q1_v1.dat
         dipole_l    dipole_m    dipole_h
count  196.000000  196.000000  196.000000
mean     2.475670    2.968390    3.936393
std      0.560475    1.141515    1.945029
min      1.778400    0.841400    0.788500
25%      2.254850    2.502650    2.829175
50%      2.387650    2.696000    3.139700
75%      2.529275    2.910925    4.115550
max      5.870600    8.143700   11.169100
  config  dipole_l  dipole_m  dipole_h
0    134    2.3424    2.6344    2.9457
1    136    2.6613    3.0179    3.3851
2    104    2.4240    7.9844   11.1691
3     50    2.4909    2.3673    3.5340
4    176    2.2427    2.4498    2.6998
Plotting distribution for Ethanol
Traceback (most recent call last):
  File "/home/zoe/Research/SCEE_Project/Ethanol_MJ/Run_SCEE.py", line 731, in <module>
    plot_dipoledist(central,k=IQR_K)
    ~~~~~~~~~~~~~~~^^^^^^^^^^^^^^^^^
  File "/home/zoe/Research/SCEE_Project/Ethanol_MJ/Run_SCEE.py", line 157, in plot_dipoledist
    x_all = df['mu_liquid'].astype(float).to_numpy()
            ~~^^^^^^^^^^^^^
  File "/home/zoe/miniconda3/lib/python3.13/site-packages/pandas/core/frame.py", line 4107, in __getitem__
    indexer = self.columns.get_loc(key)
  File "/home/zoe/miniconda3/lib/python3.13/site-packages/pandas/core/indexes/range.py", line 417, in get_loc
    raise KeyError(key)
KeyError: 'mu_liquid'
NOTE: Some configuration directories are not set up yet: 
	/home/zoe/.gromacswrapper
	/home/zoe/.gromacswrapper/qscripts
	/home/zoe/.gromacswrapper/templates
NOTE: You can create the configuration file and directories with:
	>>> import gromacs
	>>> gromacs.config.setup()
Before starting the calculations there is some information and formatting that is required from you. This is important for ensuring the scripts being applied function as intended.
We are able to create the system of interest through our python scripts. If this is a requirement, you will need to provide the gro files containing the AA {central}_AA.gro and UA {solvent}_UAS.gro and associated topology files for these molecules. The central atom will be equilibrated, minimised and have the number of requested solvent atoms added to a 5*5*5 box. Please ensure the central and solvent atoms are given different names in this case. If this isn't required the gro file for the system should be titled either {central}.gro for a system of all the same molecules or {central}_in_{solvent}.gro if for a mixture.
For systems that require the application of both UA and AA molecules that appears differently in the topology file, we request that these are separated into different .itp files labelled in the following format:f'{central}_AA.itp' and f'{solvent}_UA.itp', listed in the topology file using the #include notation. If your system is a mixture it should be labeled using f'{central}_in_{solvent}.top'. Otherwise, if using using a system that appears the same in the topology file when split into UA and AA we request that these are included as f'{central}.top'. You will be asked for the name of your central and solvent molecule names for this purposes.
There are some additional requirements for the formating of your topology file. If a dummy atom is present, ensure the [atomtypes] section, either within the topology file or associated forcefield contains the following columns ;name typ MW q dummy V@nm W@kj/mol where A represents atom and D represents the dummy. If not, the following column structure is accepted ;name typ MW q V@nm W@kj/mol. This is require for the generation of the oniom file.
With this information are you ready to get started? yes or no?
Please continue with the next steps
Does your system require separated .itp files? yes/no?
What is your central and solvent molecues?
Central molecules?
Its SMILE String?
Its residue name?
Surrounding Solvent?
Its SMILE String?
Its residue name?
What is your solvent keyword for Gaussian?
Does the central atom you are using require the application of a dummy atom?
What is the scaling ratio for your charges?
qr1:
qr2:
qr3:
Do you need the gro system generated?
What is the experimental density of your?
What is the molar mass of your?
What is the experimental dielectric constant of your molecule?
What is the experimental refractive index of your molecule?
What is the experimental dipole moment of your molecule in the gas phase?
How many replicas would you like to run?
What temperatures (in K) would you like to run your simulations to run at? (please use 1, 2, ... format)
What pressures (in K) would you like to run your simulations to run at? (please use 1, 2, ... format)
24.0
2567
2.0475
opt-test_vacuum/nvt_vacuum.out opt-test dipole_l 1.5801
opt-test_vacuum/nvt_vacuum.out opt-test dipole_m 1.5801
opt-test_vacuum/nvt_vacuum.out opt-test dipole_h 1.5801
opt-test
       dipole_l  dipole_m  dipole_h
count    1.0000    1.0000    1.0000
mean     1.5801    1.5801    1.5801
std         NaN       NaN       NaN
min      1.5801    1.5801    1.5801
25%      1.5801    1.5801    1.5801
50%      1.5801    1.5801    1.5801
75%      1.5801    1.5801    1.5801
max      1.5801    1.5801    1.5801
     config  dipole_l  dipole_m  dipole_h
0  opt-test    1.5801    1.5801    1.5801
2.1168
   dipole_l  dipole_m  dipole_h
0    2.1168    2.1168    2.1168
       dipole_l  dipole_m  dipole_h
count    1.0000    1.0000    1.0000
mean     2.1168    2.1168    2.1168
std         NaN       NaN       NaN
min      2.1168    2.1168    2.1168
25%      2.1168    2.1168    2.1168
50%      2.1168    2.1168    2.1168
75%      2.1168    2.1168    2.1168
max      2.1168    2.1168    2.1168
   dipole_l  dipole_m  dipole_h
0    2.1168    2.1168    2.1168
2.1155
   dipole_l  dipole_m  dipole_h
0    2.1155    2.1155    2.1155
       dipole_l  dipole_m  dipole_h
count    1.0000    1.0000    1.0000
mean     2.1155    2.1155    2.1155
std         NaN       NaN       NaN
min      2.1155    2.1155    2.1155
25%      2.1155    2.1155    2.1155
50%      2.1155    2.1155    2.1155
75%      2.1155    2.1155    2.1155
max      2.1155    2.1155    2.1155
   dipole_l  dipole_m  dipole_h
0    2.1155    2.1155    2.1155
['./Simulations/replica_1/298.0K/1.0Bar']
original directory: /home/zoe/Research/SCEE_Project/Ethanol_MJ_2
Running on host: Tower3
/home/zoe/Research/SCEE_Project/Ethanol_MJ_2/Simulations/replica_1/298.0K/1.0Bar
         dipole_l    dipole_m    dipole_h
count  196.000000  196.000000  196.000000
mean     2.475670    2.968390    3.936393
std      0.560475    1.141515    1.945029
min      1.778400    0.841400    0.788500
25%      2.254850    2.502650    2.829175
50%      2.387650    2.696000    3.139700
75%      2.529275    2.910925    4.115550
max      5.870600    8.143700   11.169100
  config  dipole_l  dipole_m  dipole_h
0    134    2.3424    2.6344    2.9457
1    136    2.6613    3.0179    3.3851
2    104    2.4240    7.9844   11.1691
3     50    2.4909    2.3673    3.5340
4    176    2.2427    2.4498    2.6998
Plotting distribution for Ethanol
Molecule  N_total  N_kept  N_outliers  mean_D  std_D  median_D  IQR_lo  IQR_hi    q1    q3
 Ethanol      196     180          16  2.5678 0.4428    2.4989  1.0859   4.006 2.254 2.838
Molecule  N_total  N_kept  N_outliers  mean_D  std_D  median_D  IQR_lo  IQR_hi    q1    q3
 Ethanol      196     180          16  2.5678 0.4428    2.4989  1.0859   4.006 2.254 2.838
0    True
dtype: bool
Data saved in ../figures/vectors/Results_EthanolUA.csv
NOTE: Some configuration directories are not set up yet: 
	/home/zoe/.gromacswrapper
	/home/zoe/.gromacswrapper/qscripts
	/home/zoe/.gromacswrapper/templates
NOTE: You can create the configuration file and directories with:
	>>> import gromacs
	>>> gromacs.config.setup()
Before starting the calculations there is some information and formatting that is required from you. This is important for ensuring the scripts being applied function as intended.
We are able to create the system of interest through our python scripts. If this is a requirement, you will need to provide the gro files containing the AA {central}_AA.gro and UA {solvent}_UAS.gro and associated topology files for these molecules. The central atom will be equilibrated, minimised and have the number of requested solvent atoms added to a 5*5*5 box. Please ensure the central and solvent atoms are given different names in this case. If this isn't required the gro file for the system should be titled either {central}.gro for a system of all the same molecules or {central}_in_{solvent}.gro if for a mixture.
For systems that require the application of both UA and AA molecules that appears differently in the topology file, we request that these are separated into different .itp files labelled in the following format:f'{central}_AA.itp' and f'{solvent}_UA.itp', listed in the topology file using the #include notation. If your system is a mixture it should be labeled using f'{central}_in_{solvent}.top'. Otherwise, if using using a system that appears the same in the topology file when split into UA and AA we request that these are included as f'{central}.top'. You will be asked for the name of your central and solvent molecule names for this purposes.
There are some additional requirements for the formating of your topology file. If a dummy atom is present, ensure the [atomtypes] section, either within the topology file or associated forcefield contains the following columns ;name typ MW q dummy V@nm W@kj/mol where A represents atom and D represents the dummy. If not, the following column structure is accepted ;name typ MW q V@nm W@kj/mol. This is require for the generation of the oniom file.
With this information are you ready to get started? yes or no?
Please continue with the next steps
Does your system require separated .itp files? yes/no?
What is your central and solvent molecues?
Central molecules?
Its SMILE String?
Its residue name?
Surrounding Solvent?
Its SMILE String?
Its residue name?
What is your solvent keyword for Gaussian?
Does the central atom you are using require the application of a dummy atom?
What is the scaling ratio for your charges?
qr1:
qr2:
qr3:
Do you need the gro system generated?
What is the experimental density of your?
What is the molar mass of your?
What is the experimental dielectric constant of your molecule?
What is the experimental refractive index of your molecule?
What is the experimental dipole moment of your molecule in the gas phase?
How many replicas would you like to run?
What temperatures (in K) would you like to run your simulations to run at? (please use 1, 2, ... format)
What pressures (in K) would you like to run your simulations to run at? (please use 1, 2, ... format)
24.0
2567
2.0475
opt-test_vacuum/nvt_vacuum.out opt-test dipole_l 1.5801
opt-test_vacuum/nvt_vacuum.out opt-test dipole_m 1.5801
opt-test_vacuum/nvt_vacuum.out opt-test dipole_h 1.5801
opt-test
       dipole_l  dipole_m  dipole_h
count    1.0000    1.0000    1.0000
mean     1.5801    1.5801    1.5801
std         NaN       NaN       NaN
min      1.5801    1.5801    1.5801
25%      1.5801    1.5801    1.5801
50%      1.5801    1.5801    1.5801
75%      1.5801    1.5801    1.5801
max      1.5801    1.5801    1.5801
     config  dipole_l  dipole_m  dipole_h
0  opt-test    1.5801    1.5801    1.5801
2.1168
   dipole_l  dipole_m  dipole_h
0    2.1168    2.1168    2.1168
       dipole_l  dipole_m  dipole_h
count    1.0000    1.0000    1.0000
mean     2.1168    2.1168    2.1168
std         NaN       NaN       NaN
min      2.1168    2.1168    2.1168
25%      2.1168    2.1168    2.1168
50%      2.1168    2.1168    2.1168
75%      2.1168    2.1168    2.1168
max      2.1168    2.1168    2.1168
   dipole_l  dipole_m  dipole_h
0    2.1168    2.1168    2.1168
2.1155
   dipole_l  dipole_m  dipole_h
0    2.1155    2.1155    2.1155
       dipole_l  dipole_m  dipole_h
count    1.0000    1.0000    1.0000
mean     2.1155    2.1155    2.1155
std         NaN       NaN       NaN
min      2.1155    2.1155    2.1155
25%      2.1155    2.1155    2.1155
50%      2.1155    2.1155    2.1155
75%      2.1155    2.1155    2.1155
max      2.1155    2.1155    2.1155
   dipole_l  dipole_m  dipole_h
0    2.1155    2.1155    2.1155
['./Simulations/replica_1/298.0K/1.0Bar']
original directory: /home/zoe/Research/SCEE_Project/Ethanol_MJ_2
Running on host: Tower3
/home/zoe/Research/SCEE_Project/Ethanol_MJ_2/Simulations/replica_1/298.0K/1.0Bar
processing conf_*.gro files
['./Ethanol_c85_q2.inp', './Ethanol_c45_q2.inp', './Ethanol_c188_q3.inp', './Ethanol_c41_q3.inp', './Ethanol_c114_q1.inp', './Ethanol_c80_q2.inp', './Ethanol_c15_q2.inp', './Ethanol_c149_q1.inp', './Ethanol_c110_q3.inp', './Ethanol_c115_q2.inp', './Ethanol_c67_q2.inp', './Ethanol_c149_q3.inp', './Ethanol_c51_q1.inp', './Ethanol_c69_q3.inp', './Ethanol_c199_q2.inp', './Ethanol_c84_q3.inp', './Ethanol_c172_q1.inp', './Ethanol_c23_q1.inp', './Ethanol_c32_q1.inp', './Ethanol_c69_q1.inp', './Ethanol_c165_q1.inp', './Ethanol_c84_q1.inp', './Ethanol_c183_q3.inp', './Ethanol_c168_q3.inp', './Ethanol_c165_q3.inp', './Ethanol_c33_q1.inp', './Ethanol_c76_q2.inp', './Ethanol_c198_q1.inp', './Ethanol_c147_q3.inp', './Ethanol_c111_q1.inp', './Ethanol_c13_q1.inp', './Ethanol_c7_q1.inp', './Ethanol_c130_q2.inp', './Ethanol_c65_q1.inp', './Ethanol_c138_q3.inp', './Ethanol_c177_q1.inp', './Ethanol_c150_q2.inp', './Ethanol_c62_q2.inp', './Ethanol_c170_q2.inp', './Ethanol_c14_q2.inp', './Ethanol_c59_q3.inp', './Ethanol_c112_q1.inp', './Ethanol_c174_q1.inp', './Ethanol_c30_q2.inp', './Ethanol_c176_q3.inp', './Ethanol_c23_q2.inp', './Ethanol_c94_q1.inp', './Ethanol_c100_q1.inp', './Ethanol_c50_q1.inp', './Ethanol_c54_q1.inp', './Ethanol_c171_q2.inp', './Ethanol_c116_q1.inp', './Ethanol_c157_q1.inp', './Ethanol_c112_q2.inp', './Ethanol_c101_q3.inp', './Ethanol_c43_q1.inp', './Ethanol_c9_q2.inp', './Ethanol_c94_q3.inp', './Ethanol_c196_q2.inp', './Ethanol_c146_q1.inp', './Ethanol_c26_q3.inp', './Ethanol_c68_q1.inp', './Ethanol_c166_q2.inp', './Ethanol_c91_q2.inp', './Ethanol_c128_q3.inp', './Ethanol_c186_q3.inp', './Ethanol_c88_q3.inp', './Ethanol_c73_q2.inp', './Ethanol_c15_q1.inp', './Ethanol_c193_q1.inp', './Ethanol_c64_q1.inp', './Ethanol_c30_q1.inp', './Ethanol_c126_q1.inp', './Ethanol_c50_q2.inp', './Ethanol_c153_q2.inp', './Ethanol_c5_q2.inp', './Ethanol_c38_q3.inp', './Ethanol_c125_q2.inp', './Ethanol_c146_q2.inp', './Ethanol_c144_q2.inp', './Ethanol_c87_q1.inp', './Ethanol_c80_q1.inp', './Ethanol_c19_q1.inp', './Ethanol_c137_q1.inp', './Ethanol_c3_q2.inp', './Ethanol_c85_q3.inp', './Ethanol_c10_q3.inp', './Ethanol_c58_q2.inp', './Ethanol_c107_q3.inp', './Ethanol_c77_q3.inp', './Ethanol_c143_q3.inp', './Ethanol_c5_q3.inp', './Ethanol_c97_q1.inp', './Ethanol_c62_q3.inp', './Ethanol_c12_q2.inp', './Ethanol_c75_q1.inp', './Ethanol_c89_q3.inp', './Ethanol_c164_q1.inp', './Ethanol_c7_q3.inp', './Ethanol_c53_q3.inp', './Ethanol_c81_q1.inp', './Ethanol_c190_q2.inp', './Ethanol_c8_q1.inp', './Ethanol_c136_q3.inp', './Ethanol_c2_q3.inp', './Ethanol_c119_q2.inp', './Ethanol_c20_q3.inp', './Ethanol_c141_q3.inp', './Ethanol_c117_q2.inp', './Ethanol_c154_q2.inp', './Ethanol_c108_q1.inp', './Ethanol_c175_q3.inp', './Ethanol_c110_q2.inp', './Ethanol_c52_q1.inp', './Ethanol_c43_q2.inp', './Ethanol_c113_q2.inp', './Ethanol_c93_q2.inp', './Ethanol_c39_q3.inp', './Ethanol_c181_q2.inp', './Ethanol_c194_q1.inp', './Ethanol_c28_q2.inp', './Ethanol_c163_q3.inp', './Ethanol_c108_q3.inp', './Ethanol_c65_q3.inp', './Ethanol_c101_q2.inp', './Ethanol_c104_q2.inp', './Ethanol_c84_q2.inp', './Ethanol_c10_q2.inp', './Ethanol_c132_q3.inp', './Ethanol_c182_q1.inp', './Ethanol_c32_q3.inp', './Ethanol_c46_q2.inp', './Ethanol_c156_q3.inp', './Ethanol_c195_q1.inp', './Ethanol_c2_q1.inp', './Ethanol_c41_q1.inp', './Ethanol_c60_q2.inp', './Ethanol_c86_q2.inp', './Ethanol_c182_q3.inp', './Ethanol_c162_q1.inp', './Ethanol_c109_q1.inp', './Ethanol_c95_q3.inp', './Ethanol_c17_q3.inp', './Ethanol_c124_q3.inp', './Ethanol_c118_q2.inp', './Ethanol_c56_q3.inp', './Ethanol_c31_q2.inp', './Ethanol_c95_q1.inp', './Ethanol_c159_q1.inp', './Ethanol_c25_q2.inp', './Ethanol_c149_q2.inp', './Ethanol_c4_q1.inp', './Ethanol_c190_q1.inp', './Ethanol_c127_q1.inp', './Ethanol_c118_q3.inp', './Ethanol_c61_q1.inp', './Ethanol_c133_q2.inp', './Ethanol_c40_q2.inp', './Ethanol_c184_q1.inp', './Ethanol_c162_q3.inp', './Ethanol_c22_q1.inp', './Ethanol_c37_q1.inp', './Ethanol_c116_q2.inp', './Ethanol_c170_q3.inp', './Ethanol_c78_q2.inp', './Ethanol_c12_q1.inp', './Ethanol_c137_q2.inp', './Ethanol_c197_q2.inp', './Ethanol_c176_q2.inp', './Ethanol_c110_q1.inp', './Ethanol_c106_q1.inp', './Ethanol_c184_q3.inp', './Ethanol_c114_q3.inp', './Ethanol_c26_q1.inp', './Ethanol_c56_q1.inp', './Ethanol_c178_q3.inp', './Ethanol_c151_q2.inp', './Ethanol_c14_q3.inp', './Ethanol_c128_q1.inp', './Ethanol_c199_q3.inp', './Ethanol_c11_q1.inp', './Ethanol_c197_q3.inp', './Ethanol_c19_q2.inp', './Ethanol_c47_q2.inp', './Ethanol_c189_q3.inp', './Ethanol_c54_q3.inp', './Ethanol_c11_q3.inp', './Ethanol_c140_q3.inp', './Ethanol_c42_q3.inp', './Ethanol_c71_q1.inp', './Ethanol_c70_q2.inp', './Ethanol_c74_q1.inp', './Ethanol_c81_q2.inp', './Ethanol_c187_q2.inp', './Ethanol_c93_q3.inp', './Ethanol_c180_q3.inp', './Ethanol_c135_q2.inp', './Ethanol_c105_q2.inp', './Ethanol_c151_q1.inp', './Ethanol_c158_q2.inp', './Ethanol_c173_q3.inp', './Ethanol_c134_q1.inp', './Ethanol_c83_q3.inp', './Ethanol_c49_q3.inp', './Ethanol_c34_q3.inp', './Ethanol_c194_q2.inp', './Ethanol_c57_q1.inp', './Ethanol_c98_q1.inp', './Ethanol_c25_q3.inp', './Ethanol_c194_q3.inp', './Ethanol_c188_q1.inp', './Ethanol_c162_q2.inp', './Ethanol_c7_q2.inp', './Ethanol_c112_q3.inp', './Ethanol_c147_q1.inp', './Ethanol_c159_q3.inp', './Ethanol_c98_q3.inp', './Ethanol_c143_q2.inp', './Ethanol_c161_q2.inp', './Ethanol_c191_q3.inp', './Ethanol_c20_q2.inp', './Ethanol_c132_q1.inp', './Ethanol_c8_q3.inp', './Ethanol_c97_q3.inp', './Ethanol_c167_q2.inp', './Ethanol_c18_q1.inp', './Ethanol_c43_q3.inp', './Ethanol_c164_q2.inp', './Ethanol_c62_q1.inp', './Ethanol_c127_q2.inp', './Ethanol_c47_q3.inp', './Ethanol_c143_q1.inp', './Ethanol_c167_q3.inp', './Ethanol_c178_q2.inp', './Ethanol_c124_q1.inp', './Ethanol_c150_q1.inp', './Ethanol_c77_q2.inp', './Ethanol_c72_q1.inp', './Ethanol_c120_q1.inp', './Ethanol_c77_q1.inp', './Ethanol_c11_q2.inp', './Ethanol_c141_q2.inp', './Ethanol_c56_q2.inp', './Ethanol_c55_q2.inp', './Ethanol_c8_q2.inp', './Ethanol_c196_q3.inp', './Ethanol_c129_q2.inp', './Ethanol_c133_q1.inp', './Ethanol_c124_q2.inp', './Ethanol_c4_q3.inp', './Ethanol_c21_q3.inp', './Ethanol_c197_q1.inp', './Ethanol_c103_q2.inp', './Ethanol_c92_q1.inp', './Ethanol_c53_q1.inp', './Ethanol_c13_q2.inp', './Ethanol_c16_q3.inp', './Ethanol_c72_q3.inp', './Ethanol_c41_q2.inp', './Ethanol_c193_q2.inp', './Ethanol_c14_q1.inp', './Ethanol_c93_q1.inp', './Ethanol_c145_q1.inp', './Ethanol_c27_q3.inp', './Ethanol_c166_q3.inp', './Ethanol_c57_q2.inp', './Ethanol_c44_q2.inp', './Ethanol_c49_q1.inp', './Ethanol_c49_q2.inp', './Ethanol_c152_q1.inp', './Ethanol_c95_q2.inp', './Ethanol_c10_q1.inp', './Ethanol_c58_q1.inp', './Ethanol_c175_q1.inp', './Ethanol_c186_q1.inp', './Ethanol_c53_q2.inp', './Ethanol_c173_q2.inp', './Ethanol_c126_q2.inp', './Ethanol_c6_q2.inp', './Ethanol_c69_q2.inp', './Ethanol_c20_q1.inp', './Ethanol_c90_q3.inp', './Ethanol_c150_q3.inp', './Ethanol_c179_q3.inp', './Ethanol_c86_q3.inp', './Ethanol_c126_q3.inp', './Ethanol_c92_q2.inp', './Ethanol_c134_q2.inp', './Ethanol_c89_q2.inp', './Ethanol_c189_q1.inp', './Ethanol_c148_q2.inp', './Ethanol_c140_q2.inp', './Ethanol_c42_q2.inp', './Ethanol_c174_q2.inp', './Ethanol_c115_q1.inp', './Ethanol_c47_q1.inp', './Ethanol_c146_q3.inp', './Ethanol_c60_q3.inp', './Ethanol_c107_q2.inp', './Ethanol_c79_q2.inp', './Ethanol_c27_q2.inp', './Ethanol_c180_q1.inp', './Ethanol_c182_q2.inp', './Ethanol_c166_q1.inp', './Ethanol_c83_q1.inp', './Ethanol_c1_q1.inp', './Ethanol_c192_q3.inp', './Ethanol_c163_q1.inp', './Ethanol_c161_q1.inp', './Ethanol_c171_q3.inp', './Ethanol_c48_q1.inp', './Ethanol_c68_q2.inp', './Ethanol_c105_q1.inp', './Ethanol_c24_q3.inp', './Ethanol_c129_q1.inp', './Ethanol_c158_q1.inp', './Ethanol_c6_q3.inp', './Ethanol_c35_q3.inp', './Ethanol_c76_q3.inp', './Ethanol_c76_q1.inp', './Ethanol_c39_q2.inp', './Ethanol_c114_q2.inp', './Ethanol_c106_q3.inp', './Ethanol_c96_q1.inp', './Ethanol_c70_q3.inp', './Ethanol_c83_q2.inp', './Ethanol_c85_q1.inp', './Ethanol_c158_q3.inp', './Ethanol_c50_q3.inp', './Ethanol_c125_q1.inp', './Ethanol_c152_q3.inp', './Ethanol_c26_q2.inp', './Ethanol_c73_q1.inp', './Ethanol_c157_q3.inp', './Ethanol_c117_q3.inp', './Ethanol_c102_q1.inp', './Ethanol_c89_q1.inp', './Ethanol_c130_q3.inp', './Ethanol_c111_q2.inp', './Ethanol_c145_q3.inp', './Ethanol_c109_q3.inp', './Ethanol_c183_q2.inp', './Ethanol_c96_q3.inp', './Ethanol_c159_q2.inp', './Ethanol_c38_q1.inp', './Ethanol_c121_q1.inp', './Ethanol_c156_q2.inp', './Ethanol_c55_q3.inp', './Ethanol_c16_q1.inp', './Ethanol_c198_q2.inp', './Ethanol_c24_q2.inp', './Ethanol_c200_q2.inp', './Ethanol_c63_q1.inp', './Ethanol_c195_q3.inp', './Ethanol_c28_q1.inp', './Ethanol_c35_q2.inp', './Ethanol_c18_q3.inp', './Ethanol_c28_q3.inp', './Ethanol_c2_q2.inp', './Ethanol_c181_q1.inp', './Ethanol_c136_q2.inp', './Ethanol_c115_q3.inp', './Ethanol_c5_q1.inp', './Ethanol_c51_q3.inp', './Ethanol_c81_q3.inp', './Ethanol_c87_q3.inp', './Ethanol_c58_q3.inp', './Ethanol_c33_q2.inp', './Ethanol_c187_q3.inp', './Ethanol_c180_q2.inp', './Ethanol_c64_q3.inp', './Ethanol_c40_q3.inp', './Ethanol_c60_q1.inp', './Ethanol_c30_q3.inp', './Ethanol_c186_q2.inp', './Ethanol_c29_q3.inp', './Ethanol_c51_q2.inp', './Ethanol_c191_q1.inp', './Ethanol_c109_q2.inp', './Ethanol_c1_q3.inp', './Ethanol_c169_q3.inp', './Ethanol_c122_q3.inp', './Ethanol_c66_q2.inp', './Ethanol_c101_q1.inp', './Ethanol_c132_q2.inp', './Ethanol_c45_q1.inp', './Ethanol_c153_q3.inp', './Ethanol_c46_q1.inp', './Ethanol_c99_q3.inp', './Ethanol_c168_q2.inp', './Ethanol_c48_q2.inp', './Ethanol_c97_q2.inp', './Ethanol_c178_q1.inp', './Ethanol_c129_q3.inp', './Ethanol_c138_q2.inp', './Ethanol_c138_q1.inp', './Ethanol_c90_q1.inp', './Ethanol_c199_q1.inp', './Ethanol_c12_q3.inp', './Ethanol_c195_q2.inp', './Ethanol_c139_q3.inp', './Ethanol_c40_q1.inp', './Ethanol_c64_q2.inp', './Ethanol_c72_q2.inp', './Ethanol_c32_q2.inp', './Ethanol_c136_q1.inp', './Ethanol_c65_q2.inp', './Ethanol_c67_q1.inp', './Ethanol_c35_q1.inp', './Ethanol_c135_q1.inp', './Ethanol_c148_q3.inp', './Ethanol_c122_q2.inp', './Ethanol_c183_q1.inp', './Ethanol_c157_q2.inp', './Ethanol_c75_q2.inp', './Ethanol_c131_q2.inp', './Ethanol_c152_q2.inp', './Ethanol_c155_q3.inp', './Ethanol_c67_q3.inp', './Ethanol_c169_q1.inp', './Ethanol_c139_q1.inp', './Ethanol_c139_q2.inp', './Ethanol_c141_q1.inp', './Ethanol_c107_q1.inp', './Ethanol_c15_q3.inp', './Ethanol_c19_q3.inp', './Ethanol_c73_q3.inp', './Ethanol_c189_q2.inp', './Ethanol_c55_q1.inp', './Ethanol_c100_q3.inp', './Ethanol_c52_q3.inp', './Ethanol_c21_q2.inp', './Ethanol_c3_q1.inp', './Ethanol_c63_q3.inp', './Ethanol_c165_q2.inp', './Ethanol_c90_q2.inp', './Ethanol_c190_q3.inp', './Ethanol_c174_q3.inp', './Ethanol_c133_q3.inp', './Ethanol_c113_q3.inp', './Ethanol_c92_q3.inp', './Ethanol_c1_q2.inp', './Ethanol_c9_q1.inp', './Ethanol_c142_q1.inp', './Ethanol_c120_q3.inp', './Ethanol_c3_q3.inp', './Ethanol_c27_q1.inp', './Ethanol_c44_q1.inp', './Ethanol_c191_q2.inp', './Ethanol_c168_q1.inp', './Ethanol_c148_q1.inp', './Ethanol_c177_q3.inp', './Ethanol_c6_q1.inp', './Ethanol_c70_q1.inp', './Ethanol_c161_q3.inp', './Ethanol_c170_q1.inp', './Ethanol_c120_q2.inp', './Ethanol_c104_q1.inp', './Ethanol_c181_q3.inp', './Ethanol_c106_q2.inp', './Ethanol_c74_q2.inp', './Ethanol_c198_q3.inp', './Ethanol_c34_q2.inp', './Ethanol_c42_q1.inp', './Ethanol_c78_q3.inp', './Ethanol_c117_q1.inp', './Ethanol_c119_q3.inp', './Ethanol_c91_q1.inp', './Ethanol_c179_q1.inp', './Ethanol_c37_q2.inp', './Ethanol_c135_q3.inp', './Ethanol_c123_q3.inp', './Ethanol_c123_q1.inp', './Ethanol_c167_q1.inp', './Ethanol_c185_q3.inp', './Ethanol_c105_q3.inp', './Ethanol_c61_q2.inp', './Ethanol_c102_q2.inp', './Ethanol_c102_q3.inp', './Ethanol_c36_q2.inp', './Ethanol_c142_q2.inp', './Ethanol_c160_q1.inp', './Ethanol_c82_q3.inp', './Ethanol_c36_q3.inp', './Ethanol_c176_q1.inp', './Ethanol_c46_q3.inp', './Ethanol_c31_q1.inp', './Ethanol_c192_q2.inp', './Ethanol_c185_q1.inp', './Ethanol_c128_q2.inp', './Ethanol_c137_q3.inp', './Ethanol_c196_q1.inp', './Ethanol_c17_q2.inp', './Ethanol_c145_q2.inp', './Ethanol_c78_q1.inp', './Ethanol_c18_q2.inp', './Ethanol_c52_q2.inp', './Ethanol_c179_q2.inp', './Ethanol_c187_q1.inp', './Ethanol_c160_q3.inp', './Ethanol_c33_q3.inp', './Ethanol_c123_q2.inp', './Ethanol_c71_q3.inp', './Ethanol_c193_q3.inp', './Ethanol_c153_q1.inp', './Ethanol_c163_q2.inp', './Ethanol_c122_q1.inp', './Ethanol_c29_q1.inp', './Ethanol_c118_q1.inp', './Ethanol_c131_q3.inp', './Ethanol_c121_q2.inp', './Ethanol_c144_q1.inp', './Ethanol_c131_q1.inp', './Ethanol_c119_q1.inp', './Ethanol_c80_q3.inp', './Ethanol_c175_q2.inp', './Ethanol_c22_q3.inp', './Ethanol_c113_q1.inp', './Ethanol_c173_q1.inp', './Ethanol_c66_q1.inp', './Ethanol_c104_q3.inp', './Ethanol_c22_q2.inp', './Ethanol_c127_q3.inp', './Ethanol_c31_q3.inp', './Ethanol_c156_q1.inp', './Ethanol_c91_q3.inp', './Ethanol_c188_q2.inp', './Ethanol_c87_q2.inp', './Ethanol_c103_q3.inp', './Ethanol_c154_q3.inp', './Ethanol_c88_q2.inp', './Ethanol_c36_q1.inp', './Ethanol_c192_q1.inp', './Ethanol_c21_q1.inp', './Ethanol_c29_q2.inp', './Ethanol_c66_q3.inp', './Ethanol_c9_q3.inp', './Ethanol_c134_q3.inp', './Ethanol_c155_q2.inp', './Ethanol_c82_q1.inp', './Ethanol_c61_q3.inp', './Ethanol_c155_q1.inp', './Ethanol_c45_q3.inp', './Ethanol_c44_q3.inp', './Ethanol_c88_q1.inp', './Ethanol_c177_q2.inp', './Ethanol_c103_q1.inp', './Ethanol_c34_q1.inp', './Ethanol_c24_q1.inp', './Ethanol_c59_q2.inp', './Ethanol_c140_q1.inp', './Ethanol_c79_q3.inp', './Ethanol_c200_q3.inp', './Ethanol_c144_q3.inp', './Ethanol_c16_q2.inp', './Ethanol_c111_q3.inp', './Ethanol_c130_q1.inp', './Ethanol_c147_q2.inp', './Ethanol_c57_q3.inp', './Ethanol_c169_q2.inp', './Ethanol_c184_q2.inp', './Ethanol_c94_q2.inp', './Ethanol_c108_q2.inp', './Ethanol_c99_q1.inp', './Ethanol_c185_q2.inp', './Ethanol_c37_q3.inp', './Ethanol_c125_q3.inp', './Ethanol_c160_q2.inp', './Ethanol_c17_q1.inp', './Ethanol_c172_q2.inp', './Ethanol_c71_q2.inp', './Ethanol_c164_q3.inp', './Ethanol_c142_q3.inp', './Ethanol_c39_q1.inp', './Ethanol_c23_q3.inp', './Ethanol_c99_q2.inp', './Ethanol_c75_q3.inp', './Ethanol_c82_q2.inp', './Ethanol_c79_q1.inp', './Ethanol_c172_q3.inp', './Ethanol_c171_q1.inp', './Ethanol_c96_q2.inp', './Ethanol_c25_q1.inp', './Ethanol_c154_q1.inp', './Ethanol_c74_q3.inp', './Ethanol_c54_q2.inp', './Ethanol_c200_q1.inp', './Ethanol_c4_q2.inp', './Ethanol_c38_q2.inp', './Ethanol_c48_q3.inp', './Ethanol_c116_q3.inp', './Ethanol_c86_q1.inp', './Ethanol_c121_q3.inp', './Ethanol_c68_q3.inp', './Ethanol_c63_q2.inp', './Ethanol_c151_q3.inp', './Ethanol_c98_q2.inp', './Ethanol_c59_q1.inp', './Ethanol_c100_q2.inp', './Ethanol_c13_q3.inp']
./Ethanol_c85_q2
./opt-test-SCEE/Ethanol_c85_q2.dat
./Ethanol_c45_q2
./opt-test-SCEE/Ethanol_c45_q2.dat
./Ethanol_c188_q3
./opt-test-SCEE/Ethanol_c188_q3.dat
./Ethanol_c41_q3
./opt-test-SCEE/Ethanol_c41_q3.dat
./Ethanol_c114_q1
./opt-test-SCEE/Ethanol_c114_q1.dat
./Ethanol_c80_q2
./opt-test-SCEE/Ethanol_c80_q2.dat
./Ethanol_c15_q2
./opt-test-SCEE/Ethanol_c15_q2.dat
./Ethanol_c149_q1
./opt-test-SCEE/Ethanol_c149_q1.dat
./Ethanol_c110_q3
./opt-test-SCEE/Ethanol_c110_q3.dat
./Ethanol_c115_q2
./opt-test-SCEE/Ethanol_c115_q2.dat
./Ethanol_c67_q2
./opt-test-SCEE/Ethanol_c67_q2.dat
./Ethanol_c149_q3
./opt-test-SCEE/Ethanol_c149_q3.dat
./Ethanol_c51_q1
./opt-test-SCEE/Ethanol_c51_q1.dat
./Ethanol_c69_q3
./opt-test-SCEE/Ethanol_c69_q3.dat
./Ethanol_c199_q2
./opt-test-SCEE/Ethanol_c199_q2.dat
./Ethanol_c84_q3
./opt-test-SCEE/Ethanol_c84_q3.dat
./Ethanol_c172_q1
./opt-test-SCEE/Ethanol_c172_q1.dat
./Ethanol_c23_q1
./opt-test-SCEE/Ethanol_c23_q1.dat
./Ethanol_c32_q1
./opt-test-SCEE/Ethanol_c32_q1.dat
./Ethanol_c69_q1
./opt-test-SCEE/Ethanol_c69_q1.dat
./Ethanol_c165_q1
./opt-test-SCEE/Ethanol_c165_q1.dat
./Ethanol_c84_q1
./opt-test-SCEE/Ethanol_c84_q1.dat
./Ethanol_c183_q3
./opt-test-SCEE/Ethanol_c183_q3.dat
./Ethanol_c168_q3
./opt-test-SCEE/Ethanol_c168_q3.dat
./Ethanol_c165_q3
./opt-test-SCEE/Ethanol_c165_q3.dat
./Ethanol_c33_q1
./opt-test-SCEE/Ethanol_c33_q1.dat
./Ethanol_c76_q2
./opt-test-SCEE/Ethanol_c76_q2.dat
./Ethanol_c198_q1
./opt-test-SCEE/Ethanol_c198_q1.dat
./Ethanol_c147_q3
./opt-test-SCEE/Ethanol_c147_q3.dat
./Ethanol_c111_q1
./opt-test-SCEE/Ethanol_c111_q1.dat
./Ethanol_c13_q1
./opt-test-SCEE/Ethanol_c13_q1.dat
./Ethanol_c7_q1
./opt-test-SCEE/Ethanol_c7_q1.dat
./Ethanol_c130_q2
./opt-test-SCEE/Ethanol_c130_q2.dat
./Ethanol_c65_q1
./opt-test-SCEE/Ethanol_c65_q1.dat
./Ethanol_c138_q3
./opt-test-SCEE/Ethanol_c138_q3.dat
./Ethanol_c177_q1
./opt-test-SCEE/Ethanol_c177_q1.dat
./Ethanol_c150_q2
./opt-test-SCEE/Ethanol_c150_q2.dat
./Ethanol_c62_q2
./opt-test-SCEE/Ethanol_c62_q2.dat
./Ethanol_c170_q2
./opt-test-SCEE/Ethanol_c170_q2.dat
./Ethanol_c14_q2
./opt-test-SCEE/Ethanol_c14_q2.dat
./Ethanol_c59_q3
./opt-test-SCEE/Ethanol_c59_q3.dat
./Ethanol_c112_q1
./opt-test-SCEE/Ethanol_c112_q1.dat
./Ethanol_c174_q1
./opt-test-SCEE/Ethanol_c174_q1.dat
./Ethanol_c30_q2
./opt-test-SCEE/Ethanol_c30_q2.dat
./Ethanol_c176_q3
./opt-test-SCEE/Ethanol_c176_q3.dat
./Ethanol_c23_q2
./opt-test-SCEE/Ethanol_c23_q2.dat
./Ethanol_c94_q1
./opt-test-SCEE/Ethanol_c94_q1.dat
./Ethanol_c100_q1
./opt-test-SCEE/Ethanol_c100_q1.dat
./Ethanol_c50_q1
./opt-test-SCEE/Ethanol_c50_q1.dat
./Ethanol_c54_q1
./opt-test-SCEE/Ethanol_c54_q1.dat
./Ethanol_c171_q2
./opt-test-SCEE/Ethanol_c171_q2.dat
./Ethanol_c116_q1
./opt-test-SCEE/Ethanol_c116_q1.dat
./Ethanol_c157_q1
./opt-test-SCEE/Ethanol_c157_q1.dat
./Ethanol_c112_q2
./opt-test-SCEE/Ethanol_c112_q2.dat
./Ethanol_c101_q3
./opt-test-SCEE/Ethanol_c101_q3.dat
./Ethanol_c43_q1
./opt-test-SCEE/Ethanol_c43_q1.dat
./Ethanol_c9_q2
./opt-test-SCEE/Ethanol_c9_q2.dat
./Ethanol_c94_q3
./opt-test-SCEE/Ethanol_c94_q3.dat
./Ethanol_c196_q2
./opt-test-SCEE/Ethanol_c196_q2.dat
./Ethanol_c146_q1
./opt-test-SCEE/Ethanol_c146_q1.dat
./Ethanol_c26_q3
./opt-test-SCEE/Ethanol_c26_q3.dat
./Ethanol_c68_q1
./opt-test-SCEE/Ethanol_c68_q1.dat
./Ethanol_c166_q2
./opt-test-SCEE/Ethanol_c166_q2.dat
./Ethanol_c91_q2
./opt-test-SCEE/Ethanol_c91_q2.dat
./Ethanol_c128_q3
./opt-test-SCEE/Ethanol_c128_q3.dat
./Ethanol_c186_q3
./opt-test-SCEE/Ethanol_c186_q3.dat
./Ethanol_c88_q3
./opt-test-SCEE/Ethanol_c88_q3.dat
./Ethanol_c73_q2
./opt-test-SCEE/Ethanol_c73_q2.dat
./Ethanol_c15_q1
./opt-test-SCEE/Ethanol_c15_q1.dat
./Ethanol_c193_q1
./opt-test-SCEE/Ethanol_c193_q1.dat
./Ethanol_c64_q1
./opt-test-SCEE/Ethanol_c64_q1.dat
./Ethanol_c30_q1
./opt-test-SCEE/Ethanol_c30_q1.dat
./Ethanol_c126_q1
./opt-test-SCEE/Ethanol_c126_q1.dat
./Ethanol_c50_q2
./opt-test-SCEE/Ethanol_c50_q2.dat
./Ethanol_c153_q2
./opt-test-SCEE/Ethanol_c153_q2.dat
./Ethanol_c5_q2
./opt-test-SCEE/Ethanol_c5_q2.dat
./Ethanol_c38_q3
./opt-test-SCEE/Ethanol_c38_q3.dat
./Ethanol_c125_q2
./opt-test-SCEE/Ethanol_c125_q2.dat
./Ethanol_c146_q2
./opt-test-SCEE/Ethanol_c146_q2.dat
./Ethanol_c144_q2
./opt-test-SCEE/Ethanol_c144_q2.dat
./Ethanol_c87_q1
./opt-test-SCEE/Ethanol_c87_q1.dat
./Ethanol_c80_q1
./opt-test-SCEE/Ethanol_c80_q1.dat
./Ethanol_c19_q1
./opt-test-SCEE/Ethanol_c19_q1.dat
./Ethanol_c137_q1
./opt-test-SCEE/Ethanol_c137_q1.dat
./Ethanol_c3_q2
./opt-test-SCEE/Ethanol_c3_q2.dat
./Ethanol_c85_q3
./opt-test-SCEE/Ethanol_c85_q3.dat
./Ethanol_c10_q3
./opt-test-SCEE/Ethanol_c10_q3.dat
./Ethanol_c58_q2
./opt-test-SCEE/Ethanol_c58_q2.dat
./Ethanol_c107_q3
./opt-test-SCEE/Ethanol_c107_q3.dat
./Ethanol_c77_q3
./opt-test-SCEE/Ethanol_c77_q3.dat
./Ethanol_c143_q3
./opt-test-SCEE/Ethanol_c143_q3.dat
./Ethanol_c5_q3
./opt-test-SCEE/Ethanol_c5_q3.dat
./Ethanol_c97_q1
./opt-test-SCEE/Ethanol_c97_q1.dat
./Ethanol_c62_q3
./opt-test-SCEE/Ethanol_c62_q3.dat
./Ethanol_c12_q2
./opt-test-SCEE/Ethanol_c12_q2.dat
./Ethanol_c75_q1
./opt-test-SCEE/Ethanol_c75_q1.dat
./Ethanol_c89_q3
./opt-test-SCEE/Ethanol_c89_q3.dat
./Ethanol_c164_q1
./opt-test-SCEE/Ethanol_c164_q1.dat
./Ethanol_c7_q3
./opt-test-SCEE/Ethanol_c7_q3.dat
./Ethanol_c53_q3
./opt-test-SCEE/Ethanol_c53_q3.dat
./Ethanol_c81_q1
./opt-test-SCEE/Ethanol_c81_q1.dat
./Ethanol_c190_q2
./opt-test-SCEE/Ethanol_c190_q2.dat
./Ethanol_c8_q1
./opt-test-SCEE/Ethanol_c8_q1.dat
./Ethanol_c136_q3
./opt-test-SCEE/Ethanol_c136_q3.dat
./Ethanol_c2_q3
./opt-test-SCEE/Ethanol_c2_q3.dat
./Ethanol_c119_q2
./opt-test-SCEE/Ethanol_c119_q2.dat
./Ethanol_c20_q3
./opt-test-SCEE/Ethanol_c20_q3.dat
./Ethanol_c141_q3
./opt-test-SCEE/Ethanol_c141_q3.dat
./Ethanol_c117_q2
./opt-test-SCEE/Ethanol_c117_q2.dat
./Ethanol_c154_q2
./opt-test-SCEE/Ethanol_c154_q2.dat
./Ethanol_c108_q1
./opt-test-SCEE/Ethanol_c108_q1.dat
./Ethanol_c175_q3
./opt-test-SCEE/Ethanol_c175_q3.dat
./Ethanol_c110_q2
./opt-test-SCEE/Ethanol_c110_q2.dat
./Ethanol_c52_q1
./opt-test-SCEE/Ethanol_c52_q1.dat
./Ethanol_c43_q2
./opt-test-SCEE/Ethanol_c43_q2.dat
./Ethanol_c113_q2
./opt-test-SCEE/Ethanol_c113_q2.dat
./Ethanol_c93_q2
./opt-test-SCEE/Ethanol_c93_q2.dat
./Ethanol_c39_q3
./opt-test-SCEE/Ethanol_c39_q3.dat
./Ethanol_c181_q2
./opt-test-SCEE/Ethanol_c181_q2.dat
./Ethanol_c194_q1
./opt-test-SCEE/Ethanol_c194_q1.dat
./Ethanol_c28_q2
./opt-test-SCEE/Ethanol_c28_q2.dat
./Ethanol_c163_q3
./opt-test-SCEE/Ethanol_c163_q3.dat
./Ethanol_c108_q3
./opt-test-SCEE/Ethanol_c108_q3.dat
./Ethanol_c65_q3
./opt-test-SCEE/Ethanol_c65_q3.dat
./Ethanol_c101_q2
./opt-test-SCEE/Ethanol_c101_q2.dat
./Ethanol_c104_q2
./opt-test-SCEE/Ethanol_c104_q2.dat
./Ethanol_c84_q2
./opt-test-SCEE/Ethanol_c84_q2.dat
./Ethanol_c10_q2
./opt-test-SCEE/Ethanol_c10_q2.dat
./Ethanol_c132_q3
./opt-test-SCEE/Ethanol_c132_q3.dat
./Ethanol_c182_q1
./opt-test-SCEE/Ethanol_c182_q1.dat
./Ethanol_c32_q3
./opt-test-SCEE/Ethanol_c32_q3.dat
./Ethanol_c46_q2
./opt-test-SCEE/Ethanol_c46_q2.dat
./Ethanol_c156_q3
./opt-test-SCEE/Ethanol_c156_q3.dat
./Ethanol_c195_q1
./opt-test-SCEE/Ethanol_c195_q1.dat
./Ethanol_c2_q1
./opt-test-SCEE/Ethanol_c2_q1.dat
./Ethanol_c41_q1
./opt-test-SCEE/Ethanol_c41_q1.dat
./Ethanol_c60_q2
./opt-test-SCEE/Ethanol_c60_q2.dat
./Ethanol_c86_q2
./opt-test-SCEE/Ethanol_c86_q2.dat
./Ethanol_c182_q3
./opt-test-SCEE/Ethanol_c182_q3.dat
./Ethanol_c162_q1
./opt-test-SCEE/Ethanol_c162_q1.dat
./Ethanol_c109_q1
./opt-test-SCEE/Ethanol_c109_q1.dat
./Ethanol_c95_q3
./opt-test-SCEE/Ethanol_c95_q3.dat
./Ethanol_c17_q3
./opt-test-SCEE/Ethanol_c17_q3.dat
./Ethanol_c124_q3
./opt-test-SCEE/Ethanol_c124_q3.dat
./Ethanol_c118_q2
./opt-test-SCEE/Ethanol_c118_q2.dat
./Ethanol_c56_q3
./opt-test-SCEE/Ethanol_c56_q3.dat
./Ethanol_c31_q2
./opt-test-SCEE/Ethanol_c31_q2.dat
./Ethanol_c95_q1
./opt-test-SCEE/Ethanol_c95_q1.dat
./Ethanol_c159_q1
./opt-test-SCEE/Ethanol_c159_q1.dat
./Ethanol_c25_q2
./opt-test-SCEE/Ethanol_c25_q2.dat
./Ethanol_c149_q2
./opt-test-SCEE/Ethanol_c149_q2.dat
./Ethanol_c4_q1
./opt-test-SCEE/Ethanol_c4_q1.dat
./Ethanol_c190_q1
./opt-test-SCEE/Ethanol_c190_q1.dat
./Ethanol_c127_q1
./opt-test-SCEE/Ethanol_c127_q1.dat
./Ethanol_c118_q3
./opt-test-SCEE/Ethanol_c118_q3.dat
./Ethanol_c61_q1
./opt-test-SCEE/Ethanol_c61_q1.dat
./Ethanol_c133_q2
./opt-test-SCEE/Ethanol_c133_q2.dat
./Ethanol_c40_q2
./opt-test-SCEE/Ethanol_c40_q2.dat
./Ethanol_c184_q1
./opt-test-SCEE/Ethanol_c184_q1.dat
./Ethanol_c162_q3
./opt-test-SCEE/Ethanol_c162_q3.dat
./Ethanol_c22_q1
./opt-test-SCEE/Ethanol_c22_q1.dat
./Ethanol_c37_q1
./opt-test-SCEE/Ethanol_c37_q1.dat
./Ethanol_c116_q2
./opt-test-SCEE/Ethanol_c116_q2.dat
./Ethanol_c170_q3
./opt-test-SCEE/Ethanol_c170_q3.dat
./Ethanol_c78_q2
./opt-test-SCEE/Ethanol_c78_q2.dat
./Ethanol_c12_q1
./opt-test-SCEE/Ethanol_c12_q1.dat
./Ethanol_c137_q2
./opt-test-SCEE/Ethanol_c137_q2.dat
./Ethanol_c197_q2
./opt-test-SCEE/Ethanol_c197_q2.dat
./Ethanol_c176_q2
./opt-test-SCEE/Ethanol_c176_q2.dat
./Ethanol_c110_q1
./opt-test-SCEE/Ethanol_c110_q1.dat
./Ethanol_c106_q1
./opt-test-SCEE/Ethanol_c106_q1.dat
./Ethanol_c184_q3
./opt-test-SCEE/Ethanol_c184_q3.dat
./Ethanol_c114_q3
./opt-test-SCEE/Ethanol_c114_q3.dat
./Ethanol_c26_q1
./opt-test-SCEE/Ethanol_c26_q1.dat
./Ethanol_c56_q1
./opt-test-SCEE/Ethanol_c56_q1.dat
./Ethanol_c178_q3
./opt-test-SCEE/Ethanol_c178_q3.dat
./Ethanol_c151_q2
./opt-test-SCEE/Ethanol_c151_q2.dat
./Ethanol_c14_q3
./opt-test-SCEE/Ethanol_c14_q3.dat
./Ethanol_c128_q1
./opt-test-SCEE/Ethanol_c128_q1.dat
./Ethanol_c199_q3
./opt-test-SCEE/Ethanol_c199_q3.dat
./Ethanol_c11_q1
./opt-test-SCEE/Ethanol_c11_q1.dat
./Ethanol_c197_q3
./opt-test-SCEE/Ethanol_c197_q3.dat
./Ethanol_c19_q2
./opt-test-SCEE/Ethanol_c19_q2.dat
./Ethanol_c47_q2
./opt-test-SCEE/Ethanol_c47_q2.dat
./Ethanol_c189_q3
./opt-test-SCEE/Ethanol_c189_q3.dat
./Ethanol_c54_q3
./opt-test-SCEE/Ethanol_c54_q3.dat
./Ethanol_c11_q3
./opt-test-SCEE/Ethanol_c11_q3.dat
./Ethanol_c140_q3
./opt-test-SCEE/Ethanol_c140_q3.dat
./Ethanol_c42_q3
./opt-test-SCEE/Ethanol_c42_q3.dat
./Ethanol_c71_q1
./opt-test-SCEE/Ethanol_c71_q1.dat
./Ethanol_c70_q2
./opt-test-SCEE/Ethanol_c70_q2.dat
./Ethanol_c74_q1
./opt-test-SCEE/Ethanol_c74_q1.dat
./Ethanol_c81_q2
./opt-test-SCEE/Ethanol_c81_q2.dat
./Ethanol_c187_q2
./opt-test-SCEE/Ethanol_c187_q2.dat
./Ethanol_c93_q3
./opt-test-SCEE/Ethanol_c93_q3.dat
./Ethanol_c180_q3
./opt-test-SCEE/Ethanol_c180_q3.dat
./Ethanol_c135_q2
./opt-test-SCEE/Ethanol_c135_q2.dat
./Ethanol_c105_q2
./opt-test-SCEE/Ethanol_c105_q2.dat
./Ethanol_c151_q1
./opt-test-SCEE/Ethanol_c151_q1.dat
./Ethanol_c158_q2
./opt-test-SCEE/Ethanol_c158_q2.dat
./Ethanol_c173_q3
./opt-test-SCEE/Ethanol_c173_q3.dat
./Ethanol_c134_q1
./opt-test-SCEE/Ethanol_c134_q1.dat
./Ethanol_c83_q3
./opt-test-SCEE/Ethanol_c83_q3.dat
./Ethanol_c49_q3
./opt-test-SCEE/Ethanol_c49_q3.dat
./Ethanol_c34_q3
./opt-test-SCEE/Ethanol_c34_q3.dat
./Ethanol_c194_q2
./opt-test-SCEE/Ethanol_c194_q2.dat
./Ethanol_c57_q1
./opt-test-SCEE/Ethanol_c57_q1.dat
./Ethanol_c98_q1
./opt-test-SCEE/Ethanol_c98_q1.dat
./Ethanol_c25_q3
./opt-test-SCEE/Ethanol_c25_q3.dat
./Ethanol_c194_q3
./opt-test-SCEE/Ethanol_c194_q3.dat
./Ethanol_c188_q1
./opt-test-SCEE/Ethanol_c188_q1.dat
./Ethanol_c162_q2
./opt-test-SCEE/Ethanol_c162_q2.dat
./Ethanol_c7_q2
./opt-test-SCEE/Ethanol_c7_q2.dat
./Ethanol_c112_q3
./opt-test-SCEE/Ethanol_c112_q3.dat
./Ethanol_c147_q1
./opt-test-SCEE/Ethanol_c147_q1.dat
./Ethanol_c159_q3
./opt-test-SCEE/Ethanol_c159_q3.dat
./Ethanol_c98_q3
./opt-test-SCEE/Ethanol_c98_q3.dat
./Ethanol_c143_q2
./opt-test-SCEE/Ethanol_c143_q2.dat
./Ethanol_c161_q2
./opt-test-SCEE/Ethanol_c161_q2.dat
./Ethanol_c191_q3
./opt-test-SCEE/Ethanol_c191_q3.dat
./Ethanol_c20_q2
./opt-test-SCEE/Ethanol_c20_q2.dat
./Ethanol_c132_q1
./opt-test-SCEE/Ethanol_c132_q1.dat
./Ethanol_c8_q3
./opt-test-SCEE/Ethanol_c8_q3.dat
./Ethanol_c97_q3
./opt-test-SCEE/Ethanol_c97_q3.dat
./Ethanol_c167_q2
./opt-test-SCEE/Ethanol_c167_q2.dat
./Ethanol_c18_q1
./opt-test-SCEE/Ethanol_c18_q1.dat
./Ethanol_c43_q3
./opt-test-SCEE/Ethanol_c43_q3.dat
./Ethanol_c164_q2
./opt-test-SCEE/Ethanol_c164_q2.dat
./Ethanol_c62_q1
./opt-test-SCEE/Ethanol_c62_q1.dat
./Ethanol_c127_q2
./opt-test-SCEE/Ethanol_c127_q2.dat
./Ethanol_c47_q3
./opt-test-SCEE/Ethanol_c47_q3.dat
./Ethanol_c143_q1
./opt-test-SCEE/Ethanol_c143_q1.dat
./Ethanol_c167_q3
./opt-test-SCEE/Ethanol_c167_q3.dat
./Ethanol_c178_q2
./opt-test-SCEE/Ethanol_c178_q2.dat
./Ethanol_c124_q1
./opt-test-SCEE/Ethanol_c124_q1.dat
./Ethanol_c150_q1
./opt-test-SCEE/Ethanol_c150_q1.dat
./Ethanol_c77_q2
./opt-test-SCEE/Ethanol_c77_q2.dat
./Ethanol_c72_q1
./opt-test-SCEE/Ethanol_c72_q1.dat
./Ethanol_c120_q1
./opt-test-SCEE/Ethanol_c120_q1.dat
./Ethanol_c77_q1
./opt-test-SCEE/Ethanol_c77_q1.dat
./Ethanol_c11_q2
./opt-test-SCEE/Ethanol_c11_q2.dat
./Ethanol_c141_q2
./opt-test-SCEE/Ethanol_c141_q2.dat
./Ethanol_c56_q2
./opt-test-SCEE/Ethanol_c56_q2.dat
./Ethanol_c55_q2
./opt-test-SCEE/Ethanol_c55_q2.dat
./Ethanol_c8_q2
./opt-test-SCEE/Ethanol_c8_q2.dat
./Ethanol_c196_q3
./opt-test-SCEE/Ethanol_c196_q3.dat
./Ethanol_c129_q2
./opt-test-SCEE/Ethanol_c129_q2.dat
./Ethanol_c133_q1
./opt-test-SCEE/Ethanol_c133_q1.dat
./Ethanol_c124_q2
./opt-test-SCEE/Ethanol_c124_q2.dat
./Ethanol_c4_q3
./opt-test-SCEE/Ethanol_c4_q3.dat
./Ethanol_c21_q3
./opt-test-SCEE/Ethanol_c21_q3.dat
./Ethanol_c197_q1
./opt-test-SCEE/Ethanol_c197_q1.dat
./Ethanol_c103_q2
./opt-test-SCEE/Ethanol_c103_q2.dat
./Ethanol_c92_q1
./opt-test-SCEE/Ethanol_c92_q1.dat
./Ethanol_c53_q1
./opt-test-SCEE/Ethanol_c53_q1.dat
./Ethanol_c13_q2
./opt-test-SCEE/Ethanol_c13_q2.dat
./Ethanol_c16_q3
./opt-test-SCEE/Ethanol_c16_q3.dat
./Ethanol_c72_q3
./opt-test-SCEE/Ethanol_c72_q3.dat
./Ethanol_c41_q2
./opt-test-SCEE/Ethanol_c41_q2.dat
./Ethanol_c193_q2
./opt-test-SCEE/Ethanol_c193_q2.dat
./Ethanol_c14_q1
./opt-test-SCEE/Ethanol_c14_q1.dat
./Ethanol_c93_q1
./opt-test-SCEE/Ethanol_c93_q1.dat
./Ethanol_c145_q1
./opt-test-SCEE/Ethanol_c145_q1.dat
./Ethanol_c27_q3
./opt-test-SCEE/Ethanol_c27_q3.dat
./Ethanol_c166_q3
./opt-test-SCEE/Ethanol_c166_q3.dat
./Ethanol_c57_q2
./opt-test-SCEE/Ethanol_c57_q2.dat
./Ethanol_c44_q2
./opt-test-SCEE/Ethanol_c44_q2.dat
./Ethanol_c49_q1
./opt-test-SCEE/Ethanol_c49_q1.dat
./Ethanol_c49_q2
./opt-test-SCEE/Ethanol_c49_q2.dat
./Ethanol_c152_q1
./opt-test-SCEE/Ethanol_c152_q1.dat
./Ethanol_c95_q2
./opt-test-SCEE/Ethanol_c95_q2.dat
./Ethanol_c10_q1
./opt-test-SCEE/Ethanol_c10_q1.dat
./Ethanol_c58_q1
./opt-test-SCEE/Ethanol_c58_q1.dat
./Ethanol_c175_q1
./opt-test-SCEE/Ethanol_c175_q1.dat
./Ethanol_c186_q1
./opt-test-SCEE/Ethanol_c186_q1.dat
./Ethanol_c53_q2
./opt-test-SCEE/Ethanol_c53_q2.dat
./Ethanol_c173_q2
./opt-test-SCEE/Ethanol_c173_q2.dat
./Ethanol_c126_q2
./opt-test-SCEE/Ethanol_c126_q2.dat
./Ethanol_c6_q2
./opt-test-SCEE/Ethanol_c6_q2.dat
./Ethanol_c69_q2
./opt-test-SCEE/Ethanol_c69_q2.dat
./Ethanol_c20_q1
./opt-test-SCEE/Ethanol_c20_q1.dat
./Ethanol_c90_q3
./opt-test-SCEE/Ethanol_c90_q3.dat
./Ethanol_c150_q3
./opt-test-SCEE/Ethanol_c150_q3.dat
./Ethanol_c179_q3
./opt-test-SCEE/Ethanol_c179_q3.dat
./Ethanol_c86_q3
./opt-test-SCEE/Ethanol_c86_q3.dat
./Ethanol_c126_q3
./opt-test-SCEE/Ethanol_c126_q3.dat
./Ethanol_c92_q2
./opt-test-SCEE/Ethanol_c92_q2.dat
./Ethanol_c134_q2
./opt-test-SCEE/Ethanol_c134_q2.dat
./Ethanol_c89_q2
./opt-test-SCEE/Ethanol_c89_q2.dat
./Ethanol_c189_q1
./opt-test-SCEE/Ethanol_c189_q1.dat
./Ethanol_c148_q2
./opt-test-SCEE/Ethanol_c148_q2.dat
./Ethanol_c140_q2
./opt-test-SCEE/Ethanol_c140_q2.dat
./Ethanol_c42_q2
./opt-test-SCEE/Ethanol_c42_q2.dat
./Ethanol_c174_q2
./opt-test-SCEE/Ethanol_c174_q2.dat
./Ethanol_c115_q1
./opt-test-SCEE/Ethanol_c115_q1.dat
./Ethanol_c47_q1
./opt-test-SCEE/Ethanol_c47_q1.dat
./Ethanol_c146_q3
./opt-test-SCEE/Ethanol_c146_q3.dat
./Ethanol_c60_q3
./opt-test-SCEE/Ethanol_c60_q3.dat
./Ethanol_c107_q2
./opt-test-SCEE/Ethanol_c107_q2.dat
./Ethanol_c79_q2
./opt-test-SCEE/Ethanol_c79_q2.dat
./Ethanol_c27_q2
./opt-test-SCEE/Ethanol_c27_q2.dat
./Ethanol_c180_q1
./opt-test-SCEE/Ethanol_c180_q1.dat
./Ethanol_c182_q2
./opt-test-SCEE/Ethanol_c182_q2.dat
./Ethanol_c166_q1
./opt-test-SCEE/Ethanol_c166_q1.dat
./Ethanol_c83_q1
./opt-test-SCEE/Ethanol_c83_q1.dat
./Ethanol_c1_q1
./opt-test-SCEE/Ethanol_c1_q1.dat
./Ethanol_c192_q3
./opt-test-SCEE/Ethanol_c192_q3.dat
./Ethanol_c163_q1
./opt-test-SCEE/Ethanol_c163_q1.dat
./Ethanol_c161_q1
./opt-test-SCEE/Ethanol_c161_q1.dat
./Ethanol_c171_q3
./opt-test-SCEE/Ethanol_c171_q3.dat
./Ethanol_c48_q1
./opt-test-SCEE/Ethanol_c48_q1.dat
./Ethanol_c68_q2
./opt-test-SCEE/Ethanol_c68_q2.dat
./Ethanol_c105_q1
./opt-test-SCEE/Ethanol_c105_q1.dat
./Ethanol_c24_q3
./opt-test-SCEE/Ethanol_c24_q3.dat
./Ethanol_c129_q1
./opt-test-SCEE/Ethanol_c129_q1.dat
./Ethanol_c158_q1
./opt-test-SCEE/Ethanol_c158_q1.dat
./Ethanol_c6_q3
./opt-test-SCEE/Ethanol_c6_q3.dat
./Ethanol_c35_q3
./opt-test-SCEE/Ethanol_c35_q3.dat
./Ethanol_c76_q3
./opt-test-SCEE/Ethanol_c76_q3.dat
./Ethanol_c76_q1
./opt-test-SCEE/Ethanol_c76_q1.dat
./Ethanol_c39_q2
./opt-test-SCEE/Ethanol_c39_q2.dat
./Ethanol_c114_q2
./opt-test-SCEE/Ethanol_c114_q2.dat
./Ethanol_c106_q3
./opt-test-SCEE/Ethanol_c106_q3.dat
./Ethanol_c96_q1
./opt-test-SCEE/Ethanol_c96_q1.dat
./Ethanol_c70_q3
./opt-test-SCEE/Ethanol_c70_q3.dat
./Ethanol_c83_q2
./opt-test-SCEE/Ethanol_c83_q2.dat
./Ethanol_c85_q1
./opt-test-SCEE/Ethanol_c85_q1.dat
./Ethanol_c158_q3
./opt-test-SCEE/Ethanol_c158_q3.dat
./Ethanol_c50_q3
./opt-test-SCEE/Ethanol_c50_q3.dat
./Ethanol_c125_q1
./opt-test-SCEE/Ethanol_c125_q1.dat
./Ethanol_c152_q3
./opt-test-SCEE/Ethanol_c152_q3.dat
./Ethanol_c26_q2
./opt-test-SCEE/Ethanol_c26_q2.dat
./Ethanol_c73_q1
./opt-test-SCEE/Ethanol_c73_q1.dat
./Ethanol_c157_q3
./opt-test-SCEE/Ethanol_c157_q3.dat
./Ethanol_c117_q3
./opt-test-SCEE/Ethanol_c117_q3.dat
./Ethanol_c102_q1
./opt-test-SCEE/Ethanol_c102_q1.dat
./Ethanol_c89_q1
./opt-test-SCEE/Ethanol_c89_q1.dat
./Ethanol_c130_q3
./opt-test-SCEE/Ethanol_c130_q3.dat
./Ethanol_c111_q2
./opt-test-SCEE/Ethanol_c111_q2.dat
./Ethanol_c145_q3
./opt-test-SCEE/Ethanol_c145_q3.dat
./Ethanol_c109_q3
./opt-test-SCEE/Ethanol_c109_q3.dat
./Ethanol_c183_q2
./opt-test-SCEE/Ethanol_c183_q2.dat
./Ethanol_c96_q3
./opt-test-SCEE/Ethanol_c96_q3.dat
./Ethanol_c159_q2
./opt-test-SCEE/Ethanol_c159_q2.dat
./Ethanol_c38_q1
./opt-test-SCEE/Ethanol_c38_q1.dat
./Ethanol_c121_q1
./opt-test-SCEE/Ethanol_c121_q1.dat
./Ethanol_c156_q2
./opt-test-SCEE/Ethanol_c156_q2.dat
./Ethanol_c55_q3
./opt-test-SCEE/Ethanol_c55_q3.dat
./Ethanol_c16_q1
./opt-test-SCEE/Ethanol_c16_q1.dat
./Ethanol_c198_q2
./opt-test-SCEE/Ethanol_c198_q2.dat
./Ethanol_c24_q2
./opt-test-SCEE/Ethanol_c24_q2.dat
./Ethanol_c200_q2
./opt-test-SCEE/Ethanol_c200_q2.dat
./Ethanol_c63_q1
./opt-test-SCEE/Ethanol_c63_q1.dat
./Ethanol_c195_q3
./opt-test-SCEE/Ethanol_c195_q3.dat
./Ethanol_c28_q1
./opt-test-SCEE/Ethanol_c28_q1.dat
./Ethanol_c35_q2
./opt-test-SCEE/Ethanol_c35_q2.dat
./Ethanol_c18_q3
./opt-test-SCEE/Ethanol_c18_q3.dat
./Ethanol_c28_q3
./opt-test-SCEE/Ethanol_c28_q3.dat
./Ethanol_c2_q2
./opt-test-SCEE/Ethanol_c2_q2.dat
./Ethanol_c181_q1
./opt-test-SCEE/Ethanol_c181_q1.dat
./Ethanol_c136_q2
./opt-test-SCEE/Ethanol_c136_q2.dat
./Ethanol_c115_q3
./opt-test-SCEE/Ethanol_c115_q3.dat
./Ethanol_c5_q1
./opt-test-SCEE/Ethanol_c5_q1.dat
./Ethanol_c51_q3
./opt-test-SCEE/Ethanol_c51_q3.dat
./Ethanol_c81_q3
./opt-test-SCEE/Ethanol_c81_q3.dat
./Ethanol_c87_q3
./opt-test-SCEE/Ethanol_c87_q3.dat
./Ethanol_c58_q3
./opt-test-SCEE/Ethanol_c58_q3.dat
./Ethanol_c33_q2
./opt-test-SCEE/Ethanol_c33_q2.dat
./Ethanol_c187_q3
./opt-test-SCEE/Ethanol_c187_q3.dat
./Ethanol_c180_q2
./opt-test-SCEE/Ethanol_c180_q2.dat
./Ethanol_c64_q3
./opt-test-SCEE/Ethanol_c64_q3.dat
./Ethanol_c40_q3
./opt-test-SCEE/Ethanol_c40_q3.dat
./Ethanol_c60_q1
./opt-test-SCEE/Ethanol_c60_q1.dat
./Ethanol_c30_q3
./opt-test-SCEE/Ethanol_c30_q3.dat
./Ethanol_c186_q2
./opt-test-SCEE/Ethanol_c186_q2.dat
./Ethanol_c29_q3
./opt-test-SCEE/Ethanol_c29_q3.dat
./Ethanol_c51_q2
./opt-test-SCEE/Ethanol_c51_q2.dat
./Ethanol_c191_q1
./opt-test-SCEE/Ethanol_c191_q1.dat
./Ethanol_c109_q2
./opt-test-SCEE/Ethanol_c109_q2.dat
./Ethanol_c1_q3
./opt-test-SCEE/Ethanol_c1_q3.dat
./Ethanol_c169_q3
./opt-test-SCEE/Ethanol_c169_q3.dat
./Ethanol_c122_q3
./opt-test-SCEE/Ethanol_c122_q3.dat
./Ethanol_c66_q2
./opt-test-SCEE/Ethanol_c66_q2.dat
./Ethanol_c101_q1
./opt-test-SCEE/Ethanol_c101_q1.dat
./Ethanol_c132_q2
./opt-test-SCEE/Ethanol_c132_q2.dat
./Ethanol_c45_q1
./opt-test-SCEE/Ethanol_c45_q1.dat
./Ethanol_c153_q3
./opt-test-SCEE/Ethanol_c153_q3.dat
./Ethanol_c46_q1
./opt-test-SCEE/Ethanol_c46_q1.dat
./Ethanol_c99_q3
./opt-test-SCEE/Ethanol_c99_q3.dat
./Ethanol_c168_q2
./opt-test-SCEE/Ethanol_c168_q2.dat
./Ethanol_c48_q2
./opt-test-SCEE/Ethanol_c48_q2.dat
./Ethanol_c97_q2
./opt-test-SCEE/Ethanol_c97_q2.dat
./Ethanol_c178_q1
./opt-test-SCEE/Ethanol_c178_q1.dat
./Ethanol_c129_q3
./opt-test-SCEE/Ethanol_c129_q3.dat
./Ethanol_c138_q2
./opt-test-SCEE/Ethanol_c138_q2.dat
./Ethanol_c138_q1
./opt-test-SCEE/Ethanol_c138_q1.dat
./Ethanol_c90_q1
./opt-test-SCEE/Ethanol_c90_q1.dat
./Ethanol_c199_q1
./opt-test-SCEE/Ethanol_c199_q1.dat
./Ethanol_c12_q3
./opt-test-SCEE/Ethanol_c12_q3.dat
./Ethanol_c195_q2
./opt-test-SCEE/Ethanol_c195_q2.dat
./Ethanol_c139_q3
./opt-test-SCEE/Ethanol_c139_q3.dat
./Ethanol_c40_q1
./opt-test-SCEE/Ethanol_c40_q1.dat
./Ethanol_c64_q2
./opt-test-SCEE/Ethanol_c64_q2.dat
./Ethanol_c72_q2
./opt-test-SCEE/Ethanol_c72_q2.dat
./Ethanol_c32_q2
./opt-test-SCEE/Ethanol_c32_q2.dat
./Ethanol_c136_q1
./opt-test-SCEE/Ethanol_c136_q1.dat
./Ethanol_c65_q2
./opt-test-SCEE/Ethanol_c65_q2.dat
./Ethanol_c67_q1
./opt-test-SCEE/Ethanol_c67_q1.dat
./Ethanol_c35_q1
./opt-test-SCEE/Ethanol_c35_q1.dat
./Ethanol_c135_q1
./opt-test-SCEE/Ethanol_c135_q1.dat
./Ethanol_c148_q3
./opt-test-SCEE/Ethanol_c148_q3.dat
./Ethanol_c122_q2
./opt-test-SCEE/Ethanol_c122_q2.dat
./Ethanol_c183_q1
./opt-test-SCEE/Ethanol_c183_q1.dat
./Ethanol_c157_q2
./opt-test-SCEE/Ethanol_c157_q2.dat
./Ethanol_c75_q2
./opt-test-SCEE/Ethanol_c75_q2.dat
./Ethanol_c131_q2
./opt-test-SCEE/Ethanol_c131_q2.dat
./Ethanol_c152_q2
./opt-test-SCEE/Ethanol_c152_q2.dat
./Ethanol_c155_q3
./opt-test-SCEE/Ethanol_c155_q3.dat
./Ethanol_c67_q3
./opt-test-SCEE/Ethanol_c67_q3.dat
./Ethanol_c169_q1
./opt-test-SCEE/Ethanol_c169_q1.dat
./Ethanol_c139_q1
./opt-test-SCEE/Ethanol_c139_q1.dat
./Ethanol_c139_q2
./opt-test-SCEE/Ethanol_c139_q2.dat
./Ethanol_c141_q1
./opt-test-SCEE/Ethanol_c141_q1.dat
./Ethanol_c107_q1
./opt-test-SCEE/Ethanol_c107_q1.dat
./Ethanol_c15_q3
./opt-test-SCEE/Ethanol_c15_q3.dat
./Ethanol_c19_q3
./opt-test-SCEE/Ethanol_c19_q3.dat
./Ethanol_c73_q3
./opt-test-SCEE/Ethanol_c73_q3.dat
./Ethanol_c189_q2
./opt-test-SCEE/Ethanol_c189_q2.dat
./Ethanol_c55_q1
./opt-test-SCEE/Ethanol_c55_q1.dat
./Ethanol_c100_q3
./opt-test-SCEE/Ethanol_c100_q3.dat
./Ethanol_c52_q3
./opt-test-SCEE/Ethanol_c52_q3.dat
./Ethanol_c21_q2
./opt-test-SCEE/Ethanol_c21_q2.dat
./Ethanol_c3_q1
./opt-test-SCEE/Ethanol_c3_q1.dat
./Ethanol_c63_q3
./opt-test-SCEE/Ethanol_c63_q3.dat
./Ethanol_c165_q2
./opt-test-SCEE/Ethanol_c165_q2.dat
./Ethanol_c90_q2
./opt-test-SCEE/Ethanol_c90_q2.dat
./Ethanol_c190_q3
./opt-test-SCEE/Ethanol_c190_q3.dat
./Ethanol_c174_q3
./opt-test-SCEE/Ethanol_c174_q3.dat
./Ethanol_c133_q3
./opt-test-SCEE/Ethanol_c133_q3.dat
./Ethanol_c113_q3
./opt-test-SCEE/Ethanol_c113_q3.dat
./Ethanol_c92_q3
./opt-test-SCEE/Ethanol_c92_q3.dat
./Ethanol_c1_q2
./opt-test-SCEE/Ethanol_c1_q2.dat
./Ethanol_c9_q1
./opt-test-SCEE/Ethanol_c9_q1.dat
./Ethanol_c142_q1
./opt-test-SCEE/Ethanol_c142_q1.dat
./Ethanol_c120_q3
./opt-test-SCEE/Ethanol_c120_q3.dat
./Ethanol_c3_q3
./opt-test-SCEE/Ethanol_c3_q3.dat
./Ethanol_c27_q1
./opt-test-SCEE/Ethanol_c27_q1.dat
./Ethanol_c44_q1
./opt-test-SCEE/Ethanol_c44_q1.dat
./Ethanol_c191_q2
./opt-test-SCEE/Ethanol_c191_q2.dat
./Ethanol_c168_q1
./opt-test-SCEE/Ethanol_c168_q1.dat
./Ethanol_c148_q1
./opt-test-SCEE/Ethanol_c148_q1.dat
./Ethanol_c177_q3
./opt-test-SCEE/Ethanol_c177_q3.dat
./Ethanol_c6_q1
./opt-test-SCEE/Ethanol_c6_q1.dat
./Ethanol_c70_q1
./opt-test-SCEE/Ethanol_c70_q1.dat
./Ethanol_c161_q3
./opt-test-SCEE/Ethanol_c161_q3.dat
./Ethanol_c170_q1
./opt-test-SCEE/Ethanol_c170_q1.dat
./Ethanol_c120_q2
./opt-test-SCEE/Ethanol_c120_q2.dat
./Ethanol_c104_q1
./opt-test-SCEE/Ethanol_c104_q1.dat
./Ethanol_c181_q3
./opt-test-SCEE/Ethanol_c181_q3.dat
./Ethanol_c106_q2
./opt-test-SCEE/Ethanol_c106_q2.dat
./Ethanol_c74_q2
./opt-test-SCEE/Ethanol_c74_q2.dat
./Ethanol_c198_q3
./opt-test-SCEE/Ethanol_c198_q3.dat
./Ethanol_c34_q2
./opt-test-SCEE/Ethanol_c34_q2.dat
./Ethanol_c42_q1
./opt-test-SCEE/Ethanol_c42_q1.dat
Preparing Ethanol_c100_q1.dat -> Ethanol_c100_q1.out on /home/zoe/Research/Gaussian/scratch
Preparing Ethanol_c100_q2.dat -> Ethanol_c100_q2.out on /home/zoe/Research/Gaussian/scratch
Preparing Ethanol_c100_q3.dat -> Ethanol_c100_q3.out on /home/zoe/Research/Gaussian/scratch
Preparing Ethanol_c101_q1.dat -> Ethanol_c101_q1.out on /home/zoe/Research/Gaussian/scratch
Preparing Ethanol_c101_q2.dat -> Ethanol_c101_q2.out on /home/zoe/Research/Gaussian/scratch
Preparing Ethanol_c101_q3.dat -> Ethanol_c101_q3.out on /home/zoe/Research/Gaussian/scratch
Preparing Ethanol_c102_q1.dat -> Ethanol_c102_q1.out on /home/zoe/Research/Gaussian/scratch
Preparing Ethanol_c102_q2.dat -> Ethanol_c102_q2.out on /home/zoe/Research/Gaussian/scratch
Preparing Ethanol_c102_q3.dat -> Ethanol_c102_q3.out on /home/zoe/Research/Gaussian/scratch
Preparing Ethanol_c103_q1.dat -> Ethanol_c103_q1.out on /home/zoe/Research/Gaussian/scratch
Preparing Ethanol_c103_q2.dat -> Ethanol_c103_q2.out on /home/zoe/Research/Gaussian/scratch
Preparing Ethanol_c103_q3.dat -> Ethanol_c103_q3.out on /home/zoe/Research/Gaussian/scratch
Preparing Ethanol_c104_q1.dat -> Ethanol_c104_q1.out on /home/zoe/Research/Gaussian/scratch
Preparing Ethanol_c104_q2.dat -> Ethanol_c104_q2.out on /home/zoe/Research/Gaussian/scratch
Preparing Ethanol_c104_q3.dat -> Ethanol_c104_q3.out on /home/zoe/Research/Gaussian/scratch
Preparing Ethanol_c105_q1.dat -> Ethanol_c105_q1.out on /home/zoe/Research/Gaussian/scratch
Preparing Ethanol_c105_q2.dat -> Ethanol_c105_q2.out on /home/zoe/Research/Gaussian/scratch
Preparing Ethanol_c105_q3.dat -> Ethanol_c105_q3.out on /home/zoe/Research/Gaussian/scratch
Preparing Ethanol_c106_q1.dat -> Ethanol_c106_q1.out on /home/zoe/Research/Gaussian/scratch
Preparing Ethanol_c106_q2.dat -> Ethanol_c106_q2.out on /home/zoe/Research/Gaussian/scratch
Preparing Ethanol_c106_q3.dat -> Ethanol_c106_q3.out on /home/zoe/Research/Gaussian/scratch
Preparing Ethanol_c107_q1.dat -> Ethanol_c107_q1.out on /home/zoe/Research/Gaussian/scratch
Preparing Ethanol_c107_q2.dat -> Ethanol_c107_q2.out on /home/zoe/Research/Gaussian/scratch
Preparing Ethanol_c107_q3.dat -> Ethanol_c107_q3.out on /home/zoe/Research/Gaussian/scratch
Preparing Ethanol_c108_q1.dat -> Ethanol_c108_q1.out on /home/zoe/Research/Gaussian/scratch
Preparing Ethanol_c108_q2.dat -> Ethanol_c108_q2.out on /home/zoe/Research/Gaussian/scratch
Preparing Ethanol_c108_q3.dat -> Ethanol_c108_q3.out on /home/zoe/Research/Gaussian/scratch
Preparing Ethanol_c109_q1.dat -> Ethanol_c109_q1.out on /home/zoe/Research/Gaussian/scratch
Preparing Ethanol_c109_q2.dat -> Ethanol_c109_q2.out on /home/zoe/Research/Gaussian/scratch
Preparing Ethanol_c109_q3.dat -> Ethanol_c109_q3.out on /home/zoe/Research/Gaussian/scratch
Preparing Ethanol_c10_q1.dat -> Ethanol_c10_q1.out on /home/zoe/Research/Gaussian/scratch
Preparing Ethanol_c10_q2.dat -> Ethanol_c10_q2.out on /home/zoe/Research/Gaussian/scratch
Preparing Ethanol_c10_q3.dat -> Ethanol_c10_q3.out on /home/zoe/Research/Gaussian/scratch
Preparing Ethanol_c110_q1.dat -> Ethanol_c110_q1.out on /home/zoe/Research/Gaussian/scratch
Preparing Ethanol_c110_q2.dat -> Ethanol_c110_q2.out on /home/zoe/Research/Gaussian/scratch
Preparing Ethanol_c110_q3.dat -> Ethanol_c110_q3.out on /home/zoe/Research/Gaussian/scratch
Preparing Ethanol_c111_q1.dat -> Ethanol_c111_q1.out on /home/zoe/Research/Gaussian/scratch
Preparing Ethanol_c111_q2.dat -> Ethanol_c111_q2.out on /home/zoe/Research/Gaussian/scratch
Preparing Ethanol_c111_q3.dat -> Ethanol_c111_q3.out on /home/zoe/Research/Gaussian/scratch
Preparing Ethanol_c112_q1.dat -> Ethanol_c112_q1.out on /home/zoe/Research/Gaussian/scratch
Preparing Ethanol_c112_q2.dat -> Ethanol_c112_q2.out on /home/zoe/Research/Gaussian/scratch
Preparing Ethanol_c112_q3.dat -> Ethanol_c112_q3.out on /home/zoe/Research/Gaussian/scratch
Preparing Ethanol_c113_q1.dat -> Ethanol_c113_q1.out on /home/zoe/Research/Gaussian/scratch
Preparing Ethanol_c113_q2.dat -> Ethanol_c113_q2.out on /home/zoe/Research/Gaussian/scratch
Preparing Ethanol_c113_q3.dat -> Ethanol_c113_q3.out on /home/zoe/Research/Gaussian/scratch
Preparing Ethanol_c114_q1.dat -> Ethanol_c114_q1.out on /home/zoe/Research/Gaussian/scratch
Preparing Ethanol_c114_q2.dat -> Ethanol_c114_q2.out on /home/zoe/Research/Gaussian/scratch
Preparing Ethanol_c114_q3.dat -> Ethanol_c114_q3.out on /home/zoe/Research/Gaussian/scratch
Preparing Ethanol_c115_q1.dat -> Ethanol_c115_q1.out on /home/zoe/Research/Gaussian/scratch
Preparing Ethanol_c115_q2.dat -> Ethanol_c115_q2.out on /home/zoe/Research/Gaussian/scratch
Preparing Ethanol_c115_q3.dat -> Ethanol_c115_q3.out on /home/zoe/Research/Gaussian/scratch
Preparing Ethanol_c116_q1.dat -> Ethanol_c116_q1.out on /home/zoe/Research/Gaussian/scratch
Preparing Ethanol_c116_q2.dat -> Ethanol_c116_q2.out on /home/zoe/Research/Gaussian/scratch
Preparing Ethanol_c116_q3.dat -> Ethanol_c116_q3.out on /home/zoe/Research/Gaussian/scratch
Preparing Ethanol_c117_q1.dat -> Ethanol_c117_q1.out on /home/zoe/Research/Gaussian/scratch
Preparing Ethanol_c117_q2.dat -> Ethanol_c117_q2.out on /home/zoe/Research/Gaussian/scratch
Preparing Ethanol_c117_q3.dat -> Ethanol_c117_q3.out on /home/zoe/Research/Gaussian/scratch
Preparing Ethanol_c118_q1.dat -> Ethanol_c118_q1.out on /home/zoe/Research/Gaussian/scratch
Preparing Ethanol_c118_q2.dat -> Ethanol_c118_q2.out on /home/zoe/Research/Gaussian/scratch
Preparing Ethanol_c118_q3.dat -> Ethanol_c118_q3.out on /home/zoe/Research/Gaussian/scratch
Preparing Ethanol_c119_q1.dat -> Ethanol_c119_q1.out on /home/zoe/Research/Gaussian/scratch
Preparing Ethanol_c119_q2.dat -> Ethanol_c119_q2.out on /home/zoe/Research/Gaussian/scratch
Preparing Ethanol_c119_q3.dat -> Ethanol_c119_q3.out on /home/zoe/Research/Gaussian/scratch
Preparing Ethanol_c11_q1.dat -> Ethanol_c11_q1.out on /home/zoe/Research/Gaussian/scratch
Preparing Ethanol_c11_q2.dat -> Ethanol_c11_q2.out on /home/zoe/Research/Gaussian/scratch
Preparing Ethanol_c11_q3.dat -> Ethanol_c11_q3.out on /home/zoe/Research/Gaussian/scratch
Preparing Ethanol_c120_q1.dat -> Ethanol_c120_q1.out on /home/zoe/Research/Gaussian/scratch
Preparing Ethanol_c120_q2.dat -> Ethanol_c120_q2.out on /home/zoe/Research/Gaussian/scratch
Preparing Ethanol_c120_q3.dat -> Ethanol_c120_q3.out on /home/zoe/Research/Gaussian/scratch
Preparing Ethanol_c121_q1.dat -> Ethanol_c121_q1.out on /home/zoe/Research/Gaussian/scratch
Preparing Ethanol_c121_q2.dat -> Ethanol_c121_q2.out on /home/zoe/Research/Gaussian/scratch
Preparing Ethanol_c121_q3.dat -> Ethanol_c121_q3.out on /home/zoe/Research/Gaussian/scratch
Preparing Ethanol_c122_q1.dat -> Ethanol_c122_q1.out on /home/zoe/Research/Gaussian/scratch
Preparing Ethanol_c122_q2.dat -> Ethanol_c122_q2.out on /home/zoe/Research/Gaussian/scratch
Preparing Ethanol_c122_q3.dat -> Ethanol_c122_q3.out on /home/zoe/Research/Gaussian/scratch
Preparing Ethanol_c123_q1.dat -> Ethanol_c123_q1.out on /home/zoe/Research/Gaussian/scratch
Preparing Ethanol_c123_q2.dat -> Ethanol_c123_q2.out on /home/zoe/Research/Gaussian/scratch
Preparing Ethanol_c123_q3.dat -> Ethanol_c123_q3.out on /home/zoe/Research/Gaussian/scratch
Preparing Ethanol_c124_q1.dat -> Ethanol_c124_q1.out on /home/zoe/Research/Gaussian/scratch
Preparing Ethanol_c124_q2.dat -> Ethanol_c124_q2.out on /home/zoe/Research/Gaussian/scratch
Preparing Ethanol_c124_q3.dat -> Ethanol_c124_q3.out on /home/zoe/Research/Gaussian/scratch
Preparing Ethanol_c125_q1.dat -> Ethanol_c125_q1.out on /home/zoe/Research/Gaussian/scratch
Preparing Ethanol_c125_q2.dat -> Ethanol_c125_q2.out on /home/zoe/Research/Gaussian/scratch
Preparing Ethanol_c125_q3.dat -> Ethanol_c125_q3.out on /home/zoe/Research/Gaussian/scratch
Preparing Ethanol_c126_q1.dat -> Ethanol_c126_q1.out on /home/zoe/Research/Gaussian/scratch
Preparing Ethanol_c126_q2.dat -> Ethanol_c126_q2.out on /home/zoe/Research/Gaussian/scratch
Preparing Ethanol_c126_q3.dat -> Ethanol_c126_q3.out on /home/zoe/Research/Gaussian/scratch
Preparing Ethanol_c127_q1.dat -> Ethanol_c127_q1.out on /home/zoe/Research/Gaussian/scratch
Preparing Ethanol_c127_q2.dat -> Ethanol_c127_q2.out on /home/zoe/Research/Gaussian/scratch
Preparing Ethanol_c127_q3.dat -> Ethanol_c127_q3.out on /home/zoe/Research/Gaussian/scratch
Preparing Ethanol_c128_q1.dat -> Ethanol_c128_q1.out on /home/zoe/Research/Gaussian/scratch
Preparing Ethanol_c128_q2.dat -> Ethanol_c128_q2.out on /home/zoe/Research/Gaussian/scratch
Preparing Ethanol_c128_q3.dat -> Ethanol_c128_q3.out on /home/zoe/Research/Gaussian/scratch
Preparing Ethanol_c129_q1.dat -> Ethanol_c129_q1.out on /home/zoe/Research/Gaussian/scratch
Preparing Ethanol_c129_q2.dat -> Ethanol_c129_q2.out on /home/zoe/Research/Gaussian/scratch
Preparing Ethanol_c129_q3.dat -> Ethanol_c129_q3.out on /home/zoe/Research/Gaussian/scratch
Preparing Ethanol_c12_q1.dat -> Ethanol_c12_q1.out on /home/zoe/Research/Gaussian/scratch
Preparing Ethanol_c12_q2.dat -> Ethanol_c12_q2.out on /home/zoe/Research/Gaussian/scratch
Preparing Ethanol_c12_q3.dat -> Ethanol_c12_q3.out on /home/zoe/Research/Gaussian/scratch
Preparing Ethanol_c130_q1.dat -> Ethanol_c130_q1.out on /home/zoe/Research/Gaussian/scratch
Preparing Ethanol_c130_q2.dat -> Ethanol_c130_q2.out on /home/zoe/Research/Gaussian/scratch
Preparing Ethanol_c130_q3.dat -> Ethanol_c130_q3.out on /home/zoe/Research/Gaussian/scratch
Preparing Ethanol_c131_q1.dat -> Ethanol_c131_q1.out on /home/zoe/Research/Gaussian/scratch
Preparing Ethanol_c131_q2.dat -> Ethanol_c131_q2.out on /home/zoe/Research/Gaussian/scratch
Preparing Ethanol_c131_q3.dat -> Ethanol_c131_q3.out on /home/zoe/Research/Gaussian/scratch
Preparing Ethanol_c132_q1.dat -> Ethanol_c132_q1.out on /home/zoe/Research/Gaussian/scratch
Preparing Ethanol_c132_q2.dat -> Ethanol_c132_q2.out on /home/zoe/Research/Gaussian/scratch
Preparing Ethanol_c132_q3.dat -> Ethanol_c132_q3.out on /home/zoe/Research/Gaussian/scratch
Preparing Ethanol_c133_q1.dat -> Ethanol_c133_q1.out on /home/zoe/Research/Gaussian/scratch
Preparing Ethanol_c133_q2.dat -> Ethanol_c133_q2.out on /home/zoe/Research/Gaussian/scratch
Preparing Ethanol_c133_q3.dat -> Ethanol_c133_q3.out on /home/zoe/Research/Gaussian/scratch
Preparing Ethanol_c134_q1.dat -> Ethanol_c134_q1.out on /home/zoe/Research/Gaussian/scratch
Preparing Ethanol_c134_q2.dat -> Ethanol_c134_q2.out on /home/zoe/Research/Gaussian/scratch
Preparing Ethanol_c134_q3.dat -> Ethanol_c134_q3.out on /home/zoe/Research/Gaussian/scratch
Preparing Ethanol_c135_q1.dat -> Ethanol_c135_q1.out on /home/zoe/Research/Gaussian/scratch
Preparing Ethanol_c135_q2.dat -> Ethanol_c135_q2.out on /home/zoe/Research/Gaussian/scratch
Preparing Ethanol_c135_q3.dat -> Ethanol_c135_q3.out on /home/zoe/Research/Gaussian/scratch
Preparing Ethanol_c136_q1.dat -> Ethanol_c136_q1.out on /home/zoe/Research/Gaussian/scratch
Preparing Ethanol_c136_q2.dat -> Ethanol_c136_q2.out on /home/zoe/Research/Gaussian/scratch
Preparing Ethanol_c136_q3.dat -> Ethanol_c136_q3.out on /home/zoe/Research/Gaussian/scratch
Preparing Ethanol_c137_q1.dat -> Ethanol_c137_q1.out on /home/zoe/Research/Gaussian/scratch
Preparing Ethanol_c137_q2.dat -> Ethanol_c137_q2.out on /home/zoe/Research/Gaussian/scratch
Preparing Ethanol_c137_q3.dat -> Ethanol_c137_q3.out on /home/zoe/Research/Gaussian/scratch
Preparing Ethanol_c138_q1.dat -> Ethanol_c138_q1.out on /home/zoe/Research/Gaussian/scratch
Preparing Ethanol_c138_q2.dat -> Ethanol_c138_q2.out on /home/zoe/Research/Gaussian/scratch
Preparing Ethanol_c138_q3.dat -> Ethanol_c138_q3.out on /home/zoe/Research/Gaussian/scratch
Preparing Ethanol_c139_q1.dat -> Ethanol_c139_q1.out on /home/zoe/Research/Gaussian/scratch
Preparing Ethanol_c139_q2.dat -> Ethanol_c139_q2.out on /home/zoe/Research/Gaussian/scratch
Preparing Ethanol_c139_q3.dat -> Ethanol_c139_q3.out on /home/zoe/Research/Gaussian/scratch
Preparing Ethanol_c13_q1.dat -> Ethanol_c13_q1.out on /home/zoe/Research/Gaussian/scratch
Preparing Ethanol_c13_q2.dat -> Ethanol_c13_q2.out on /home/zoe/Research/Gaussian/scratch
Preparing Ethanol_c13_q3.dat -> Ethanol_c13_q3.out on /home/zoe/Research/Gaussian/scratch
Preparing Ethanol_c140_q1.dat -> Ethanol_c140_q1.out on /home/zoe/Research/Gaussian/scratch
Preparing Ethanol_c140_q2.dat -> Ethanol_c140_q2.out on /home/zoe/Research/Gaussian/scratch
Preparing Ethanol_c140_q3.dat -> Ethanol_c140_q3.out on /home/zoe/Research/Gaussian/scratch
Preparing Ethanol_c141_q1.dat -> Ethanol_c141_q1.out on /home/zoe/Research/Gaussian/scratch
Preparing Ethanol_c141_q2.dat -> Ethanol_c141_q2.out on /home/zoe/Research/Gaussian/scratch
Preparing Ethanol_c141_q3.dat -> Ethanol_c141_q3.out on /home/zoe/Research/Gaussian/scratch
Preparing Ethanol_c142_q1.dat -> Ethanol_c142_q1.out on /home/zoe/Research/Gaussian/scratch
Preparing Ethanol_c142_q2.dat -> Ethanol_c142_q2.out on /home/zoe/Research/Gaussian/scratch
Preparing Ethanol_c142_q3.dat -> Ethanol_c142_q3.out on /home/zoe/Research/Gaussian/scratch
Preparing Ethanol_c143_q1.dat -> Ethanol_c143_q1.out on /home/zoe/Research/Gaussian/scratch
Preparing Ethanol_c143_q2.dat -> Ethanol_c143_q2.out on /home/zoe/Research/Gaussian/scratch
Preparing Ethanol_c143_q3.dat -> Ethanol_c143_q3.out on /home/zoe/Research/Gaussian/scratch
Preparing Ethanol_c144_q1.dat -> Ethanol_c144_q1.out on /home/zoe/Research/Gaussian/scratch
Preparing Ethanol_c144_q2.dat -> Ethanol_c144_q2.out on /home/zoe/Research/Gaussian/scratch
Preparing Ethanol_c144_q3.dat -> Ethanol_c144_q3.out on /home/zoe/Research/Gaussian/scratch
Preparing Ethanol_c145_q1.dat -> Ethanol_c145_q1.out on /home/zoe/Research/Gaussian/scratch
Preparing Ethanol_c145_q2.dat -> Ethanol_c145_q2.out on /home/zoe/Research/Gaussian/scratch
Preparing Ethanol_c145_q3.dat -> Ethanol_c145_q3.out on /home/zoe/Research/Gaussian/scratch
Preparing Ethanol_c146_q1.dat -> Ethanol_c146_q1.out on /home/zoe/Research/Gaussian/scratch
Preparing Ethanol_c146_q2.dat -> Ethanol_c146_q2.out on /home/zoe/Research/Gaussian/scratch
Preparing Ethanol_c146_q3.dat -> Ethanol_c146_q3.out on /home/zoe/Research/Gaussian/scratch
Preparing Ethanol_c147_q1.dat -> Ethanol_c147_q1.out on /home/zoe/Research/Gaussian/scratch
Preparing Ethanol_c147_q2.dat -> Ethanol_c147_q2.out on /home/zoe/Research/Gaussian/scratch
Preparing Ethanol_c147_q3.dat -> Ethanol_c147_q3.out on /home/zoe/Research/Gaussian/scratch
Preparing Ethanol_c148_q1.dat -> Ethanol_c148_q1.out on /home/zoe/Research/Gaussian/scratch
Preparing Ethanol_c148_q2.dat -> Ethanol_c148_q2.out on /home/zoe/Research/Gaussian/scratch
Preparing Ethanol_c148_q3.dat -> Ethanol_c148_q3.out on /home/zoe/Research/Gaussian/scratch
Preparing Ethanol_c149_q1.dat -> Ethanol_c149_q1.out on /home/zoe/Research/Gaussian/scratch
Preparing Ethanol_c149_q2.dat -> Ethanol_c149_q2.out on /home/zoe/Research/Gaussian/scratch
Preparing Ethanol_c149_q3.dat -> Ethanol_c149_q3.out on /home/zoe/Research/Gaussian/scratch
Preparing Ethanol_c14_q1.dat -> Ethanol_c14_q1.out on /home/zoe/Research/Gaussian/scratch
Preparing Ethanol_c14_q2.dat -> Ethanol_c14_q2.out on /home/zoe/Research/Gaussian/scratch
Preparing Ethanol_c14_q3.dat -> Ethanol_c14_q3.out on /home/zoe/Research/Gaussian/scratch
Preparing Ethanol_c150_q1.dat -> Ethanol_c150_q1.out on /home/zoe/Research/Gaussian/scratch
Preparing Ethanol_c150_q2.dat -> Ethanol_c150_q2.out on /home/zoe/Research/Gaussian/scratch
Preparing Ethanol_c150_q3.dat -> Ethanol_c150_q3.out on /home/zoe/Research/Gaussian/scratch
Preparing Ethanol_c151_q1.dat -> Ethanol_c151_q1.out on /home/zoe/Research/Gaussian/scratch
Preparing Ethanol_c151_q2.dat -> Ethanol_c151_q2.out on /home/zoe/Research/Gaussian/scratch
Preparing Ethanol_c151_q3.dat -> Ethanol_c151_q3.out on /home/zoe/Research/Gaussian/scratch
Preparing Ethanol_c152_q1.dat -> Ethanol_c152_q1.out on /home/zoe/Research/Gaussian/scratch
Preparing Ethanol_c152_q2.dat -> Ethanol_c152_q2.out on /home/zoe/Research/Gaussian/scratch
Preparing Ethanol_c152_q3.dat -> Ethanol_c152_q3.out on /home/zoe/Research/Gaussian/scratch
Preparing Ethanol_c153_q1.dat -> Ethanol_c153_q1.out on /home/zoe/Research/Gaussian/scratch
Preparing Ethanol_c153_q2.dat -> Ethanol_c153_q2.out on /home/zoe/Research/Gaussian/scratch
Preparing Ethanol_c153_q3.dat -> Ethanol_c153_q3.out on /home/zoe/Research/Gaussian/scratch
Preparing Ethanol_c154_q1.dat -> Ethanol_c154_q1.out on /home/zoe/Research/Gaussian/scratch
Preparing Ethanol_c154_q2.dat -> Ethanol_c154_q2.out on /home/zoe/Research/Gaussian/scratch
Preparing Ethanol_c154_q3.dat -> Ethanol_c154_q3.out on /home/zoe/Research/Gaussian/scratch
Preparing Ethanol_c155_q1.dat -> Ethanol_c155_q1.out on /home/zoe/Research/Gaussian/scratch
Preparing Ethanol_c155_q2.dat -> Ethanol_c155_q2.out on /home/zoe/Research/Gaussian/scratch
Preparing Ethanol_c155_q3.dat -> Ethanol_c155_q3.out on /home/zoe/Research/Gaussian/scratch
Preparing Ethanol_c156_q1.dat -> Ethanol_c156_q1.out on /home/zoe/Research/Gaussian/scratch
Preparing Ethanol_c156_q2.dat -> Ethanol_c156_q2.out on /home/zoe/Research/Gaussian/scratch
Preparing Ethanol_c156_q3.dat -> Ethanol_c156_q3.out on /home/zoe/Research/Gaussian/scratch
Preparing Ethanol_c157_q1.dat -> Ethanol_c157_q1.out on /home/zoe/Research/Gaussian/scratch
Preparing Ethanol_c157_q2.dat -> Ethanol_c157_q2.out on /home/zoe/Research/Gaussian/scratch
Preparing Ethanol_c157_q3.dat -> Ethanol_c157_q3.out on /home/zoe/Research/Gaussian/scratch
Preparing Ethanol_c158_q1.dat -> Ethanol_c158_q1.out on /home/zoe/Research/Gaussian/scratch
Preparing Ethanol_c158_q2.dat -> Ethanol_c158_q2.out on /home/zoe/Research/Gaussian/scratch
Preparing Ethanol_c158_q3.dat -> Ethanol_c158_q3.out on /home/zoe/Research/Gaussian/scratch
Preparing Ethanol_c159_q1.dat -> Ethanol_c159_q1.out on /home/zoe/Research/Gaussian/scratch
Preparing Ethanol_c159_q2.dat -> Ethanol_c159_q2.out on /home/zoe/Research/Gaussian/scratch
Preparing Ethanol_c159_q3.dat -> Ethanol_c159_q3.out on /home/zoe/Research/Gaussian/scratch
Preparing Ethanol_c15_q1.dat -> Ethanol_c15_q1.out on /home/zoe/Research/Gaussian/scratch
Preparing Ethanol_c15_q2.dat -> Ethanol_c15_q2.out on /home/zoe/Research/Gaussian/scratch
Preparing Ethanol_c15_q3.dat -> Ethanol_c15_q3.out on /home/zoe/Research/Gaussian/scratch
Preparing Ethanol_c160_q1.dat -> Ethanol_c160_q1.out on /home/zoe/Research/Gaussian/scratch
Preparing Ethanol_c160_q2.dat -> Ethanol_c160_q2.out on /home/zoe/Research/Gaussian/scratch
Preparing Ethanol_c160_q3.dat -> Ethanol_c160_q3.out on /home/zoe/Research/Gaussian/scratch
Preparing Ethanol_c161_q1.dat -> Ethanol_c161_q1.out on /home/zoe/Research/Gaussian/scratch
Preparing Ethanol_c161_q2.dat -> Ethanol_c161_q2.out on /home/zoe/Research/Gaussian/scratch
Preparing Ethanol_c161_q3.dat -> Ethanol_c161_q3.out on /home/zoe/Research/Gaussian/scratch
Preparing Ethanol_c162_q1.dat -> Ethanol_c162_q1.out on /home/zoe/Research/Gaussian/scratch
Preparing Ethanol_c162_q2.dat -> Ethanol_c162_q2.out on /home/zoe/Research/Gaussian/scratch
Preparing Ethanol_c162_q3.dat -> Ethanol_c162_q3.out on /home/zoe/Research/Gaussian/scratch
Preparing Ethanol_c163_q1.dat -> Ethanol_c163_q1.out on /home/zoe/Research/Gaussian/scratch
Preparing Ethanol_c163_q2.dat -> Ethanol_c163_q2.out on /home/zoe/Research/Gaussian/scratch
Preparing Ethanol_c163_q3.dat -> Ethanol_c163_q3.out on /home/zoe/Research/Gaussian/scratch
Preparing Ethanol_c164_q1.dat -> Ethanol_c164_q1.out on /home/zoe/Research/Gaussian/scratch
Preparing Ethanol_c164_q2.dat -> Ethanol_c164_q2.out on /home/zoe/Research/Gaussian/scratch
Preparing Ethanol_c164_q3.dat -> Ethanol_c164_q3.out on /home/zoe/Research/Gaussian/scratch
Preparing Ethanol_c165_q1.dat -> Ethanol_c165_q1.out on /home/zoe/Research/Gaussian/scratch
Preparing Ethanol_c165_q2.dat -> Ethanol_c165_q2.out on /home/zoe/Research/Gaussian/scratch
Preparing Ethanol_c165_q3.dat -> Ethanol_c165_q3.out on /home/zoe/Research/Gaussian/scratch
Preparing Ethanol_c166_q1.dat -> Ethanol_c166_q1.out on /home/zoe/Research/Gaussian/scratch
Preparing Ethanol_c166_q2.dat -> Ethanol_c166_q2.out on /home/zoe/Research/Gaussian/scratch
Preparing Ethanol_c166_q3.dat -> Ethanol_c166_q3.out on /home/zoe/Research/Gaussian/scratch
Preparing Ethanol_c167_q1.dat -> Ethanol_c167_q1.out on /home/zoe/Research/Gaussian/scratch
Preparing Ethanol_c167_q2.dat -> Ethanol_c167_q2.out on /home/zoe/Research/Gaussian/scratch
Preparing Ethanol_c167_q3.dat -> Ethanol_c167_q3.out on /home/zoe/Research/Gaussian/scratch
Preparing Ethanol_c168_q1.dat -> Ethanol_c168_q1.out on /home/zoe/Research/Gaussian/scratch
Preparing Ethanol_c168_q2.dat -> Ethanol_c168_q2.out on /home/zoe/Research/Gaussian/scratch
Preparing Ethanol_c168_q3.dat -> Ethanol_c168_q3.out on /home/zoe/Research/Gaussian/scratch
Preparing Ethanol_c169_q1.dat -> Ethanol_c169_q1.out on /home/zoe/Research/Gaussian/scratch
Preparing Ethanol_c169_q2.dat -> Ethanol_c169_q2.out on /home/zoe/Research/Gaussian/scratch
Preparing Ethanol_c169_q3.dat -> Ethanol_c169_q3.out on /home/zoe/Research/Gaussian/scratch
Preparing Ethanol_c16_q1.dat -> Ethanol_c16_q1.out on /home/zoe/Research/Gaussian/scratch
Preparing Ethanol_c16_q2.dat -> Ethanol_c16_q2.out on /home/zoe/Research/Gaussian/scratch
Preparing Ethanol_c16_q3.dat -> Ethanol_c16_q3.out on /home/zoe/Research/Gaussian/scratch
Preparing Ethanol_c170_q1.dat -> Ethanol_c170_q1.out on /home/zoe/Research/Gaussian/scratch
Preparing Ethanol_c170_q2.dat -> Ethanol_c170_q2.out on /home/zoe/Research/Gaussian/scratch
Preparing Ethanol_c170_q3.dat -> Ethanol_c170_q3.out on /home/zoe/Research/Gaussian/scratch
Preparing Ethanol_c171_q1.dat -> Ethanol_c171_q1.out on /home/zoe/Research/Gaussian/scratch
Preparing Ethanol_c171_q2.dat -> Ethanol_c171_q2.out on /home/zoe/Research/Gaussian/scratch
Preparing Ethanol_c171_q3.dat -> Ethanol_c171_q3.out on /home/zoe/Research/Gaussian/scratch
Preparing Ethanol_c172_q1.dat -> Ethanol_c172_q1.out on /home/zoe/Research/Gaussian/scratch
Preparing Ethanol_c172_q2.dat -> Ethanol_c172_q2.out on /home/zoe/Research/Gaussian/scratch
Preparing Ethanol_c172_q3.dat -> Ethanol_c172_q3.out on /home/zoe/Research/Gaussian/scratch
Preparing Ethanol_c173_q1.dat -> Ethanol_c173_q1.out on /home/zoe/Research/Gaussian/scratch
Preparing Ethanol_c173_q2.dat -> Ethanol_c173_q2.out on /home/zoe/Research/Gaussian/scratch
Preparing Ethanol_c173_q3.dat -> Ethanol_c173_q3.out on /home/zoe/Research/Gaussian/scratch
Preparing Ethanol_c174_q1.dat -> Ethanol_c174_q1.out on /home/zoe/Research/Gaussian/scratch
Preparing Ethanol_c174_q2.dat -> Ethanol_c174_q2.out on /home/zoe/Research/Gaussian/scratch
Preparing Ethanol_c174_q3.dat -> Ethanol_c174_q3.out on /home/zoe/Research/Gaussian/scratch
Preparing Ethanol_c175_q1.dat -> Ethanol_c175_q1.out on /home/zoe/Research/Gaussian/scratch
Preparing Ethanol_c175_q2.dat -> Ethanol_c175_q2.out on /home/zoe/Research/Gaussian/scratch
Preparing Ethanol_c175_q3.dat -> Ethanol_c175_q3.out on /home/zoe/Research/Gaussian/scratch
Preparing Ethanol_c176_q1.dat -> Ethanol_c176_q1.out on /home/zoe/Research/Gaussian/scratch
Preparing Ethanol_c176_q2.dat -> Ethanol_c176_q2.out on /home/zoe/Research/Gaussian/scratch
Preparing Ethanol_c176_q3.dat -> Ethanol_c176_q3.out on /home/zoe/Research/Gaussian/scratch
Preparing Ethanol_c177_q1.dat -> Ethanol_c177_q1.out on /home/zoe/Research/Gaussian/scratch
Preparing Ethanol_c177_q2.dat -> Ethanol_c177_q2.out on /home/zoe/Research/Gaussian/scratch
Preparing Ethanol_c177_q3.dat -> Ethanol_c177_q3.out on /home/zoe/Research/Gaussian/scratch
Preparing Ethanol_c178_q1.dat -> Ethanol_c178_q1.out on /home/zoe/Research/Gaussian/scratch
Preparing Ethanol_c178_q2.dat -> Ethanol_c178_q2.out on /home/zoe/Research/Gaussian/scratch
Preparing Ethanol_c178_q3.dat -> Ethanol_c178_q3.out on /home/zoe/Research/Gaussian/scratch
Preparing Ethanol_c179_q1.dat -> Ethanol_c179_q1.out on /home/zoe/Research/Gaussian/scratch
Preparing Ethanol_c179_q2.dat -> Ethanol_c179_q2.out on /home/zoe/Research/Gaussian/scratch
Preparing Ethanol_c179_q3.dat -> Ethanol_c179_q3.out on /home/zoe/Research/Gaussian/scratch
Preparing Ethanol_c17_q1.dat -> Ethanol_c17_q1.out on /home/zoe/Research/Gaussian/scratch
Preparing Ethanol_c17_q2.dat -> Ethanol_c17_q2.out on /home/zoe/Research/Gaussian/scratch
Preparing Ethanol_c17_q3.dat -> Ethanol_c17_q3.out on /home/zoe/Research/Gaussian/scratch
Preparing Ethanol_c180_q1.dat -> Ethanol_c180_q1.out on /home/zoe/Research/Gaussian/scratch
Preparing Ethanol_c180_q2.dat -> Ethanol_c180_q2.out on /home/zoe/Research/Gaussian/scratch
Preparing Ethanol_c180_q3.dat -> Ethanol_c180_q3.out on /home/zoe/Research/Gaussian/scratch
Preparing Ethanol_c181_q1.dat -> Ethanol_c181_q1.out on /home/zoe/Research/Gaussian/scratch
Preparing Ethanol_c181_q2.dat -> Ethanol_c181_q2.out on /home/zoe/Research/Gaussian/scratch
Preparing Ethanol_c181_q3.dat -> Ethanol_c181_q3.out on /home/zoe/Research/Gaussian/scratch
Preparing Ethanol_c182_q1.dat -> Ethanol_c182_q1.out on /home/zoe/Research/Gaussian/scratch
Preparing Ethanol_c182_q2.dat -> Ethanol_c182_q2.out on /home/zoe/Research/Gaussian/scratch
Preparing Ethanol_c182_q3.dat -> Ethanol_c182_q3.out on /home/zoe/Research/Gaussian/scratch
Preparing Ethanol_c183_q1.dat -> Ethanol_c183_q1.out on /home/zoe/Research/Gaussian/scratch
Preparing Ethanol_c183_q2.dat -> Ethanol_c183_q2.out on /home/zoe/Research/Gaussian/scratch
Preparing Ethanol_c183_q3.dat -> Ethanol_c183_q3.out on /home/zoe/Research/Gaussian/scratch
Preparing Ethanol_c184_q1.dat -> Ethanol_c184_q1.out on /home/zoe/Research/Gaussian/scratch
Preparing Ethanol_c184_q2.dat -> Ethanol_c184_q2.out on /home/zoe/Research/Gaussian/scratch
Preparing Ethanol_c184_q3.dat -> Ethanol_c184_q3.out on /home/zoe/Research/Gaussian/scratch
Preparing Ethanol_c185_q1.dat -> Ethanol_c185_q1.out on /home/zoe/Research/Gaussian/scratch
Preparing Ethanol_c185_q2.dat -> Ethanol_c185_q2.out on /home/zoe/Research/Gaussian/scratch
Preparing Ethanol_c185_q3.dat -> Ethanol_c185_q3.out on /home/zoe/Research/Gaussian/scratch
Preparing Ethanol_c186_q1.dat -> Ethanol_c186_q1.out on /home/zoe/Research/Gaussian/scratch
Preparing Ethanol_c186_q2.dat -> Ethanol_c186_q2.out on /home/zoe/Research/Gaussian/scratch
Preparing Ethanol_c186_q3.dat -> Ethanol_c186_q3.out on /home/zoe/Research/Gaussian/scratch
Preparing Ethanol_c187_q1.dat -> Ethanol_c187_q1.out on /home/zoe/Research/Gaussian/scratch
Preparing Ethanol_c187_q2.dat -> Ethanol_c187_q2.out on /home/zoe/Research/Gaussian/scratch
Preparing Ethanol_c187_q3.dat -> Ethanol_c187_q3.out on /home/zoe/Research/Gaussian/scratch
Preparing Ethanol_c188_q1.dat -> Ethanol_c188_q1.out on /home/zoe/Research/Gaussian/scratch
Preparing Ethanol_c188_q2.dat -> Ethanol_c188_q2.out on /home/zoe/Research/Gaussian/scratch
Preparing Ethanol_c188_q3.dat -> Ethanol_c188_q3.out on /home/zoe/Research/Gaussian/scratch
Preparing Ethanol_c189_q1.dat -> Ethanol_c189_q1.out on /home/zoe/Research/Gaussian/scratch
Preparing Ethanol_c189_q2.dat -> Ethanol_c189_q2.out on /home/zoe/Research/Gaussian/scratch
Preparing Ethanol_c189_q3.dat -> Ethanol_c189_q3.out on /home/zoe/Research/Gaussian/scratch
Preparing Ethanol_c18_q1.dat -> Ethanol_c18_q1.out on /home/zoe/Research/Gaussian/scratch
Preparing Ethanol_c18_q2.dat -> Ethanol_c18_q2.out on /home/zoe/Research/Gaussian/scratch
Preparing Ethanol_c18_q3.dat -> Ethanol_c18_q3.out on /home/zoe/Research/Gaussian/scratch
Preparing Ethanol_c190_q1.dat -> Ethanol_c190_q1.out on /home/zoe/Research/Gaussian/scratch
Preparing Ethanol_c190_q2.dat -> Ethanol_c190_q2.out on /home/zoe/Research/Gaussian/scratch
Preparing Ethanol_c190_q3.dat -> Ethanol_c190_q3.out on /home/zoe/Research/Gaussian/scratch
Preparing Ethanol_c191_q1.dat -> Ethanol_c191_q1.out on /home/zoe/Research/Gaussian/scratch
Preparing Ethanol_c191_q2.dat -> Ethanol_c191_q2.out on /home/zoe/Research/Gaussian/scratch
Preparing Ethanol_c191_q3.dat -> Ethanol_c191_q3.out on /home/zoe/Research/Gaussian/scratch
Preparing Ethanol_c192_q1.dat -> Ethanol_c192_q1.out on /home/zoe/Research/Gaussian/scratch
Preparing Ethanol_c192_q2.dat -> Ethanol_c192_q2.out on /home/zoe/Research/Gaussian/scratch
Preparing Ethanol_c192_q3.dat -> Ethanol_c192_q3.out on /home/zoe/Research/Gaussian/scratch
Preparing Ethanol_c193_q1.dat -> Ethanol_c193_q1.out on /home/zoe/Research/Gaussian/scratch
Preparing Ethanol_c193_q2.dat -> Ethanol_c193_q2.out on /home/zoe/Research/Gaussian/scratch
Preparing Ethanol_c193_q3.dat -> Ethanol_c193_q3.out on /home/zoe/Research/Gaussian/scratch
Preparing Ethanol_c194_q1.dat -> Ethanol_c194_q1.out on /home/zoe/Research/Gaussian/scratch
Preparing Ethanol_c194_q2.dat -> Ethanol_c194_q2.out on /home/zoe/Research/Gaussian/scratch
Preparing Ethanol_c194_q3.dat -> Ethanol_c194_q3.out on /home/zoe/Research/Gaussian/scratch
Preparing Ethanol_c195_q1.dat -> Ethanol_c195_q1.out on /home/zoe/Research/Gaussian/scratch
Preparing Ethanol_c195_q2.dat -> Ethanol_c195_q2.out on /home/zoe/Research/Gaussian/scratch
Preparing Ethanol_c195_q3.dat -> Ethanol_c195_q3.out on /home/zoe/Research/Gaussian/scratch
Preparing Ethanol_c196_q1.dat -> Ethanol_c196_q1.out on /home/zoe/Research/Gaussian/scratch
Preparing Ethanol_c196_q2.dat -> Ethanol_c196_q2.out on /home/zoe/Research/Gaussian/scratch
Preparing Ethanol_c196_q3.dat -> Ethanol_c196_q3.out on /home/zoe/Research/Gaussian/scratch
Preparing Ethanol_c197_q1.dat -> Ethanol_c197_q1.out on /home/zoe/Research/Gaussian/scratch
Preparing Ethanol_c197_q2.dat -> Ethanol_c197_q2.out on /home/zoe/Research/Gaussian/scratch
Preparing Ethanol_c197_q3.dat -> Ethanol_c197_q3.out on /home/zoe/Research/Gaussian/scratch
Preparing Ethanol_c198_q1.dat -> Ethanol_c198_q1.out on /home/zoe/Research/Gaussian/scratch
Preparing Ethanol_c198_q2.dat -> Ethanol_c198_q2.out on /home/zoe/Research/Gaussian/scratch
Preparing Ethanol_c198_q3.dat -> Ethanol_c198_q3.out on /home/zoe/Research/Gaussian/scratch
Preparing Ethanol_c199_q1.dat -> Ethanol_c199_q1.out on /home/zoe/Research/Gaussian/scratch
Preparing Ethanol_c199_q2.dat -> Ethanol_c199_q2.out on /home/zoe/Research/Gaussian/scratch
Preparing Ethanol_c199_q3.dat -> Ethanol_c199_q3.out on /home/zoe/Research/Gaussian/scratch
Preparing Ethanol_c19_q1.dat -> Ethanol_c19_q1.out on /home/zoe/Research/Gaussian/scratch
Preparing Ethanol_c19_q2.dat -> Ethanol_c19_q2.out on /home/zoe/Research/Gaussian/scratch
Preparing Ethanol_c19_q3.dat -> Ethanol_c19_q3.out on /home/zoe/Research/Gaussian/scratch
Preparing Ethanol_c1_q1.dat -> Ethanol_c1_q1.out on /home/zoe/Research/Gaussian/scratch
Preparing Ethanol_c1_q2.dat -> Ethanol_c1_q2.out on /home/zoe/Research/Gaussian/scratch
Preparing Ethanol_c1_q3.dat -> Ethanol_c1_q3.out on /home/zoe/Research/Gaussian/scratch
Preparing Ethanol_c200_q1.dat -> Ethanol_c200_q1.out on /home/zoe/Research/Gaussian/scratch
Preparing Ethanol_c200_q2.dat -> Ethanol_c200_q2.out on /home/zoe/Research/Gaussian/scratch
Preparing Ethanol_c200_q3.dat -> Ethanol_c200_q3.out on /home/zoe/Research/Gaussian/scratch
Preparing Ethanol_c20_q1.dat -> Ethanol_c20_q1.out on /home/zoe/Research/Gaussian/scratch
Preparing Ethanol_c20_q2.dat -> Ethanol_c20_q2.out on /home/zoe/Research/Gaussian/scratch
Preparing Ethanol_c20_q3.dat -> Ethanol_c20_q3.out on /home/zoe/Research/Gaussian/scratch
Preparing Ethanol_c21_q1.dat -> Ethanol_c21_q1.out on /home/zoe/Research/Gaussian/scratch
Preparing Ethanol_c21_q2.dat -> Ethanol_c21_q2.out on /home/zoe/Research/Gaussian/scratch
Preparing Ethanol_c21_q3.dat -> Ethanol_c21_q3.out on /home/zoe/Research/Gaussian/scratch
Preparing Ethanol_c22_q1.dat -> Ethanol_c22_q1.out on /home/zoe/Research/Gaussian/scratch
Preparing Ethanol_c22_q2.dat -> Ethanol_c22_q2.out on /home/zoe/Research/Gaussian/scratch
Preparing Ethanol_c22_q3.dat -> Ethanol_c22_q3.out on /home/zoe/Research/Gaussian/scratch
Preparing Ethanol_c23_q1.dat -> Ethanol_c23_q1.out on /home/zoe/Research/Gaussian/scratch
Preparing Ethanol_c23_q2.dat -> Ethanol_c23_q2.out on /home/zoe/Research/Gaussian/scratch
Preparing Ethanol_c23_q3.dat -> Ethanol_c23_q3.out on /home/zoe/Research/Gaussian/scratch
Preparing Ethanol_c24_q1.dat -> Ethanol_c24_q1.out on /home/zoe/Research/Gaussian/scratch
Preparing Ethanol_c24_q2.dat -> Ethanol_c24_q2.out on /home/zoe/Research/Gaussian/scratch
Preparing Ethanol_c24_q3.dat -> Ethanol_c24_q3.out on /home/zoe/Research/Gaussian/scratch
Preparing Ethanol_c25_q1.dat -> Ethanol_c25_q1.out on /home/zoe/Research/Gaussian/scratch
Preparing Ethanol_c25_q2.dat -> Ethanol_c25_q2.out on /home/zoe/Research/Gaussian/scratch
Preparing Ethanol_c25_q3.dat -> Ethanol_c25_q3.out on /home/zoe/Research/Gaussian/scratch
Preparing Ethanol_c26_q1.dat -> Ethanol_c26_q1.out on /home/zoe/Research/Gaussian/scratch
Preparing Ethanol_c26_q2.dat -> Ethanol_c26_q2.out on /home/zoe/Research/Gaussian/scratch
Preparing Ethanol_c26_q3.dat -> Ethanol_c26_q3.out on /home/zoe/Research/Gaussian/scratch
Preparing Ethanol_c27_q1.dat -> Ethanol_c27_q1.out on /home/zoe/Research/Gaussian/scratch
Preparing Ethanol_c27_q2.dat -> Ethanol_c27_q2.out on /home/zoe/Research/Gaussian/scratch
Preparing Ethanol_c27_q3.dat -> Ethanol_c27_q3.out on /home/zoe/Research/Gaussian/scratch
Preparing Ethanol_c28_q1.dat -> Ethanol_c28_q1.out on /home/zoe/Research/Gaussian/scratch
Preparing Ethanol_c28_q2.dat -> Ethanol_c28_q2.out on /home/zoe/Research/Gaussian/scratch
Preparing Ethanol_c28_q3.dat -> Ethanol_c28_q3.out on /home/zoe/Research/Gaussian/scratch
Preparing Ethanol_c29_q1.dat -> Ethanol_c29_q1.out on /home/zoe/Research/Gaussian/scratch
Preparing Ethanol_c29_q2.dat -> Ethanol_c29_q2.out on /home/zoe/Research/Gaussian/scratch
Preparing Ethanol_c29_q3.dat -> Ethanol_c29_q3.out on /home/zoe/Research/Gaussian/scratch
Preparing Ethanol_c2_q1.dat -> Ethanol_c2_q1.out on /home/zoe/Research/Gaussian/scratch
Preparing Ethanol_c2_q2.dat -> Ethanol_c2_q2.out on /home/zoe/Research/Gaussian/scratch
Preparing Ethanol_c2_q3.dat -> Ethanol_c2_q3.out on /home/zoe/Research/Gaussian/scratch
Preparing Ethanol_c30_q1.dat -> Ethanol_c30_q1.out on /home/zoe/Research/Gaussian/scratch
Preparing Ethanol_c30_q2.dat -> Ethanol_c30_q2.out on /home/zoe/Research/Gaussian/scratch
Preparing Ethanol_c30_q3.dat -> Ethanol_c30_q3.out on /home/zoe/Research/Gaussian/scratch
Preparing Ethanol_c31_q1.dat -> Ethanol_c31_q1.out on /home/zoe/Research/Gaussian/scratch
Preparing Ethanol_c31_q2.dat -> Ethanol_c31_q2.out on /home/zoe/Research/Gaussian/scratch
Preparing Ethanol_c31_q3.dat -> Ethanol_c31_q3.out on /home/zoe/Research/Gaussian/scratch
Preparing Ethanol_c32_q1.dat -> Ethanol_c32_q1.out on /home/zoe/Research/Gaussian/scratch
Preparing Ethanol_c32_q2.dat -> Ethanol_c32_q2.out on /home/zoe/Research/Gaussian/scratch
Preparing Ethanol_c32_q3.dat -> Ethanol_c32_q3.out on /home/zoe/Research/Gaussian/scratch
Preparing Ethanol_c33_q1.dat -> Ethanol_c33_q1.out on /home/zoe/Research/Gaussian/scratch
Preparing Ethanol_c33_q2.dat -> Ethanol_c33_q2.out on /home/zoe/Research/Gaussian/scratch
Preparing Ethanol_c33_q3.dat -> Ethanol_c33_q3.out on /home/zoe/Research/Gaussian/scratch
Preparing Ethanol_c34_q1.dat -> Ethanol_c34_q1.out on /home/zoe/Research/Gaussian/scratch
Preparing Ethanol_c34_q2.dat -> Ethanol_c34_q2.out on /home/zoe/Research/Gaussian/scratch
Preparing Ethanol_c34_q3.dat -> Ethanol_c34_q3.out on /home/zoe/Research/Gaussian/scratch
Preparing Ethanol_c35_q1.dat -> Ethanol_c35_q1.out on /home/zoe/Research/Gaussian/scratch
Preparing Ethanol_c35_q2.dat -> Ethanol_c35_q2.out on /home/zoe/Research/Gaussian/scratch
Preparing Ethanol_c35_q3.dat -> Ethanol_c35_q3.out on /home/zoe/Research/Gaussian/scratch
Preparing Ethanol_c36_q1.dat -> Ethanol_c36_q1.out on /home/zoe/Research/Gaussian/scratch
Preparing Ethanol_c36_q2.dat -> Ethanol_c36_q2.out on /home/zoe/Research/Gaussian/scratch
Preparing Ethanol_c36_q3.dat -> Ethanol_c36_q3.out on /home/zoe/Research/Gaussian/scratch
Preparing Ethanol_c37_q1.dat -> Ethanol_c37_q1.out on /home/zoe/Research/Gaussian/scratch
Preparing Ethanol_c37_q2.dat -> Ethanol_c37_q2.out on /home/zoe/Research/Gaussian/scratch
Preparing Ethanol_c37_q3.dat -> Ethanol_c37_q3.out on /home/zoe/Research/Gaussian/scratch
Preparing Ethanol_c38_q1.dat -> Ethanol_c38_q1.out on /home/zoe/Research/Gaussian/scratch
Preparing Ethanol_c38_q2.dat -> Ethanol_c38_q2.out on /home/zoe/Research/Gaussian/scratch
Preparing Ethanol_c38_q3.dat -> Ethanol_c38_q3.out on /home/zoe/Research/Gaussian/scratch
Preparing Ethanol_c39_q1.dat -> Ethanol_c39_q1.out on /home/zoe/Research/Gaussian/scratch
Preparing Ethanol_c39_q2.dat -> Ethanol_c39_q2.out on /home/zoe/Research/Gaussian/scratch
Preparing Ethanol_c39_q3.dat -> Ethanol_c39_q3.out on /home/zoe/Research/Gaussian/scratch
Preparing Ethanol_c3_q1.dat -> Ethanol_c3_q1.out on /home/zoe/Research/Gaussian/scratch
Preparing Ethanol_c3_q2.dat -> Ethanol_c3_q2.out on /home/zoe/Research/Gaussian/scratch
Preparing Ethanol_c3_q3.dat -> Ethanol_c3_q3.out on /home/zoe/Research/Gaussian/scratch
Preparing Ethanol_c40_q1.dat -> Ethanol_c40_q1.out on /home/zoe/Research/Gaussian/scratch
Preparing Ethanol_c40_q2.dat -> Ethanol_c40_q2.out on /home/zoe/Research/Gaussian/scratch
Preparing Ethanol_c40_q3.dat -> Ethanol_c40_q3.out on /home/zoe/Research/Gaussian/scratch
Preparing Ethanol_c41_q1.dat -> Ethanol_c41_q1.out on /home/zoe/Research/Gaussian/scratch
Preparing Ethanol_c41_q2.dat -> Ethanol_c41_q2.out on /home/zoe/Research/Gaussian/scratch
Preparing Ethanol_c41_q3.dat -> Ethanol_c41_q3.out on /home/zoe/Research/Gaussian/scratch
Preparing Ethanol_c42_q1.dat -> Ethanol_c42_q1.out on /home/zoe/Research/Gaussian/scratch
Preparing Ethanol_c42_q2.dat -> Ethanol_c42_q2.out on /home/zoe/Research/Gaussian/scratch
Preparing Ethanol_c42_q3.dat -> Ethanol_c42_q3.out on /home/zoe/Research/Gaussian/scratch
Preparing Ethanol_c43_q1.dat -> Ethanol_c43_q1.out on /home/zoe/Research/Gaussian/scratch
Preparing Ethanol_c43_q2.dat -> Ethanol_c43_q2.out on /home/zoe/Research/Gaussian/scratch
Preparing Ethanol_c43_q3.dat -> Ethanol_c43_q3.out on /home/zoe/Research/Gaussian/scratch
Preparing Ethanol_c44_q1.dat -> Ethanol_c44_q1.out on /home/zoe/Research/Gaussian/scratch
Preparing Ethanol_c44_q2.dat -> Ethanol_c44_q2.out on /home/zoe/Research/Gaussian/scratch
Preparing Ethanol_c44_q3.dat -> Ethanol_c44_q3.out on /home/zoe/Research/Gaussian/scratch
Preparing Ethanol_c45_q1.dat -> Ethanol_c45_q1.out on /home/zoe/Research/Gaussian/scratch
Preparing Ethanol_c45_q2.dat -> Ethanol_c45_q2.out on /home/zoe/Research/Gaussian/scratch
Preparing Ethanol_c45_q3.dat -> Ethanol_c45_q3.out on /home/zoe/Research/Gaussian/scratch
Preparing Ethanol_c46_q1.dat -> Ethanol_c46_q1.out on /home/zoe/Research/Gaussian/scratch
Preparing Ethanol_c46_q2.dat -> Ethanol_c46_q2.out on /home/zoe/Research/Gaussian/scratch
Preparing Ethanol_c46_q3.dat -> Ethanol_c46_q3.out on /home/zoe/Research/Gaussian/scratch
Preparing Ethanol_c47_q1.dat -> Ethanol_c47_q1.out on /home/zoe/Research/Gaussian/scratch
Preparing Ethanol_c47_q2.dat -> Ethanol_c47_q2.out on /home/zoe/Research/Gaussian/scratch
Preparing Ethanol_c47_q3.dat -> Ethanol_c47_q3.out on /home/zoe/Research/Gaussian/scratch
Preparing Ethanol_c48_q1.dat -> Ethanol_c48_q1.out on /home/zoe/Research/Gaussian/scratch
Preparing Ethanol_c48_q2.dat -> Ethanol_c48_q2.out on /home/zoe/Research/Gaussian/scratch
Preparing Ethanol_c48_q3.dat -> Ethanol_c48_q3.out on /home/zoe/Research/Gaussian/scratch
Preparing Ethanol_c49_q1.dat -> Ethanol_c49_q1.out on /home/zoe/Research/Gaussian/scratch
Preparing Ethanol_c49_q2.dat -> Ethanol_c49_q2.out on /home/zoe/Research/Gaussian/scratch
Preparing Ethanol_c49_q3.dat -> Ethanol_c49_q3.out on /home/zoe/Research/Gaussian/scratch
Preparing Ethanol_c4_q1.dat -> Ethanol_c4_q1.out on /home/zoe/Research/Gaussian/scratch
Preparing Ethanol_c4_q2.dat -> Ethanol_c4_q2.out on /home/zoe/Research/Gaussian/scratch
Preparing Ethanol_c4_q3.dat -> Ethanol_c4_q3.out on /home/zoe/Research/Gaussian/scratch
Preparing Ethanol_c50_q1.dat -> Ethanol_c50_q1.out on /home/zoe/Research/Gaussian/scratch
Preparing Ethanol_c50_q2.dat -> Ethanol_c50_q2.out on /home/zoe/Research/Gaussian/scratch
Preparing Ethanol_c50_q3.dat -> Ethanol_c50_q3.out on /home/zoe/Research/Gaussian/scratch
Preparing Ethanol_c51_q1.dat -> Ethanol_c51_q1.out on /home/zoe/Research/Gaussian/scratch
Preparing Ethanol_c51_q2.dat -> Ethanol_c51_q2.out on /home/zoe/Research/Gaussian/scratch
Preparing Ethanol_c51_q3.dat -> Ethanol_c51_q3.out on /home/zoe/Research/Gaussian/scratch
Preparing Ethanol_c52_q1.dat -> Ethanol_c52_q1.out on /home/zoe/Research/Gaussian/scratch
Preparing Ethanol_c52_q2.dat -> Ethanol_c52_q2.out on /home/zoe/Research/Gaussian/scratch
Preparing Ethanol_c52_q3.dat -> Ethanol_c52_q3.out on /home/zoe/Research/Gaussian/scratch
Preparing Ethanol_c53_q1.dat -> Ethanol_c53_q1.out on /home/zoe/Research/Gaussian/scratch
Preparing Ethanol_c53_q2.dat -> Ethanol_c53_q2.out on /home/zoe/Research/Gaussian/scratch
Preparing Ethanol_c53_q3.dat -> Ethanol_c53_q3.out on /home/zoe/Research/Gaussian/scratch
Preparing Ethanol_c54_q1.dat -> Ethanol_c54_q1.out on /home/zoe/Research/Gaussian/scratch
Preparing Ethanol_c54_q2.dat -> Ethanol_c54_q2.out on /home/zoe/Research/Gaussian/scratch
Preparing Ethanol_c54_q3.dat -> Ethanol_c54_q3.out on /home/zoe/Research/Gaussian/scratch
Preparing Ethanol_c55_q1.dat -> Ethanol_c55_q1.out on /home/zoe/Research/Gaussian/scratch
Preparing Ethanol_c55_q2.dat -> Ethanol_c55_q2.out on /home/zoe/Research/Gaussian/scratch
Preparing Ethanol_c55_q3.dat -> Ethanol_c55_q3.out on /home/zoe/Research/Gaussian/scratch
Preparing Ethanol_c56_q1.dat -> Ethanol_c56_q1.out on /home/zoe/Research/Gaussian/scratch
Preparing Ethanol_c56_q2.dat -> Ethanol_c56_q2.out on /home/zoe/Research/Gaussian/scratch
Preparing Ethanol_c56_q3.dat -> Ethanol_c56_q3.out on /home/zoe/Research/Gaussian/scratch
Preparing Ethanol_c57_q1.dat -> Ethanol_c57_q1.out on /home/zoe/Research/Gaussian/scratch
Preparing Ethanol_c57_q2.dat -> Ethanol_c57_q2.out on /home/zoe/Research/Gaussian/scratch
Preparing Ethanol_c57_q3.dat -> Ethanol_c57_q3.out on /home/zoe/Research/Gaussian/scratch
Preparing Ethanol_c58_q1.dat -> Ethanol_c58_q1.out on /home/zoe/Research/Gaussian/scratch
Preparing Ethanol_c58_q2.dat -> Ethanol_c58_q2.out on /home/zoe/Research/Gaussian/scratch
Preparing Ethanol_c58_q3.dat -> Ethanol_c58_q3.out on /home/zoe/Research/Gaussian/scratch
Preparing Ethanol_c59_q1.dat -> Ethanol_c59_q1.out on /home/zoe/Research/Gaussian/scratch
Preparing Ethanol_c59_q2.dat -> Ethanol_c59_q2.out on /home/zoe/Research/Gaussian/scratch
Preparing Ethanol_c59_q3.dat -> Ethanol_c59_q3.out on /home/zoe/Research/Gaussian/scratch
Preparing Ethanol_c5_q1.dat -> Ethanol_c5_q1.out on /home/zoe/Research/Gaussian/scratch
Preparing Ethanol_c5_q2.dat -> Ethanol_c5_q2.out on /home/zoe/Research/Gaussian/scratch
Preparing Ethanol_c5_q3.dat -> Ethanol_c5_q3.out on /home/zoe/Research/Gaussian/scratch
Preparing Ethanol_c60_q1.dat -> Ethanol_c60_q1.out on /home/zoe/Research/Gaussian/scratch
Preparing Ethanol_c60_q2.dat -> Ethanol_c60_q2.out on /home/zoe/Research/Gaussian/scratch
Preparing Ethanol_c60_q3.dat -> Ethanol_c60_q3.out on /home/zoe/Research/Gaussian/scratch
Preparing Ethanol_c61_q1.dat -> Ethanol_c61_q1.out on /home/zoe/Research/Gaussian/scratch
Preparing Ethanol_c61_q2.dat -> Ethanol_c61_q2.out on /home/zoe/Research/Gaussian/scratch
Preparing Ethanol_c61_q3.dat -> Ethanol_c61_q3.out on /home/zoe/Research/Gaussian/scratch
Preparing Ethanol_c62_q1.dat -> Ethanol_c62_q1.out on /home/zoe/Research/Gaussian/scratch
Preparing Ethanol_c62_q2.dat -> Ethanol_c62_q2.out on /home/zoe/Research/Gaussian/scratch
Preparing Ethanol_c62_q3.dat -> Ethanol_c62_q3.out on /home/zoe/Research/Gaussian/scratch
Preparing Ethanol_c63_q1.dat -> Ethanol_c63_q1.out on /home/zoe/Research/Gaussian/scratch
Preparing Ethanol_c63_q2.dat -> Ethanol_c63_q2.out on /home/zoe/Research/Gaussian/scratch
Preparing Ethanol_c63_q3.dat -> Ethanol_c63_q3.out on /home/zoe/Research/Gaussian/scratch
Preparing Ethanol_c64_q1.dat -> Ethanol_c64_q1.out on /home/zoe/Research/Gaussian/scratch
Preparing Ethanol_c64_q2.dat -> Ethanol_c64_q2.out on /home/zoe/Research/Gaussian/scratch
Preparing Ethanol_c64_q3.dat -> Ethanol_c64_q3.out on /home/zoe/Research/Gaussian/scratch
Preparing Ethanol_c65_q1.dat -> Ethanol_c65_q1.out on /home/zoe/Research/Gaussian/scratch
Preparing Ethanol_c65_q2.dat -> Ethanol_c65_q2.out on /home/zoe/Research/Gaussian/scratch
Preparing Ethanol_c65_q3.dat -> Ethanol_c65_q3.out on /home/zoe/Research/Gaussian/scratch
Preparing Ethanol_c66_q1.dat -> Ethanol_c66_q1.out on /home/zoe/Research/Gaussian/scratch
Preparing Ethanol_c66_q2.dat -> Ethanol_c66_q2.out on /home/zoe/Research/Gaussian/scratch
Preparing Ethanol_c66_q3.dat -> Ethanol_c66_q3.out on /home/zoe/Research/Gaussian/scratch
Preparing Ethanol_c67_q1.dat -> Ethanol_c67_q1.out on /home/zoe/Research/Gaussian/scratch
Preparing Ethanol_c67_q2.dat -> Ethanol_c67_q2.out on /home/zoe/Research/Gaussian/scratch
Preparing Ethanol_c67_q3.dat -> Ethanol_c67_q3.out on /home/zoe/Research/Gaussian/scratch
Preparing Ethanol_c68_q1.dat -> Ethanol_c68_q1.out on /home/zoe/Research/Gaussian/scratch
Preparing Ethanol_c68_q2.dat -> Ethanol_c68_q2.out on /home/zoe/Research/Gaussian/scratch
Preparing Ethanol_c68_q3.dat -> Ethanol_c68_q3.out on /home/zoe/Research/Gaussian/scratch
Preparing Ethanol_c69_q1.dat -> Ethanol_c69_q1.out on /home/zoe/Research/Gaussian/scratch
Preparing Ethanol_c69_q2.dat -> Ethanol_c69_q2.out on /home/zoe/Research/Gaussian/scratch
Preparing Ethanol_c69_q3.dat -> Ethanol_c69_q3.out on /home/zoe/Research/Gaussian/scratch
Preparing Ethanol_c6_q1.dat -> Ethanol_c6_q1.out on /home/zoe/Research/Gaussian/scratch
Preparing Ethanol_c6_q2.dat -> Ethanol_c6_q2.out on /home/zoe/Research/Gaussian/scratch
Preparing Ethanol_c6_q3.dat -> Ethanol_c6_q3.out on /home/zoe/Research/Gaussian/scratch
Preparing Ethanol_c70_q1.dat -> Ethanol_c70_q1.out on /home/zoe/Research/Gaussian/scratch
Preparing Ethanol_c70_q2.dat -> Ethanol_c70_q2.out on /home/zoe/Research/Gaussian/scratch
Preparing Ethanol_c70_q3.dat -> Ethanol_c70_q3.out on /home/zoe/Research/Gaussian/scratch
Preparing Ethanol_c71_q1.dat -> Ethanol_c71_q1.out on /home/zoe/Research/Gaussian/scratch
Preparing Ethanol_c71_q2.dat -> Ethanol_c71_q2.out on /home/zoe/Research/Gaussian/scratch
Preparing Ethanol_c71_q3.dat -> Ethanol_c71_q3.out on /home/zoe/Research/Gaussian/scratch
Preparing Ethanol_c72_q1.dat -> Ethanol_c72_q1.out on /home/zoe/Research/Gaussian/scratch
Preparing Ethanol_c72_q2.dat -> Ethanol_c72_q2.out on /home/zoe/Research/Gaussian/scratch
Preparing Ethanol_c72_q3.dat -> Ethanol_c72_q3.out on /home/zoe/Research/Gaussian/scratch
Preparing Ethanol_c73_q1.dat -> Ethanol_c73_q1.out on /home/zoe/Research/Gaussian/scratch
Preparing Ethanol_c73_q2.dat -> Ethanol_c73_q2.out on /home/zoe/Research/Gaussian/scratch
Preparing Ethanol_c73_q3.dat -> Ethanol_c73_q3.out on /home/zoe/Research/Gaussian/scratch
Preparing Ethanol_c74_q1.dat -> Ethanol_c74_q1.out on /home/zoe/Research/Gaussian/scratch
Preparing Ethanol_c74_q2.dat -> Ethanol_c74_q2.out on /home/zoe/Research/Gaussian/scratch
Preparing Ethanol_c74_q3.dat -> Ethanol_c74_q3.out on /home/zoe/Research/Gaussian/scratch
Preparing Ethanol_c75_q1.dat -> Ethanol_c75_q1.out on /home/zoe/Research/Gaussian/scratch
Preparing Ethanol_c75_q2.dat -> Ethanol_c75_q2.out on /home/zoe/Research/Gaussian/scratch
Preparing Ethanol_c75_q3.dat -> Ethanol_c75_q3.out on /home/zoe/Research/Gaussian/scratch
Preparing Ethanol_c76_q1.dat -> Ethanol_c76_q1.out on /home/zoe/Research/Gaussian/scratch
Preparing Ethanol_c76_q2.dat -> Ethanol_c76_q2.out on /home/zoe/Research/Gaussian/scratch
Preparing Ethanol_c76_q3.dat -> Ethanol_c76_q3.out on /home/zoe/Research/Gaussian/scratch
Preparing Ethanol_c77_q1.dat -> Ethanol_c77_q1.out on /home/zoe/Research/Gaussian/scratch
Preparing Ethanol_c77_q2.dat -> Ethanol_c77_q2.out on /home/zoe/Research/Gaussian/scratch
Preparing Ethanol_c77_q3.dat -> Ethanol_c77_q3.out on /home/zoe/Research/Gaussian/scratch
Preparing Ethanol_c78_q1.dat -> Ethanol_c78_q1.out on /home/zoe/Research/Gaussian/scratch
Preparing Ethanol_c78_q2.dat -> Ethanol_c78_q2.out on /home/zoe/Research/Gaussian/scratch
Preparing Ethanol_c78_q3.dat -> Ethanol_c78_q3.out on /home/zoe/Research/Gaussian/scratch
Preparing Ethanol_c79_q1.dat -> Ethanol_c79_q1.out on /home/zoe/Research/Gaussian/scratch
Preparing Ethanol_c79_q2.dat -> Ethanol_c79_q2.out on /home/zoe/Research/Gaussian/scratch
Preparing Ethanol_c79_q3.dat -> Ethanol_c79_q3.out on /home/zoe/Research/Gaussian/scratch
Preparing Ethanol_c7_q1.dat -> Ethanol_c7_q1.out on /home/zoe/Research/Gaussian/scratch
Preparing Ethanol_c7_q2.dat -> Ethanol_c7_q2.out on /home/zoe/Research/Gaussian/scratch
Preparing Ethanol_c7_q3.dat -> Ethanol_c7_q3.out on /home/zoe/Research/Gaussian/scratch
Preparing Ethanol_c80_q1.dat -> Ethanol_c80_q1.out on /home/zoe/Research/Gaussian/scratch
Preparing Ethanol_c80_q2.dat -> Ethanol_c80_q2.out on /home/zoe/Research/Gaussian/scratch
Preparing Ethanol_c80_q3.dat -> Ethanol_c80_q3.out on /home/zoe/Research/Gaussian/scratch
Preparing Ethanol_c81_q1.dat -> Ethanol_c81_q1.out on /home/zoe/Research/Gaussian/scratch
Preparing Ethanol_c81_q2.dat -> Ethanol_c81_q2.out on /home/zoe/Research/Gaussian/scratch
Preparing Ethanol_c81_q3.dat -> Ethanol_c81_q3.out on /home/zoe/Research/Gaussian/scratch
Preparing Ethanol_c82_q1.dat -> Ethanol_c82_q1.out on /home/zoe/Research/Gaussian/scratch
Preparing Ethanol_c82_q2.dat -> Ethanol_c82_q2.out on /home/zoe/Research/Gaussian/scratch
Preparing Ethanol_c82_q3.dat -> Ethanol_c82_q3.out on /home/zoe/Research/Gaussian/scratch
Preparing Ethanol_c83_q1.dat -> Ethanol_c83_q1.out on /home/zoe/Research/Gaussian/scratch
Preparing Ethanol_c83_q2.dat -> Ethanol_c83_q2.out on /home/zoe/Research/Gaussian/scratch
Preparing Ethanol_c83_q3.dat -> Ethanol_c83_q3.out on /home/zoe/Research/Gaussian/scratch
Preparing Ethanol_c84_q1.dat -> Ethanol_c84_q1.out on /home/zoe/Research/Gaussian/scratch
Preparing Ethanol_c84_q2.dat -> Ethanol_c84_q2.out on /home/zoe/Research/Gaussian/scratch
Preparing Ethanol_c84_q3.dat -> Ethanol_c84_q3.out on /home/zoe/Research/Gaussian/scratch
Preparing Ethanol_c85_q1.dat -> Ethanol_c85_q1.out on /home/zoe/Research/Gaussian/scratch
Preparing Ethanol_c85_q2.dat -> Ethanol_c85_q2.out on /home/zoe/Research/Gaussian/scratch
Preparing Ethanol_c85_q3.dat -> Ethanol_c85_q3.out on /home/zoe/Research/Gaussian/scratch
Preparing Ethanol_c86_q1.dat -> Ethanol_c86_q1.out on /home/zoe/Research/Gaussian/scratch
Preparing Ethanol_c86_q2.dat -> Ethanol_c86_q2.out on /home/zoe/Research/Gaussian/scratch
Preparing Ethanol_c86_q3.dat -> Ethanol_c86_q3.out on /home/zoe/Research/Gaussian/scratch
Preparing Ethanol_c87_q1.dat -> Ethanol_c87_q1.out on /home/zoe/Research/Gaussian/scratch
Preparing Ethanol_c87_q2.dat -> Ethanol_c87_q2.out on /home/zoe/Research/Gaussian/scratch
Preparing Ethanol_c87_q3.dat -> Ethanol_c87_q3.out on /home/zoe/Research/Gaussian/scratch
Preparing Ethanol_c88_q1.dat -> Ethanol_c88_q1.out on /home/zoe/Research/Gaussian/scratch
Preparing Ethanol_c88_q2.dat -> Ethanol_c88_q2.out on /home/zoe/Research/Gaussian/scratch
Preparing Ethanol_c88_q3.dat -> Ethanol_c88_q3.out on /home/zoe/Research/Gaussian/scratch
Preparing Ethanol_c89_q1.dat -> Ethanol_c89_q1.out on /home/zoe/Research/Gaussian/scratch
Preparing Ethanol_c89_q2.dat -> Ethanol_c89_q2.out on /home/zoe/Research/Gaussian/scratch
Preparing Ethanol_c89_q3.dat -> Ethanol_c89_q3.out on /home/zoe/Research/Gaussian/scratch
Preparing Ethanol_c8_q1.dat -> Ethanol_c8_q1.out on /home/zoe/Research/Gaussian/scratch
Preparing Ethanol_c8_q2.dat -> Ethanol_c8_q2.out on /home/zoe/Research/Gaussian/scratch
Preparing Ethanol_c8_q3.dat -> Ethanol_c8_q3.out on /home/zoe/Research/Gaussian/scratch
Preparing Ethanol_c90_q1.dat -> Ethanol_c90_q1.out on /home/zoe/Research/Gaussian/scratch
Preparing Ethanol_c90_q2.dat -> Ethanol_c90_q2.out on /home/zoe/Research/Gaussian/scratch
Preparing Ethanol_c90_q3.dat -> Ethanol_c90_q3.out on /home/zoe/Research/Gaussian/scratch
Preparing Ethanol_c91_q1.dat -> Ethanol_c91_q1.out on /home/zoe/Research/Gaussian/scratch
Preparing Ethanol_c91_q2.dat -> Ethanol_c91_q2.out on /home/zoe/Research/Gaussian/scratch
Preparing Ethanol_c91_q3.dat -> Ethanol_c91_q3.out on /home/zoe/Research/Gaussian/scratch
Preparing Ethanol_c92_q1.dat -> Ethanol_c92_q1.out on /home/zoe/Research/Gaussian/scratch
Preparing Ethanol_c92_q2.dat -> Ethanol_c92_q2.out on /home/zoe/Research/Gaussian/scratch
Preparing Ethanol_c92_q3.dat -> Ethanol_c92_q3.out on /home/zoe/Research/Gaussian/scratch
Preparing Ethanol_c93_q1.dat -> Ethanol_c93_q1.out on /home/zoe/Research/Gaussian/scratch
Preparing Ethanol_c93_q2.dat -> Ethanol_c93_q2.out on /home/zoe/Research/Gaussian/scratch
Preparing Ethanol_c93_q3.dat -> Ethanol_c93_q3.out on /home/zoe/Research/Gaussian/scratch
Preparing Ethanol_c94_q1.dat -> Ethanol_c94_q1.out on /home/zoe/Research/Gaussian/scratch
Preparing Ethanol_c94_q2.dat -> Ethanol_c94_q2.out on /home/zoe/Research/Gaussian/scratch
Preparing Ethanol_c94_q3.dat -> Ethanol_c94_q3.out on /home/zoe/Research/Gaussian/scratch
Preparing Ethanol_c95_q1.dat -> Ethanol_c95_q1.out on /home/zoe/Research/Gaussian/scratch
Preparing Ethanol_c95_q2.dat -> Ethanol_c95_q2.out on /home/zoe/Research/Gaussian/scratch
Preparing Ethanol_c95_q3.dat -> Ethanol_c95_q3.out on /home/zoe/Research/Gaussian/scratch
Preparing Ethanol_c96_q1.dat -> Ethanol_c96_q1.out on /home/zoe/Research/Gaussian/scratch
Preparing Ethanol_c96_q2.dat -> Ethanol_c96_q2.out on /home/zoe/Research/Gaussian/scratch
Preparing Ethanol_c96_q3.dat -> Ethanol_c96_q3.out on /home/zoe/Research/Gaussian/scratch
Preparing Ethanol_c97_q1.dat -> Ethanol_c97_q1.out on /home/zoe/Research/Gaussian/scratch
Preparing Ethanol_c97_q2.dat -> Ethanol_c97_q2.out on /home/zoe/Research/Gaussian/scratch
Preparing Ethanol_c97_q3.dat -> Ethanol_c97_q3.out on /home/zoe/Research/Gaussian/scratch
Preparing Ethanol_c98_q1.dat -> Ethanol_c98_q1.out on /home/zoe/Research/Gaussian/scratch
Preparing Ethanol_c98_q2.dat -> Ethanol_c98_q2.out on /home/zoe/Research/Gaussian/scratch
Preparing Ethanol_c98_q3.dat -> Ethanol_c98_q3.out on /home/zoe/Research/Gaussian/scratch
Preparing Ethanol_c99_q1.dat -> Ethanol_c99_q1.out on /home/zoe/Research/Gaussian/scratch
Preparing Ethanol_c99_q2.dat -> Ethanol_c99_q2.out on /home/zoe/Research/Gaussian/scratch
Preparing Ethanol_c99_q3.dat -> Ethanol_c99_q3.out on /home/zoe/Research/Gaussian/scratch
Preparing Ethanol_c9_q1.dat -> Ethanol_c9_q1.out on /home/zoe/Research/Gaussian/scratch
Preparing Ethanol_c9_q2.dat -> Ethanol_c9_q2.out on /home/zoe/Research/Gaussian/scratch
Preparing Ethanol_c9_q3.dat -> Ethanol_c9_q3.out on /home/zoe/Research/Gaussian/scratch
./Ethanol_c78_q3
./opt-test-SCEE/Ethanol_c78_q3.dat
./Ethanol_c117_q1
./opt-test-SCEE/Ethanol_c117_q1.dat
./Ethanol_c119_q3
./opt-test-SCEE/Ethanol_c119_q3.dat
./Ethanol_c91_q1
./opt-test-SCEE/Ethanol_c91_q1.dat
./Ethanol_c179_q1
./opt-test-SCEE/Ethanol_c179_q1.dat
./Ethanol_c37_q2
./opt-test-SCEE/Ethanol_c37_q2.dat
./Ethanol_c135_q3
./opt-test-SCEE/Ethanol_c135_q3.dat
./Ethanol_c123_q3
./opt-test-SCEE/Ethanol_c123_q3.dat
./Ethanol_c123_q1
./opt-test-SCEE/Ethanol_c123_q1.dat
./Ethanol_c167_q1
./opt-test-SCEE/Ethanol_c167_q1.dat
./Ethanol_c185_q3
./opt-test-SCEE/Ethanol_c185_q3.dat
./Ethanol_c105_q3
./opt-test-SCEE/Ethanol_c105_q3.dat
./Ethanol_c61_q2
./opt-test-SCEE/Ethanol_c61_q2.dat
./Ethanol_c102_q2
./opt-test-SCEE/Ethanol_c102_q2.dat
./Ethanol_c102_q3
./opt-test-SCEE/Ethanol_c102_q3.dat
./Ethanol_c36_q2
./opt-test-SCEE/Ethanol_c36_q2.dat
./Ethanol_c142_q2
./opt-test-SCEE/Ethanol_c142_q2.dat
./Ethanol_c160_q1
./opt-test-SCEE/Ethanol_c160_q1.dat
./Ethanol_c82_q3
./opt-test-SCEE/Ethanol_c82_q3.dat
./Ethanol_c36_q3
./opt-test-SCEE/Ethanol_c36_q3.dat
./Ethanol_c176_q1
./opt-test-SCEE/Ethanol_c176_q1.dat
./Ethanol_c46_q3
./opt-test-SCEE/Ethanol_c46_q3.dat
./Ethanol_c31_q1
./opt-test-SCEE/Ethanol_c31_q1.dat
./Ethanol_c192_q2
./opt-test-SCEE/Ethanol_c192_q2.dat
./Ethanol_c185_q1
./opt-test-SCEE/Ethanol_c185_q1.dat
./Ethanol_c128_q2
./opt-test-SCEE/Ethanol_c128_q2.dat
./Ethanol_c137_q3
./opt-test-SCEE/Ethanol_c137_q3.dat
./Ethanol_c196_q1
./opt-test-SCEE/Ethanol_c196_q1.dat
./Ethanol_c17_q2
./opt-test-SCEE/Ethanol_c17_q2.dat
./Ethanol_c145_q2
./opt-test-SCEE/Ethanol_c145_q2.dat
./Ethanol_c78_q1
./opt-test-SCEE/Ethanol_c78_q1.dat
./Ethanol_c18_q2
./opt-test-SCEE/Ethanol_c18_q2.dat
./Ethanol_c52_q2
./opt-test-SCEE/Ethanol_c52_q2.dat
./Ethanol_c179_q2
./opt-test-SCEE/Ethanol_c179_q2.dat
./Ethanol_c187_q1
./opt-test-SCEE/Ethanol_c187_q1.dat
./Ethanol_c160_q3
./opt-test-SCEE/Ethanol_c160_q3.dat
./Ethanol_c33_q3
./opt-test-SCEE/Ethanol_c33_q3.dat
./Ethanol_c123_q2
./opt-test-SCEE/Ethanol_c123_q2.dat
./Ethanol_c71_q3
./opt-test-SCEE/Ethanol_c71_q3.dat
./Ethanol_c193_q3
./opt-test-SCEE/Ethanol_c193_q3.dat
./Ethanol_c153_q1
./opt-test-SCEE/Ethanol_c153_q1.dat
./Ethanol_c163_q2
./opt-test-SCEE/Ethanol_c163_q2.dat
./Ethanol_c122_q1
./opt-test-SCEE/Ethanol_c122_q1.dat
./Ethanol_c29_q1
./opt-test-SCEE/Ethanol_c29_q1.dat
./Ethanol_c118_q1
./opt-test-SCEE/Ethanol_c118_q1.dat
./Ethanol_c131_q3
./opt-test-SCEE/Ethanol_c131_q3.dat
./Ethanol_c121_q2
./opt-test-SCEE/Ethanol_c121_q2.dat
./Ethanol_c144_q1
./opt-test-SCEE/Ethanol_c144_q1.dat
./Ethanol_c131_q1
./opt-test-SCEE/Ethanol_c131_q1.dat
./Ethanol_c119_q1
./opt-test-SCEE/Ethanol_c119_q1.dat
./Ethanol_c80_q3
./opt-test-SCEE/Ethanol_c80_q3.dat
./Ethanol_c175_q2
./opt-test-SCEE/Ethanol_c175_q2.dat
./Ethanol_c22_q3
./opt-test-SCEE/Ethanol_c22_q3.dat
./Ethanol_c113_q1
./opt-test-SCEE/Ethanol_c113_q1.dat
./Ethanol_c173_q1
./opt-test-SCEE/Ethanol_c173_q1.dat
./Ethanol_c66_q1
./opt-test-SCEE/Ethanol_c66_q1.dat
./Ethanol_c104_q3
./opt-test-SCEE/Ethanol_c104_q3.dat
./Ethanol_c22_q2
./opt-test-SCEE/Ethanol_c22_q2.dat
./Ethanol_c127_q3
./opt-test-SCEE/Ethanol_c127_q3.dat
./Ethanol_c31_q3
./opt-test-SCEE/Ethanol_c31_q3.dat
./Ethanol_c156_q1
./opt-test-SCEE/Ethanol_c156_q1.dat
./Ethanol_c91_q3
./opt-test-SCEE/Ethanol_c91_q3.dat
./Ethanol_c188_q2
./opt-test-SCEE/Ethanol_c188_q2.dat
./Ethanol_c87_q2
./opt-test-SCEE/Ethanol_c87_q2.dat
./Ethanol_c103_q3
./opt-test-SCEE/Ethanol_c103_q3.dat
./Ethanol_c154_q3
./opt-test-SCEE/Ethanol_c154_q3.dat
./Ethanol_c88_q2
./opt-test-SCEE/Ethanol_c88_q2.dat
./Ethanol_c36_q1
./opt-test-SCEE/Ethanol_c36_q1.dat
./Ethanol_c192_q1
./opt-test-SCEE/Ethanol_c192_q1.dat
./Ethanol_c21_q1
./opt-test-SCEE/Ethanol_c21_q1.dat
./Ethanol_c29_q2
./opt-test-SCEE/Ethanol_c29_q2.dat
./Ethanol_c66_q3
./opt-test-SCEE/Ethanol_c66_q3.dat
./Ethanol_c9_q3
./opt-test-SCEE/Ethanol_c9_q3.dat
./Ethanol_c134_q3
./opt-test-SCEE/Ethanol_c134_q3.dat
./Ethanol_c155_q2
./opt-test-SCEE/Ethanol_c155_q2.dat
./Ethanol_c82_q1
./opt-test-SCEE/Ethanol_c82_q1.dat
./Ethanol_c61_q3
./opt-test-SCEE/Ethanol_c61_q3.dat
./Ethanol_c155_q1
./opt-test-SCEE/Ethanol_c155_q1.dat
./Ethanol_c45_q3
./opt-test-SCEE/Ethanol_c45_q3.dat
./Ethanol_c44_q3
./opt-test-SCEE/Ethanol_c44_q3.dat
./Ethanol_c88_q1
./opt-test-SCEE/Ethanol_c88_q1.dat
./Ethanol_c177_q2
./opt-test-SCEE/Ethanol_c177_q2.dat
./Ethanol_c103_q1
./opt-test-SCEE/Ethanol_c103_q1.dat
./Ethanol_c34_q1
./opt-test-SCEE/Ethanol_c34_q1.dat
./Ethanol_c24_q1
./opt-test-SCEE/Ethanol_c24_q1.dat
./Ethanol_c59_q2
./opt-test-SCEE/Ethanol_c59_q2.dat
./Ethanol_c140_q1
./opt-test-SCEE/Ethanol_c140_q1.dat
./Ethanol_c79_q3
./opt-test-SCEE/Ethanol_c79_q3.dat
./Ethanol_c200_q3
./opt-test-SCEE/Ethanol_c200_q3.dat
./Ethanol_c144_q3
./opt-test-SCEE/Ethanol_c144_q3.dat
./Ethanol_c16_q2
./opt-test-SCEE/Ethanol_c16_q2.dat
./Ethanol_c111_q3
./opt-test-SCEE/Ethanol_c111_q3.dat
./Ethanol_c130_q1
./opt-test-SCEE/Ethanol_c130_q1.dat
./Ethanol_c147_q2
./opt-test-SCEE/Ethanol_c147_q2.dat
./Ethanol_c57_q3
./opt-test-SCEE/Ethanol_c57_q3.dat
./Ethanol_c169_q2
./opt-test-SCEE/Ethanol_c169_q2.dat
./Ethanol_c184_q2
./opt-test-SCEE/Ethanol_c184_q2.dat
./Ethanol_c94_q2
./opt-test-SCEE/Ethanol_c94_q2.dat
./Ethanol_c108_q2
./opt-test-SCEE/Ethanol_c108_q2.dat
./Ethanol_c99_q1
./opt-test-SCEE/Ethanol_c99_q1.dat
./Ethanol_c185_q2
./opt-test-SCEE/Ethanol_c185_q2.dat
./Ethanol_c37_q3
./opt-test-SCEE/Ethanol_c37_q3.dat
./Ethanol_c125_q3
./opt-test-SCEE/Ethanol_c125_q3.dat
./Ethanol_c160_q2
./opt-test-SCEE/Ethanol_c160_q2.dat
./Ethanol_c17_q1
./opt-test-SCEE/Ethanol_c17_q1.dat
./Ethanol_c172_q2
./opt-test-SCEE/Ethanol_c172_q2.dat
./Ethanol_c71_q2
./opt-test-SCEE/Ethanol_c71_q2.dat
./Ethanol_c164_q3
./opt-test-SCEE/Ethanol_c164_q3.dat
./Ethanol_c142_q3
./opt-test-SCEE/Ethanol_c142_q3.dat
./Ethanol_c39_q1
./opt-test-SCEE/Ethanol_c39_q1.dat
./Ethanol_c23_q3
./opt-test-SCEE/Ethanol_c23_q3.dat
./Ethanol_c99_q2
./opt-test-SCEE/Ethanol_c99_q2.dat
./Ethanol_c75_q3
./opt-test-SCEE/Ethanol_c75_q3.dat
./Ethanol_c82_q2
./opt-test-SCEE/Ethanol_c82_q2.dat
./Ethanol_c79_q1
./opt-test-SCEE/Ethanol_c79_q1.dat
./Ethanol_c172_q3
./opt-test-SCEE/Ethanol_c172_q3.dat
./Ethanol_c171_q1
./opt-test-SCEE/Ethanol_c171_q1.dat
./Ethanol_c96_q2
./opt-test-SCEE/Ethanol_c96_q2.dat
./Ethanol_c25_q1
./opt-test-SCEE/Ethanol_c25_q1.dat
./Ethanol_c154_q1
./opt-test-SCEE/Ethanol_c154_q1.dat
./Ethanol_c74_q3
./opt-test-SCEE/Ethanol_c74_q3.dat
./Ethanol_c54_q2
./opt-test-SCEE/Ethanol_c54_q2.dat
./Ethanol_c200_q1
./opt-test-SCEE/Ethanol_c200_q1.dat
./Ethanol_c4_q2
./opt-test-SCEE/Ethanol_c4_q2.dat
./Ethanol_c38_q2
./opt-test-SCEE/Ethanol_c38_q2.dat
./Ethanol_c48_q3
./opt-test-SCEE/Ethanol_c48_q3.dat
./Ethanol_c116_q3
./opt-test-SCEE/Ethanol_c116_q3.dat
./Ethanol_c86_q1
./opt-test-SCEE/Ethanol_c86_q1.dat
./Ethanol_c121_q3
./opt-test-SCEE/Ethanol_c121_q3.dat
./Ethanol_c68_q3
./opt-test-SCEE/Ethanol_c68_q3.dat
./Ethanol_c63_q2
./opt-test-SCEE/Ethanol_c63_q2.dat
./Ethanol_c151_q3
./opt-test-SCEE/Ethanol_c151_q3.dat
./Ethanol_c98_q2
./opt-test-SCEE/Ethanol_c98_q2.dat
./Ethanol_c59_q1
./opt-test-SCEE/Ethanol_c59_q1.dat
./Ethanol_c100_q2
./opt-test-SCEE/Ethanol_c100_q2.dat
./Ethanol_c13_q3
./opt-test-SCEE/Ethanol_c13_q3.dat
['./Ethanol_c23_q2_chg.inp', './Ethanol_c124_q1_chg.inp', './Ethanol_c179_q2_chg.inp', './Ethanol_c113_q1_chg.inp', './Ethanol_c47_q2_chg.inp', './Ethanol_c138_q3_chg.inp', './Ethanol_c178_q1_chg.inp', './Ethanol_c61_q1_chg.inp', './Ethanol_c145_q3_chg.inp', './Ethanol_c188_q2_chg.inp', './Ethanol_c24_q2_chg.inp', './Ethanol_c134_q3_chg.inp', './Ethanol_c124_q2_chg.inp', './Ethanol_c75_q3_chg.inp', './Ethanol_c184_q1_chg.inp', './Ethanol_c86_q1_chg.inp', './Ethanol_c95_q2_chg.inp', './Ethanol_c123_q2_chg.inp', './Ethanol_c136_q3_chg.inp', './Ethanol_c117_q2_chg.inp', './Ethanol_c129_q3_chg.inp', './Ethanol_c159_q3_chg.inp', './Ethanol_c65_q2_chg.inp', './Ethanol_c70_q3_chg.inp', './Ethanol_c71_q3_chg.inp', './Ethanol_c112_q1_chg.inp', './Ethanol_c140_q3_chg.inp', './Ethanol_c148_q3_chg.inp', './Ethanol_c94_q3_chg.inp', './Ethanol_c59_q1_chg.inp', './Ethanol_c97_q3_chg.inp', './Ethanol_c136_q2_chg.inp', './Ethanol_c52_q1_chg.inp', './Ethanol_c181_q1_chg.inp', './Ethanol_c91_q3_chg.inp', './Ethanol_c156_q3_chg.inp', './Ethanol_c10_q1_chg.inp', './Ethanol_c66_q2_chg.inp', './Ethanol_c164_q2_chg.inp', './Ethanol_c171_q1_chg.inp', './Ethanol_c183_q3_chg.inp', './Ethanol_c166_q3_chg.inp', './Ethanol_c41_q3_chg.inp', './Ethanol_c28_q2_chg.inp', './Ethanol_c173_q3_chg.inp', './Ethanol_c67_q2_chg.inp', './Ethanol_c64_q1_chg.inp', './Ethanol_c16_q3_chg.inp', './Ethanol_c150_q3_chg.inp', './Ethanol_c121_q2_chg.inp', './Ethanol_c52_q2_chg.inp', './Ethanol_c11_q2_chg.inp', './Ethanol_c113_q2_chg.inp', './Ethanol_c79_q1_chg.inp', './Ethanol_c104_q2_chg.inp', './Ethanol_c156_q2_chg.inp', './Ethanol_c42_q2_chg.inp', './Ethanol_c130_q1_chg.inp', './Ethanol_c148_q1_chg.inp', './Ethanol_c91_q2_chg.inp', './Ethanol_c32_q2_chg.inp', './Ethanol_c127_q3_chg.inp', './Ethanol_c88_q2_chg.inp', './Ethanol_c153_q1_chg.inp', './Ethanol_c9_q1_chg.inp', './Ethanol_c70_q2_chg.inp', './Ethanol_c80_q3_chg.inp', './Ethanol_c144_q1_chg.inp', './Ethanol_c20_q3_chg.inp', './Ethanol_c185_q1_chg.inp', './Ethanol_c43_q2_chg.inp', './Ethanol_c78_q2_chg.inp', './Ethanol_c159_q1_chg.inp', './Ethanol_c196_q3_chg.inp', './Ethanol_c85_q1_chg.inp', './Ethanol_c101_q3_chg.inp', './Ethanol_c99_q2_chg.inp', './Ethanol_c124_q3_chg.inp', './Ethanol_c29_q1_chg.inp', './Ethanol_c34_q1_chg.inp', './Ethanol_c79_q3_chg.inp', './Ethanol_c99_q3_chg.inp', './Ethanol_c164_q1_chg.inp', './Ethanol_c105_q3_chg.inp', './Ethanol_c72_q1_chg.inp', './Ethanol_c98_q2_chg.inp', './Ethanol_c19_q1_chg.inp', './Ethanol_c169_q1_chg.inp', './Ethanol_c34_q3_chg.inp', './Ethanol_c38_q1_chg.inp', './Ethanol_c38_q2_chg.inp', './Ethanol_c191_q3_chg.inp', './Ethanol_c183_q2_chg.inp', './Ethanol_c110_q2_chg.inp', './Ethanol_c189_q1_chg.inp', './Ethanol_c40_q3_chg.inp', './Ethanol_c135_q2_chg.inp', './Ethanol_c109_q1_chg.inp', './Ethanol_c200_q2_chg.inp', './Ethanol_c65_q3_chg.inp', './Ethanol_c173_q1_chg.inp', './Ethanol_c131_q1_chg.inp', './Ethanol_c102_q3_chg.inp', './Ethanol_c31_q2_chg.inp', './Ethanol_c90_q1_chg.inp', './Ethanol_c14_q3_chg.inp', './Ethanol_c107_q3_chg.inp', './Ethanol_c22_q2_chg.inp', './Ethanol_c48_q2_chg.inp', './Ethanol_c83_q2_chg.inp', './Ethanol_c42_q1_chg.inp', './Ethanol_c30_q1_chg.inp', './Ethanol_c37_q2_chg.inp', './Ethanol_c189_q3_chg.inp', './Ethanol_c169_q2_chg.inp', './Ethanol_c48_q3_chg.inp', './Ethanol_c128_q1_chg.inp', './Ethanol_c198_q1_chg.inp', './Ethanol_c151_q2_chg.inp', './Ethanol_c43_q3_chg.inp', './Ethanol_c183_q1_chg.inp', './Ethanol_c36_q1_chg.inp', './Ethanol_c100_q3_chg.inp', './Ethanol_c120_q3_chg.inp', './Ethanol_c180_q2_chg.inp', './Ethanol_c33_q2_chg.inp', './Ethanol_c7_q3_chg.inp', './Ethanol_c162_q3_chg.inp', './Ethanol_c57_q2_chg.inp', './Ethanol_c59_q2_chg.inp', './Ethanol_c15_q3_chg.inp', './Ethanol_c172_q3_chg.inp', './Ethanol_c182_q1_chg.inp', './Ethanol_c103_q1_chg.inp', './Ethanol_c178_q2_chg.inp', './Ethanol_c162_q1_chg.inp', './Ethanol_c126_q1_chg.inp', './Ethanol_c56_q3_chg.inp', './Ethanol_c106_q1_chg.inp', './Ethanol_c174_q3_chg.inp', './Ethanol_c13_q1_chg.inp', './Ethanol_c106_q2_chg.inp', './Ethanol_c9_q3_chg.inp', './Ethanol_c20_q1_chg.inp', './Ethanol_c142_q3_chg.inp', './Ethanol_c93_q2_chg.inp', './Ethanol_c141_q2_chg.inp', './Ethanol_c138_q2_chg.inp', './Ethanol_c58_q1_chg.inp', './Ethanol_c76_q3_chg.inp', './Ethanol_c138_q1_chg.inp', './Ethanol_c6_q1_chg.inp', './Ethanol_c5_q1_chg.inp', './Ethanol_c55_q2_chg.inp', './Ethanol_c3_q3_chg.inp', './Ethanol_c125_q3_chg.inp', './Ethanol_c128_q2_chg.inp', './Ethanol_c119_q1_chg.inp', './Ethanol_c188_q1_chg.inp', './Ethanol_c92_q1_chg.inp', './Ethanol_c182_q3_chg.inp', './Ethanol_c196_q2_chg.inp', './Ethanol_c187_q1_chg.inp', './Ethanol_c39_q3_chg.inp', './Ethanol_c187_q2_chg.inp', './Ethanol_c192_q1_chg.inp', './Ethanol_c135_q1_chg.inp', './Ethanol_c88_q1_chg.inp', './Ethanol_c104_q1_chg.inp', './Ethanol_c49_q3_chg.inp', './Ethanol_c2_q1_chg.inp', './Ethanol_c54_q1_chg.inp', './Ethanol_c152_q3_chg.inp', './Ethanol_c190_q2_chg.inp', './Ethanol_c100_q2_chg.inp', './Ethanol_c63_q1_chg.inp', './Ethanol_c175_q2_chg.inp', './Ethanol_c114_q3_chg.inp', './Ethanol_c23_q1_chg.inp', './Ethanol_c110_q1_chg.inp', './Ethanol_c49_q2_chg.inp', './Ethanol_c61_q2_chg.inp', './Ethanol_c44_q3_chg.inp', './Ethanol_c82_q1_chg.inp', './Ethanol_c5_q2_chg.inp', './Ethanol_c58_q3_chg.inp', './Ethanol_c8_q3_chg.inp', './Ethanol_c143_q2_chg.inp', './Ethanol_c31_q1_chg.inp', './Ethanol_c35_q3_chg.inp', './Ethanol_c190_q3_chg.inp', './Ethanol_c150_q2_chg.inp', './Ethanol_c193_q2_chg.inp', './Ethanol_c10_q3_chg.inp', './Ethanol_c200_q3_chg.inp', './Ethanol_c5_q3_chg.inp', './Ethanol_c168_q2_chg.inp', './Ethanol_c179_q3_chg.inp', './Ethanol_c134_q2_chg.inp', './Ethanol_c133_q2_chg.inp', './Ethanol_c177_q3_chg.inp', './Ethanol_c16_q1_chg.inp', './Ethanol_c143_q3_chg.inp', './Ethanol_c49_q1_chg.inp', './Ethanol_c36_q3_chg.inp', './Ethanol_c171_q2_chg.inp', './Ethanol_c27_q3_chg.inp', './Ethanol_c30_q3_chg.inp', './Ethanol_c32_q3_chg.inp', './Ethanol_c125_q1_chg.inp', './Ethanol_c22_q3_chg.inp', './Ethanol_c193_q1_chg.inp', './Ethanol_c62_q2_chg.inp', './Ethanol_c109_q3_chg.inp', './Ethanol_c64_q3_chg.inp', './Ethanol_c109_q2_chg.inp', './Ethanol_c140_q2_chg.inp', './Ethanol_c81_q1_chg.inp', './Ethanol_c157_q2_chg.inp', './Ethanol_c96_q3_chg.inp', './Ethanol_c187_q3_chg.inp', './Ethanol_c60_q1_chg.inp', './Ethanol_c80_q1_chg.inp', './Ethanol_c72_q2_chg.inp', './Ethanol_c195_q2_chg.inp', './Ethanol_c56_q1_chg.inp', './Ethanol_c96_q1_chg.inp', './Ethanol_c63_q2_chg.inp', './Ethanol_c157_q3_chg.inp', './Ethanol_c48_q1_chg.inp', './Ethanol_c94_q2_chg.inp', './Ethanol_c3_q1_chg.inp', './Ethanol_c122_q2_chg.inp', './Ethanol_c36_q2_chg.inp', './Ethanol_c117_q1_chg.inp', './Ethanol_c149_q2_chg.inp', './Ethanol_c163_q3_chg.inp', './Ethanol_c61_q3_chg.inp', './Ethanol_c180_q3_chg.inp', './Ethanol_c157_q1_chg.inp', './Ethanol_c161_q3_chg.inp', './Ethanol_c44_q2_chg.inp', './Ethanol_c172_q2_chg.inp', './Ethanol_c144_q2_chg.inp', './Ethanol_c170_q3_chg.inp', './Ethanol_c122_q3_chg.inp', './Ethanol_c147_q2_chg.inp', './Ethanol_c6_q3_chg.inp', './Ethanol_c46_q3_chg.inp', './Ethanol_c113_q3_chg.inp', './Ethanol_c130_q2_chg.inp', './Ethanol_c29_q2_chg.inp', './Ethanol_c55_q1_chg.inp', './Ethanol_c199_q3_chg.inp', './Ethanol_c45_q1_chg.inp', './Ethanol_c108_q1_chg.inp', './Ethanol_c123_q1_chg.inp', './Ethanol_c7_q2_chg.inp', './Ethanol_c186_q2_chg.inp', './Ethanol_c176_q1_chg.inp', './Ethanol_c146_q1_chg.inp', './Ethanol_c69_q1_chg.inp', './Ethanol_c130_q3_chg.inp', './Ethanol_c24_q3_chg.inp', './Ethanol_c137_q3_chg.inp', './Ethanol_c65_q1_chg.inp', './Ethanol_c116_q2_chg.inp', './Ethanol_c66_q3_chg.inp', './Ethanol_c133_q1_chg.inp', './Ethanol_c161_q1_chg.inp', './Ethanol_c50_q1_chg.inp', './Ethanol_c86_q3_chg.inp', './Ethanol_c11_q1_chg.inp', './Ethanol_c19_q3_chg.inp', './Ethanol_c160_q3_chg.inp', './Ethanol_c184_q2_chg.inp', './Ethanol_c198_q2_chg.inp', './Ethanol_c6_q2_chg.inp', './Ethanol_c12_q3_chg.inp', './Ethanol_c18_q3_chg.inp', './Ethanol_c139_q1_chg.inp', './Ethanol_c8_q2_chg.inp', './Ethanol_c147_q1_chg.inp', './Ethanol_c55_q3_chg.inp', './Ethanol_c196_q1_chg.inp', './Ethanol_c188_q3_chg.inp', './Ethanol_c15_q2_chg.inp', './Ethanol_c17_q2_chg.inp', './Ethanol_c25_q1_chg.inp', './Ethanol_c184_q3_chg.inp', './Ethanol_c60_q3_chg.inp', './Ethanol_c120_q2_chg.inp', './Ethanol_c132_q2_chg.inp', './Ethanol_c177_q2_chg.inp', './Ethanol_c165_q3_chg.inp', './Ethanol_c95_q1_chg.inp', './Ethanol_c68_q3_chg.inp', './Ethanol_c84_q2_chg.inp', './Ethanol_c18_q2_chg.inp', './Ethanol_c68_q2_chg.inp', './Ethanol_c158_q3_chg.inp', './Ethanol_c186_q1_chg.inp', './Ethanol_c40_q2_chg.inp', './Ethanol_c166_q2_chg.inp', './Ethanol_c11_q3_chg.inp', './Ethanol_c47_q1_chg.inp', './Ethanol_c68_q1_chg.inp', './Ethanol_c37_q3_chg.inp', './Ethanol_c197_q2_chg.inp', './Ethanol_c191_q1_chg.inp', './Ethanol_c126_q3_chg.inp', './Ethanol_c101_q1_chg.inp', './Ethanol_c126_q2_chg.inp', './Ethanol_c98_q3_chg.inp', './Ethanol_c52_q3_chg.inp', './Ethanol_c50_q3_chg.inp', './Ethanol_c16_q2_chg.inp', './Ethanol_c81_q2_chg.inp', './Ethanol_c132_q3_chg.inp', './Ethanol_c175_q1_chg.inp', './Ethanol_c75_q1_chg.inp', './Ethanol_c111_q2_chg.inp', './Ethanol_c23_q3_chg.inp', './Ethanol_c24_q1_chg.inp', './Ethanol_c1_q3_chg.inp', './Ethanol_c152_q1_chg.inp', './Ethanol_c163_q1_chg.inp', './Ethanol_c26_q3_chg.inp', './Ethanol_c165_q2_chg.inp', './Ethanol_c155_q1_chg.inp', './Ethanol_c121_q3_chg.inp', './Ethanol_c53_q2_chg.inp', './Ethanol_c178_q3_chg.inp', './Ethanol_c104_q3_chg.inp', './Ethanol_c47_q3_chg.inp', './Ethanol_c107_q2_chg.inp', './Ethanol_c97_q1_chg.inp', './Ethanol_c38_q3_chg.inp', './Ethanol_c88_q3_chg.inp', './Ethanol_c118_q3_chg.inp', './Ethanol_c166_q1_chg.inp', './Ethanol_c87_q2_chg.inp', './Ethanol_c34_q2_chg.inp', './Ethanol_c194_q1_chg.inp', './Ethanol_c198_q3_chg.inp', './Ethanol_c69_q3_chg.inp', './Ethanol_c78_q3_chg.inp', './Ethanol_c195_q1_chg.inp', './Ethanol_c69_q2_chg.inp', './Ethanol_c29_q3_chg.inp', './Ethanol_c170_q2_chg.inp', './Ethanol_c25_q3_chg.inp', './Ethanol_c90_q2_chg.inp', './Ethanol_c71_q1_chg.inp', './Ethanol_c127_q2_chg.inp', './Ethanol_c53_q3_chg.inp', './Ethanol_c139_q2_chg.inp', './Ethanol_c67_q3_chg.inp', './Ethanol_c77_q3_chg.inp', './Ethanol_c149_q1_chg.inp', './Ethanol_c51_q1_chg.inp', './Ethanol_c71_q2_chg.inp', './Ethanol_c93_q3_chg.inp', './Ethanol_c95_q3_chg.inp', './Ethanol_c82_q2_chg.inp', './Ethanol_c145_q1_chg.inp', './Ethanol_c84_q3_chg.inp', './Ethanol_c114_q1_chg.inp', './Ethanol_c105_q2_chg.inp', './Ethanol_c144_q3_chg.inp', './Ethanol_c159_q2_chg.inp', './Ethanol_c74_q1_chg.inp', './Ethanol_c17_q3_chg.inp', './Ethanol_c31_q3_chg.inp', './Ethanol_c135_q3_chg.inp', './Ethanol_c33_q1_chg.inp', './Ethanol_c26_q2_chg.inp', './Ethanol_c172_q1_chg.inp', './Ethanol_c98_q1_chg.inp', './Ethanol_c146_q3_chg.inp', './Ethanol_c161_q2_chg.inp', './Ethanol_c143_q1_chg.inp', './Ethanol_c177_q1_chg.inp', './Ethanol_c72_q3_chg.inp', './Ethanol_c15_q1_chg.inp', './Ethanol_c10_q2_chg.inp', './Ethanol_c21_q1_chg.inp', './Ethanol_c40_q1_chg.inp', './Ethanol_c117_q3_chg.inp', './Ethanol_c20_q2_chg.inp', './Ethanol_c119_q2_chg.inp', './Ethanol_c2_q2_chg.inp', './Ethanol_c28_q3_chg.inp', './Ethanol_c51_q3_chg.inp', './Ethanol_c121_q1_chg.inp', './Ethanol_c13_q2_chg.inp', './Ethanol_c108_q2_chg.inp', './Ethanol_c199_q2_chg.inp', './Ethanol_c141_q3_chg.inp', './Ethanol_c149_q3_chg.inp', './Ethanol_c76_q1_chg.inp', './Ethanol_c160_q2_chg.inp', './Ethanol_c165_q1_chg.inp', './Ethanol_c137_q1_chg.inp', './Ethanol_c168_q3_chg.inp', './Ethanol_c176_q3_chg.inp', './Ethanol_c62_q3_chg.inp', './Ethanol_c85_q3_chg.inp', './Ethanol_c84_q1_chg.inp', './Ethanol_c51_q2_chg.inp', './Ethanol_c102_q2_chg.inp', './Ethanol_c64_q2_chg.inp', './Ethanol_c197_q1_chg.inp', './Ethanol_c106_q3_chg.inp', './Ethanol_c99_q1_chg.inp', './Ethanol_c83_q1_chg.inp', './Ethanol_c32_q1_chg.inp', './Ethanol_c94_q1_chg.inp', './Ethanol_c200_q1_chg.inp', './Ethanol_c86_q2_chg.inp', './Ethanol_c4_q3_chg.inp', './Ethanol_c153_q2_chg.inp', './Ethanol_c93_q1_chg.inp', './Ethanol_c185_q3_chg.inp', './Ethanol_c194_q3_chg.inp', './Ethanol_c139_q3_chg.inp', './Ethanol_c81_q3_chg.inp', './Ethanol_c141_q1_chg.inp', './Ethanol_c120_q1_chg.inp', './Ethanol_c131_q2_chg.inp', './Ethanol_c191_q2_chg.inp', './Ethanol_c4_q2_chg.inp', './Ethanol_c102_q1_chg.inp', './Ethanol_c41_q2_chg.inp', './Ethanol_c116_q1_chg.inp', './Ethanol_c152_q2_chg.inp', './Ethanol_c67_q1_chg.inp', './Ethanol_c87_q1_chg.inp', './Ethanol_c4_q1_chg.inp', './Ethanol_c12_q2_chg.inp', './Ethanol_c153_q3_chg.inp', './Ethanol_c163_q2_chg.inp', './Ethanol_c42_q3_chg.inp', './Ethanol_c21_q2_chg.inp', './Ethanol_c37_q1_chg.inp', './Ethanol_c54_q3_chg.inp', './Ethanol_c185_q2_chg.inp', './Ethanol_c103_q3_chg.inp', './Ethanol_c155_q3_chg.inp', './Ethanol_c92_q3_chg.inp', './Ethanol_c129_q1_chg.inp', './Ethanol_c192_q2_chg.inp', './Ethanol_c156_q1_chg.inp', './Ethanol_c76_q2_chg.inp', './Ethanol_c111_q3_chg.inp', './Ethanol_c155_q2_chg.inp', './Ethanol_c44_q1_chg.inp', './Ethanol_c80_q2_chg.inp', './Ethanol_c53_q1_chg.inp', './Ethanol_c151_q1_chg.inp', './Ethanol_c167_q2_chg.inp', './Ethanol_c199_q1_chg.inp', './Ethanol_c115_q2_chg.inp', './Ethanol_c111_q1_chg.inp', './Ethanol_c197_q3_chg.inp', './Ethanol_c25_q2_chg.inp', './Ethanol_c77_q1_chg.inp', './Ethanol_c63_q3_chg.inp', './Ethanol_c57_q3_chg.inp', './Ethanol_c137_q2_chg.inp', './Ethanol_c127_q1_chg.inp', './Ethanol_c79_q2_chg.inp', './Ethanol_c83_q3_chg.inp', './Ethanol_c168_q1_chg.inp', './Ethanol_c2_q3_chg.inp', './Ethanol_c112_q2_chg.inp', './Ethanol_c179_q1_chg.inp', './Ethanol_c7_q1_chg.inp', './Ethanol_c134_q1_chg.inp', './Ethanol_c33_q3_chg.inp', './Ethanol_c89_q2_chg.inp', './Ethanol_c17_q1_chg.inp', './Ethanol_c181_q3_chg.inp', './Ethanol_c14_q2_chg.inp', './Ethanol_c145_q2_chg.inp', './Ethanol_c58_q2_chg.inp', './Ethanol_c103_q2_chg.inp', './Ethanol_c151_q3_chg.inp', './Ethanol_c164_q3_chg.inp', './Ethanol_c150_q1_chg.inp', './Ethanol_c27_q1_chg.inp', './Ethanol_c118_q2_chg.inp', './Ethanol_c39_q2_chg.inp', './Ethanol_c122_q1_chg.inp', './Ethanol_c181_q2_chg.inp', './Ethanol_c26_q1_chg.inp', './Ethanol_c13_q3_chg.inp', './Ethanol_c18_q1_chg.inp', './Ethanol_c146_q2_chg.inp', './Ethanol_c123_q3_chg.inp', './Ethanol_c45_q3_chg.inp', './Ethanol_c133_q3_chg.inp', './Ethanol_c142_q1_chg.inp', './Ethanol_c131_q3_chg.inp', './Ethanol_c75_q2_chg.inp', './Ethanol_c174_q1_chg.inp', './Ethanol_c105_q1_chg.inp', './Ethanol_c1_q1_chg.inp', './Ethanol_c85_q2_chg.inp', './Ethanol_c46_q1_chg.inp', './Ethanol_c132_q1_chg.inp', './Ethanol_c112_q3_chg.inp', './Ethanol_c182_q2_chg.inp', './Ethanol_c91_q1_chg.inp', './Ethanol_c9_q2_chg.inp', './Ethanol_c21_q3_chg.inp', './Ethanol_c35_q2_chg.inp', './Ethanol_c136_q1_chg.inp', './Ethanol_c118_q1_chg.inp', './Ethanol_c70_q1_chg.inp', './Ethanol_c173_q2_chg.inp', './Ethanol_c87_q3_chg.inp', './Ethanol_c89_q3_chg.inp', './Ethanol_c158_q1_chg.inp', './Ethanol_c140_q1_chg.inp', './Ethanol_c90_q3_chg.inp', './Ethanol_c43_q1_chg.inp', './Ethanol_c169_q3_chg.inp', './Ethanol_c154_q1_chg.inp', './Ethanol_c27_q2_chg.inp', './Ethanol_c175_q3_chg.inp', './Ethanol_c22_q1_chg.inp', './Ethanol_c108_q3_chg.inp', './Ethanol_c59_q3_chg.inp', './Ethanol_c194_q2_chg.inp', './Ethanol_c154_q3_chg.inp', './Ethanol_c119_q3_chg.inp', './Ethanol_c57_q1_chg.inp', './Ethanol_c125_q2_chg.inp', './Ethanol_c73_q2_chg.inp', './Ethanol_c12_q1_chg.inp', './Ethanol_c116_q3_chg.inp', './Ethanol_c66_q1_chg.inp', './Ethanol_c82_q3_chg.inp', './Ethanol_c56_q2_chg.inp', './Ethanol_c101_q2_chg.inp', './Ethanol_c3_q2_chg.inp', './Ethanol_c28_q1_chg.inp', './Ethanol_c115_q1_chg.inp', './Ethanol_c158_q2_chg.inp', './Ethanol_c186_q3_chg.inp', './Ethanol_c46_q2_chg.inp', './Ethanol_c74_q2_chg.inp', './Ethanol_c74_q3_chg.inp', './Ethanol_c60_q2_chg.inp', './Ethanol_c195_q3_chg.inp', './Ethanol_c170_q1_chg.inp', './Ethanol_c62_q1_chg.inp', './Ethanol_c154_q2_chg.inp', './Ethanol_c96_q2_chg.inp', './Ethanol_c162_q2_chg.inp', './Ethanol_c174_q2_chg.inp', './Ethanol_c78_q1_chg.inp', './Ethanol_c193_q3_chg.inp', './Ethanol_c92_q2_chg.inp', './Ethanol_c129_q2_chg.inp', './Ethanol_c73_q1_chg.inp', './Ethanol_c77_q2_chg.inp', './Ethanol_c35_q1_chg.inp', './Ethanol_c45_q2_chg.inp', './Ethanol_c148_q2_chg.inp', './Ethanol_c107_q1_chg.inp', './Ethanol_c142_q2_chg.inp', './Ethanol_c114_q2_chg.inp', './Ethanol_c50_q2_chg.inp', './Ethanol_c30_q2_chg.inp', './Ethanol_c110_q3_chg.inp', './Ethanol_c180_q1_chg.inp', './Ethanol_c176_q2_chg.inp', './Ethanol_c115_q3_chg.inp', './Ethanol_c73_q3_chg.inp', './Ethanol_c167_q1_chg.inp', './Ethanol_c128_q3_chg.inp', './Ethanol_c190_q1_chg.inp', './Ethanol_c39_q1_chg.inp', './Ethanol_c89_q1_chg.inp', './Ethanol_c167_q3_chg.inp', './Ethanol_c14_q1_chg.inp', './Ethanol_c19_q2_chg.inp', './Ethanol_c160_q1_chg.inp', './Ethanol_c41_q1_chg.inp', './Ethanol_c189_q2_chg.inp', './Ethanol_c1_q2_chg.inp', './Ethanol_c147_q3_chg.inp', './Ethanol_c8_q1_chg.inp', './Ethanol_c97_q2_chg.inp', './Ethanol_c171_q3_chg.inp', './Ethanol_c54_q2_chg.inp', './Ethanol_c192_q3_chg.inp', './Ethanol_c100_q1_chg.inp']
./opt-test-SCEE/Ethanol_c23_q2.out ./opt-test-SCEE/Ethanol_c23_q2_v1.dat
./opt-test-SCEE/Ethanol_c124_q1.out ./opt-test-SCEE/Ethanol_c124_q1_v1.dat
./opt-test-SCEE/Ethanol_c179_q2.out ./opt-test-SCEE/Ethanol_c179_q2_v1.dat
./opt-test-SCEE/Ethanol_c113_q1.out ./opt-test-SCEE/Ethanol_c113_q1_v1.dat
./opt-test-SCEE/Ethanol_c47_q2.out ./opt-test-SCEE/Ethanol_c47_q2_v1.dat
./opt-test-SCEE/Ethanol_c138_q3.out ./opt-test-SCEE/Ethanol_c138_q3_v1.dat
./opt-test-SCEE/Ethanol_c178_q1.out ./opt-test-SCEE/Ethanol_c178_q1_v1.dat
./opt-test-SCEE/Ethanol_c61_q1.out ./opt-test-SCEE/Ethanol_c61_q1_v1.dat
./opt-test-SCEE/Ethanol_c145_q3.out ./opt-test-SCEE/Ethanol_c145_q3_v1.dat
./opt-test-SCEE/Ethanol_c188_q2.out ./opt-test-SCEE/Ethanol_c188_q2_v1.dat
./opt-test-SCEE/Ethanol_c24_q2.out ./opt-test-SCEE/Ethanol_c24_q2_v1.dat
./opt-test-SCEE/Ethanol_c134_q3.out ./opt-test-SCEE/Ethanol_c134_q3_v1.dat
./opt-test-SCEE/Ethanol_c124_q2.out ./opt-test-SCEE/Ethanol_c124_q2_v1.dat
./opt-test-SCEE/Ethanol_c75_q3.out ./opt-test-SCEE/Ethanol_c75_q3_v1.dat
./opt-test-SCEE/Ethanol_c184_q1.out ./opt-test-SCEE/Ethanol_c184_q1_v1.dat
./opt-test-SCEE/Ethanol_c86_q1.out ./opt-test-SCEE/Ethanol_c86_q1_v1.dat
./opt-test-SCEE/Ethanol_c95_q2.out ./opt-test-SCEE/Ethanol_c95_q2_v1.dat
./opt-test-SCEE/Ethanol_c123_q2.out ./opt-test-SCEE/Ethanol_c123_q2_v1.dat
./opt-test-SCEE/Ethanol_c136_q3.out ./opt-test-SCEE/Ethanol_c136_q3_v1.dat
./opt-test-SCEE/Ethanol_c117_q2.out ./opt-test-SCEE/Ethanol_c117_q2_v1.dat
./opt-test-SCEE/Ethanol_c129_q3.out ./opt-test-SCEE/Ethanol_c129_q3_v1.dat
./opt-test-SCEE/Ethanol_c159_q3.out ./opt-test-SCEE/Ethanol_c159_q3_v1.dat
./opt-test-SCEE/Ethanol_c65_q2.out ./opt-test-SCEE/Ethanol_c65_q2_v1.dat
./opt-test-SCEE/Ethanol_c70_q3.out ./opt-test-SCEE/Ethanol_c70_q3_v1.dat
./opt-test-SCEE/Ethanol_c71_q3.out ./opt-test-SCEE/Ethanol_c71_q3_v1.dat
./opt-test-SCEE/Ethanol_c112_q1.out ./opt-test-SCEE/Ethanol_c112_q1_v1.dat
./opt-test-SCEE/Ethanol_c140_q3.out ./opt-test-SCEE/Ethanol_c140_q3_v1.dat
./opt-test-SCEE/Ethanol_c148_q3.out ./opt-test-SCEE/Ethanol_c148_q3_v1.dat
./opt-test-SCEE/Ethanol_c94_q3.out ./opt-test-SCEE/Ethanol_c94_q3_v1.dat
./opt-test-SCEE/Ethanol_c59_q1.out ./opt-test-SCEE/Ethanol_c59_q1_v1.dat
./opt-test-SCEE/Ethanol_c97_q3.out ./opt-test-SCEE/Ethanol_c97_q3_v1.dat
./opt-test-SCEE/Ethanol_c136_q2.out ./opt-test-SCEE/Ethanol_c136_q2_v1.dat
./opt-test-SCEE/Ethanol_c52_q1.out ./opt-test-SCEE/Ethanol_c52_q1_v1.dat
./opt-test-SCEE/Ethanol_c181_q1.out ./opt-test-SCEE/Ethanol_c181_q1_v1.dat
./opt-test-SCEE/Ethanol_c91_q3.out ./opt-test-SCEE/Ethanol_c91_q3_v1.dat
./opt-test-SCEE/Ethanol_c156_q3.out ./opt-test-SCEE/Ethanol_c156_q3_v1.dat
./opt-test-SCEE/Ethanol_c10_q1.out ./opt-test-SCEE/Ethanol_c10_q1_v1.dat
./opt-test-SCEE/Ethanol_c66_q2.out ./opt-test-SCEE/Ethanol_c66_q2_v1.dat
./opt-test-SCEE/Ethanol_c164_q2.out ./opt-test-SCEE/Ethanol_c164_q2_v1.dat
./opt-test-SCEE/Ethanol_c171_q1.out ./opt-test-SCEE/Ethanol_c171_q1_v1.dat
./opt-test-SCEE/Ethanol_c183_q3.out ./opt-test-SCEE/Ethanol_c183_q3_v1.dat
./opt-test-SCEE/Ethanol_c166_q3.out ./opt-test-SCEE/Ethanol_c166_q3_v1.dat
./opt-test-SCEE/Ethanol_c41_q3.out ./opt-test-SCEE/Ethanol_c41_q3_v1.dat
./opt-test-SCEE/Ethanol_c28_q2.out ./opt-test-SCEE/Ethanol_c28_q2_v1.dat
./opt-test-SCEE/Ethanol_c173_q3.out ./opt-test-SCEE/Ethanol_c173_q3_v1.dat
./opt-test-SCEE/Ethanol_c67_q2.out ./opt-test-SCEE/Ethanol_c67_q2_v1.dat
./opt-test-SCEE/Ethanol_c64_q1.out ./opt-test-SCEE/Ethanol_c64_q1_v1.dat
./opt-test-SCEE/Ethanol_c16_q3.out ./opt-test-SCEE/Ethanol_c16_q3_v1.dat
./opt-test-SCEE/Ethanol_c150_q3.out ./opt-test-SCEE/Ethanol_c150_q3_v1.dat
./opt-test-SCEE/Ethanol_c121_q2.out ./opt-test-SCEE/Ethanol_c121_q2_v1.dat
./opt-test-SCEE/Ethanol_c52_q2.out ./opt-test-SCEE/Ethanol_c52_q2_v1.dat
./opt-test-SCEE/Ethanol_c11_q2.out ./opt-test-SCEE/Ethanol_c11_q2_v1.dat
./opt-test-SCEE/Ethanol_c113_q2.out ./opt-test-SCEE/Ethanol_c113_q2_v1.dat
./opt-test-SCEE/Ethanol_c79_q1.out ./opt-test-SCEE/Ethanol_c79_q1_v1.dat
./opt-test-SCEE/Ethanol_c104_q2.out ./opt-test-SCEE/Ethanol_c104_q2_v1.dat
./opt-test-SCEE/Ethanol_c156_q2.out ./opt-test-SCEE/Ethanol_c156_q2_v1.dat
./opt-test-SCEE/Ethanol_c42_q2.out ./opt-test-SCEE/Ethanol_c42_q2_v1.dat
./opt-test-SCEE/Ethanol_c130_q1.out ./opt-test-SCEE/Ethanol_c130_q1_v1.dat
./opt-test-SCEE/Ethanol_c148_q1.out ./opt-test-SCEE/Ethanol_c148_q1_v1.dat
./opt-test-SCEE/Ethanol_c91_q2.out ./opt-test-SCEE/Ethanol_c91_q2_v1.dat
./opt-test-SCEE/Ethanol_c32_q2.out ./opt-test-SCEE/Ethanol_c32_q2_v1.dat
./opt-test-SCEE/Ethanol_c127_q3.out ./opt-test-SCEE/Ethanol_c127_q3_v1.dat
./opt-test-SCEE/Ethanol_c88_q2.out ./opt-test-SCEE/Ethanol_c88_q2_v1.dat
./opt-test-SCEE/Ethanol_c153_q1.out ./opt-test-SCEE/Ethanol_c153_q1_v1.dat
./opt-test-SCEE/Ethanol_c9_q1.out ./opt-test-SCEE/Ethanol_c9_q1_v1.dat
./opt-test-SCEE/Ethanol_c70_q2.out ./opt-test-SCEE/Ethanol_c70_q2_v1.dat
./opt-test-SCEE/Ethanol_c80_q3.out ./opt-test-SCEE/Ethanol_c80_q3_v1.dat
./opt-test-SCEE/Ethanol_c144_q1.out ./opt-test-SCEE/Ethanol_c144_q1_v1.dat
./opt-test-SCEE/Ethanol_c20_q3.out ./opt-test-SCEE/Ethanol_c20_q3_v1.dat
./opt-test-SCEE/Ethanol_c185_q1.out ./opt-test-SCEE/Ethanol_c185_q1_v1.dat
./opt-test-SCEE/Ethanol_c43_q2.out ./opt-test-SCEE/Ethanol_c43_q2_v1.dat
./opt-test-SCEE/Ethanol_c78_q2.out ./opt-test-SCEE/Ethanol_c78_q2_v1.dat
./opt-test-SCEE/Ethanol_c159_q1.out ./opt-test-SCEE/Ethanol_c159_q1_v1.dat
./opt-test-SCEE/Ethanol_c196_q3.out ./opt-test-SCEE/Ethanol_c196_q3_v1.dat
./opt-test-SCEE/Ethanol_c85_q1.out ./opt-test-SCEE/Ethanol_c85_q1_v1.dat
./opt-test-SCEE/Ethanol_c101_q3.out ./opt-test-SCEE/Ethanol_c101_q3_v1.dat
./opt-test-SCEE/Ethanol_c99_q2.out ./opt-test-SCEE/Ethanol_c99_q2_v1.dat
./opt-test-SCEE/Ethanol_c124_q3.out ./opt-test-SCEE/Ethanol_c124_q3_v1.dat
./opt-test-SCEE/Ethanol_c29_q1.out ./opt-test-SCEE/Ethanol_c29_q1_v1.dat
./opt-test-SCEE/Ethanol_c34_q1.out ./opt-test-SCEE/Ethanol_c34_q1_v1.dat
./opt-test-SCEE/Ethanol_c79_q3.out ./opt-test-SCEE/Ethanol_c79_q3_v1.dat
./opt-test-SCEE/Ethanol_c99_q3.out ./opt-test-SCEE/Ethanol_c99_q3_v1.dat
./opt-test-SCEE/Ethanol_c164_q1.out ./opt-test-SCEE/Ethanol_c164_q1_v1.dat
./opt-test-SCEE/Ethanol_c105_q3.out ./opt-test-SCEE/Ethanol_c105_q3_v1.dat
./opt-test-SCEE/Ethanol_c72_q1.out ./opt-test-SCEE/Ethanol_c72_q1_v1.dat
./opt-test-SCEE/Ethanol_c98_q2.out ./opt-test-SCEE/Ethanol_c98_q2_v1.dat
./opt-test-SCEE/Ethanol_c19_q1.out ./opt-test-SCEE/Ethanol_c19_q1_v1.dat
./opt-test-SCEE/Ethanol_c169_q1.out ./opt-test-SCEE/Ethanol_c169_q1_v1.dat
./opt-test-SCEE/Ethanol_c34_q3.out ./opt-test-SCEE/Ethanol_c34_q3_v1.dat
./opt-test-SCEE/Ethanol_c38_q1.out ./opt-test-SCEE/Ethanol_c38_q1_v1.dat
./opt-test-SCEE/Ethanol_c38_q2.out ./opt-test-SCEE/Ethanol_c38_q2_v1.dat
./opt-test-SCEE/Ethanol_c191_q3.out ./opt-test-SCEE/Ethanol_c191_q3_v1.dat
./opt-test-SCEE/Ethanol_c183_q2.out ./opt-test-SCEE/Ethanol_c183_q2_v1.dat
./opt-test-SCEE/Ethanol_c110_q2.out ./opt-test-SCEE/Ethanol_c110_q2_v1.dat
./opt-test-SCEE/Ethanol_c189_q1.out ./opt-test-SCEE/Ethanol_c189_q1_v1.dat
./opt-test-SCEE/Ethanol_c40_q3.out ./opt-test-SCEE/Ethanol_c40_q3_v1.dat
./opt-test-SCEE/Ethanol_c135_q2.out ./opt-test-SCEE/Ethanol_c135_q2_v1.dat
./opt-test-SCEE/Ethanol_c109_q1.out ./opt-test-SCEE/Ethanol_c109_q1_v1.dat
./opt-test-SCEE/Ethanol_c200_q2.out ./opt-test-SCEE/Ethanol_c200_q2_v1.dat
./opt-test-SCEE/Ethanol_c65_q3.out ./opt-test-SCEE/Ethanol_c65_q3_v1.dat
./opt-test-SCEE/Ethanol_c173_q1.out ./opt-test-SCEE/Ethanol_c173_q1_v1.dat
./opt-test-SCEE/Ethanol_c131_q1.out ./opt-test-SCEE/Ethanol_c131_q1_v1.dat
./opt-test-SCEE/Ethanol_c102_q3.out ./opt-test-SCEE/Ethanol_c102_q3_v1.dat
./opt-test-SCEE/Ethanol_c31_q2.out ./opt-test-SCEE/Ethanol_c31_q2_v1.dat
./opt-test-SCEE/Ethanol_c90_q1.out ./opt-test-SCEE/Ethanol_c90_q1_v1.dat
./opt-test-SCEE/Ethanol_c14_q3.out ./opt-test-SCEE/Ethanol_c14_q3_v1.dat
./opt-test-SCEE/Ethanol_c107_q3.out ./opt-test-SCEE/Ethanol_c107_q3_v1.dat
./opt-test-SCEE/Ethanol_c22_q2.out ./opt-test-SCEE/Ethanol_c22_q2_v1.dat
./opt-test-SCEE/Ethanol_c48_q2.out ./opt-test-SCEE/Ethanol_c48_q2_v1.dat
./opt-test-SCEE/Ethanol_c83_q2.out ./opt-test-SCEE/Ethanol_c83_q2_v1.dat
./opt-test-SCEE/Ethanol_c42_q1.out ./opt-test-SCEE/Ethanol_c42_q1_v1.dat
./opt-test-SCEE/Ethanol_c30_q1.out ./opt-test-SCEE/Ethanol_c30_q1_v1.dat
./opt-test-SCEE/Ethanol_c37_q2.out ./opt-test-SCEE/Ethanol_c37_q2_v1.dat
./opt-test-SCEE/Ethanol_c189_q3.out ./opt-test-SCEE/Ethanol_c189_q3_v1.dat
./opt-test-SCEE/Ethanol_c169_q2.out ./opt-test-SCEE/Ethanol_c169_q2_v1.dat
./opt-test-SCEE/Ethanol_c48_q3.out ./opt-test-SCEE/Ethanol_c48_q3_v1.dat
./opt-test-SCEE/Ethanol_c128_q1.out ./opt-test-SCEE/Ethanol_c128_q1_v1.dat
./opt-test-SCEE/Ethanol_c198_q1.out ./opt-test-SCEE/Ethanol_c198_q1_v1.dat
./opt-test-SCEE/Ethanol_c151_q2.out ./opt-test-SCEE/Ethanol_c151_q2_v1.dat
./opt-test-SCEE/Ethanol_c43_q3.out ./opt-test-SCEE/Ethanol_c43_q3_v1.dat
./opt-test-SCEE/Ethanol_c183_q1.out ./opt-test-SCEE/Ethanol_c183_q1_v1.dat
./opt-test-SCEE/Ethanol_c36_q1.out ./opt-test-SCEE/Ethanol_c36_q1_v1.dat
./opt-test-SCEE/Ethanol_c100_q3.out ./opt-test-SCEE/Ethanol_c100_q3_v1.dat
./opt-test-SCEE/Ethanol_c120_q3.out ./opt-test-SCEE/Ethanol_c120_q3_v1.dat
./opt-test-SCEE/Ethanol_c180_q2.out ./opt-test-SCEE/Ethanol_c180_q2_v1.dat
./opt-test-SCEE/Ethanol_c33_q2.out ./opt-test-SCEE/Ethanol_c33_q2_v1.dat
./opt-test-SCEE/Ethanol_c7_q3.out ./opt-test-SCEE/Ethanol_c7_q3_v1.dat
./opt-test-SCEE/Ethanol_c162_q3.out ./opt-test-SCEE/Ethanol_c162_q3_v1.dat
./opt-test-SCEE/Ethanol_c57_q2.out ./opt-test-SCEE/Ethanol_c57_q2_v1.dat
./opt-test-SCEE/Ethanol_c59_q2.out ./opt-test-SCEE/Ethanol_c59_q2_v1.dat
./opt-test-SCEE/Ethanol_c15_q3.out ./opt-test-SCEE/Ethanol_c15_q3_v1.dat
./opt-test-SCEE/Ethanol_c172_q3.out ./opt-test-SCEE/Ethanol_c172_q3_v1.dat
./opt-test-SCEE/Ethanol_c182_q1.out ./opt-test-SCEE/Ethanol_c182_q1_v1.dat
./opt-test-SCEE/Ethanol_c103_q1.out ./opt-test-SCEE/Ethanol_c103_q1_v1.dat
./opt-test-SCEE/Ethanol_c178_q2.out ./opt-test-SCEE/Ethanol_c178_q2_v1.dat
./opt-test-SCEE/Ethanol_c162_q1.out ./opt-test-SCEE/Ethanol_c162_q1_v1.dat
./opt-test-SCEE/Ethanol_c126_q1.out ./opt-test-SCEE/Ethanol_c126_q1_v1.dat
./opt-test-SCEE/Ethanol_c56_q3.out ./opt-test-SCEE/Ethanol_c56_q3_v1.dat
./opt-test-SCEE/Ethanol_c106_q1.out ./opt-test-SCEE/Ethanol_c106_q1_v1.dat
./opt-test-SCEE/Ethanol_c174_q3.out ./opt-test-SCEE/Ethanol_c174_q3_v1.dat
./opt-test-SCEE/Ethanol_c13_q1.out ./opt-test-SCEE/Ethanol_c13_q1_v1.dat
./opt-test-SCEE/Ethanol_c106_q2.out ./opt-test-SCEE/Ethanol_c106_q2_v1.dat
./opt-test-SCEE/Ethanol_c9_q3.out ./opt-test-SCEE/Ethanol_c9_q3_v1.dat
./opt-test-SCEE/Ethanol_c20_q1.out ./opt-test-SCEE/Ethanol_c20_q1_v1.dat
./opt-test-SCEE/Ethanol_c142_q3.out ./opt-test-SCEE/Ethanol_c142_q3_v1.dat
./opt-test-SCEE/Ethanol_c93_q2.out ./opt-test-SCEE/Ethanol_c93_q2_v1.dat
./opt-test-SCEE/Ethanol_c141_q2.out ./opt-test-SCEE/Ethanol_c141_q2_v1.dat
./opt-test-SCEE/Ethanol_c138_q2.out ./opt-test-SCEE/Ethanol_c138_q2_v1.dat
./opt-test-SCEE/Ethanol_c58_q1.out ./opt-test-SCEE/Ethanol_c58_q1_v1.dat
./opt-test-SCEE/Ethanol_c76_q3.out ./opt-test-SCEE/Ethanol_c76_q3_v1.dat
./opt-test-SCEE/Ethanol_c138_q1.out ./opt-test-SCEE/Ethanol_c138_q1_v1.dat
./opt-test-SCEE/Ethanol_c6_q1.out ./opt-test-SCEE/Ethanol_c6_q1_v1.dat
./opt-test-SCEE/Ethanol_c5_q1.out ./opt-test-SCEE/Ethanol_c5_q1_v1.dat
./opt-test-SCEE/Ethanol_c55_q2.out ./opt-test-SCEE/Ethanol_c55_q2_v1.dat
./opt-test-SCEE/Ethanol_c3_q3.out ./opt-test-SCEE/Ethanol_c3_q3_v1.dat
./opt-test-SCEE/Ethanol_c125_q3.out ./opt-test-SCEE/Ethanol_c125_q3_v1.dat
./opt-test-SCEE/Ethanol_c128_q2.out ./opt-test-SCEE/Ethanol_c128_q2_v1.dat
./opt-test-SCEE/Ethanol_c119_q1.out ./opt-test-SCEE/Ethanol_c119_q1_v1.dat
./opt-test-SCEE/Ethanol_c188_q1.out ./opt-test-SCEE/Ethanol_c188_q1_v1.dat
./opt-test-SCEE/Ethanol_c92_q1.out ./opt-test-SCEE/Ethanol_c92_q1_v1.dat
./opt-test-SCEE/Ethanol_c182_q3.out ./opt-test-SCEE/Ethanol_c182_q3_v1.dat
./opt-test-SCEE/Ethanol_c196_q2.out ./opt-test-SCEE/Ethanol_c196_q2_v1.dat
./opt-test-SCEE/Ethanol_c187_q1.out ./opt-test-SCEE/Ethanol_c187_q1_v1.dat
./opt-test-SCEE/Ethanol_c39_q3.out ./opt-test-SCEE/Ethanol_c39_q3_v1.dat
./opt-test-SCEE/Ethanol_c187_q2.out ./opt-test-SCEE/Ethanol_c187_q2_v1.dat
./opt-test-SCEE/Ethanol_c192_q1.out ./opt-test-SCEE/Ethanol_c192_q1_v1.dat
./opt-test-SCEE/Ethanol_c135_q1.out ./opt-test-SCEE/Ethanol_c135_q1_v1.dat
./opt-test-SCEE/Ethanol_c88_q1.out ./opt-test-SCEE/Ethanol_c88_q1_v1.dat
./opt-test-SCEE/Ethanol_c104_q1.out ./opt-test-SCEE/Ethanol_c104_q1_v1.dat
./opt-test-SCEE/Ethanol_c49_q3.out ./opt-test-SCEE/Ethanol_c49_q3_v1.dat
./opt-test-SCEE/Ethanol_c2_q1.out ./opt-test-SCEE/Ethanol_c2_q1_v1.dat
./opt-test-SCEE/Ethanol_c54_q1.out ./opt-test-SCEE/Ethanol_c54_q1_v1.dat
./opt-test-SCEE/Ethanol_c152_q3.out ./opt-test-SCEE/Ethanol_c152_q3_v1.dat
./opt-test-SCEE/Ethanol_c190_q2.out ./opt-test-SCEE/Ethanol_c190_q2_v1.dat
./opt-test-SCEE/Ethanol_c100_q2.out ./opt-test-SCEE/Ethanol_c100_q2_v1.dat
./opt-test-SCEE/Ethanol_c63_q1.out ./opt-test-SCEE/Ethanol_c63_q1_v1.dat
./opt-test-SCEE/Ethanol_c175_q2.out ./opt-test-SCEE/Ethanol_c175_q2_v1.dat
./opt-test-SCEE/Ethanol_c114_q3.out ./opt-test-SCEE/Ethanol_c114_q3_v1.dat
./opt-test-SCEE/Ethanol_c23_q1.out ./opt-test-SCEE/Ethanol_c23_q1_v1.dat
./opt-test-SCEE/Ethanol_c110_q1.out ./opt-test-SCEE/Ethanol_c110_q1_v1.dat
./opt-test-SCEE/Ethanol_c49_q2.out ./opt-test-SCEE/Ethanol_c49_q2_v1.dat
./opt-test-SCEE/Ethanol_c61_q2.out ./opt-test-SCEE/Ethanol_c61_q2_v1.dat
./opt-test-SCEE/Ethanol_c44_q3.out ./opt-test-SCEE/Ethanol_c44_q3_v1.dat
./opt-test-SCEE/Ethanol_c82_q1.out ./opt-test-SCEE/Ethanol_c82_q1_v1.dat
./opt-test-SCEE/Ethanol_c5_q2.out ./opt-test-SCEE/Ethanol_c5_q2_v1.dat
./opt-test-SCEE/Ethanol_c58_q3.out ./opt-test-SCEE/Ethanol_c58_q3_v1.dat
./opt-test-SCEE/Ethanol_c8_q3.out ./opt-test-SCEE/Ethanol_c8_q3_v1.dat
./opt-test-SCEE/Ethanol_c143_q2.out ./opt-test-SCEE/Ethanol_c143_q2_v1.dat
./opt-test-SCEE/Ethanol_c31_q1.out ./opt-test-SCEE/Ethanol_c31_q1_v1.dat
./opt-test-SCEE/Ethanol_c35_q3.out ./opt-test-SCEE/Ethanol_c35_q3_v1.dat
./opt-test-SCEE/Ethanol_c190_q3.out ./opt-test-SCEE/Ethanol_c190_q3_v1.dat
./opt-test-SCEE/Ethanol_c150_q2.out ./opt-test-SCEE/Ethanol_c150_q2_v1.dat
./opt-test-SCEE/Ethanol_c193_q2.out ./opt-test-SCEE/Ethanol_c193_q2_v1.dat
./opt-test-SCEE/Ethanol_c10_q3.out ./opt-test-SCEE/Ethanol_c10_q3_v1.dat
./opt-test-SCEE/Ethanol_c200_q3.out ./opt-test-SCEE/Ethanol_c200_q3_v1.dat
./opt-test-SCEE/Ethanol_c5_q3.out ./opt-test-SCEE/Ethanol_c5_q3_v1.dat
./opt-test-SCEE/Ethanol_c168_q2.out ./opt-test-SCEE/Ethanol_c168_q2_v1.dat
./opt-test-SCEE/Ethanol_c179_q3.out ./opt-test-SCEE/Ethanol_c179_q3_v1.dat
./opt-test-SCEE/Ethanol_c134_q2.out ./opt-test-SCEE/Ethanol_c134_q2_v1.dat
./opt-test-SCEE/Ethanol_c133_q2.out ./opt-test-SCEE/Ethanol_c133_q2_v1.dat
./opt-test-SCEE/Ethanol_c177_q3.out ./opt-test-SCEE/Ethanol_c177_q3_v1.dat
./opt-test-SCEE/Ethanol_c16_q1.out ./opt-test-SCEE/Ethanol_c16_q1_v1.dat
./opt-test-SCEE/Ethanol_c143_q3.out ./opt-test-SCEE/Ethanol_c143_q3_v1.dat
./opt-test-SCEE/Ethanol_c49_q1.out ./opt-test-SCEE/Ethanol_c49_q1_v1.dat
./opt-test-SCEE/Ethanol_c36_q3.out ./opt-test-SCEE/Ethanol_c36_q3_v1.dat
./opt-test-SCEE/Ethanol_c171_q2.out ./opt-test-SCEE/Ethanol_c171_q2_v1.dat
./opt-test-SCEE/Ethanol_c27_q3.out ./opt-test-SCEE/Ethanol_c27_q3_v1.dat
./opt-test-SCEE/Ethanol_c30_q3.out ./opt-test-SCEE/Ethanol_c30_q3_v1.dat
./opt-test-SCEE/Ethanol_c32_q3.out ./opt-test-SCEE/Ethanol_c32_q3_v1.dat
./opt-test-SCEE/Ethanol_c125_q1.out ./opt-test-SCEE/Ethanol_c125_q1_v1.dat
./opt-test-SCEE/Ethanol_c22_q3.out ./opt-test-SCEE/Ethanol_c22_q3_v1.dat
./opt-test-SCEE/Ethanol_c193_q1.out ./opt-test-SCEE/Ethanol_c193_q1_v1.dat
./opt-test-SCEE/Ethanol_c62_q2.out ./opt-test-SCEE/Ethanol_c62_q2_v1.dat
./opt-test-SCEE/Ethanol_c109_q3.out ./opt-test-SCEE/Ethanol_c109_q3_v1.dat
./opt-test-SCEE/Ethanol_c64_q3.out ./opt-test-SCEE/Ethanol_c64_q3_v1.dat
./opt-test-SCEE/Ethanol_c109_q2.out ./opt-test-SCEE/Ethanol_c109_q2_v1.dat
./opt-test-SCEE/Ethanol_c140_q2.out ./opt-test-SCEE/Ethanol_c140_q2_v1.dat
./opt-test-SCEE/Ethanol_c81_q1.out ./opt-test-SCEE/Ethanol_c81_q1_v1.dat
./opt-test-SCEE/Ethanol_c157_q2.out ./opt-test-SCEE/Ethanol_c157_q2_v1.dat
./opt-test-SCEE/Ethanol_c96_q3.out ./opt-test-SCEE/Ethanol_c96_q3_v1.dat
./opt-test-SCEE/Ethanol_c187_q3.out ./opt-test-SCEE/Ethanol_c187_q3_v1.dat
./opt-test-SCEE/Ethanol_c60_q1.out ./opt-test-SCEE/Ethanol_c60_q1_v1.dat
./opt-test-SCEE/Ethanol_c80_q1.out ./opt-test-SCEE/Ethanol_c80_q1_v1.dat
./opt-test-SCEE/Ethanol_c72_q2.out ./opt-test-SCEE/Ethanol_c72_q2_v1.dat
./opt-test-SCEE/Ethanol_c195_q2.out ./opt-test-SCEE/Ethanol_c195_q2_v1.dat
./opt-test-SCEE/Ethanol_c56_q1.out ./opt-test-SCEE/Ethanol_c56_q1_v1.dat
./opt-test-SCEE/Ethanol_c96_q1.out ./opt-test-SCEE/Ethanol_c96_q1_v1.dat
./opt-test-SCEE/Ethanol_c63_q2.out ./opt-test-SCEE/Ethanol_c63_q2_v1.dat
./opt-test-SCEE/Ethanol_c157_q3.out ./opt-test-SCEE/Ethanol_c157_q3_v1.dat
./opt-test-SCEE/Ethanol_c48_q1.out ./opt-test-SCEE/Ethanol_c48_q1_v1.dat
./opt-test-SCEE/Ethanol_c94_q2.out ./opt-test-SCEE/Ethanol_c94_q2_v1.dat
./opt-test-SCEE/Ethanol_c3_q1.out ./opt-test-SCEE/Ethanol_c3_q1_v1.dat
./opt-test-SCEE/Ethanol_c122_q2.out ./opt-test-SCEE/Ethanol_c122_q2_v1.dat
./opt-test-SCEE/Ethanol_c36_q2.out ./opt-test-SCEE/Ethanol_c36_q2_v1.dat
./opt-test-SCEE/Ethanol_c117_q1.out ./opt-test-SCEE/Ethanol_c117_q1_v1.dat
./opt-test-SCEE/Ethanol_c149_q2.out ./opt-test-SCEE/Ethanol_c149_q2_v1.dat
./opt-test-SCEE/Ethanol_c163_q3.out ./opt-test-SCEE/Ethanol_c163_q3_v1.dat
./opt-test-SCEE/Ethanol_c61_q3.out ./opt-test-SCEE/Ethanol_c61_q3_v1.dat
./opt-test-SCEE/Ethanol_c180_q3.out ./opt-test-SCEE/Ethanol_c180_q3_v1.dat
./opt-test-SCEE/Ethanol_c157_q1.out ./opt-test-SCEE/Ethanol_c157_q1_v1.dat
./opt-test-SCEE/Ethanol_c161_q3.out ./opt-test-SCEE/Ethanol_c161_q3_v1.dat
./opt-test-SCEE/Ethanol_c44_q2.out ./opt-test-SCEE/Ethanol_c44_q2_v1.dat
./opt-test-SCEE/Ethanol_c172_q2.out ./opt-test-SCEE/Ethanol_c172_q2_v1.dat
./opt-test-SCEE/Ethanol_c144_q2.out ./opt-test-SCEE/Ethanol_c144_q2_v1.dat
./opt-test-SCEE/Ethanol_c170_q3.out ./opt-test-SCEE/Ethanol_c170_q3_v1.dat
./opt-test-SCEE/Ethanol_c122_q3.out ./opt-test-SCEE/Ethanol_c122_q3_v1.dat
./opt-test-SCEE/Ethanol_c147_q2.out ./opt-test-SCEE/Ethanol_c147_q2_v1.dat
./opt-test-SCEE/Ethanol_c6_q3.out ./opt-test-SCEE/Ethanol_c6_q3_v1.dat
./opt-test-SCEE/Ethanol_c46_q3.out ./opt-test-SCEE/Ethanol_c46_q3_v1.dat
./opt-test-SCEE/Ethanol_c113_q3.out ./opt-test-SCEE/Ethanol_c113_q3_v1.dat
./opt-test-SCEE/Ethanol_c130_q2.out ./opt-test-SCEE/Ethanol_c130_q2_v1.dat
./opt-test-SCEE/Ethanol_c29_q2.out ./opt-test-SCEE/Ethanol_c29_q2_v1.dat
./opt-test-SCEE/Ethanol_c55_q1.out ./opt-test-SCEE/Ethanol_c55_q1_v1.dat
./opt-test-SCEE/Ethanol_c199_q3.out ./opt-test-SCEE/Ethanol_c199_q3_v1.dat
./opt-test-SCEE/Ethanol_c45_q1.out ./opt-test-SCEE/Ethanol_c45_q1_v1.dat
./opt-test-SCEE/Ethanol_c108_q1.out ./opt-test-SCEE/Ethanol_c108_q1_v1.dat
./opt-test-SCEE/Ethanol_c123_q1.out ./opt-test-SCEE/Ethanol_c123_q1_v1.dat
./opt-test-SCEE/Ethanol_c7_q2.out ./opt-test-SCEE/Ethanol_c7_q2_v1.dat
./opt-test-SCEE/Ethanol_c186_q2.out ./opt-test-SCEE/Ethanol_c186_q2_v1.dat
./opt-test-SCEE/Ethanol_c176_q1.out ./opt-test-SCEE/Ethanol_c176_q1_v1.dat
./opt-test-SCEE/Ethanol_c146_q1.out ./opt-test-SCEE/Ethanol_c146_q1_v1.dat
./opt-test-SCEE/Ethanol_c69_q1.out ./opt-test-SCEE/Ethanol_c69_q1_v1.dat
./opt-test-SCEE/Ethanol_c130_q3.out ./opt-test-SCEE/Ethanol_c130_q3_v1.dat
./opt-test-SCEE/Ethanol_c24_q3.out ./opt-test-SCEE/Ethanol_c24_q3_v1.dat
./opt-test-SCEE/Ethanol_c137_q3.out ./opt-test-SCEE/Ethanol_c137_q3_v1.dat
./opt-test-SCEE/Ethanol_c65_q1.out ./opt-test-SCEE/Ethanol_c65_q1_v1.dat
./opt-test-SCEE/Ethanol_c116_q2.out ./opt-test-SCEE/Ethanol_c116_q2_v1.dat
./opt-test-SCEE/Ethanol_c66_q3.out ./opt-test-SCEE/Ethanol_c66_q3_v1.dat
./opt-test-SCEE/Ethanol_c133_q1.out ./opt-test-SCEE/Ethanol_c133_q1_v1.dat
./opt-test-SCEE/Ethanol_c161_q1.out ./opt-test-SCEE/Ethanol_c161_q1_v1.dat
./opt-test-SCEE/Ethanol_c50_q1.out ./opt-test-SCEE/Ethanol_c50_q1_v1.dat
./opt-test-SCEE/Ethanol_c86_q3.out ./opt-test-SCEE/Ethanol_c86_q3_v1.dat
./opt-test-SCEE/Ethanol_c11_q1.out ./opt-test-SCEE/Ethanol_c11_q1_v1.dat
./opt-test-SCEE/Ethanol_c19_q3.out ./opt-test-SCEE/Ethanol_c19_q3_v1.dat
./opt-test-SCEE/Ethanol_c160_q3.out ./opt-test-SCEE/Ethanol_c160_q3_v1.dat
./opt-test-SCEE/Ethanol_c184_q2.out ./opt-test-SCEE/Ethanol_c184_q2_v1.dat
./opt-test-SCEE/Ethanol_c198_q2.out ./opt-test-SCEE/Ethanol_c198_q2_v1.dat
./opt-test-SCEE/Ethanol_c6_q2.out ./opt-test-SCEE/Ethanol_c6_q2_v1.dat
./opt-test-SCEE/Ethanol_c12_q3.out ./opt-test-SCEE/Ethanol_c12_q3_v1.dat
./opt-test-SCEE/Ethanol_c18_q3.out ./opt-test-SCEE/Ethanol_c18_q3_v1.dat
./opt-test-SCEE/Ethanol_c139_q1.out ./opt-test-SCEE/Ethanol_c139_q1_v1.dat
./opt-test-SCEE/Ethanol_c8_q2.out ./opt-test-SCEE/Ethanol_c8_q2_v1.dat
./opt-test-SCEE/Ethanol_c147_q1.out ./opt-test-SCEE/Ethanol_c147_q1_v1.dat
./opt-test-SCEE/Ethanol_c55_q3.out ./opt-test-SCEE/Ethanol_c55_q3_v1.dat
./opt-test-SCEE/Ethanol_c196_q1.out ./opt-test-SCEE/Ethanol_c196_q1_v1.dat
./opt-test-SCEE/Ethanol_c188_q3.out ./opt-test-SCEE/Ethanol_c188_q3_v1.dat
./opt-test-SCEE/Ethanol_c15_q2.out ./opt-test-SCEE/Ethanol_c15_q2_v1.dat
./opt-test-SCEE/Ethanol_c17_q2.out ./opt-test-SCEE/Ethanol_c17_q2_v1.dat
./opt-test-SCEE/Ethanol_c25_q1.out ./opt-test-SCEE/Ethanol_c25_q1_v1.dat
./opt-test-SCEE/Ethanol_c184_q3.out ./opt-test-SCEE/Ethanol_c184_q3_v1.dat
./opt-test-SCEE/Ethanol_c60_q3.out ./opt-test-SCEE/Ethanol_c60_q3_v1.dat
./opt-test-SCEE/Ethanol_c120_q2.out ./opt-test-SCEE/Ethanol_c120_q2_v1.dat
./opt-test-SCEE/Ethanol_c132_q2.out ./opt-test-SCEE/Ethanol_c132_q2_v1.dat
./opt-test-SCEE/Ethanol_c177_q2.out ./opt-test-SCEE/Ethanol_c177_q2_v1.dat
./opt-test-SCEE/Ethanol_c165_q3.out ./opt-test-SCEE/Ethanol_c165_q3_v1.dat
./opt-test-SCEE/Ethanol_c95_q1.out ./opt-test-SCEE/Ethanol_c95_q1_v1.dat
./opt-test-SCEE/Ethanol_c68_q3.out ./opt-test-SCEE/Ethanol_c68_q3_v1.dat
./opt-test-SCEE/Ethanol_c84_q2.out ./opt-test-SCEE/Ethanol_c84_q2_v1.dat
./opt-test-SCEE/Ethanol_c18_q2.out ./opt-test-SCEE/Ethanol_c18_q2_v1.dat
./opt-test-SCEE/Ethanol_c68_q2.out ./opt-test-SCEE/Ethanol_c68_q2_v1.dat
./opt-test-SCEE/Ethanol_c158_q3.out ./opt-test-SCEE/Ethanol_c158_q3_v1.dat
./opt-test-SCEE/Ethanol_c186_q1.out ./opt-test-SCEE/Ethanol_c186_q1_v1.dat
./opt-test-SCEE/Ethanol_c40_q2.out ./opt-test-SCEE/Ethanol_c40_q2_v1.dat
./opt-test-SCEE/Ethanol_c166_q2.out ./opt-test-SCEE/Ethanol_c166_q2_v1.dat
./opt-test-SCEE/Ethanol_c11_q3.out ./opt-test-SCEE/Ethanol_c11_q3_v1.dat
./opt-test-SCEE/Ethanol_c47_q1.out ./opt-test-SCEE/Ethanol_c47_q1_v1.dat
./opt-test-SCEE/Ethanol_c68_q1.out ./opt-test-SCEE/Ethanol_c68_q1_v1.dat
./opt-test-SCEE/Ethanol_c37_q3.out ./opt-test-SCEE/Ethanol_c37_q3_v1.dat
./opt-test-SCEE/Ethanol_c197_q2.out ./opt-test-SCEE/Ethanol_c197_q2_v1.dat
./opt-test-SCEE/Ethanol_c191_q1.out ./opt-test-SCEE/Ethanol_c191_q1_v1.dat
./opt-test-SCEE/Ethanol_c126_q3.out ./opt-test-SCEE/Ethanol_c126_q3_v1.dat
./opt-test-SCEE/Ethanol_c101_q1.out ./opt-test-SCEE/Ethanol_c101_q1_v1.dat
./opt-test-SCEE/Ethanol_c126_q2.out ./opt-test-SCEE/Ethanol_c126_q2_v1.dat
./opt-test-SCEE/Ethanol_c98_q3.out ./opt-test-SCEE/Ethanol_c98_q3_v1.dat
./opt-test-SCEE/Ethanol_c52_q3.out ./opt-test-SCEE/Ethanol_c52_q3_v1.dat
./opt-test-SCEE/Ethanol_c50_q3.out ./opt-test-SCEE/Ethanol_c50_q3_v1.dat
./opt-test-SCEE/Ethanol_c16_q2.out ./opt-test-SCEE/Ethanol_c16_q2_v1.dat
./opt-test-SCEE/Ethanol_c81_q2.out ./opt-test-SCEE/Ethanol_c81_q2_v1.dat
./opt-test-SCEE/Ethanol_c132_q3.out ./opt-test-SCEE/Ethanol_c132_q3_v1.dat
./opt-test-SCEE/Ethanol_c175_q1.out ./opt-test-SCEE/Ethanol_c175_q1_v1.dat
./opt-test-SCEE/Ethanol_c75_q1.out ./opt-test-SCEE/Ethanol_c75_q1_v1.dat
./opt-test-SCEE/Ethanol_c111_q2.out ./opt-test-SCEE/Ethanol_c111_q2_v1.dat
./opt-test-SCEE/Ethanol_c23_q3.out ./opt-test-SCEE/Ethanol_c23_q3_v1.dat
./opt-test-SCEE/Ethanol_c24_q1.out ./opt-test-SCEE/Ethanol_c24_q1_v1.dat
./opt-test-SCEE/Ethanol_c1_q3.out ./opt-test-SCEE/Ethanol_c1_q3_v1.dat
./opt-test-SCEE/Ethanol_c152_q1.out ./opt-test-SCEE/Ethanol_c152_q1_v1.dat
./opt-test-SCEE/Ethanol_c163_q1.out ./opt-test-SCEE/Ethanol_c163_q1_v1.dat
./opt-test-SCEE/Ethanol_c26_q3.out ./opt-test-SCEE/Ethanol_c26_q3_v1.dat
./opt-test-SCEE/Ethanol_c165_q2.out ./opt-test-SCEE/Ethanol_c165_q2_v1.dat
./opt-test-SCEE/Ethanol_c155_q1.out ./opt-test-SCEE/Ethanol_c155_q1_v1.dat
./opt-test-SCEE/Ethanol_c121_q3.out ./opt-test-SCEE/Ethanol_c121_q3_v1.dat
./opt-test-SCEE/Ethanol_c53_q2.out ./opt-test-SCEE/Ethanol_c53_q2_v1.dat
./opt-test-SCEE/Ethanol_c178_q3.out ./opt-test-SCEE/Ethanol_c178_q3_v1.dat
./opt-test-SCEE/Ethanol_c104_q3.out ./opt-test-SCEE/Ethanol_c104_q3_v1.dat
./opt-test-SCEE/Ethanol_c47_q3.out ./opt-test-SCEE/Ethanol_c47_q3_v1.dat
./opt-test-SCEE/Ethanol_c107_q2.out ./opt-test-SCEE/Ethanol_c107_q2_v1.dat
./opt-test-SCEE/Ethanol_c97_q1.out ./opt-test-SCEE/Ethanol_c97_q1_v1.dat
./opt-test-SCEE/Ethanol_c38_q3.out ./opt-test-SCEE/Ethanol_c38_q3_v1.dat
./opt-test-SCEE/Ethanol_c88_q3.out ./opt-test-SCEE/Ethanol_c88_q3_v1.dat
./opt-test-SCEE/Ethanol_c118_q3.out ./opt-test-SCEE/Ethanol_c118_q3_v1.dat
./opt-test-SCEE/Ethanol_c166_q1.out ./opt-test-SCEE/Ethanol_c166_q1_v1.dat
./opt-test-SCEE/Ethanol_c87_q2.out ./opt-test-SCEE/Ethanol_c87_q2_v1.dat
./opt-test-SCEE/Ethanol_c34_q2.out ./opt-test-SCEE/Ethanol_c34_q2_v1.dat
./opt-test-SCEE/Ethanol_c194_q1.out ./opt-test-SCEE/Ethanol_c194_q1_v1.dat
./opt-test-SCEE/Ethanol_c198_q3.out ./opt-test-SCEE/Ethanol_c198_q3_v1.dat
./opt-test-SCEE/Ethanol_c69_q3.out ./opt-test-SCEE/Ethanol_c69_q3_v1.dat
./opt-test-SCEE/Ethanol_c78_q3.out ./opt-test-SCEE/Ethanol_c78_q3_v1.dat
./opt-test-SCEE/Ethanol_c195_q1.out ./opt-test-SCEE/Ethanol_c195_q1_v1.dat
./opt-test-SCEE/Ethanol_c69_q2.out ./opt-test-SCEE/Ethanol_c69_q2_v1.dat
./opt-test-SCEE/Ethanol_c29_q3.out ./opt-test-SCEE/Ethanol_c29_q3_v1.dat
./opt-test-SCEE/Ethanol_c170_q2.out ./opt-test-SCEE/Ethanol_c170_q2_v1.dat
./opt-test-SCEE/Ethanol_c25_q3.out ./opt-test-SCEE/Ethanol_c25_q3_v1.dat
./opt-test-SCEE/Ethanol_c90_q2.out ./opt-test-SCEE/Ethanol_c90_q2_v1.dat
./opt-test-SCEE/Ethanol_c71_q1.out ./opt-test-SCEE/Ethanol_c71_q1_v1.dat
./opt-test-SCEE/Ethanol_c127_q2.out ./opt-test-SCEE/Ethanol_c127_q2_v1.dat
./opt-test-SCEE/Ethanol_c53_q3.out ./opt-test-SCEE/Ethanol_c53_q3_v1.dat
./opt-test-SCEE/Ethanol_c139_q2.out ./opt-test-SCEE/Ethanol_c139_q2_v1.dat
./opt-test-SCEE/Ethanol_c67_q3.out ./opt-test-SCEE/Ethanol_c67_q3_v1.dat
./opt-test-SCEE/Ethanol_c77_q3.out ./opt-test-SCEE/Ethanol_c77_q3_v1.dat
./opt-test-SCEE/Ethanol_c149_q1.out ./opt-test-SCEE/Ethanol_c149_q1_v1.dat
./opt-test-SCEE/Ethanol_c51_q1.out ./opt-test-SCEE/Ethanol_c51_q1_v1.dat
./opt-test-SCEE/Ethanol_c71_q2.out ./opt-test-SCEE/Ethanol_c71_q2_v1.dat
./opt-test-SCEE/Ethanol_c93_q3.out ./opt-test-SCEE/Ethanol_c93_q3_v1.dat
./opt-test-SCEE/Ethanol_c95_q3.out ./opt-test-SCEE/Ethanol_c95_q3_v1.dat
./opt-test-SCEE/Ethanol_c82_q2.out ./opt-test-SCEE/Ethanol_c82_q2_v1.dat
./opt-test-SCEE/Ethanol_c145_q1.out ./opt-test-SCEE/Ethanol_c145_q1_v1.dat
./opt-test-SCEE/Ethanol_c84_q3.out ./opt-test-SCEE/Ethanol_c84_q3_v1.dat
./opt-test-SCEE/Ethanol_c114_q1.out ./opt-test-SCEE/Ethanol_c114_q1_v1.dat
./opt-test-SCEE/Ethanol_c105_q2.out ./opt-test-SCEE/Ethanol_c105_q2_v1.dat
./opt-test-SCEE/Ethanol_c144_q3.out ./opt-test-SCEE/Ethanol_c144_q3_v1.dat
./opt-test-SCEE/Ethanol_c159_q2.out ./opt-test-SCEE/Ethanol_c159_q2_v1.dat
./opt-test-SCEE/Ethanol_c74_q1.out ./opt-test-SCEE/Ethanol_c74_q1_v1.dat
./opt-test-SCEE/Ethanol_c17_q3.out ./opt-test-SCEE/Ethanol_c17_q3_v1.dat
./opt-test-SCEE/Ethanol_c31_q3.out ./opt-test-SCEE/Ethanol_c31_q3_v1.dat
./opt-test-SCEE/Ethanol_c135_q3.out ./opt-test-SCEE/Ethanol_c135_q3_v1.dat
./opt-test-SCEE/Ethanol_c33_q1.out ./opt-test-SCEE/Ethanol_c33_q1_v1.dat
./opt-test-SCEE/Ethanol_c26_q2.out ./opt-test-SCEE/Ethanol_c26_q2_v1.dat
./opt-test-SCEE/Ethanol_c172_q1.out ./opt-test-SCEE/Ethanol_c172_q1_v1.dat
./opt-test-SCEE/Ethanol_c98_q1.out ./opt-test-SCEE/Ethanol_c98_q1_v1.dat
./opt-test-SCEE/Ethanol_c146_q3.out ./opt-test-SCEE/Ethanol_c146_q3_v1.dat
./opt-test-SCEE/Ethanol_c161_q2.out ./opt-test-SCEE/Ethanol_c161_q2_v1.dat
./opt-test-SCEE/Ethanol_c143_q1.out ./opt-test-SCEE/Ethanol_c143_q1_v1.dat
./opt-test-SCEE/Ethanol_c177_q1.out ./opt-test-SCEE/Ethanol_c177_q1_v1.dat
./opt-test-SCEE/Ethanol_c72_q3.out ./opt-test-SCEE/Ethanol_c72_q3_v1.dat
./opt-test-SCEE/Ethanol_c15_q1.out ./opt-test-SCEE/Ethanol_c15_q1_v1.dat
./opt-test-SCEE/Ethanol_c10_q2.out ./opt-test-SCEE/Ethanol_c10_q2_v1.dat
./opt-test-SCEE/Ethanol_c21_q1.out ./opt-test-SCEE/Ethanol_c21_q1_v1.dat
./opt-test-SCEE/Ethanol_c40_q1.out ./opt-test-SCEE/Ethanol_c40_q1_v1.dat
./opt-test-SCEE/Ethanol_c117_q3.out ./opt-test-SCEE/Ethanol_c117_q3_v1.dat
./opt-test-SCEE/Ethanol_c20_q2.out ./opt-test-SCEE/Ethanol_c20_q2_v1.dat
./opt-test-SCEE/Ethanol_c119_q2.out ./opt-test-SCEE/Ethanol_c119_q2_v1.dat
./opt-test-SCEE/Ethanol_c2_q2.out ./opt-test-SCEE/Ethanol_c2_q2_v1.dat
./opt-test-SCEE/Ethanol_c28_q3.out ./opt-test-SCEE/Ethanol_c28_q3_v1.dat
./opt-test-SCEE/Ethanol_c51_q3.out ./opt-test-SCEE/Ethanol_c51_q3_v1.dat
./opt-test-SCEE/Ethanol_c121_q1.out ./opt-test-SCEE/Ethanol_c121_q1_v1.dat
./opt-test-SCEE/Ethanol_c13_q2.out ./opt-test-SCEE/Ethanol_c13_q2_v1.dat
./opt-test-SCEE/Ethanol_c108_q2.out ./opt-test-SCEE/Ethanol_c108_q2_v1.dat
./opt-test-SCEE/Ethanol_c199_q2.out ./opt-test-SCEE/Ethanol_c199_q2_v1.dat
./opt-test-SCEE/Ethanol_c141_q3.out ./opt-test-SCEE/Ethanol_c141_q3_v1.dat
./opt-test-SCEE/Ethanol_c149_q3.out ./opt-test-SCEE/Ethanol_c149_q3_v1.dat
./opt-test-SCEE/Ethanol_c76_q1.out ./opt-test-SCEE/Ethanol_c76_q1_v1.dat
./opt-test-SCEE/Ethanol_c160_q2.out ./opt-test-SCEE/Ethanol_c160_q2_v1.dat
./opt-test-SCEE/Ethanol_c165_q1.out ./opt-test-SCEE/Ethanol_c165_q1_v1.dat
./opt-test-SCEE/Ethanol_c137_q1.out ./opt-test-SCEE/Ethanol_c137_q1_v1.dat
./opt-test-SCEE/Ethanol_c168_q3.out ./opt-test-SCEE/Ethanol_c168_q3_v1.dat
./opt-test-SCEE/Ethanol_c176_q3.out ./opt-test-SCEE/Ethanol_c176_q3_v1.dat
./opt-test-SCEE/Ethanol_c62_q3.out ./opt-test-SCEE/Ethanol_c62_q3_v1.dat
./opt-test-SCEE/Ethanol_c85_q3.out ./opt-test-SCEE/Ethanol_c85_q3_v1.dat
./opt-test-SCEE/Ethanol_c84_q1.out ./opt-test-SCEE/Ethanol_c84_q1_v1.dat
./opt-test-SCEE/Ethanol_c51_q2.out ./opt-test-SCEE/Ethanol_c51_q2_v1.dat
./opt-test-SCEE/Ethanol_c102_q2.out ./opt-test-SCEE/Ethanol_c102_q2_v1.dat
./opt-test-SCEE/Ethanol_c64_q2.out ./opt-test-SCEE/Ethanol_c64_q2_v1.dat
./opt-test-SCEE/Ethanol_c197_q1.out ./opt-test-SCEE/Ethanol_c197_q1_v1.dat
./opt-test-SCEE/Ethanol_c106_q3.out ./opt-test-SCEE/Ethanol_c106_q3_v1.dat
./opt-test-SCEE/Ethanol_c99_q1.out ./opt-test-SCEE/Ethanol_c99_q1_v1.dat
./opt-test-SCEE/Ethanol_c83_q1.out ./opt-test-SCEE/Ethanol_c83_q1_v1.dat
./opt-test-SCEE/Ethanol_c32_q1.out ./opt-test-SCEE/Ethanol_c32_q1_v1.dat
./opt-test-SCEE/Ethanol_c94_q1.out ./opt-test-SCEE/Ethanol_c94_q1_v1.dat
./opt-test-SCEE/Ethanol_c200_q1.out ./opt-test-SCEE/Ethanol_c200_q1_v1.dat
./opt-test-SCEE/Ethanol_c86_q2.out ./opt-test-SCEE/Ethanol_c86_q2_v1.dat
./opt-test-SCEE/Ethanol_c4_q3.out ./opt-test-SCEE/Ethanol_c4_q3_v1.dat
./opt-test-SCEE/Ethanol_c153_q2.out ./opt-test-SCEE/Ethanol_c153_q2_v1.dat
./opt-test-SCEE/Ethanol_c93_q1.out ./opt-test-SCEE/Ethanol_c93_q1_v1.dat
./opt-test-SCEE/Ethanol_c185_q3.out ./opt-test-SCEE/Ethanol_c185_q3_v1.dat
./opt-test-SCEE/Ethanol_c194_q3.out ./opt-test-SCEE/Ethanol_c194_q3_v1.dat
./opt-test-SCEE/Ethanol_c139_q3.out ./opt-test-SCEE/Ethanol_c139_q3_v1.dat
./opt-test-SCEE/Ethanol_c81_q3.out ./opt-test-SCEE/Ethanol_c81_q3_v1.dat
./opt-test-SCEE/Ethanol_c141_q1.out ./opt-test-SCEE/Ethanol_c141_q1_v1.dat
./opt-test-SCEE/Ethanol_c120_q1.out ./opt-test-SCEE/Ethanol_c120_q1_v1.dat
./opt-test-SCEE/Ethanol_c131_q2.out ./opt-test-SCEE/Ethanol_c131_q2_v1.dat
./opt-test-SCEE/Ethanol_c191_q2.out ./opt-test-SCEE/Ethanol_c191_q2_v1.dat
./opt-test-SCEE/Ethanol_c4_q2.out ./opt-test-SCEE/Ethanol_c4_q2_v1.dat
./opt-test-SCEE/Ethanol_c102_q1.out ./opt-test-SCEE/Ethanol_c102_q1_v1.dat
./opt-test-SCEE/Ethanol_c41_q2.out ./opt-test-SCEE/Ethanol_c41_q2_v1.dat
./opt-test-SCEE/Ethanol_c116_q1.out ./opt-test-SCEE/Ethanol_c116_q1_v1.dat
./opt-test-SCEE/Ethanol_c152_q2.out ./opt-test-SCEE/Ethanol_c152_q2_v1.dat
./opt-test-SCEE/Ethanol_c67_q1.out ./opt-test-SCEE/Ethanol_c67_q1_v1.dat
./opt-test-SCEE/Ethanol_c87_q1.out ./opt-test-SCEE/Ethanol_c87_q1_v1.dat
./opt-test-SCEE/Ethanol_c4_q1.out ./opt-test-SCEE/Ethanol_c4_q1_v1.dat
./opt-test-SCEE/Ethanol_c12_q2.out ./opt-test-SCEE/Ethanol_c12_q2_v1.dat
./opt-test-SCEE/Ethanol_c153_q3.out ./opt-test-SCEE/Ethanol_c153_q3_v1.dat
./opt-test-SCEE/Ethanol_c163_q2.out ./opt-test-SCEE/Ethanol_c163_q2_v1.dat
./opt-test-SCEE/Ethanol_c42_q3.out ./opt-test-SCEE/Ethanol_c42_q3_v1.dat
./opt-test-SCEE/Ethanol_c21_q2.out ./opt-test-SCEE/Ethanol_c21_q2_v1.dat
./opt-test-SCEE/Ethanol_c37_q1.out ./opt-test-SCEE/Ethanol_c37_q1_v1.dat
./opt-test-SCEE/Ethanol_c54_q3.out ./opt-test-SCEE/Ethanol_c54_q3_v1.dat
./opt-test-SCEE/Ethanol_c185_q2.out ./opt-test-SCEE/Ethanol_c185_q2_v1.dat
./opt-test-SCEE/Ethanol_c103_q3.out ./opt-test-SCEE/Ethanol_c103_q3_v1.dat
./opt-test-SCEE/Ethanol_c155_q3.out ./opt-test-SCEE/Ethanol_c155_q3_v1.dat
./opt-test-SCEE/Ethanol_c92_q3.out ./opt-test-SCEE/Ethanol_c92_q3_v1.dat
./opt-test-SCEE/Ethanol_c129_q1.out ./opt-test-SCEE/Ethanol_c129_q1_v1.dat
./opt-test-SCEE/Ethanol_c192_q2.out ./opt-test-SCEE/Ethanol_c192_q2_v1.dat
./opt-test-SCEE/Ethanol_c156_q1.out ./opt-test-SCEE/Ethanol_c156_q1_v1.dat
./opt-test-SCEE/Ethanol_c76_q2.out ./opt-test-SCEE/Ethanol_c76_q2_v1.dat
./opt-test-SCEE/Ethanol_c111_q3.out ./opt-test-SCEE/Ethanol_c111_q3_v1.dat
./opt-test-SCEE/Ethanol_c155_q2.out ./opt-test-SCEE/Ethanol_c155_q2_v1.dat
./opt-test-SCEE/Ethanol_c44_q1.out ./opt-test-SCEE/Ethanol_c44_q1_v1.dat
./opt-test-SCEE/Ethanol_c80_q2.out ./opt-test-SCEE/Ethanol_c80_q2_v1.dat
./opt-test-SCEE/Ethanol_c53_q1.out ./opt-test-SCEE/Ethanol_c53_q1_v1.dat
./opt-test-SCEE/Ethanol_c151_q1.out ./opt-test-SCEE/Ethanol_c151_q1_v1.dat
./opt-test-SCEE/Ethanol_c167_q2.out ./opt-test-SCEE/Ethanol_c167_q2_v1.dat
./opt-test-SCEE/Ethanol_c199_q1.out ./opt-test-SCEE/Ethanol_c199_q1_v1.dat
./opt-test-SCEE/Ethanol_c115_q2.out ./opt-test-SCEE/Ethanol_c115_q2_v1.dat
./opt-test-SCEE/Ethanol_c111_q1.out ./opt-test-SCEE/Ethanol_c111_q1_v1.dat
./opt-test-SCEE/Ethanol_c197_q3.out ./opt-test-SCEE/Ethanol_c197_q3_v1.dat
./opt-test-SCEE/Ethanol_c25_q2.out ./opt-test-SCEE/Ethanol_c25_q2_v1.dat
./opt-test-SCEE/Ethanol_c77_q1.out ./opt-test-SCEE/Ethanol_c77_q1_v1.dat
./opt-test-SCEE/Ethanol_c63_q3.out ./opt-test-SCEE/Ethanol_c63_q3_v1.dat
./opt-test-SCEE/Ethanol_c57_q3.out ./opt-test-SCEE/Ethanol_c57_q3_v1.dat
./opt-test-SCEE/Ethanol_c137_q2.out ./opt-test-SCEE/Ethanol_c137_q2_v1.dat
./opt-test-SCEE/Ethanol_c127_q1.out ./opt-test-SCEE/Ethanol_c127_q1_v1.dat
./opt-test-SCEE/Ethanol_c79_q2.out ./opt-test-SCEE/Ethanol_c79_q2_v1.dat
./opt-test-SCEE/Ethanol_c83_q3.out ./opt-test-SCEE/Ethanol_c83_q3_v1.dat
./opt-test-SCEE/Ethanol_c168_q1.out ./opt-test-SCEE/Ethanol_c168_q1_v1.dat
./opt-test-SCEE/Ethanol_c2_q3.out ./opt-test-SCEE/Ethanol_c2_q3_v1.dat
./opt-test-SCEE/Ethanol_c112_q2.out ./opt-test-SCEE/Ethanol_c112_q2_v1.dat
./opt-test-SCEE/Ethanol_c179_q1.out ./opt-test-SCEE/Ethanol_c179_q1_v1.dat
./opt-test-SCEE/Ethanol_c7_q1.out ./opt-test-SCEE/Ethanol_c7_q1_v1.dat
./opt-test-SCEE/Ethanol_c134_q1.out ./opt-test-SCEE/Ethanol_c134_q1_v1.dat
./opt-test-SCEE/Ethanol_c33_q3.out ./opt-test-SCEE/Ethanol_c33_q3_v1.dat
./opt-test-SCEE/Ethanol_c89_q2.out ./opt-test-SCEE/Ethanol_c89_q2_v1.dat
./opt-test-SCEE/Ethanol_c17_q1.out ./opt-test-SCEE/Ethanol_c17_q1_v1.dat
./opt-test-SCEE/Ethanol_c181_q3.out ./opt-test-SCEE/Ethanol_c181_q3_v1.dat
./opt-test-SCEE/Ethanol_c14_q2.out ./opt-test-SCEE/Ethanol_c14_q2_v1.dat
./opt-test-SCEE/Ethanol_c145_q2.out ./opt-test-SCEE/Ethanol_c145_q2_v1.dat
./opt-test-SCEE/Ethanol_c58_q2.out ./opt-test-SCEE/Ethanol_c58_q2_v1.dat
./opt-test-SCEE/Ethanol_c103_q2.out ./opt-test-SCEE/Ethanol_c103_q2_v1.dat
./opt-test-SCEE/Ethanol_c151_q3.out ./opt-test-SCEE/Ethanol_c151_q3_v1.dat
./opt-test-SCEE/Ethanol_c164_q3.out ./opt-test-SCEE/Ethanol_c164_q3_v1.dat
./opt-test-SCEE/Ethanol_c150_q1.out ./opt-test-SCEE/Ethanol_c150_q1_v1.dat
./opt-test-SCEE/Ethanol_c27_q1.out ./opt-test-SCEE/Ethanol_c27_q1_v1.dat
./opt-test-SCEE/Ethanol_c118_q2.out ./opt-test-SCEE/Ethanol_c118_q2_v1.dat
./opt-test-SCEE/Ethanol_c39_q2.out ./opt-test-SCEE/Ethanol_c39_q2_v1.dat
./opt-test-SCEE/Ethanol_c122_q1.out ./opt-test-SCEE/Ethanol_c122_q1_v1.dat
./opt-test-SCEE/Ethanol_c181_q2.out ./opt-test-SCEE/Ethanol_c181_q2_v1.dat
./opt-test-SCEE/Ethanol_c26_q1.out ./opt-test-SCEE/Ethanol_c26_q1_v1.dat
./opt-test-SCEE/Ethanol_c13_q3.out ./opt-test-SCEE/Ethanol_c13_q3_v1.dat
./opt-test-SCEE/Ethanol_c18_q1.out ./opt-test-SCEE/Ethanol_c18_q1_v1.dat
./opt-test-SCEE/Ethanol_c146_q2.out ./opt-test-SCEE/Ethanol_c146_q2_v1.dat
./opt-test-SCEE/Ethanol_c123_q3.out ./opt-test-SCEE/Ethanol_c123_q3_v1.dat
./opt-test-SCEE/Ethanol_c45_q3.out ./opt-test-SCEE/Ethanol_c45_q3_v1.dat
./opt-test-SCEE/Ethanol_c133_q3.out ./opt-test-SCEE/Ethanol_c133_q3_v1.dat
./opt-test-SCEE/Ethanol_c142_q1.out ./opt-test-SCEE/Ethanol_c142_q1_v1.dat
./opt-test-SCEE/Ethanol_c131_q3.out ./opt-test-SCEE/Ethanol_c131_q3_v1.dat
./opt-test-SCEE/Ethanol_c75_q2.out ./opt-test-SCEE/Ethanol_c75_q2_v1.dat
./opt-test-SCEE/Ethanol_c174_q1.out ./opt-test-SCEE/Ethanol_c174_q1_v1.dat
./opt-test-SCEE/Ethanol_c105_q1.out ./opt-test-SCEE/Ethanol_c105_q1_v1.dat
./opt-test-SCEE/Ethanol_c1_q1.out ./opt-test-SCEE/Ethanol_c1_q1_v1.dat
./opt-test-SCEE/Ethanol_c85_q2.out ./opt-test-SCEE/Ethanol_c85_q2_v1.dat
./opt-test-SCEE/Ethanol_c46_q1.out ./opt-test-SCEE/Ethanol_c46_q1_v1.dat
./opt-test-SCEE/Ethanol_c132_q1.out ./opt-test-SCEE/Ethanol_c132_q1_v1.dat
./opt-test-SCEE/Ethanol_c112_q3.out ./opt-test-SCEE/Ethanol_c112_q3_v1.dat
./opt-test-SCEE/Ethanol_c182_q2.out ./opt-test-SCEE/Ethanol_c182_q2_v1.dat
./opt-test-SCEE/Ethanol_c91_q1.out ./opt-test-SCEE/Ethanol_c91_q1_v1.dat
./opt-test-SCEE/Ethanol_c9_q2.out ./opt-test-SCEE/Ethanol_c9_q2_v1.dat
./opt-test-SCEE/Ethanol_c21_q3.out ./opt-test-SCEE/Ethanol_c21_q3_v1.dat
./opt-test-SCEE/Ethanol_c35_q2.out ./opt-test-SCEE/Ethanol_c35_q2_v1.dat
./opt-test-SCEE/Ethanol_c136_q1.out ./opt-test-SCEE/Ethanol_c136_q1_v1.dat
./opt-test-SCEE/Ethanol_c118_q1.out ./opt-test-SCEE/Ethanol_c118_q1_v1.dat
./opt-test-SCEE/Ethanol_c70_q1.out ./opt-test-SCEE/Ethanol_c70_q1_v1.dat
./opt-test-SCEE/Ethanol_c173_q2.out ./opt-test-SCEE/Ethanol_c173_q2_v1.dat
./opt-test-SCEE/Ethanol_c87_q3.out ./opt-test-SCEE/Ethanol_c87_q3_v1.dat
./opt-test-SCEE/Ethanol_c89_q3.out ./opt-test-SCEE/Ethanol_c89_q3_v1.dat
./opt-test-SCEE/Ethanol_c158_q1.out ./opt-test-SCEE/Ethanol_c158_q1_v1.dat
./opt-test-SCEE/Ethanol_c140_q1.out ./opt-test-SCEE/Ethanol_c140_q1_v1.dat
./opt-test-SCEE/Ethanol_c90_q3.out ./opt-test-SCEE/Ethanol_c90_q3_v1.dat
./opt-test-SCEE/Ethanol_c43_q1.out ./opt-test-SCEE/Ethanol_c43_q1_v1.dat
./opt-test-SCEE/Ethanol_c169_q3.out ./opt-test-SCEE/Ethanol_c169_q3_v1.dat
./opt-test-SCEE/Ethanol_c154_q1.out ./opt-test-SCEE/Ethanol_c154_q1_v1.dat
./opt-test-SCEE/Ethanol_c27_q2.out ./opt-test-SCEE/Ethanol_c27_q2_v1.dat
./opt-test-SCEE/Ethanol_c175_q3.out ./opt-test-SCEE/Ethanol_c175_q3_v1.dat
./opt-test-SCEE/Ethanol_c22_q1.out ./opt-test-SCEE/Ethanol_c22_q1_v1.dat
./opt-test-SCEE/Ethanol_c108_q3.out ./opt-test-SCEE/Ethanol_c108_q3_v1.dat
./opt-test-SCEE/Ethanol_c59_q3.out ./opt-test-SCEE/Ethanol_c59_q3_v1.dat
./opt-test-SCEE/Ethanol_c194_q2.out ./opt-test-SCEE/Ethanol_c194_q2_v1.dat
./opt-test-SCEE/Ethanol_c154_q3.out ./opt-test-SCEE/Ethanol_c154_q3_v1.dat
./opt-test-SCEE/Ethanol_c119_q3.out ./opt-test-SCEE/Ethanol_c119_q3_v1.dat
./opt-test-SCEE/Ethanol_c57_q1.out ./opt-test-SCEE/Ethanol_c57_q1_v1.dat
./opt-test-SCEE/Ethanol_c125_q2.out ./opt-test-SCEE/Ethanol_c125_q2_v1.dat
./opt-test-SCEE/Ethanol_c73_q2.out ./opt-test-SCEE/Ethanol_c73_q2_v1.dat
./opt-test-SCEE/Ethanol_c12_q1.out ./opt-test-SCEE/Ethanol_c12_q1_v1.dat
./opt-test-SCEE/Ethanol_c116_q3.out ./opt-test-SCEE/Ethanol_c116_q3_v1.dat
./opt-test-SCEE/Ethanol_c66_q1.out ./opt-test-SCEE/Ethanol_c66_q1_v1.dat
./opt-test-SCEE/Ethanol_c82_q3.out ./opt-test-SCEE/Ethanol_c82_q3_v1.dat
./opt-test-SCEE/Ethanol_c56_q2.out ./opt-test-SCEE/Ethanol_c56_q2_v1.dat
./opt-test-SCEE/Ethanol_c101_q2.out ./opt-test-SCEE/Ethanol_c101_q2_v1.dat
./opt-test-SCEE/Ethanol_c3_q2.out ./opt-test-SCEE/Ethanol_c3_q2_v1.dat
./opt-test-SCEE/Ethanol_c28_q1.out ./opt-test-SCEE/Ethanol_c28_q1_v1.dat
./opt-test-SCEE/Ethanol_c115_q1.out ./opt-test-SCEE/Ethanol_c115_q1_v1.dat
./opt-test-SCEE/Ethanol_c158_q2.out ./opt-test-SCEE/Ethanol_c158_q2_v1.dat
./opt-test-SCEE/Ethanol_c186_q3.out ./opt-test-SCEE/Ethanol_c186_q3_v1.dat
./opt-test-SCEE/Ethanol_c46_q2.out ./opt-test-SCEE/Ethanol_c46_q2_v1.dat
./opt-test-SCEE/Ethanol_c74_q2.out Preparing Ethanol_c100_q1_v1.dat -> Ethanol_c100_q1_v1.out on /home/zoe/Research/Gaussian/scratch
Preparing Ethanol_c100_q2_v1.dat -> Ethanol_c100_q2_v1.out on /home/zoe/Research/Gaussian/scratch
Preparing Ethanol_c100_q3_v1.dat -> Ethanol_c100_q3_v1.out on /home/zoe/Research/Gaussian/scratch
Preparing Ethanol_c101_q1_v1.dat -> Ethanol_c101_q1_v1.out on /home/zoe/Research/Gaussian/scratch
Preparing Ethanol_c101_q2_v1.dat -> Ethanol_c101_q2_v1.out on /home/zoe/Research/Gaussian/scratch
Preparing Ethanol_c101_q3_v1.dat -> Ethanol_c101_q3_v1.out on /home/zoe/Research/Gaussian/scratch
Preparing Ethanol_c102_q1_v1.dat -> Ethanol_c102_q1_v1.out on /home/zoe/Research/Gaussian/scratch
Preparing Ethanol_c102_q2_v1.dat -> Ethanol_c102_q2_v1.out on /home/zoe/Research/Gaussian/scratch
Preparing Ethanol_c102_q3_v1.dat -> Ethanol_c102_q3_v1.out on /home/zoe/Research/Gaussian/scratch
Preparing Ethanol_c103_q1_v1.dat -> Ethanol_c103_q1_v1.out on /home/zoe/Research/Gaussian/scratch
Preparing Ethanol_c103_q2_v1.dat -> Ethanol_c103_q2_v1.out on /home/zoe/Research/Gaussian/scratch
Preparing Ethanol_c103_q3_v1.dat -> Ethanol_c103_q3_v1.out on /home/zoe/Research/Gaussian/scratch
Preparing Ethanol_c104_q1_v1.dat -> Ethanol_c104_q1_v1.out on /home/zoe/Research/Gaussian/scratch
Preparing Ethanol_c104_q2_v1.dat -> Ethanol_c104_q2_v1.out on /home/zoe/Research/Gaussian/scratch
Preparing Ethanol_c104_q3_v1.dat -> Ethanol_c104_q3_v1.out on /home/zoe/Research/Gaussian/scratch
Preparing Ethanol_c105_q1_v1.dat -> Ethanol_c105_q1_v1.out on /home/zoe/Research/Gaussian/scratch
Preparing Ethanol_c105_q2_v1.dat -> Ethanol_c105_q2_v1.out on /home/zoe/Research/Gaussian/scratch
Preparing Ethanol_c105_q3_v1.dat -> Ethanol_c105_q3_v1.out on /home/zoe/Research/Gaussian/scratch
Preparing Ethanol_c106_q1_v1.dat -> Ethanol_c106_q1_v1.out on /home/zoe/Research/Gaussian/scratch
Preparing Ethanol_c106_q2_v1.dat -> Ethanol_c106_q2_v1.out on /home/zoe/Research/Gaussian/scratch
Preparing Ethanol_c106_q3_v1.dat -> Ethanol_c106_q3_v1.out on /home/zoe/Research/Gaussian/scratch
Preparing Ethanol_c107_q1_v1.dat -> Ethanol_c107_q1_v1.out on /home/zoe/Research/Gaussian/scratch
Preparing Ethanol_c107_q2_v1.dat -> Ethanol_c107_q2_v1.out on /home/zoe/Research/Gaussian/scratch
Preparing Ethanol_c107_q3_v1.dat -> Ethanol_c107_q3_v1.out on /home/zoe/Research/Gaussian/scratch
Preparing Ethanol_c108_q1_v1.dat -> Ethanol_c108_q1_v1.out on /home/zoe/Research/Gaussian/scratch
Preparing Ethanol_c108_q2_v1.dat -> Ethanol_c108_q2_v1.out on /home/zoe/Research/Gaussian/scratch
Preparing Ethanol_c108_q3_v1.dat -> Ethanol_c108_q3_v1.out on /home/zoe/Research/Gaussian/scratch
Preparing Ethanol_c109_q1_v1.dat -> Ethanol_c109_q1_v1.out on /home/zoe/Research/Gaussian/scratch
Preparing Ethanol_c109_q2_v1.dat -> Ethanol_c109_q2_v1.out on /home/zoe/Research/Gaussian/scratch
Preparing Ethanol_c109_q3_v1.dat -> Ethanol_c109_q3_v1.out on /home/zoe/Research/Gaussian/scratch
Preparing Ethanol_c10_q1_v1.dat -> Ethanol_c10_q1_v1.out on /home/zoe/Research/Gaussian/scratch
Preparing Ethanol_c10_q2_v1.dat -> Ethanol_c10_q2_v1.out on /home/zoe/Research/Gaussian/scratch
Preparing Ethanol_c10_q3_v1.dat -> Ethanol_c10_q3_v1.out on /home/zoe/Research/Gaussian/scratch
Preparing Ethanol_c110_q1_v1.dat -> Ethanol_c110_q1_v1.out on /home/zoe/Research/Gaussian/scratch
Preparing Ethanol_c110_q2_v1.dat -> Ethanol_c110_q2_v1.out on /home/zoe/Research/Gaussian/scratch
Preparing Ethanol_c110_q3_v1.dat -> Ethanol_c110_q3_v1.out on /home/zoe/Research/Gaussian/scratch
Preparing Ethanol_c111_q1_v1.dat -> Ethanol_c111_q1_v1.out on /home/zoe/Research/Gaussian/scratch
Preparing Ethanol_c111_q2_v1.dat -> Ethanol_c111_q2_v1.out on /home/zoe/Research/Gaussian/scratch
Preparing Ethanol_c111_q3_v1.dat -> Ethanol_c111_q3_v1.out on /home/zoe/Research/Gaussian/scratch
Preparing Ethanol_c112_q1_v1.dat -> Ethanol_c112_q1_v1.out on /home/zoe/Research/Gaussian/scratch
Preparing Ethanol_c112_q2_v1.dat -> Ethanol_c112_q2_v1.out on /home/zoe/Research/Gaussian/scratch
Preparing Ethanol_c112_q3_v1.dat -> Ethanol_c112_q3_v1.out on /home/zoe/Research/Gaussian/scratch
Preparing Ethanol_c113_q1_v1.dat -> Ethanol_c113_q1_v1.out on /home/zoe/Research/Gaussian/scratch
Preparing Ethanol_c113_q2_v1.dat -> Ethanol_c113_q2_v1.out on /home/zoe/Research/Gaussian/scratch
Preparing Ethanol_c113_q3_v1.dat -> Ethanol_c113_q3_v1.out on /home/zoe/Research/Gaussian/scratch
Preparing Ethanol_c114_q1_v1.dat -> Ethanol_c114_q1_v1.out on /home/zoe/Research/Gaussian/scratch
Preparing Ethanol_c114_q2_v1.dat -> Ethanol_c114_q2_v1.out on /home/zoe/Research/Gaussian/scratch
Preparing Ethanol_c114_q3_v1.dat -> Ethanol_c114_q3_v1.out on /home/zoe/Research/Gaussian/scratch
Preparing Ethanol_c115_q1_v1.dat -> Ethanol_c115_q1_v1.out on /home/zoe/Research/Gaussian/scratch
Preparing Ethanol_c115_q2_v1.dat -> Ethanol_c115_q2_v1.out on /home/zoe/Research/Gaussian/scratch
Preparing Ethanol_c115_q3_v1.dat -> Ethanol_c115_q3_v1.out on /home/zoe/Research/Gaussian/scratch
Preparing Ethanol_c116_q1_v1.dat -> Ethanol_c116_q1_v1.out on /home/zoe/Research/Gaussian/scratch
Preparing Ethanol_c116_q2_v1.dat -> Ethanol_c116_q2_v1.out on /home/zoe/Research/Gaussian/scratch
Preparing Ethanol_c116_q3_v1.dat -> Ethanol_c116_q3_v1.out on /home/zoe/Research/Gaussian/scratch
Preparing Ethanol_c117_q1_v1.dat -> Ethanol_c117_q1_v1.out on /home/zoe/Research/Gaussian/scratch
Preparing Ethanol_c117_q2_v1.dat -> Ethanol_c117_q2_v1.out on /home/zoe/Research/Gaussian/scratch
Preparing Ethanol_c117_q3_v1.dat -> Ethanol_c117_q3_v1.out on /home/zoe/Research/Gaussian/scratch
Preparing Ethanol_c118_q1_v1.dat -> Ethanol_c118_q1_v1.out on /home/zoe/Research/Gaussian/scratch
Preparing Ethanol_c118_q2_v1.dat -> Ethanol_c118_q2_v1.out on /home/zoe/Research/Gaussian/scratch
Preparing Ethanol_c118_q3_v1.dat -> Ethanol_c118_q3_v1.out on /home/zoe/Research/Gaussian/scratch
Preparing Ethanol_c119_q1_v1.dat -> Ethanol_c119_q1_v1.out on /home/zoe/Research/Gaussian/scratch
Preparing Ethanol_c119_q2_v1.dat -> Ethanol_c119_q2_v1.out on /home/zoe/Research/Gaussian/scratch
Preparing Ethanol_c119_q3_v1.dat -> Ethanol_c119_q3_v1.out on /home/zoe/Research/Gaussian/scratch
Preparing Ethanol_c11_q1_v1.dat -> Ethanol_c11_q1_v1.out on /home/zoe/Research/Gaussian/scratch
Preparing Ethanol_c11_q2_v1.dat -> Ethanol_c11_q2_v1.out on /home/zoe/Research/Gaussian/scratch
Preparing Ethanol_c11_q3_v1.dat -> Ethanol_c11_q3_v1.out on /home/zoe/Research/Gaussian/scratch
Preparing Ethanol_c120_q1_v1.dat -> Ethanol_c120_q1_v1.out on /home/zoe/Research/Gaussian/scratch
Preparing Ethanol_c120_q2_v1.dat -> Ethanol_c120_q2_v1.out on /home/zoe/Research/Gaussian/scratch
Preparing Ethanol_c120_q3_v1.dat -> Ethanol_c120_q3_v1.out on /home/zoe/Research/Gaussian/scratch
Preparing Ethanol_c121_q1_v1.dat -> Ethanol_c121_q1_v1.out on /home/zoe/Research/Gaussian/scratch
Preparing Ethanol_c121_q2_v1.dat -> Ethanol_c121_q2_v1.out on /home/zoe/Research/Gaussian/scratch
Preparing Ethanol_c121_q3_v1.dat -> Ethanol_c121_q3_v1.out on /home/zoe/Research/Gaussian/scratch
Preparing Ethanol_c122_q1_v1.dat -> Ethanol_c122_q1_v1.out on /home/zoe/Research/Gaussian/scratch
Preparing Ethanol_c122_q2_v1.dat -> Ethanol_c122_q2_v1.out on /home/zoe/Research/Gaussian/scratch
Preparing Ethanol_c122_q3_v1.dat -> Ethanol_c122_q3_v1.out on /home/zoe/Research/Gaussian/scratch
Preparing Ethanol_c123_q1_v1.dat -> Ethanol_c123_q1_v1.out on /home/zoe/Research/Gaussian/scratch
Preparing Ethanol_c123_q2_v1.dat -> Ethanol_c123_q2_v1.out on /home/zoe/Research/Gaussian/scratch
Preparing Ethanol_c123_q3_v1.dat -> Ethanol_c123_q3_v1.out on /home/zoe/Research/Gaussian/scratch
Preparing Ethanol_c124_q1_v1.dat -> Ethanol_c124_q1_v1.out on /home/zoe/Research/Gaussian/scratch
Preparing Ethanol_c124_q2_v1.dat -> Ethanol_c124_q2_v1.out on /home/zoe/Research/Gaussian/scratch
Preparing Ethanol_c124_q3_v1.dat -> Ethanol_c124_q3_v1.out on /home/zoe/Research/Gaussian/scratch
Preparing Ethanol_c125_q1_v1.dat -> Ethanol_c125_q1_v1.out on /home/zoe/Research/Gaussian/scratch
Preparing Ethanol_c125_q2_v1.dat -> Ethanol_c125_q2_v1.out on /home/zoe/Research/Gaussian/scratch
Preparing Ethanol_c125_q3_v1.dat -> Ethanol_c125_q3_v1.out on /home/zoe/Research/Gaussian/scratch
Preparing Ethanol_c126_q1_v1.dat -> Ethanol_c126_q1_v1.out on /home/zoe/Research/Gaussian/scratch
Preparing Ethanol_c126_q2_v1.dat -> Ethanol_c126_q2_v1.out on /home/zoe/Research/Gaussian/scratch
Preparing Ethanol_c126_q3_v1.dat -> Ethanol_c126_q3_v1.out on /home/zoe/Research/Gaussian/scratch
Preparing Ethanol_c127_q1_v1.dat -> Ethanol_c127_q1_v1.out on /home/zoe/Research/Gaussian/scratch
Preparing Ethanol_c127_q2_v1.dat -> Ethanol_c127_q2_v1.out on /home/zoe/Research/Gaussian/scratch
Preparing Ethanol_c127_q3_v1.dat -> Ethanol_c127_q3_v1.out on /home/zoe/Research/Gaussian/scratch
Preparing Ethanol_c128_q1_v1.dat -> Ethanol_c128_q1_v1.out on /home/zoe/Research/Gaussian/scratch
Preparing Ethanol_c128_q2_v1.dat -> Ethanol_c128_q2_v1.out on /home/zoe/Research/Gaussian/scratch
Preparing Ethanol_c128_q3_v1.dat -> Ethanol_c128_q3_v1.out on /home/zoe/Research/Gaussian/scratch
Preparing Ethanol_c129_q1_v1.dat -> Ethanol_c129_q1_v1.out on /home/zoe/Research/Gaussian/scratch
Preparing Ethanol_c129_q2_v1.dat -> Ethanol_c129_q2_v1.out on /home/zoe/Research/Gaussian/scratch
Preparing Ethanol_c129_q3_v1.dat -> Ethanol_c129_q3_v1.out on /home/zoe/Research/Gaussian/scratch
Preparing Ethanol_c12_q1_v1.dat -> Ethanol_c12_q1_v1.out on /home/zoe/Research/Gaussian/scratch
Preparing Ethanol_c12_q2_v1.dat -> Ethanol_c12_q2_v1.out on /home/zoe/Research/Gaussian/scratch
Preparing Ethanol_c12_q3_v1.dat -> Ethanol_c12_q3_v1.out on /home/zoe/Research/Gaussian/scratch
Preparing Ethanol_c130_q1_v1.dat -> Ethanol_c130_q1_v1.out on /home/zoe/Research/Gaussian/scratch
Preparing Ethanol_c130_q2_v1.dat -> Ethanol_c130_q2_v1.out on /home/zoe/Research/Gaussian/scratch
Preparing Ethanol_c130_q3_v1.dat -> Ethanol_c130_q3_v1.out on /home/zoe/Research/Gaussian/scratch
Preparing Ethanol_c131_q1_v1.dat -> Ethanol_c131_q1_v1.out on /home/zoe/Research/Gaussian/scratch
Preparing Ethanol_c131_q2_v1.dat -> Ethanol_c131_q2_v1.out on /home/zoe/Research/Gaussian/scratch
Preparing Ethanol_c131_q3_v1.dat -> Ethanol_c131_q3_v1.out on /home/zoe/Research/Gaussian/scratch
Preparing Ethanol_c132_q1_v1.dat -> Ethanol_c132_q1_v1.out on /home/zoe/Research/Gaussian/scratch
Preparing Ethanol_c132_q2_v1.dat -> Ethanol_c132_q2_v1.out on /home/zoe/Research/Gaussian/scratch
Preparing Ethanol_c132_q3_v1.dat -> Ethanol_c132_q3_v1.out on /home/zoe/Research/Gaussian/scratch
Preparing Ethanol_c133_q1_v1.dat -> Ethanol_c133_q1_v1.out on /home/zoe/Research/Gaussian/scratch
Preparing Ethanol_c133_q2_v1.dat -> Ethanol_c133_q2_v1.out on /home/zoe/Research/Gaussian/scratch
Preparing Ethanol_c133_q3_v1.dat -> Ethanol_c133_q3_v1.out on /home/zoe/Research/Gaussian/scratch
Preparing Ethanol_c134_q1_v1.dat -> Ethanol_c134_q1_v1.out on /home/zoe/Research/Gaussian/scratch
Preparing Ethanol_c134_q2_v1.dat -> Ethanol_c134_q2_v1.out on /home/zoe/Research/Gaussian/scratch
Preparing Ethanol_c134_q3_v1.dat -> Ethanol_c134_q3_v1.out on /home/zoe/Research/Gaussian/scratch
Preparing Ethanol_c135_q1_v1.dat -> Ethanol_c135_q1_v1.out on /home/zoe/Research/Gaussian/scratch
Preparing Ethanol_c135_q2_v1.dat -> Ethanol_c135_q2_v1.out on /home/zoe/Research/Gaussian/scratch
Preparing Ethanol_c135_q3_v1.dat -> Ethanol_c135_q3_v1.out on /home/zoe/Research/Gaussian/scratch
Preparing Ethanol_c136_q1_v1.dat -> Ethanol_c136_q1_v1.out on /home/zoe/Research/Gaussian/scratch
Preparing Ethanol_c136_q2_v1.dat -> Ethanol_c136_q2_v1.out on /home/zoe/Research/Gaussian/scratch
Preparing Ethanol_c136_q3_v1.dat -> Ethanol_c136_q3_v1.out on /home/zoe/Research/Gaussian/scratch
Preparing Ethanol_c137_q1_v1.dat -> Ethanol_c137_q1_v1.out on /home/zoe/Research/Gaussian/scratch
Preparing Ethanol_c137_q2_v1.dat -> Ethanol_c137_q2_v1.out on /home/zoe/Research/Gaussian/scratch
Preparing Ethanol_c137_q3_v1.dat -> Ethanol_c137_q3_v1.out on /home/zoe/Research/Gaussian/scratch
Preparing Ethanol_c138_q1_v1.dat -> Ethanol_c138_q1_v1.out on /home/zoe/Research/Gaussian/scratch
Preparing Ethanol_c138_q2_v1.dat -> Ethanol_c138_q2_v1.out on /home/zoe/Research/Gaussian/scratch
Preparing Ethanol_c138_q3_v1.dat -> Ethanol_c138_q3_v1.out on /home/zoe/Research/Gaussian/scratch
Preparing Ethanol_c139_q1_v1.dat -> Ethanol_c139_q1_v1.out on /home/zoe/Research/Gaussian/scratch
Preparing Ethanol_c139_q2_v1.dat -> Ethanol_c139_q2_v1.out on /home/zoe/Research/Gaussian/scratch
Preparing Ethanol_c139_q3_v1.dat -> Ethanol_c139_q3_v1.out on /home/zoe/Research/Gaussian/scratch
Preparing Ethanol_c13_q1_v1.dat -> Ethanol_c13_q1_v1.out on /home/zoe/Research/Gaussian/scratch
Preparing Ethanol_c13_q2_v1.dat -> Ethanol_c13_q2_v1.out on /home/zoe/Research/Gaussian/scratch
Preparing Ethanol_c13_q3_v1.dat -> Ethanol_c13_q3_v1.out on /home/zoe/Research/Gaussian/scratch
Preparing Ethanol_c140_q1_v1.dat -> Ethanol_c140_q1_v1.out on /home/zoe/Research/Gaussian/scratch
Preparing Ethanol_c140_q2_v1.dat -> Ethanol_c140_q2_v1.out on /home/zoe/Research/Gaussian/scratch
Preparing Ethanol_c140_q3_v1.dat -> Ethanol_c140_q3_v1.out on /home/zoe/Research/Gaussian/scratch
Preparing Ethanol_c141_q1_v1.dat -> Ethanol_c141_q1_v1.out on /home/zoe/Research/Gaussian/scratch
Preparing Ethanol_c141_q2_v1.dat -> Ethanol_c141_q2_v1.out on /home/zoe/Research/Gaussian/scratch
Preparing Ethanol_c141_q3_v1.dat -> Ethanol_c141_q3_v1.out on /home/zoe/Research/Gaussian/scratch
Preparing Ethanol_c142_q1_v1.dat -> Ethanol_c142_q1_v1.out on /home/zoe/Research/Gaussian/scratch
Preparing Ethanol_c142_q2_v1.dat -> Ethanol_c142_q2_v1.out on /home/zoe/Research/Gaussian/scratch
Preparing Ethanol_c142_q3_v1.dat -> Ethanol_c142_q3_v1.out on /home/zoe/Research/Gaussian/scratch
Preparing Ethanol_c143_q1_v1.dat -> Ethanol_c143_q1_v1.out on /home/zoe/Research/Gaussian/scratch
Preparing Ethanol_c143_q2_v1.dat -> Ethanol_c143_q2_v1.out on /home/zoe/Research/Gaussian/scratch
Preparing Ethanol_c143_q3_v1.dat -> Ethanol_c143_q3_v1.out on /home/zoe/Research/Gaussian/scratch
Preparing Ethanol_c144_q1_v1.dat -> Ethanol_c144_q1_v1.out on /home/zoe/Research/Gaussian/scratch
Preparing Ethanol_c144_q2_v1.dat -> Ethanol_c144_q2_v1.out on /home/zoe/Research/Gaussian/scratch
Preparing Ethanol_c144_q3_v1.dat -> Ethanol_c144_q3_v1.out on /home/zoe/Research/Gaussian/scratch
Preparing Ethanol_c145_q1_v1.dat -> Ethanol_c145_q1_v1.out on /home/zoe/Research/Gaussian/scratch
Preparing Ethanol_c145_q2_v1.dat -> Ethanol_c145_q2_v1.out on /home/zoe/Research/Gaussian/scratch
Preparing Ethanol_c145_q3_v1.dat -> Ethanol_c145_q3_v1.out on /home/zoe/Research/Gaussian/scratch
Preparing Ethanol_c146_q1_v1.dat -> Ethanol_c146_q1_v1.out on /home/zoe/Research/Gaussian/scratch
Preparing Ethanol_c146_q2_v1.dat -> Ethanol_c146_q2_v1.out on /home/zoe/Research/Gaussian/scratch
Preparing Ethanol_c146_q3_v1.dat -> Ethanol_c146_q3_v1.out on /home/zoe/Research/Gaussian/scratch
Preparing Ethanol_c147_q1_v1.dat -> Ethanol_c147_q1_v1.out on /home/zoe/Research/Gaussian/scratch
Preparing Ethanol_c147_q2_v1.dat -> Ethanol_c147_q2_v1.out on /home/zoe/Research/Gaussian/scratch
Preparing Ethanol_c147_q3_v1.dat -> Ethanol_c147_q3_v1.out on /home/zoe/Research/Gaussian/scratch
Preparing Ethanol_c148_q1_v1.dat -> Ethanol_c148_q1_v1.out on /home/zoe/Research/Gaussian/scratch
Preparing Ethanol_c148_q2_v1.dat -> Ethanol_c148_q2_v1.out on /home/zoe/Research/Gaussian/scratch
Preparing Ethanol_c148_q3_v1.dat -> Ethanol_c148_q3_v1.out on /home/zoe/Research/Gaussian/scratch
Preparing Ethanol_c149_q1_v1.dat -> Ethanol_c149_q1_v1.out on /home/zoe/Research/Gaussian/scratch
Preparing Ethanol_c149_q2_v1.dat -> Ethanol_c149_q2_v1.out on /home/zoe/Research/Gaussian/scratch
Preparing Ethanol_c149_q3_v1.dat -> Ethanol_c149_q3_v1.out on /home/zoe/Research/Gaussian/scratch
Preparing Ethanol_c14_q1_v1.dat -> Ethanol_c14_q1_v1.out on /home/zoe/Research/Gaussian/scratch
Preparing Ethanol_c14_q2_v1.dat -> Ethanol_c14_q2_v1.out on /home/zoe/Research/Gaussian/scratch
Preparing Ethanol_c14_q3_v1.dat -> Ethanol_c14_q3_v1.out on /home/zoe/Research/Gaussian/scratch
Preparing Ethanol_c150_q1_v1.dat -> Ethanol_c150_q1_v1.out on /home/zoe/Research/Gaussian/scratch
Preparing Ethanol_c150_q2_v1.dat -> Ethanol_c150_q2_v1.out on /home/zoe/Research/Gaussian/scratch
Preparing Ethanol_c150_q3_v1.dat -> Ethanol_c150_q3_v1.out on /home/zoe/Research/Gaussian/scratch
Preparing Ethanol_c151_q1_v1.dat -> Ethanol_c151_q1_v1.out on /home/zoe/Research/Gaussian/scratch
Preparing Ethanol_c151_q2_v1.dat -> Ethanol_c151_q2_v1.out on /home/zoe/Research/Gaussian/scratch
Preparing Ethanol_c151_q3_v1.dat -> Ethanol_c151_q3_v1.out on /home/zoe/Research/Gaussian/scratch
Preparing Ethanol_c152_q1_v1.dat -> Ethanol_c152_q1_v1.out on /home/zoe/Research/Gaussian/scratch
Preparing Ethanol_c152_q2_v1.dat -> Ethanol_c152_q2_v1.out on /home/zoe/Research/Gaussian/scratch
Preparing Ethanol_c152_q3_v1.dat -> Ethanol_c152_q3_v1.out on /home/zoe/Research/Gaussian/scratch
Preparing Ethanol_c153_q1_v1.dat -> Ethanol_c153_q1_v1.out on /home/zoe/Research/Gaussian/scratch
Preparing Ethanol_c153_q2_v1.dat -> Ethanol_c153_q2_v1.out on /home/zoe/Research/Gaussian/scratch
Preparing Ethanol_c153_q3_v1.dat -> Ethanol_c153_q3_v1.out on /home/zoe/Research/Gaussian/scratch
Preparing Ethanol_c154_q1_v1.dat -> Ethanol_c154_q1_v1.out on /home/zoe/Research/Gaussian/scratch
Preparing Ethanol_c154_q2_v1.dat -> Ethanol_c154_q2_v1.out on /home/zoe/Research/Gaussian/scratch
Preparing Ethanol_c154_q3_v1.dat -> Ethanol_c154_q3_v1.out on /home/zoe/Research/Gaussian/scratch
Preparing Ethanol_c155_q1_v1.dat -> Ethanol_c155_q1_v1.out on /home/zoe/Research/Gaussian/scratch
Preparing Ethanol_c155_q2_v1.dat -> Ethanol_c155_q2_v1.out on /home/zoe/Research/Gaussian/scratch
Preparing Ethanol_c155_q3_v1.dat -> Ethanol_c155_q3_v1.out on /home/zoe/Research/Gaussian/scratch
Preparing Ethanol_c156_q1_v1.dat -> Ethanol_c156_q1_v1.out on /home/zoe/Research/Gaussian/scratch
Preparing Ethanol_c156_q2_v1.dat -> Ethanol_c156_q2_v1.out on /home/zoe/Research/Gaussian/scratch
Preparing Ethanol_c156_q3_v1.dat -> Ethanol_c156_q3_v1.out on /home/zoe/Research/Gaussian/scratch
Preparing Ethanol_c157_q1_v1.dat -> Ethanol_c157_q1_v1.out on /home/zoe/Research/Gaussian/scratch
Preparing Ethanol_c157_q2_v1.dat -> Ethanol_c157_q2_v1.out on /home/zoe/Research/Gaussian/scratch
Preparing Ethanol_c157_q3_v1.dat -> Ethanol_c157_q3_v1.out on /home/zoe/Research/Gaussian/scratch
Preparing Ethanol_c158_q1_v1.dat -> Ethanol_c158_q1_v1.out on /home/zoe/Research/Gaussian/scratch
Preparing Ethanol_c158_q2_v1.dat -> Ethanol_c158_q2_v1.out on /home/zoe/Research/Gaussian/scratch
Preparing Ethanol_c158_q3_v1.dat -> Ethanol_c158_q3_v1.out on /home/zoe/Research/Gaussian/scratch
Preparing Ethanol_c159_q1_v1.dat -> Ethanol_c159_q1_v1.out on /home/zoe/Research/Gaussian/scratch
Preparing Ethanol_c159_q2_v1.dat -> Ethanol_c159_q2_v1.out on /home/zoe/Research/Gaussian/scratch
Preparing Ethanol_c159_q3_v1.dat -> Ethanol_c159_q3_v1.out on /home/zoe/Research/Gaussian/scratch
Preparing Ethanol_c15_q1_v1.dat -> Ethanol_c15_q1_v1.out on /home/zoe/Research/Gaussian/scratch
Preparing Ethanol_c15_q2_v1.dat -> Ethanol_c15_q2_v1.out on /home/zoe/Research/Gaussian/scratch
Preparing Ethanol_c15_q3_v1.dat -> Ethanol_c15_q3_v1.out on /home/zoe/Research/Gaussian/scratch
Preparing Ethanol_c160_q1_v1.dat -> Ethanol_c160_q1_v1.out on /home/zoe/Research/Gaussian/scratch
Preparing Ethanol_c160_q2_v1.dat -> Ethanol_c160_q2_v1.out on /home/zoe/Research/Gaussian/scratch
Preparing Ethanol_c160_q3_v1.dat -> Ethanol_c160_q3_v1.out on /home/zoe/Research/Gaussian/scratch
Preparing Ethanol_c161_q1_v1.dat -> Ethanol_c161_q1_v1.out on /home/zoe/Research/Gaussian/scratch
Preparing Ethanol_c161_q2_v1.dat -> Ethanol_c161_q2_v1.out on /home/zoe/Research/Gaussian/scratch
Preparing Ethanol_c161_q3_v1.dat -> Ethanol_c161_q3_v1.out on /home/zoe/Research/Gaussian/scratch
Preparing Ethanol_c162_q1_v1.dat -> Ethanol_c162_q1_v1.out on /home/zoe/Research/Gaussian/scratch
Preparing Ethanol_c162_q2_v1.dat -> Ethanol_c162_q2_v1.out on /home/zoe/Research/Gaussian/scratch
Preparing Ethanol_c162_q3_v1.dat -> Ethanol_c162_q3_v1.out on /home/zoe/Research/Gaussian/scratch
Preparing Ethanol_c163_q1_v1.dat -> Ethanol_c163_q1_v1.out on /home/zoe/Research/Gaussian/scratch
Preparing Ethanol_c163_q2_v1.dat -> Ethanol_c163_q2_v1.out on /home/zoe/Research/Gaussian/scratch
Preparing Ethanol_c163_q3_v1.dat -> Ethanol_c163_q3_v1.out on /home/zoe/Research/Gaussian/scratch
Preparing Ethanol_c164_q1_v1.dat -> Ethanol_c164_q1_v1.out on /home/zoe/Research/Gaussian/scratch
Preparing Ethanol_c164_q2_v1.dat -> Ethanol_c164_q2_v1.out on /home/zoe/Research/Gaussian/scratch
Preparing Ethanol_c164_q3_v1.dat -> Ethanol_c164_q3_v1.out on /home/zoe/Research/Gaussian/scratch
Preparing Ethanol_c165_q1_v1.dat -> Ethanol_c165_q1_v1.out on /home/zoe/Research/Gaussian/scratch
Preparing Ethanol_c165_q2_v1.dat -> Ethanol_c165_q2_v1.out on /home/zoe/Research/Gaussian/scratch
Preparing Ethanol_c165_q3_v1.dat -> Ethanol_c165_q3_v1.out on /home/zoe/Research/Gaussian/scratch
Preparing Ethanol_c166_q1_v1.dat -> Ethanol_c166_q1_v1.out on /home/zoe/Research/Gaussian/scratch
Preparing Ethanol_c166_q2_v1.dat -> Ethanol_c166_q2_v1.out on /home/zoe/Research/Gaussian/scratch
Preparing Ethanol_c166_q3_v1.dat -> Ethanol_c166_q3_v1.out on /home/zoe/Research/Gaussian/scratch
Preparing Ethanol_c167_q1_v1.dat -> Ethanol_c167_q1_v1.out on /home/zoe/Research/Gaussian/scratch
Preparing Ethanol_c167_q2_v1.dat -> Ethanol_c167_q2_v1.out on /home/zoe/Research/Gaussian/scratch
Preparing Ethanol_c167_q3_v1.dat -> Ethanol_c167_q3_v1.out on /home/zoe/Research/Gaussian/scratch
Preparing Ethanol_c168_q1_v1.dat -> Ethanol_c168_q1_v1.out on /home/zoe/Research/Gaussian/scratch
Preparing Ethanol_c168_q2_v1.dat -> Ethanol_c168_q2_v1.out on /home/zoe/Research/Gaussian/scratch
Preparing Ethanol_c168_q3_v1.dat -> Ethanol_c168_q3_v1.out on /home/zoe/Research/Gaussian/scratch
Preparing Ethanol_c169_q1_v1.dat -> Ethanol_c169_q1_v1.out on /home/zoe/Research/Gaussian/scratch
Preparing Ethanol_c169_q2_v1.dat -> Ethanol_c169_q2_v1.out on /home/zoe/Research/Gaussian/scratch
Preparing Ethanol_c169_q3_v1.dat -> Ethanol_c169_q3_v1.out on /home/zoe/Research/Gaussian/scratch
Preparing Ethanol_c16_q1_v1.dat -> Ethanol_c16_q1_v1.out on /home/zoe/Research/Gaussian/scratch
Preparing Ethanol_c16_q2_v1.dat -> Ethanol_c16_q2_v1.out on /home/zoe/Research/Gaussian/scratch
Preparing Ethanol_c16_q3_v1.dat -> Ethanol_c16_q3_v1.out on /home/zoe/Research/Gaussian/scratch
Preparing Ethanol_c170_q1_v1.dat -> Ethanol_c170_q1_v1.out on /home/zoe/Research/Gaussian/scratch
Preparing Ethanol_c170_q2_v1.dat -> Ethanol_c170_q2_v1.out on /home/zoe/Research/Gaussian/scratch
Preparing Ethanol_c170_q3_v1.dat -> Ethanol_c170_q3_v1.out on /home/zoe/Research/Gaussian/scratch
Preparing Ethanol_c171_q1_v1.dat -> Ethanol_c171_q1_v1.out on /home/zoe/Research/Gaussian/scratch
Preparing Ethanol_c171_q2_v1.dat -> Ethanol_c171_q2_v1.out on /home/zoe/Research/Gaussian/scratch
Preparing Ethanol_c171_q3_v1.dat -> Ethanol_c171_q3_v1.out on /home/zoe/Research/Gaussian/scratch
Preparing Ethanol_c172_q1_v1.dat -> Ethanol_c172_q1_v1.out on /home/zoe/Research/Gaussian/scratch
Preparing Ethanol_c172_q2_v1.dat -> Ethanol_c172_q2_v1.out on /home/zoe/Research/Gaussian/scratch
Preparing Ethanol_c172_q3_v1.dat -> Ethanol_c172_q3_v1.out on /home/zoe/Research/Gaussian/scratch
Preparing Ethanol_c173_q1_v1.dat -> Ethanol_c173_q1_v1.out on /home/zoe/Research/Gaussian/scratch
Preparing Ethanol_c173_q2_v1.dat -> Ethanol_c173_q2_v1.out on /home/zoe/Research/Gaussian/scratch
Preparing Ethanol_c173_q3_v1.dat -> Ethanol_c173_q3_v1.out on /home/zoe/Research/Gaussian/scratch
Preparing Ethanol_c174_q1_v1.dat -> Ethanol_c174_q1_v1.out on /home/zoe/Research/Gaussian/scratch
Preparing Ethanol_c174_q2_v1.dat -> Ethanol_c174_q2_v1.out on /home/zoe/Research/Gaussian/scratch
Preparing Ethanol_c174_q3_v1.dat -> Ethanol_c174_q3_v1.out on /home/zoe/Research/Gaussian/scratch
Preparing Ethanol_c175_q1_v1.dat -> Ethanol_c175_q1_v1.out on /home/zoe/Research/Gaussian/scratch
Preparing Ethanol_c175_q2_v1.dat -> Ethanol_c175_q2_v1.out on /home/zoe/Research/Gaussian/scratch
Preparing Ethanol_c175_q3_v1.dat -> Ethanol_c175_q3_v1.out on /home/zoe/Research/Gaussian/scratch
Preparing Ethanol_c176_q1_v1.dat -> Ethanol_c176_q1_v1.out on /home/zoe/Research/Gaussian/scratch
Preparing Ethanol_c176_q2_v1.dat -> Ethanol_c176_q2_v1.out on /home/zoe/Research/Gaussian/scratch
Preparing Ethanol_c176_q3_v1.dat -> Ethanol_c176_q3_v1.out on /home/zoe/Research/Gaussian/scratch
Preparing Ethanol_c177_q1_v1.dat -> Ethanol_c177_q1_v1.out on /home/zoe/Research/Gaussian/scratch
Preparing Ethanol_c177_q2_v1.dat -> Ethanol_c177_q2_v1.out on /home/zoe/Research/Gaussian/scratch
Preparing Ethanol_c177_q3_v1.dat -> Ethanol_c177_q3_v1.out on /home/zoe/Research/Gaussian/scratch
Preparing Ethanol_c178_q1_v1.dat -> Ethanol_c178_q1_v1.out on /home/zoe/Research/Gaussian/scratch
Preparing Ethanol_c178_q2_v1.dat -> Ethanol_c178_q2_v1.out on /home/zoe/Research/Gaussian/scratch
Preparing Ethanol_c178_q3_v1.dat -> Ethanol_c178_q3_v1.out on /home/zoe/Research/Gaussian/scratch
Preparing Ethanol_c179_q1_v1.dat -> Ethanol_c179_q1_v1.out on /home/zoe/Research/Gaussian/scratch
Preparing Ethanol_c179_q2_v1.dat -> Ethanol_c179_q2_v1.out on /home/zoe/Research/Gaussian/scratch
Preparing Ethanol_c179_q3_v1.dat -> Ethanol_c179_q3_v1.out on /home/zoe/Research/Gaussian/scratch
Preparing Ethanol_c17_q1_v1.dat -> Ethanol_c17_q1_v1.out on /home/zoe/Research/Gaussian/scratch
Preparing Ethanol_c17_q2_v1.dat -> Ethanol_c17_q2_v1.out on /home/zoe/Research/Gaussian/scratch
Preparing Ethanol_c17_q3_v1.dat -> Ethanol_c17_q3_v1.out on /home/zoe/Research/Gaussian/scratch
Preparing Ethanol_c180_q1_v1.dat -> Ethanol_c180_q1_v1.out on /home/zoe/Research/Gaussian/scratch
Preparing Ethanol_c180_q2_v1.dat -> Ethanol_c180_q2_v1.out on /home/zoe/Research/Gaussian/scratch
Preparing Ethanol_c180_q3_v1.dat -> Ethanol_c180_q3_v1.out on /home/zoe/Research/Gaussian/scratch
Preparing Ethanol_c181_q1_v1.dat -> Ethanol_c181_q1_v1.out on /home/zoe/Research/Gaussian/scratch
Preparing Ethanol_c181_q2_v1.dat -> Ethanol_c181_q2_v1.out on /home/zoe/Research/Gaussian/scratch
Preparing Ethanol_c181_q3_v1.dat -> Ethanol_c181_q3_v1.out on /home/zoe/Research/Gaussian/scratch
Preparing Ethanol_c182_q1_v1.dat -> Ethanol_c182_q1_v1.out on /home/zoe/Research/Gaussian/scratch
Preparing Ethanol_c182_q2_v1.dat -> Ethanol_c182_q2_v1.out on /home/zoe/Research/Gaussian/scratch
Preparing Ethanol_c182_q3_v1.dat -> Ethanol_c182_q3_v1.out on /home/zoe/Research/Gaussian/scratch
Preparing Ethanol_c183_q1_v1.dat -> Ethanol_c183_q1_v1.out on /home/zoe/Research/Gaussian/scratch
Preparing Ethanol_c183_q2_v1.dat -> Ethanol_c183_q2_v1.out on /home/zoe/Research/Gaussian/scratch
Preparing Ethanol_c183_q3_v1.dat -> Ethanol_c183_q3_v1.out on /home/zoe/Research/Gaussian/scratch
Preparing Ethanol_c184_q1_v1.dat -> Ethanol_c184_q1_v1.out on /home/zoe/Research/Gaussian/scratch
Preparing Ethanol_c184_q2_v1.dat -> Ethanol_c184_q2_v1.out on /home/zoe/Research/Gaussian/scratch
Preparing Ethanol_c184_q3_v1.dat -> Ethanol_c184_q3_v1.out on /home/zoe/Research/Gaussian/scratch
Preparing Ethanol_c185_q1_v1.dat -> Ethanol_c185_q1_v1.out on /home/zoe/Research/Gaussian/scratch
Preparing Ethanol_c185_q2_v1.dat -> Ethanol_c185_q2_v1.out on /home/zoe/Research/Gaussian/scratch
Preparing Ethanol_c185_q3_v1.dat -> Ethanol_c185_q3_v1.out on /home/zoe/Research/Gaussian/scratch
Preparing Ethanol_c186_q1_v1.dat -> Ethanol_c186_q1_v1.out on /home/zoe/Research/Gaussian/scratch
Preparing Ethanol_c186_q2_v1.dat -> Ethanol_c186_q2_v1.out on /home/zoe/Research/Gaussian/scratch
Preparing Ethanol_c186_q3_v1.dat -> Ethanol_c186_q3_v1.out on /home/zoe/Research/Gaussian/scratch
Preparing Ethanol_c187_q1_v1.dat -> Ethanol_c187_q1_v1.out on /home/zoe/Research/Gaussian/scratch
Preparing Ethanol_c187_q2_v1.dat -> Ethanol_c187_q2_v1.out on /home/zoe/Research/Gaussian/scratch
Preparing Ethanol_c187_q3_v1.dat -> Ethanol_c187_q3_v1.out on /home/zoe/Research/Gaussian/scratch
Preparing Ethanol_c188_q1_v1.dat -> Ethanol_c188_q1_v1.out on /home/zoe/Research/Gaussian/scratch
Preparing Ethanol_c188_q2_v1.dat -> Ethanol_c188_q2_v1.out on /home/zoe/Research/Gaussian/scratch
Preparing Ethanol_c188_q3_v1.dat -> Ethanol_c188_q3_v1.out on /home/zoe/Research/Gaussian/scratch
Preparing Ethanol_c189_q1_v1.dat -> Ethanol_c189_q1_v1.out on /home/zoe/Research/Gaussian/scratch
Preparing Ethanol_c189_q2_v1.dat -> Ethanol_c189_q2_v1.out on /home/zoe/Research/Gaussian/scratch
Preparing Ethanol_c189_q3_v1.dat -> Ethanol_c189_q3_v1.out on /home/zoe/Research/Gaussian/scratch
Preparing Ethanol_c18_q1_v1.dat -> Ethanol_c18_q1_v1.out on /home/zoe/Research/Gaussian/scratch
Preparing Ethanol_c18_q2_v1.dat -> Ethanol_c18_q2_v1.out on /home/zoe/Research/Gaussian/scratch
Preparing Ethanol_c18_q3_v1.dat -> Ethanol_c18_q3_v1.out on /home/zoe/Research/Gaussian/scratch
Preparing Ethanol_c190_q1_v1.dat -> Ethanol_c190_q1_v1.out on /home/zoe/Research/Gaussian/scratch
Preparing Ethanol_c190_q2_v1.dat -> Ethanol_c190_q2_v1.out on /home/zoe/Research/Gaussian/scratch
Preparing Ethanol_c190_q3_v1.dat -> Ethanol_c190_q3_v1.out on /home/zoe/Research/Gaussian/scratch
Preparing Ethanol_c191_q1_v1.dat -> Ethanol_c191_q1_v1.out on /home/zoe/Research/Gaussian/scratch
Preparing Ethanol_c191_q2_v1.dat -> Ethanol_c191_q2_v1.out on /home/zoe/Research/Gaussian/scratch
Preparing Ethanol_c191_q3_v1.dat -> Ethanol_c191_q3_v1.out on /home/zoe/Research/Gaussian/scratch
Preparing Ethanol_c192_q1_v1.dat -> Ethanol_c192_q1_v1.out on /home/zoe/Research/Gaussian/scratch
Preparing Ethanol_c192_q2_v1.dat -> Ethanol_c192_q2_v1.out on /home/zoe/Research/Gaussian/scratch
Preparing Ethanol_c192_q3_v1.dat -> Ethanol_c192_q3_v1.out on /home/zoe/Research/Gaussian/scratch
Preparing Ethanol_c193_q1_v1.dat -> Ethanol_c193_q1_v1.out on /home/zoe/Research/Gaussian/scratch
Preparing Ethanol_c193_q2_v1.dat -> Ethanol_c193_q2_v1.out on /home/zoe/Research/Gaussian/scratch
Preparing Ethanol_c193_q3_v1.dat -> Ethanol_c193_q3_v1.out on /home/zoe/Research/Gaussian/scratch
Preparing Ethanol_c194_q1_v1.dat -> Ethanol_c194_q1_v1.out on /home/zoe/Research/Gaussian/scratch
Preparing Ethanol_c194_q2_v1.dat -> Ethanol_c194_q2_v1.out on /home/zoe/Research/Gaussian/scratch
Preparing Ethanol_c194_q3_v1.dat -> Ethanol_c194_q3_v1.out on /home/zoe/Research/Gaussian/scratch
Preparing Ethanol_c195_q1_v1.dat -> Ethanol_c195_q1_v1.out on /home/zoe/Research/Gaussian/scratch
Preparing Ethanol_c195_q2_v1.dat -> Ethanol_c195_q2_v1.out on /home/zoe/Research/Gaussian/scratch
Preparing Ethanol_c195_q3_v1.dat -> Ethanol_c195_q3_v1.out on /home/zoe/Research/Gaussian/scratch
Preparing Ethanol_c196_q1_v1.dat -> Ethanol_c196_q1_v1.out on /home/zoe/Research/Gaussian/scratch
Preparing Ethanol_c196_q2_v1.dat -> Ethanol_c196_q2_v1.out on /home/zoe/Research/Gaussian/scratch
Preparing Ethanol_c196_q3_v1.dat -> Ethanol_c196_q3_v1.out on /home/zoe/Research/Gaussian/scratch
Preparing Ethanol_c197_q1_v1.dat -> Ethanol_c197_q1_v1.out on /home/zoe/Research/Gaussian/scratch
Preparing Ethanol_c197_q2_v1.dat -> Ethanol_c197_q2_v1.out on /home/zoe/Research/Gaussian/scratch
Preparing Ethanol_c197_q3_v1.dat -> Ethanol_c197_q3_v1.out on /home/zoe/Research/Gaussian/scratch
Preparing Ethanol_c198_q1_v1.dat -> Ethanol_c198_q1_v1.out on /home/zoe/Research/Gaussian/scratch
Preparing Ethanol_c198_q2_v1.dat -> Ethanol_c198_q2_v1.out on /home/zoe/Research/Gaussian/scratch
Preparing Ethanol_c198_q3_v1.dat -> Ethanol_c198_q3_v1.out on /home/zoe/Research/Gaussian/scratch
Preparing Ethanol_c199_q1_v1.dat -> Ethanol_c199_q1_v1.out on /home/zoe/Research/Gaussian/scratch
Preparing Ethanol_c199_q2_v1.dat -> Ethanol_c199_q2_v1.out on /home/zoe/Research/Gaussian/scratch
Preparing Ethanol_c199_q3_v1.dat -> Ethanol_c199_q3_v1.out on /home/zoe/Research/Gaussian/scratch
Preparing Ethanol_c19_q1_v1.dat -> Ethanol_c19_q1_v1.out on /home/zoe/Research/Gaussian/scratch
Preparing Ethanol_c19_q2_v1.dat -> Ethanol_c19_q2_v1.out on /home/zoe/Research/Gaussian/scratch
Preparing Ethanol_c19_q3_v1.dat -> Ethanol_c19_q3_v1.out on /home/zoe/Research/Gaussian/scratch
Preparing Ethanol_c1_q1_v1.dat -> Ethanol_c1_q1_v1.out on /home/zoe/Research/Gaussian/scratch
Preparing Ethanol_c1_q2_v1.dat -> Ethanol_c1_q2_v1.out on /home/zoe/Research/Gaussian/scratch
Preparing Ethanol_c1_q3_v1.dat -> Ethanol_c1_q3_v1.out on /home/zoe/Research/Gaussian/scratch
Preparing Ethanol_c200_q1_v1.dat -> Ethanol_c200_q1_v1.out on /home/zoe/Research/Gaussian/scratch
Preparing Ethanol_c200_q2_v1.dat -> Ethanol_c200_q2_v1.out on /home/zoe/Research/Gaussian/scratch
Preparing Ethanol_c200_q3_v1.dat -> Ethanol_c200_q3_v1.out on /home/zoe/Research/Gaussian/scratch
Preparing Ethanol_c20_q1_v1.dat -> Ethanol_c20_q1_v1.out on /home/zoe/Research/Gaussian/scratch
Preparing Ethanol_c20_q2_v1.dat -> Ethanol_c20_q2_v1.out on /home/zoe/Research/Gaussian/scratch
Preparing Ethanol_c20_q3_v1.dat -> Ethanol_c20_q3_v1.out on /home/zoe/Research/Gaussian/scratch
Preparing Ethanol_c21_q1_v1.dat -> Ethanol_c21_q1_v1.out on /home/zoe/Research/Gaussian/scratch
Preparing Ethanol_c21_q2_v1.dat -> Ethanol_c21_q2_v1.out on /home/zoe/Research/Gaussian/scratch
Preparing Ethanol_c21_q3_v1.dat -> Ethanol_c21_q3_v1.out on /home/zoe/Research/Gaussian/scratch
Preparing Ethanol_c22_q1_v1.dat -> Ethanol_c22_q1_v1.out on /home/zoe/Research/Gaussian/scratch
Preparing Ethanol_c22_q2_v1.dat -> Ethanol_c22_q2_v1.out on /home/zoe/Research/Gaussian/scratch
Preparing Ethanol_c22_q3_v1.dat -> Ethanol_c22_q3_v1.out on /home/zoe/Research/Gaussian/scratch
Preparing Ethanol_c23_q1_v1.dat -> Ethanol_c23_q1_v1.out on /home/zoe/Research/Gaussian/scratch
Preparing Ethanol_c23_q2_v1.dat -> Ethanol_c23_q2_v1.out on /home/zoe/Research/Gaussian/scratch
Preparing Ethanol_c23_q3_v1.dat -> Ethanol_c23_q3_v1.out on /home/zoe/Research/Gaussian/scratch
Preparing Ethanol_c24_q1_v1.dat -> Ethanol_c24_q1_v1.out on /home/zoe/Research/Gaussian/scratch
Preparing Ethanol_c24_q2_v1.dat -> Ethanol_c24_q2_v1.out on /home/zoe/Research/Gaussian/scratch
Preparing Ethanol_c24_q3_v1.dat -> Ethanol_c24_q3_v1.out on /home/zoe/Research/Gaussian/scratch
Preparing Ethanol_c25_q1_v1.dat -> Ethanol_c25_q1_v1.out on /home/zoe/Research/Gaussian/scratch
Preparing Ethanol_c25_q2_v1.dat -> Ethanol_c25_q2_v1.out on /home/zoe/Research/Gaussian/scratch
Preparing Ethanol_c25_q3_v1.dat -> Ethanol_c25_q3_v1.out on /home/zoe/Research/Gaussian/scratch
Preparing Ethanol_c26_q1_v1.dat -> Ethanol_c26_q1_v1.out on /home/zoe/Research/Gaussian/scratch
Preparing Ethanol_c26_q2_v1.dat -> Ethanol_c26_q2_v1.out on /home/zoe/Research/Gaussian/scratch
Preparing Ethanol_c26_q3_v1.dat -> Ethanol_c26_q3_v1.out on /home/zoe/Research/Gaussian/scratch
Preparing Ethanol_c27_q1_v1.dat -> Ethanol_c27_q1_v1.out on /home/zoe/Research/Gaussian/scratch
Preparing Ethanol_c27_q2_v1.dat -> Ethanol_c27_q2_v1.out on /home/zoe/Research/Gaussian/scratch
Preparing Ethanol_c27_q3_v1.dat -> Ethanol_c27_q3_v1.out on /home/zoe/Research/Gaussian/scratch
Preparing Ethanol_c28_q1_v1.dat -> Ethanol_c28_q1_v1.out on /home/zoe/Research/Gaussian/scratch
Preparing Ethanol_c28_q2_v1.dat -> Ethanol_c28_q2_v1.out on /home/zoe/Research/Gaussian/scratch
Preparing Ethanol_c28_q3_v1.dat -> Ethanol_c28_q3_v1.out on /home/zoe/Research/Gaussian/scratch
Preparing Ethanol_c29_q1_v1.dat -> Ethanol_c29_q1_v1.out on /home/zoe/Research/Gaussian/scratch
Preparing Ethanol_c29_q2_v1.dat -> Ethanol_c29_q2_v1.out on /home/zoe/Research/Gaussian/scratch
Preparing Ethanol_c29_q3_v1.dat -> Ethanol_c29_q3_v1.out on /home/zoe/Research/Gaussian/scratch
Preparing Ethanol_c2_q1_v1.dat -> Ethanol_c2_q1_v1.out on /home/zoe/Research/Gaussian/scratch
Preparing Ethanol_c2_q2_v1.dat -> Ethanol_c2_q2_v1.out on /home/zoe/Research/Gaussian/scratch
Preparing Ethanol_c2_q3_v1.dat -> Ethanol_c2_q3_v1.out on /home/zoe/Research/Gaussian/scratch
Preparing Ethanol_c30_q1_v1.dat -> Ethanol_c30_q1_v1.out on /home/zoe/Research/Gaussian/scratch
Preparing Ethanol_c30_q2_v1.dat -> Ethanol_c30_q2_v1.out on /home/zoe/Research/Gaussian/scratch
Preparing Ethanol_c30_q3_v1.dat -> Ethanol_c30_q3_v1.out on /home/zoe/Research/Gaussian/scratch
Preparing Ethanol_c31_q1_v1.dat -> Ethanol_c31_q1_v1.out on /home/zoe/Research/Gaussian/scratch
Preparing Ethanol_c31_q2_v1.dat -> Ethanol_c31_q2_v1.out on /home/zoe/Research/Gaussian/scratch
Preparing Ethanol_c31_q3_v1.dat -> Ethanol_c31_q3_v1.out on /home/zoe/Research/Gaussian/scratch
Preparing Ethanol_c32_q1_v1.dat -> Ethanol_c32_q1_v1.out on /home/zoe/Research/Gaussian/scratch
Preparing Ethanol_c32_q2_v1.dat -> Ethanol_c32_q2_v1.out on /home/zoe/Research/Gaussian/scratch
Preparing Ethanol_c32_q3_v1.dat -> Ethanol_c32_q3_v1.out on /home/zoe/Research/Gaussian/scratch
Preparing Ethanol_c33_q1_v1.dat -> Ethanol_c33_q1_v1.out on /home/zoe/Research/Gaussian/scratch
Preparing Ethanol_c33_q2_v1.dat -> Ethanol_c33_q2_v1.out on /home/zoe/Research/Gaussian/scratch
Preparing Ethanol_c33_q3_v1.dat -> Ethanol_c33_q3_v1.out on /home/zoe/Research/Gaussian/scratch
Preparing Ethanol_c34_q1_v1.dat -> Ethanol_c34_q1_v1.out on /home/zoe/Research/Gaussian/scratch
Preparing Ethanol_c34_q2_v1.dat -> Ethanol_c34_q2_v1.out on /home/zoe/Research/Gaussian/scratch
Preparing Ethanol_c34_q3_v1.dat -> Ethanol_c34_q3_v1.out on /home/zoe/Research/Gaussian/scratch
Preparing Ethanol_c35_q1_v1.dat -> Ethanol_c35_q1_v1.out on /home/zoe/Research/Gaussian/scratch
Preparing Ethanol_c35_q2_v1.dat -> Ethanol_c35_q2_v1.out on /home/zoe/Research/Gaussian/scratch
Preparing Ethanol_c35_q3_v1.dat -> Ethanol_c35_q3_v1.out on /home/zoe/Research/Gaussian/scratch
Preparing Ethanol_c36_q1_v1.dat -> Ethanol_c36_q1_v1.out on /home/zoe/Research/Gaussian/scratch
Preparing Ethanol_c36_q2_v1.dat -> Ethanol_c36_q2_v1.out on /home/zoe/Research/Gaussian/scratch
Preparing Ethanol_c36_q3_v1.dat -> Ethanol_c36_q3_v1.out on /home/zoe/Research/Gaussian/scratch
Preparing Ethanol_c37_q1_v1.dat -> Ethanol_c37_q1_v1.out on /home/zoe/Research/Gaussian/scratch
Preparing Ethanol_c37_q2_v1.dat -> Ethanol_c37_q2_v1.out on /home/zoe/Research/Gaussian/scratch
Preparing Ethanol_c37_q3_v1.dat -> Ethanol_c37_q3_v1.out on /home/zoe/Research/Gaussian/scratch
Preparing Ethanol_c38_q1_v1.dat -> Ethanol_c38_q1_v1.out on /home/zoe/Research/Gaussian/scratch
Preparing Ethanol_c38_q2_v1.dat -> Ethanol_c38_q2_v1.out on /home/zoe/Research/Gaussian/scratch
Preparing Ethanol_c38_q3_v1.dat -> Ethanol_c38_q3_v1.out on /home/zoe/Research/Gaussian/scratch
Preparing Ethanol_c39_q1_v1.dat -> Ethanol_c39_q1_v1.out on /home/zoe/Research/Gaussian/scratch
Preparing Ethanol_c39_q2_v1.dat -> Ethanol_c39_q2_v1.out on /home/zoe/Research/Gaussian/scratch
Preparing Ethanol_c39_q3_v1.dat -> Ethanol_c39_q3_v1.out on /home/zoe/Research/Gaussian/scratch
Preparing Ethanol_c3_q1_v1.dat -> Ethanol_c3_q1_v1.out on /home/zoe/Research/Gaussian/scratch
Preparing Ethanol_c3_q2_v1.dat -> Ethanol_c3_q2_v1.out on /home/zoe/Research/Gaussian/scratch
Preparing Ethanol_c3_q3_v1.dat -> Ethanol_c3_q3_v1.out on /home/zoe/Research/Gaussian/scratch
Preparing Ethanol_c40_q1_v1.dat -> Ethanol_c40_q1_v1.out on /home/zoe/Research/Gaussian/scratch
Preparing Ethanol_c40_q2_v1.dat -> Ethanol_c40_q2_v1.out on /home/zoe/Research/Gaussian/scratch
Preparing Ethanol_c40_q3_v1.dat -> Ethanol_c40_q3_v1.out on /home/zoe/Research/Gaussian/scratch
Preparing Ethanol_c41_q1_v1.dat -> Ethanol_c41_q1_v1.out on /home/zoe/Research/Gaussian/scratch
Preparing Ethanol_c41_q2_v1.dat -> Ethanol_c41_q2_v1.out on /home/zoe/Research/Gaussian/scratch
Preparing Ethanol_c41_q3_v1.dat -> Ethanol_c41_q3_v1.out on /home/zoe/Research/Gaussian/scratch
Preparing Ethanol_c42_q1_v1.dat -> Ethanol_c42_q1_v1.out on /home/zoe/Research/Gaussian/scratch
Preparing Ethanol_c42_q2_v1.dat -> Ethanol_c42_q2_v1.out on /home/zoe/Research/Gaussian/scratch
Preparing Ethanol_c42_q3_v1.dat -> Ethanol_c42_q3_v1.out on /home/zoe/Research/Gaussian/scratch
Preparing Ethanol_c43_q1_v1.dat -> Ethanol_c43_q1_v1.out on /home/zoe/Research/Gaussian/scratch
Preparing Ethanol_c43_q2_v1.dat -> Ethanol_c43_q2_v1.out on /home/zoe/Research/Gaussian/scratch
Preparing Ethanol_c43_q3_v1.dat -> Ethanol_c43_q3_v1.out on /home/zoe/Research/Gaussian/scratch
Preparing Ethanol_c44_q1_v1.dat -> Ethanol_c44_q1_v1.out on /home/zoe/Research/Gaussian/scratch
Preparing Ethanol_c44_q2_v1.dat -> Ethanol_c44_q2_v1.out on /home/zoe/Research/Gaussian/scratch
Preparing Ethanol_c44_q3_v1.dat -> Ethanol_c44_q3_v1.out on /home/zoe/Research/Gaussian/scratch
Preparing Ethanol_c45_q1_v1.dat -> Ethanol_c45_q1_v1.out on /home/zoe/Research/Gaussian/scratch
Preparing Ethanol_c45_q2_v1.dat -> Ethanol_c45_q2_v1.out on /home/zoe/Research/Gaussian/scratch
Preparing Ethanol_c45_q3_v1.dat -> Ethanol_c45_q3_v1.out on /home/zoe/Research/Gaussian/scratch
Preparing Ethanol_c46_q1_v1.dat -> Ethanol_c46_q1_v1.out on /home/zoe/Research/Gaussian/scratch
Preparing Ethanol_c46_q2_v1.dat -> Ethanol_c46_q2_v1.out on /home/zoe/Research/Gaussian/scratch
Preparing Ethanol_c46_q3_v1.dat -> Ethanol_c46_q3_v1.out on /home/zoe/Research/Gaussian/scratch
Preparing Ethanol_c47_q1_v1.dat -> Ethanol_c47_q1_v1.out on /home/zoe/Research/Gaussian/scratch
Preparing Ethanol_c47_q2_v1.dat -> Ethanol_c47_q2_v1.out on /home/zoe/Research/Gaussian/scratch
Preparing Ethanol_c47_q3_v1.dat -> Ethanol_c47_q3_v1.out on /home/zoe/Research/Gaussian/scratch
Preparing Ethanol_c48_q1_v1.dat -> Ethanol_c48_q1_v1.out on /home/zoe/Research/Gaussian/scratch
Preparing Ethanol_c48_q2_v1.dat -> Ethanol_c48_q2_v1.out on /home/zoe/Research/Gaussian/scratch
Preparing Ethanol_c48_q3_v1.dat -> Ethanol_c48_q3_v1.out on /home/zoe/Research/Gaussian/scratch
Preparing Ethanol_c49_q1_v1.dat -> Ethanol_c49_q1_v1.out on /home/zoe/Research/Gaussian/scratch
Preparing Ethanol_c49_q2_v1.dat -> Ethanol_c49_q2_v1.out on /home/zoe/Research/Gaussian/scratch
Preparing Ethanol_c49_q3_v1.dat -> Ethanol_c49_q3_v1.out on /home/zoe/Research/Gaussian/scratch
Preparing Ethanol_c4_q1_v1.dat -> Ethanol_c4_q1_v1.out on /home/zoe/Research/Gaussian/scratch
Preparing Ethanol_c4_q2_v1.dat -> Ethanol_c4_q2_v1.out on /home/zoe/Research/Gaussian/scratch
Preparing Ethanol_c4_q3_v1.dat -> Ethanol_c4_q3_v1.out on /home/zoe/Research/Gaussian/scratch
Preparing Ethanol_c50_q1_v1.dat -> Ethanol_c50_q1_v1.out on /home/zoe/Research/Gaussian/scratch
Preparing Ethanol_c50_q2_v1.dat -> Ethanol_c50_q2_v1.out on /home/zoe/Research/Gaussian/scratch
Preparing Ethanol_c50_q3_v1.dat -> Ethanol_c50_q3_v1.out on /home/zoe/Research/Gaussian/scratch
Preparing Ethanol_c51_q1_v1.dat -> Ethanol_c51_q1_v1.out on /home/zoe/Research/Gaussian/scratch
Preparing Ethanol_c51_q2_v1.dat -> Ethanol_c51_q2_v1.out on /home/zoe/Research/Gaussian/scratch
Preparing Ethanol_c51_q3_v1.dat -> Ethanol_c51_q3_v1.out on /home/zoe/Research/Gaussian/scratch
Preparing Ethanol_c52_q1_v1.dat -> Ethanol_c52_q1_v1.out on /home/zoe/Research/Gaussian/scratch
Preparing Ethanol_c52_q2_v1.dat -> Ethanol_c52_q2_v1.out on /home/zoe/Research/Gaussian/scratch
Preparing Ethanol_c52_q3_v1.dat -> Ethanol_c52_q3_v1.out on /home/zoe/Research/Gaussian/scratch
Preparing Ethanol_c53_q1_v1.dat -> Ethanol_c53_q1_v1.out on /home/zoe/Research/Gaussian/scratch
Preparing Ethanol_c53_q2_v1.dat -> Ethanol_c53_q2_v1.out on /home/zoe/Research/Gaussian/scratch
Preparing Ethanol_c53_q3_v1.dat -> Ethanol_c53_q3_v1.out on /home/zoe/Research/Gaussian/scratch
Preparing Ethanol_c54_q1_v1.dat -> Ethanol_c54_q1_v1.out on /home/zoe/Research/Gaussian/scratch
Preparing Ethanol_c54_q2_v1.dat -> Ethanol_c54_q2_v1.out on /home/zoe/Research/Gaussian/scratch
Preparing Ethanol_c54_q3_v1.dat -> Ethanol_c54_q3_v1.out on /home/zoe/Research/Gaussian/scratch
Preparing Ethanol_c55_q1_v1.dat -> Ethanol_c55_q1_v1.out on /home/zoe/Research/Gaussian/scratch
Preparing Ethanol_c55_q2_v1.dat -> Ethanol_c55_q2_v1.out on /home/zoe/Research/Gaussian/scratch
Preparing Ethanol_c55_q3_v1.dat -> Ethanol_c55_q3_v1.out on /home/zoe/Research/Gaussian/scratch
Preparing Ethanol_c56_q1_v1.dat -> Ethanol_c56_q1_v1.out on /home/zoe/Research/Gaussian/scratch
Preparing Ethanol_c56_q2_v1.dat -> Ethanol_c56_q2_v1.out on /home/zoe/Research/Gaussian/scratch
Preparing Ethanol_c56_q3_v1.dat -> Ethanol_c56_q3_v1.out on /home/zoe/Research/Gaussian/scratch
Preparing Ethanol_c57_q1_v1.dat -> Ethanol_c57_q1_v1.out on /home/zoe/Research/Gaussian/scratch
Preparing Ethanol_c57_q2_v1.dat -> Ethanol_c57_q2_v1.out on /home/zoe/Research/Gaussian/scratch
Preparing Ethanol_c57_q3_v1.dat -> Ethanol_c57_q3_v1.out on /home/zoe/Research/Gaussian/scratch
Preparing Ethanol_c58_q1_v1.dat -> Ethanol_c58_q1_v1.out on /home/zoe/Research/Gaussian/scratch
Preparing Ethanol_c58_q2_v1.dat -> Ethanol_c58_q2_v1.out on /home/zoe/Research/Gaussian/scratch
Preparing Ethanol_c58_q3_v1.dat -> Ethanol_c58_q3_v1.out on /home/zoe/Research/Gaussian/scratch
Preparing Ethanol_c59_q1_v1.dat -> Ethanol_c59_q1_v1.out on /home/zoe/Research/Gaussian/scratch
Preparing Ethanol_c59_q2_v1.dat -> Ethanol_c59_q2_v1.out on /home/zoe/Research/Gaussian/scratch
Preparing Ethanol_c59_q3_v1.dat -> Ethanol_c59_q3_v1.out on /home/zoe/Research/Gaussian/scratch
Preparing Ethanol_c5_q1_v1.dat -> Ethanol_c5_q1_v1.out on /home/zoe/Research/Gaussian/scratch
Preparing Ethanol_c5_q2_v1.dat -> Ethanol_c5_q2_v1.out on /home/zoe/Research/Gaussian/scratch
Preparing Ethanol_c5_q3_v1.dat -> Ethanol_c5_q3_v1.out on /home/zoe/Research/Gaussian/scratch
Preparing Ethanol_c60_q1_v1.dat -> Ethanol_c60_q1_v1.out on /home/zoe/Research/Gaussian/scratch
Preparing Ethanol_c60_q2_v1.dat -> Ethanol_c60_q2_v1.out on /home/zoe/Research/Gaussian/scratch
Preparing Ethanol_c60_q3_v1.dat -> Ethanol_c60_q3_v1.out on /home/zoe/Research/Gaussian/scratch
Preparing Ethanol_c61_q1_v1.dat -> Ethanol_c61_q1_v1.out on /home/zoe/Research/Gaussian/scratch
Preparing Ethanol_c61_q2_v1.dat -> Ethanol_c61_q2_v1.out on /home/zoe/Research/Gaussian/scratch
Preparing Ethanol_c61_q3_v1.dat -> Ethanol_c61_q3_v1.out on /home/zoe/Research/Gaussian/scratch
Preparing Ethanol_c62_q1_v1.dat -> Ethanol_c62_q1_v1.out on /home/zoe/Research/Gaussian/scratch
Preparing Ethanol_c62_q2_v1.dat -> Ethanol_c62_q2_v1.out on /home/zoe/Research/Gaussian/scratch
Preparing Ethanol_c62_q3_v1.dat -> Ethanol_c62_q3_v1.out on /home/zoe/Research/Gaussian/scratch
Preparing Ethanol_c63_q1_v1.dat -> Ethanol_c63_q1_v1.out on /home/zoe/Research/Gaussian/scratch
Preparing Ethanol_c63_q2_v1.dat -> Ethanol_c63_q2_v1.out on /home/zoe/Research/Gaussian/scratch
Preparing Ethanol_c63_q3_v1.dat -> Ethanol_c63_q3_v1.out on /home/zoe/Research/Gaussian/scratch
Preparing Ethanol_c64_q1_v1.dat -> Ethanol_c64_q1_v1.out on /home/zoe/Research/Gaussian/scratch
Preparing Ethanol_c64_q2_v1.dat -> Ethanol_c64_q2_v1.out on /home/zoe/Research/Gaussian/scratch
Preparing Ethanol_c64_q3_v1.dat -> Ethanol_c64_q3_v1.out on /home/zoe/Research/Gaussian/scratch
Preparing Ethanol_c65_q1_v1.dat -> Ethanol_c65_q1_v1.out on /home/zoe/Research/Gaussian/scratch
Preparing Ethanol_c65_q2_v1.dat -> Ethanol_c65_q2_v1.out on /home/zoe/Research/Gaussian/scratch
Preparing Ethanol_c65_q3_v1.dat -> Ethanol_c65_q3_v1.out on /home/zoe/Research/Gaussian/scratch
Preparing Ethanol_c66_q1_v1.dat -> Ethanol_c66_q1_v1.out on /home/zoe/Research/Gaussian/scratch
Preparing Ethanol_c66_q2_v1.dat -> Ethanol_c66_q2_v1.out on /home/zoe/Research/Gaussian/scratch
Preparing Ethanol_c66_q3_v1.dat -> Ethanol_c66_q3_v1.out on /home/zoe/Research/Gaussian/scratch
Preparing Ethanol_c67_q1_v1.dat -> Ethanol_c67_q1_v1.out on /home/zoe/Research/Gaussian/scratch
Preparing Ethanol_c67_q2_v1.dat -> Ethanol_c67_q2_v1.out on /home/zoe/Research/Gaussian/scratch
Preparing Ethanol_c67_q3_v1.dat -> Ethanol_c67_q3_v1.out on /home/zoe/Research/Gaussian/scratch
Preparing Ethanol_c68_q1_v1.dat -> Ethanol_c68_q1_v1.out on /home/zoe/Research/Gaussian/scratch
Preparing Ethanol_c68_q2_v1.dat -> Ethanol_c68_q2_v1.out on /home/zoe/Research/Gaussian/scratch
Preparing Ethanol_c68_q3_v1.dat -> Ethanol_c68_q3_v1.out on /home/zoe/Research/Gaussian/scratch
Preparing Ethanol_c69_q1_v1.dat -> Ethanol_c69_q1_v1.out on /home/zoe/Research/Gaussian/scratch
Preparing Ethanol_c69_q2_v1.dat -> Ethanol_c69_q2_v1.out on /home/zoe/Research/Gaussian/scratch
Preparing Ethanol_c69_q3_v1.dat -> Ethanol_c69_q3_v1.out on /home/zoe/Research/Gaussian/scratch
Preparing Ethanol_c6_q1_v1.dat -> Ethanol_c6_q1_v1.out on /home/zoe/Research/Gaussian/scratch
Preparing Ethanol_c6_q2_v1.dat -> Ethanol_c6_q2_v1.out on /home/zoe/Research/Gaussian/scratch
Preparing Ethanol_c6_q3_v1.dat -> Ethanol_c6_q3_v1.out on /home/zoe/Research/Gaussian/scratch
Preparing Ethanol_c70_q1_v1.dat -> Ethanol_c70_q1_v1.out on /home/zoe/Research/Gaussian/scratch
Preparing Ethanol_c70_q2_v1.dat -> Ethanol_c70_q2_v1.out on /home/zoe/Research/Gaussian/scratch
Preparing Ethanol_c70_q3_v1.dat -> Ethanol_c70_q3_v1.out on /home/zoe/Research/Gaussian/scratch
Preparing Ethanol_c71_q1_v1.dat -> Ethanol_c71_q1_v1.out on /home/zoe/Research/Gaussian/scratch
Preparing Ethanol_c71_q2_v1.dat -> Ethanol_c71_q2_v1.out on /home/zoe/Research/Gaussian/scratch
Preparing Ethanol_c71_q3_v1.dat -> Ethanol_c71_q3_v1.out on /home/zoe/Research/Gaussian/scratch
Preparing Ethanol_c72_q1_v1.dat -> Ethanol_c72_q1_v1.out on /home/zoe/Research/Gaussian/scratch
Preparing Ethanol_c72_q2_v1.dat -> Ethanol_c72_q2_v1.out on /home/zoe/Research/Gaussian/scratch
Preparing Ethanol_c72_q3_v1.dat -> Ethanol_c72_q3_v1.out on /home/zoe/Research/Gaussian/scratch
Preparing Ethanol_c73_q1_v1.dat -> Ethanol_c73_q1_v1.out on /home/zoe/Research/Gaussian/scratch
Preparing Ethanol_c73_q2_v1.dat -> Ethanol_c73_q2_v1.out on /home/zoe/Research/Gaussian/scratch
Preparing Ethanol_c73_q3_v1.dat -> Ethanol_c73_q3_v1.out on /home/zoe/Research/Gaussian/scratch
Preparing Ethanol_c74_q1_v1.dat -> Ethanol_c74_q1_v1.out on /home/zoe/Research/Gaussian/scratch
Preparing Ethanol_c74_q2_v1.dat -> Ethanol_c74_q2_v1.out on /home/zoe/Research/Gaussian/scratch
Preparing Ethanol_c74_q3_v1.dat -> Ethanol_c74_q3_v1.out on /home/zoe/Research/Gaussian/scratch
Preparing Ethanol_c75_q1_v1.dat -> Ethanol_c75_q1_v1.out on /home/zoe/Research/Gaussian/scratch
Preparing Ethanol_c75_q2_v1.dat -> Ethanol_c75_q2_v1.out on /home/zoe/Research/Gaussian/scratch
Preparing Ethanol_c75_q3_v1.dat -> Ethanol_c75_q3_v1.out on /home/zoe/Research/Gaussian/scratch
Preparing Ethanol_c76_q1_v1.dat -> Ethanol_c76_q1_v1.out on /home/zoe/Research/Gaussian/scratch
Preparing Ethanol_c76_q2_v1.dat -> Ethanol_c76_q2_v1.out on /home/zoe/Research/Gaussian/scratch
Preparing Ethanol_c76_q3_v1.dat -> Ethanol_c76_q3_v1.out on /home/zoe/Research/Gaussian/scratch
Preparing Ethanol_c77_q1_v1.dat -> Ethanol_c77_q1_v1.out on /home/zoe/Research/Gaussian/scratch
Preparing Ethanol_c77_q2_v1.dat -> Ethanol_c77_q2_v1.out on /home/zoe/Research/Gaussian/scratch
Preparing Ethanol_c77_q3_v1.dat -> Ethanol_c77_q3_v1.out on /home/zoe/Research/Gaussian/scratch
Preparing Ethanol_c78_q1_v1.dat -> Ethanol_c78_q1_v1.out on /home/zoe/Research/Gaussian/scratch
Preparing Ethanol_c78_q2_v1.dat -> Ethanol_c78_q2_v1.out on /home/zoe/Research/Gaussian/scratch
Preparing Ethanol_c78_q3_v1.dat -> Ethanol_c78_q3_v1.out on /home/zoe/Research/Gaussian/scratch
Preparing Ethanol_c79_q1_v1.dat -> Ethanol_c79_q1_v1.out on /home/zoe/Research/Gaussian/scratch
Preparing Ethanol_c79_q2_v1.dat -> Ethanol_c79_q2_v1.out on /home/zoe/Research/Gaussian/scratch
Preparing Ethanol_c79_q3_v1.dat -> Ethanol_c79_q3_v1.out on /home/zoe/Research/Gaussian/scratch
Preparing Ethanol_c7_q1_v1.dat -> Ethanol_c7_q1_v1.out on /home/zoe/Research/Gaussian/scratch
Preparing Ethanol_c7_q2_v1.dat -> Ethanol_c7_q2_v1.out on /home/zoe/Research/Gaussian/scratch
Preparing Ethanol_c7_q3_v1.dat -> Ethanol_c7_q3_v1.out on /home/zoe/Research/Gaussian/scratch
Preparing Ethanol_c80_q1_v1.dat -> Ethanol_c80_q1_v1.out on /home/zoe/Research/Gaussian/scratch
Preparing Ethanol_c80_q2_v1.dat -> Ethanol_c80_q2_v1.out on /home/zoe/Research/Gaussian/scratch
Preparing Ethanol_c80_q3_v1.dat -> Ethanol_c80_q3_v1.out on /home/zoe/Research/Gaussian/scratch
Preparing Ethanol_c81_q1_v1.dat -> Ethanol_c81_q1_v1.out on /home/zoe/Research/Gaussian/scratch
Preparing Ethanol_c81_q2_v1.dat -> Ethanol_c81_q2_v1.out on /home/zoe/Research/Gaussian/scratch
Preparing Ethanol_c81_q3_v1.dat -> Ethanol_c81_q3_v1.out on /home/zoe/Research/Gaussian/scratch
Preparing Ethanol_c82_q1_v1.dat -> Ethanol_c82_q1_v1.out on /home/zoe/Research/Gaussian/scratch
Preparing Ethanol_c82_q2_v1.dat -> Ethanol_c82_q2_v1.out on /home/zoe/Research/Gaussian/scratch
Preparing Ethanol_c82_q3_v1.dat -> Ethanol_c82_q3_v1.out on /home/zoe/Research/Gaussian/scratch
Preparing Ethanol_c83_q1_v1.dat -> Ethanol_c83_q1_v1.out on /home/zoe/Research/Gaussian/scratch
Preparing Ethanol_c83_q2_v1.dat -> Ethanol_c83_q2_v1.out on /home/zoe/Research/Gaussian/scratch
Preparing Ethanol_c83_q3_v1.dat -> Ethanol_c83_q3_v1.out on /home/zoe/Research/Gaussian/scratch
Preparing Ethanol_c84_q1_v1.dat -> Ethanol_c84_q1_v1.out on /home/zoe/Research/Gaussian/scratch
Preparing Ethanol_c84_q2_v1.dat -> Ethanol_c84_q2_v1.out on /home/zoe/Research/Gaussian/scratch
Preparing Ethanol_c84_q3_v1.dat -> Ethanol_c84_q3_v1.out on /home/zoe/Research/Gaussian/scratch
Preparing Ethanol_c85_q1_v1.dat -> Ethanol_c85_q1_v1.out on /home/zoe/Research/Gaussian/scratch
Preparing Ethanol_c85_q2_v1.dat -> Ethanol_c85_q2_v1.out on /home/zoe/Research/Gaussian/scratch
Preparing Ethanol_c85_q3_v1.dat -> Ethanol_c85_q3_v1.out on /home/zoe/Research/Gaussian/scratch
Preparing Ethanol_c86_q1_v1.dat -> Ethanol_c86_q1_v1.out on /home/zoe/Research/Gaussian/scratch
Preparing Ethanol_c86_q2_v1.dat -> Ethanol_c86_q2_v1.out on /home/zoe/Research/Gaussian/scratch
Preparing Ethanol_c86_q3_v1.dat -> Ethanol_c86_q3_v1.out on /home/zoe/Research/Gaussian/scratch
Preparing Ethanol_c87_q1_v1.dat -> Ethanol_c87_q1_v1.out on /home/zoe/Research/Gaussian/scratch
Preparing Ethanol_c87_q2_v1.dat -> Ethanol_c87_q2_v1.out on /home/zoe/Research/Gaussian/scratch
Preparing Ethanol_c87_q3_v1.dat -> Ethanol_c87_q3_v1.out on /home/zoe/Research/Gaussian/scratch
Preparing Ethanol_c88_q1_v1.dat -> Ethanol_c88_q1_v1.out on /home/zoe/Research/Gaussian/scratch
Preparing Ethanol_c88_q2_v1.dat -> Ethanol_c88_q2_v1.out on /home/zoe/Research/Gaussian/scratch
Preparing Ethanol_c88_q3_v1.dat -> Ethanol_c88_q3_v1.out on /home/zoe/Research/Gaussian/scratch
Preparing Ethanol_c89_q1_v1.dat -> Ethanol_c89_q1_v1.out on /home/zoe/Research/Gaussian/scratch
Preparing Ethanol_c89_q2_v1.dat -> Ethanol_c89_q2_v1.out on /home/zoe/Research/Gaussian/scratch
Preparing Ethanol_c89_q3_v1.dat -> Ethanol_c89_q3_v1.out on /home/zoe/Research/Gaussian/scratch
Preparing Ethanol_c8_q1_v1.dat -> Ethanol_c8_q1_v1.out on /home/zoe/Research/Gaussian/scratch
Preparing Ethanol_c8_q2_v1.dat -> Ethanol_c8_q2_v1.out on /home/zoe/Research/Gaussian/scratch
Preparing Ethanol_c8_q3_v1.dat -> Ethanol_c8_q3_v1.out on /home/zoe/Research/Gaussian/scratch
Preparing Ethanol_c90_q1_v1.dat -> Ethanol_c90_q1_v1.out on /home/zoe/Research/Gaussian/scratch
Preparing Ethanol_c90_q2_v1.dat -> Ethanol_c90_q2_v1.out on /home/zoe/Research/Gaussian/scratch
Preparing Ethanol_c90_q3_v1.dat -> Ethanol_c90_q3_v1.out on /home/zoe/Research/Gaussian/scratch
Preparing Ethanol_c91_q1_v1.dat -> Ethanol_c91_q1_v1.out on /home/zoe/Research/Gaussian/scratch
Preparing Ethanol_c91_q2_v1.dat -> Ethanol_c91_q2_v1.out on /home/zoe/Research/Gaussian/scratch
Preparing Ethanol_c91_q3_v1.dat -> Ethanol_c91_q3_v1.out on /home/zoe/Research/Gaussian/scratch
Preparing Ethanol_c92_q1_v1.dat -> Ethanol_c92_q1_v1.out on /home/zoe/Research/Gaussian/scratch
Preparing Ethanol_c92_q2_v1.dat -> Ethanol_c92_q2_v1.out on /home/zoe/Research/Gaussian/scratch
Preparing Ethanol_c92_q3_v1.dat -> Ethanol_c92_q3_v1.out on /home/zoe/Research/Gaussian/scratch
Preparing Ethanol_c93_q1_v1.dat -> Ethanol_c93_q1_v1.out on /home/zoe/Research/Gaussian/scratch
Preparing Ethanol_c93_q2_v1.dat -> Ethanol_c93_q2_v1.out on /home/zoe/Research/Gaussian/scratch
Preparing Ethanol_c93_q3_v1.dat -> Ethanol_c93_q3_v1.out on /home/zoe/Research/Gaussian/scratch
Preparing Ethanol_c94_q1_v1.dat -> Ethanol_c94_q1_v1.out on /home/zoe/Research/Gaussian/scratch
Preparing Ethanol_c94_q2_v1.dat -> Ethanol_c94_q2_v1.out on /home/zoe/Research/Gaussian/scratch
Preparing Ethanol_c94_q3_v1.dat -> Ethanol_c94_q3_v1.out on /home/zoe/Research/Gaussian/scratch
Preparing Ethanol_c95_q1_v1.dat -> Ethanol_c95_q1_v1.out on /home/zoe/Research/Gaussian/scratch
Preparing Ethanol_c95_q2_v1.dat -> Ethanol_c95_q2_v1.out on /home/zoe/Research/Gaussian/scratch
Preparing Ethanol_c95_q3_v1.dat -> Ethanol_c95_q3_v1.out on /home/zoe/Research/Gaussian/scratch
Preparing Ethanol_c96_q1_v1.dat -> Ethanol_c96_q1_v1.out on /home/zoe/Research/Gaussian/scratch
Preparing Ethanol_c96_q2_v1.dat -> Ethanol_c96_q2_v1.out on /home/zoe/Research/Gaussian/scratch
Preparing Ethanol_c96_q3_v1.dat -> Ethanol_c96_q3_v1.out on /home/zoe/Research/Gaussian/scratch
Preparing Ethanol_c97_q1_v1.dat -> Ethanol_c97_q1_v1.out on /home/zoe/Research/Gaussian/scratch
Preparing Ethanol_c97_q2_v1.dat -> Ethanol_c97_q2_v1.out on /home/zoe/Research/Gaussian/scratch
Preparing Ethanol_c97_q3_v1.dat -> Ethanol_c97_q3_v1.out on /home/zoe/Research/Gaussian/scratch
Preparing Ethanol_c98_q1_v1.dat -> Ethanol_c98_q1_v1.out on /home/zoe/Research/Gaussian/scratch
Preparing Ethanol_c98_q2_v1.dat -> Ethanol_c98_q2_v1.out on /home/zoe/Research/Gaussian/scratch
Preparing Ethanol_c98_q3_v1.dat -> Ethanol_c98_q3_v1.out on /home/zoe/Research/Gaussian/scratch
Preparing Ethanol_c99_q1_v1.dat -> Ethanol_c99_q1_v1.out on /home/zoe/Research/Gaussian/scratch
Preparing Ethanol_c99_q2_v1.dat -> Ethanol_c99_q2_v1.out on /home/zoe/Research/Gaussian/scratch
Preparing Ethanol_c99_q3_v1.dat -> Ethanol_c99_q3_v1.out on /home/zoe/Research/Gaussian/scratch
Preparing Ethanol_c9_q1_v1.dat -> Ethanol_c9_q1_v1.out on /home/zoe/Research/Gaussian/scratch
Preparing Ethanol_c9_q2_v1.dat -> Ethanol_c9_q2_v1.out on /home/zoe/Research/Gaussian/scratch
Preparing Ethanol_c9_q3_v1.dat -> Ethanol_c9_q3_v1.out on /home/zoe/Research/Gaussian/scratch
./opt-test-SCEE/Ethanol_c74_q2_v1.dat
./opt-test-SCEE/Ethanol_c74_q3.out ./opt-test-SCEE/Ethanol_c74_q3_v1.dat
./opt-test-SCEE/Ethanol_c60_q2.out ./opt-test-SCEE/Ethanol_c60_q2_v1.dat
./opt-test-SCEE/Ethanol_c195_q3.out ./opt-test-SCEE/Ethanol_c195_q3_v1.dat
./opt-test-SCEE/Ethanol_c170_q1.out ./opt-test-SCEE/Ethanol_c170_q1_v1.dat
./opt-test-SCEE/Ethanol_c62_q1.out ./opt-test-SCEE/Ethanol_c62_q1_v1.dat
./opt-test-SCEE/Ethanol_c154_q2.out ./opt-test-SCEE/Ethanol_c154_q2_v1.dat
./opt-test-SCEE/Ethanol_c96_q2.out ./opt-test-SCEE/Ethanol_c96_q2_v1.dat
./opt-test-SCEE/Ethanol_c162_q2.out ./opt-test-SCEE/Ethanol_c162_q2_v1.dat
./opt-test-SCEE/Ethanol_c174_q2.out ./opt-test-SCEE/Ethanol_c174_q2_v1.dat
./opt-test-SCEE/Ethanol_c78_q1.out ./opt-test-SCEE/Ethanol_c78_q1_v1.dat
./opt-test-SCEE/Ethanol_c193_q3.out ./opt-test-SCEE/Ethanol_c193_q3_v1.dat
./opt-test-SCEE/Ethanol_c92_q2.out ./opt-test-SCEE/Ethanol_c92_q2_v1.dat
./opt-test-SCEE/Ethanol_c129_q2.out ./opt-test-SCEE/Ethanol_c129_q2_v1.dat
./opt-test-SCEE/Ethanol_c73_q1.out ./opt-test-SCEE/Ethanol_c73_q1_v1.dat
./opt-test-SCEE/Ethanol_c77_q2.out ./opt-test-SCEE/Ethanol_c77_q2_v1.dat
./opt-test-SCEE/Ethanol_c35_q1.out ./opt-test-SCEE/Ethanol_c35_q1_v1.dat
./opt-test-SCEE/Ethanol_c45_q2.out ./opt-test-SCEE/Ethanol_c45_q2_v1.dat
./opt-test-SCEE/Ethanol_c148_q2.out ./opt-test-SCEE/Ethanol_c148_q2_v1.dat
./opt-test-SCEE/Ethanol_c107_q1.out ./opt-test-SCEE/Ethanol_c107_q1_v1.dat
./opt-test-SCEE/Ethanol_c142_q2.out ./opt-test-SCEE/Ethanol_c142_q2_v1.dat
./opt-test-SCEE/Ethanol_c114_q2.out ./opt-test-SCEE/Ethanol_c114_q2_v1.dat
./opt-test-SCEE/Ethanol_c50_q2.out ./opt-test-SCEE/Ethanol_c50_q2_v1.dat
./opt-test-SCEE/Ethanol_c30_q2.out ./opt-test-SCEE/Ethanol_c30_q2_v1.dat
./opt-test-SCEE/Ethanol_c110_q3.out ./opt-test-SCEE/Ethanol_c110_q3_v1.dat
./opt-test-SCEE/Ethanol_c180_q1.out ./opt-test-SCEE/Ethanol_c180_q1_v1.dat
./opt-test-SCEE/Ethanol_c176_q2.out ./opt-test-SCEE/Ethanol_c176_q2_v1.dat
./opt-test-SCEE/Ethanol_c115_q3.out ./opt-test-SCEE/Ethanol_c115_q3_v1.dat
./opt-test-SCEE/Ethanol_c73_q3.out ./opt-test-SCEE/Ethanol_c73_q3_v1.dat
./opt-test-SCEE/Ethanol_c167_q1.out ./opt-test-SCEE/Ethanol_c167_q1_v1.dat
./opt-test-SCEE/Ethanol_c128_q3.out ./opt-test-SCEE/Ethanol_c128_q3_v1.dat
./opt-test-SCEE/Ethanol_c190_q1.out ./opt-test-SCEE/Ethanol_c190_q1_v1.dat
./opt-test-SCEE/Ethanol_c39_q1.out ./opt-test-SCEE/Ethanol_c39_q1_v1.dat
./opt-test-SCEE/Ethanol_c89_q1.out ./opt-test-SCEE/Ethanol_c89_q1_v1.dat
./opt-test-SCEE/Ethanol_c167_q3.out ./opt-test-SCEE/Ethanol_c167_q3_v1.dat
./opt-test-SCEE/Ethanol_c14_q1.out ./opt-test-SCEE/Ethanol_c14_q1_v1.dat
./opt-test-SCEE/Ethanol_c19_q2.out ./opt-test-SCEE/Ethanol_c19_q2_v1.dat
./opt-test-SCEE/Ethanol_c160_q1.out ./opt-test-SCEE/Ethanol_c160_q1_v1.dat
./opt-test-SCEE/Ethanol_c41_q1.out ./opt-test-SCEE/Ethanol_c41_q1_v1.dat
./opt-test-SCEE/Ethanol_c189_q2.out ./opt-test-SCEE/Ethanol_c189_q2_v1.dat
./opt-test-SCEE/Ethanol_c1_q2.out ./opt-test-SCEE/Ethanol_c1_q2_v1.dat
./opt-test-SCEE/Ethanol_c147_q3.out ./opt-test-SCEE/Ethanol_c147_q3_v1.dat
./opt-test-SCEE/Ethanol_c8_q1.out ./opt-test-SCEE/Ethanol_c8_q1_v1.dat
./opt-test-SCEE/Ethanol_c97_q2.out ./opt-test-SCEE/Ethanol_c97_q2_v1.dat
./opt-test-SCEE/Ethanol_c171_q3.out ./opt-test-SCEE/Ethanol_c171_q3_v1.dat
./opt-test-SCEE/Ethanol_c54_q2.out ./opt-test-SCEE/Ethanol_c54_q2_v1.dat
./opt-test-SCEE/Ethanol_c192_q3.out ./opt-test-SCEE/Ethanol_c192_q3_v1.dat
./opt-test-SCEE/Ethanol_c100_q1.out ./opt-test-SCEE/Ethanol_c100_q1_v1.dat
         dipole_l    dipole_m    dipole_h
count  200.000000  200.000000  200.000000
mean     2.343037    2.631970    2.945960
std      0.195359    0.259294    0.322195
min      1.786300    1.867000    1.976700
25%      2.215000    2.466875    2.747525
50%      2.344550    2.643800    2.965950
75%      2.470475    2.801150    3.161950
max      2.839700    3.288300    3.720400
  config  dipole_l  dipole_m  dipole_h
0    134    2.3086    2.6020    2.9136
1    136    2.4561    2.9222    3.2554
2    104    2.3735    2.7138    3.1145
3     50    2.4707    2.7827    3.1260
4    176    2.2656    2.4778    2.7176
Plotting distribution for Ethanol
Molecule  N_total  N_kept  N_outliers  mean_D  std_D  median_D  IQR_lo  IQR_hi     q1     q3
 Ethanol      200     195           5  2.6594 0.3706    2.6322  1.3377  3.9723 2.3915 2.9185
Molecule  N_total  N_kept  N_outliers  mean_D  std_D  median_D  IQR_lo  IQR_hi     q1     q3
 Ethanol      200     195           5  2.6594 0.3706    2.6322  1.3377  3.9723 2.3915 2.9185
0    True
dtype: bool
Data saved in ../figures/vectors/Results_EthanolUA.csv
