Temperature (K),Pressure (bar),Density (kg/m3),Volume (m3/kg),Internal Energy (kJ/mol),Enthalpy (kJ/mol),Entropy (J/mol*K),Cv (J/mol*K),Cp (J/mol*K),Sound Spd. (m/s),Joule-Thomson (K/bar),Viscosity (uPa*s),Therm. Cond. (W/m*K),Phase
298.0,0.1,997.04,0.001003,1.8772,1.8773,6.5777,74.556,75.333,1496.1,-0.022157,893.09,0.60622,liquid
298.0,0.2,997.05,0.001003,1.8771,1.8775,6.5777,74.555,75.333,1496.2,-0.022157,893.08,0.60622,liquid
298.0,0.3,997.05,0.001003,1.8771,1.8777,6.5776,74.554,75.332,1496.2,-0.022157,893.08,0.60623,liquid
298.0,0.4,997.06,0.001003,1.8771,1.8778,6.5776,74.554,75.332,1496.2,-0.022157,893.08,0.60624,liquid
298.0,0.5,997.06,0.0010029,1.8771,1.878,6.5775,74.553,75.331,1496.2,-0.022157,893.08,0.60624,liquid
298.0,0.6,997.07,0.0010029,1.8771,1.8782,6.5775,74.553,75.331,1496.2,-0.022157,893.08,0.60625,liquid
298.0,0.7,997.07,0.0010029,1.8771,1.8783,6.5774,74.552,75.33,1496.2,-0.022157,893.08,0.60625,liquid
298.0,0.8,997.08,0.0010029,1.8771,1.8785,6.5774,74.551,75.33,1496.3,-0.022157,893.08,0.60626,liquid
298.0,0.9,997.08,0.0010029,1.877,1.8787,6.5773,74.551,75.329,1496.3,-0.022157,893.07,0.60626,liquid
298.0,1.0,997.09,0.0010029,1.877,1.8788,6.5773,74.55,75.329,1496.3,-0.022157,893.07,0.60627,liquid
298.0,1.1,997.09,0.0010029,1.877,1.879,6.5773,74.549,75.328,1496.3,-0.022157,893.07,0.60628,liquid
298.0,1.2,997.09,0.0010029,1.877,1.8792,6.5772,74.549,75.328,1496.3,-0.022157,893.07,0.60628,liquid
298.0,1.3,997.1,0.0010029,1.877,1.8793,6.5772,74.548,75.327,1496.3,-0.022157,893.07,0.60629,liquid
298.0,1.4,997.1,0.0010029,1.877,1.8795,6.5771,74.548,75.327,1496.4,-0.022157,893.07,0.60629,liquid
298.0,1.5,997.11,0.0010029,1.877,1.8797,6.5771,74.547,75.326,1496.4,-0.022157,893.07,0.6063,liquid
298.0,1.6,997.11,0.0010029,1.877,1.8798,6.577,74.546,75.326,1496.4,-0.022157,893.06,0.6063,liquid
298.0,1.7,997.12,0.0010029,1.8769,1.88,6.577,74.546,75.325,1496.4,-0.022157,893.06,0.60631,liquid
298.0,1.8,997.12,0.0010029,1.8769,1.8802,6.5769,74.545,75.325,1496.4,-0.022157,893.06,0.60632,liquid
298.0,1.9,997.13,0.0010029,1.8769,1.8803,6.5769,74.545,75.324,1496.4,-0.022157,893.06,0.60632,liquid
298.0,2.0,997.13,0.0010029,1.8769,1.8805,6.5768,74.544,75.323,1496.5,-0.022157,893.06,0.60633,liquid
298.0,2.1,997.14,0.0010029,1.8769,1.8807,6.5768,74.543,75.323,1496.5,-0.022156,893.06,0.60633,liquid
298.0,2.2,997.14,0.0010029,1.8769,1.8808,6.5767,74.543,75.322,1496.5,-0.022156,893.06,0.60634,liquid
298.0,2.3,997.14,0.0010029,1.8769,1.881,6.5767,74.542,75.322,1496.5,-0.022156,893.05,0.60634,liquid
298.0,2.4,997.15,0.0010029,1.8768,1.8812,6.5767,74.542,75.321,1496.5,-0.022156,893.05,0.60635,liquid
298.0,2.5,997.15,0.0010029,1.8768,1.8813,6.5766,74.541,75.321,1496.5,-0.022156,893.05,0.60635,liquid
298.0,2.6,997.16,0.0010029,1.8768,1.8815,6.5766,74.54,75.32,1496.6,-0.022156,893.05,0.60636,liquid
298.0,2.7,997.16,0.0010028,1.8768,1.8817,6.5765,74.54,75.32,1496.6,-0.022156,893.05,0.60637,liquid
298.0,2.8,997.17,0.0010028,1.8768,1.8818,6.5765,74.539,75.319,1496.6,-0.022156,893.05,0.60637,liquid
298.0,2.9,997.17,0.0010028,1.8768,1.882,6.5764,74.539,75.319,1496.6,-0.022156,893.05,0.60638,liquid
298.0,3.0,997.18,0.0010028,1.8768,1.8822,6.5764,74.538,75.318,1496.6,-0.022156,893.04,0.60638,liquid
298.0,3.1,997.18,0.0010028,1.8767,1.8823,6.5763,74.537,75.318,1496.6,-0.022156,893.04,0.60639,liquid
298.0,3.2,997.18,0.0010028,1.8767,1.8825,6.5763,74.537,75.317,1496.7,-0.022156,893.04,0.60639,liquid
298.0,3.3,997.19,0.0010028,1.8767,1.8827,6.5762,74.536,75.317,1496.7,-0.022156,893.04,0.6064,liquid
298.0,3.4,997.19,0.0010028,1.8767,1.8828,6.5762,74.536,75.316,1496.7,-0.022156,893.04,0.60641,liquid
298.0,3.5,997.2,0.0010028,1.8767,1.883,6.5761,74.535,75.316,1496.7,-0.022156,893.04,0.60641,liquid
298.0,3.6,997.2,0.0010028,1.8767,1.8832,6.5761,74.534,75.315,1496.7,-0.022156,893.04,0.60642,liquid
298.0,3.7,997.21,0.0010028,1.8767,1.8833,6.5761,74.534,75.315,1496.7,-0.022156,893.03,0.60642,liquid
298.0,3.8,997.21,0.0010028,1.8767,1.8835,6.576,74.533,75.314,1496.8,-0.022156,893.03,0.60643,liquid
298.0,3.9,997.22,0.0010028,1.8766,1.8837,6.576,74.532,75.314,1496.8,-0.022156,893.03,0.60643,liquid
298.0,4.0,997.22,0.0010028,1.8766,1.8838,6.5759,74.532,75.313,1496.8,-0.022156,893.03,0.60644,liquid
298.0,4.1,997.23,0.0010028,1.8766,1.884,6.5759,74.531,75.312,1496.8,-0.022156,893.03,0.60645,liquid
298.0,4.2,997.23,0.0010028,1.8766,1.8842,6.5758,74.531,75.312,1496.8,-0.022156,893.03,0.60645,liquid
298.0,4.3,997.23,0.0010028,1.8766,1.8843,6.5758,74.53,75.311,1496.8,-0.022156,893.03,0.60646,liquid
298.0,4.4,997.24,0.0010028,1.8766,1.8845,6.5757,74.529,75.311,1496.9,-0.022156,893.02,0.60646,liquid
298.0,4.5,997.24,0.0010028,1.8766,1.8847,6.5757,74.529,75.31,1496.9,-0.022156,893.02,0.60647,liquid
298.0,4.6,997.25,0.0010028,1.8765,1.8849,6.5756,74.528,75.31,1496.9,-0.022156,893.02,0.60647,liquid
298.0,4.7,997.25,0.0010028,1.8765,1.885,6.5756,74.528,75.309,1496.9,-0.022156,893.02,0.60648,liquid
298.0,4.8,997.26,0.0010028,1.8765,1.8852,6.5755,74.527,75.309,1496.9,-0.022156,893.02,0.60649,liquid
298.0,4.9,997.26,0.0010027,1.8765,1.8854,6.5755,74.526,75.308,1497.0,-0.022156,893.02,0.60649,liquid
298.0,5.0,997.27,0.0010027,1.8765,1.8855,6.5754,74.526,75.308,1497.0,-0.022156,893.02,0.6065,liquid
298.0,5.1,997.27,0.0010027,1.8765,1.8857,6.5754,74.525,75.307,1497.0,-0.022156,893.01,0.6065,liquid
298.0,5.2,997.27,0.0010027,1.8765,1.8859,6.5754,74.525,75.307,1497.0,-0.022156,893.01,0.60651,liquid
298.0,5.3,997.28,0.0010027,1.8764,1.886,6.5753,74.524,75.306,1497.0,-0.022156,893.01,0.60651,liquid
298.0,5.4,997.28,0.0010027,1.8764,1.8862,6.5753,74.523,75.306,1497.0,-0.022156,893.01,0.60652,liquid
298.0,5.5,997.29,0.0010027,1.8764,1.8864,6.5752,74.523,75.305,1497.1,-0.022156,893.01,0.60653,liquid
298.0,5.6,997.29,0.0010027,1.8764,1.8865,6.5752,74.522,75.305,1497.1,-0.022156,893.01,0.60653,liquid
298.0,5.7,997.3,0.0010027,1.8764,1.8867,6.5751,74.522,75.304,1497.1,-0.022156,893.01,0.60654,liquid
298.0,5.8,997.3,0.0010027,1.8764,1.8869,6.5751,74.521,75.304,1497.1,-0.022155,893.0,0.60654,liquid
298.0,5.9,997.31,0.0010027,1.8764,1.887,6.575,74.52,75.303,1497.1,-0.022155,893.0,0.60655,liquid
298.0,6.0,997.31,0.0010027,1.8763,1.8872,6.575,74.52,75.303,1497.1,-0.022155,893.0,0.60655,liquid
298.0,6.1,997.32,0.0010027,1.8763,1.8874,6.5749,74.519,75.302,1497.2,-0.022155,893.0,0.60656,liquid
298.0,6.2,997.32,0.0010027,1.8763,1.8875,6.5749,74.519,75.302,1497.2,-0.022155,893.0,0.60656,liquid
298.0,6.3,997.32,0.0010027,1.8763,1.8877,6.5748,74.518,75.301,1497.2,-0.022155,893.0,0.60657,liquid
298.0,6.4,997.33,0.0010027,1.8763,1.8879,6.5748,74.517,75.301,1497.2,-0.022155,893.0,0.60658,liquid
298.0,6.5,997.33,0.0010027,1.8763,1.888,6.5748,74.517,75.3,1497.2,-0.022155,892.99,0.60658,liquid
298.0,6.6,997.34,0.0010027,1.8763,1.8882,6.5747,74.516,75.299,1497.2,-0.022155,892.99,0.60659,liquid
298.0,6.7,997.34,0.0010027,1.8763,1.8884,6.5747,74.515,75.299,1497.3,-0.022155,892.99,0.60659,liquid
298.0,6.8,997.35,0.0010027,1.8762,1.8885,6.5746,74.515,75.298,1497.3,-0.022155,892.99,0.6066,liquid
298.0,6.9,997.35,0.0010027,1.8762,1.8887,6.5746,74.514,75.298,1497.3,-0.022155,892.99,0.6066,liquid
298.0,7.0,997.36,0.0010027,1.8762,1.8889,6.5745,74.514,75.297,1497.3,-0.022155,892.99,0.60661,liquid
298.0,7.1,997.36,0.0010026,1.8762,1.889,6.5745,74.513,75.297,1497.3,-0.022155,892.99,0.60662,liquid
298.0,7.2,997.37,0.0010026,1.8762,1.8892,6.5744,74.512,75.296,1497.3,-0.022155,892.98,0.60662,liquid
298.0,7.3,997.37,0.0010026,1.8762,1.8894,6.5744,74.512,75.296,1497.4,-0.022155,892.98,0.60663,liquid
298.0,7.4,997.37,0.0010026,1.8762,1.8895,6.5743,74.511,75.295,1497.4,-0.022155,892.98,0.60663,liquid
298.0,7.5,997.38,0.0010026,1.8761,1.8897,6.5743,74.511,75.295,1497.4,-0.022155,892.98,0.60664,liquid
298.0,7.6,997.38,0.0010026,1.8761,1.8899,6.5742,74.51,75.294,1497.4,-0.022155,892.98,0.60664,liquid
298.0,7.7,997.39,0.0010026,1.8761,1.89,6.5742,74.509,75.294,1497.4,-0.022155,892.98,0.60665,liquid
298.0,7.8,997.39,0.0010026,1.8761,1.8902,6.5742,74.509,75.293,1497.4,-0.022155,892.98,0.60666,liquid
298.0,7.9,997.4,0.0010026,1.8761,1.8904,6.5741,74.508,75.293,1497.5,-0.022155,892.97,0.60666,liquid
298.0,8.0,997.4,0.0010026,1.8761,1.8905,6.5741,74.508,75.292,1497.5,-0.022155,892.97,0.60667,liquid
298.0,8.1,997.41,0.0010026,1.8761,1.8907,6.574,74.507,75.292,1497.5,-0.022155,892.97,0.60667,liquid
298.0,8.2,997.41,0.0010026,1.876,1.8909,6.574,74.506,75.291,1497.5,-0.022155,892.97,0.60668,liquid
298.0,8.3,997.41,0.0010026,1.876,1.891,6.5739,74.506,75.291,1497.5,-0.022155,892.97,0.60668,liquid
298.0,8.4,997.42,0.0010026,1.876,1.8912,6.5739,74.505,75.29,1497.5,-0.022155,892.97,0.60669,liquid
298.0,8.5,997.42,0.0010026,1.876,1.8914,6.5738,74.505,75.29,1497.6,-0.022155,892.97,0.6067,liquid
298.0,8.6,997.43,0.0010026,1.876,1.8915,6.5738,74.504,75.289,1497.6,-0.022155,892.96,0.6067,liquid
298.0,8.7,997.43,0.0010026,1.876,1.8917,6.5737,74.503,75.289,1497.6,-0.022155,892.96,0.60671,liquid
298.0,8.8,997.44,0.0010026,1.876,1.8919,6.5737,74.503,75.288,1497.6,-0.022155,892.96,0.60671,liquid
298.0,8.9,997.44,0.0010026,1.8759,1.892,6.5736,74.502,75.287,1497.6,-0.022155,892.96,0.60672,liquid
298.0,9.0,997.45,0.0010026,1.8759,1.8922,6.5736,74.502,75.287,1497.6,-0.022155,892.96,0.60672,liquid
298.0,9.1,997.45,0.0010026,1.8759,1.8924,6.5735,74.501,75.286,1497.7,-0.022155,892.96,0.60673,liquid
298.0,9.2,997.46,0.0010026,1.8759,1.8925,6.5735,74.5,75.286,1497.7,-0.022155,892.96,0.60673,liquid
298.0,9.3,997.46,0.0010025,1.8759,1.8927,6.5735,74.5,75.285,1497.7,-0.022155,892.96,0.60674,liquid
298.0,9.4,997.46,0.0010025,1.8759,1.8929,6.5734,74.499,75.285,1497.7,-0.022155,892.95,0.60675,liquid
298.0,9.5,997.47,0.0010025,1.8759,1.893,6.5734,74.499,75.284,1497.7,-0.022154,892.95,0.60675,liquid
298.0,9.6,997.47,0.0010025,1.8759,1.8932,6.5733,74.498,75.284,1497.7,-0.022154,892.95,0.60676,liquid
298.0,9.7,997.48,0.0010025,1.8758,1.8934,6.5733,74.497,75.283,1497.8,-0.022154,892.95,0.60676,liquid
298.0,9.8,997.48,0.0010025,1.8758,1.8935,6.5732,74.497,75.283,1497.8,-0.022154,892.95,0.60677,liquid
298.0,9.9,997.49,0.0010025,1.8758,1.8937,6.5732,74.496,75.282,1497.8,-0.022154,892.95,0.60677,liquid
298.0,10.0,997.49,0.0010025,1.8758,1.8939,6.5731,74.495,75.282,1497.8,-0.022154,892.95,0.60678,liquid
298.0,11.0,997.54,0.0010025,1.8757,1.8955,6.5727,74.489,75.277,1498.0,-0.022154,892.93,0.60684,liquid
298.0,12.0,997.58,0.0010024,1.8755,1.8972,6.5722,74.483,75.271,1498.1,-0.022154,892.92,0.60689,liquid
298.0,13.0,997.63,0.0010024,1.8754,1.8989,6.5717,74.477,75.266,1498.3,-0.022154,892.9,0.60695,liquid
298.0,14.0,997.67,0.0010023,1.8752,1.9005,6.5713,74.471,75.261,1498.5,-0.022153,892.89,0.60701,liquid
298.0,15.0,997.72,0.0010023,1.8751,1.9022,6.5708,74.465,75.256,1498.6,-0.022153,892.88,0.60706,liquid
298.0,16.0,997.76,0.0010022,1.875,1.9039,6.5703,74.459,75.251,1498.8,-0.022153,892.86,0.60712,liquid
298.0,17.0,997.81,0.0010022,1.8748,1.9055,6.5699,74.453,75.245,1499.0,-0.022152,892.85,0.60718,liquid
298.0,18.0,997.85,0.0010022,1.8747,1.9072,6.5694,74.447,75.24,1499.1,-0.022152,892.83,0.60723,liquid
298.0,19.0,997.9,0.0010021,1.8746,1.9089,6.5689,74.441,75.235,1499.3,-0.022152,892.82,0.60729,liquid
298.0,20.0,997.94,0.0010021,1.8744,1.9105,6.5685,74.435,75.23,1499.5,-0.022152,892.81,0.60735,liquid
298.0,21.0,997.99,0.001002,1.8743,1.9122,6.568,74.429,75.225,1499.6,-0.022151,892.79,0.6074,liquid
298.0,22.0,998.03,0.001002,1.8742,1.9139,6.5676,74.423,75.22,1499.8,-0.022151,892.78,0.60746,liquid
298.0,23.0,998.08,0.0010019,1.874,1.9155,6.5671,74.417,75.215,1500.0,-0.022151,892.77,0.60752,liquid
298.0,24.0,998.12,0.0010019,1.8739,1.9172,6.5666,74.411,75.209,1500.1,-0.02215,892.75,0.60757,liquid
298.0,25.0,998.17,0.0010018,1.8737,1.9189,6.5662,74.405,75.204,1500.3,-0.02215,892.74,0.60763,liquid
298.0,26.0,998.21,0.0010018,1.8736,1.9205,6.5657,74.399,75.199,1500.5,-0.02215,892.72,0.60768,liquid
298.0,27.0,998.26,0.0010017,1.8735,1.9222,6.5652,74.393,75.194,1500.7,-0.02215,892.71,0.60774,liquid
298.0,28.0,998.3,0.0010017,1.8733,1.9239,6.5648,74.387,75.189,1500.8,-0.022149,892.7,0.6078,liquid
298.0,29.0,998.35,0.0010017,1.8732,1.9255,6.5643,74.381,75.184,1501.0,-0.022149,892.68,0.60785,liquid
298.0,30.0,998.39,0.0010016,1.8731,1.9272,6.5638,74.375,75.179,1501.2,-0.022149,892.67,0.60791,liquid
298.0,31.0,998.44,0.0010016,1.8729,1.9289,6.5633,74.369,75.173,1501.3,-0.022149,892.66,0.60797,liquid
298.0,32.0,998.48,0.0010015,1.8728,1.9305,6.5629,74.363,75.168,1501.5,-0.022148,892.64,0.60802,liquid
298.0,33.0,998.52,0.0010015,1.8726,1.9322,6.5624,74.357,75.163,1501.7,-0.022148,892.63,0.60808,liquid
298.0,34.0,998.57,0.0010014,1.8725,1.9338,6.5619,74.351,75.158,1501.8,-0.022148,892.62,0.60813,liquid
298.0,35.0,998.61,0.0010014,1.8724,1.9355,6.5615,74.345,75.153,1502.0,-0.022147,892.6,0.60819,liquid
298.0,36.0,998.66,0.0010013,1.8722,1.9372,6.561,74.339,75.148,1502.2,-0.022147,892.59,0.60825,liquid
298.0,37.0,998.7,0.0010013,1.8721,1.9388,6.5605,74.333,75.143,1502.3,-0.022147,892.58,0.6083,liquid
298.0,38.0,998.75,0.0010013,1.872,1.9405,6.5601,74.327,75.138,1502.5,-0.022147,892.56,0.60836,liquid
298.0,39.0,998.79,0.0010012,1.8718,1.9422,6.5596,74.321,75.133,1502.7,-0.022146,892.55,0.60842,liquid
298.0,40.0,998.84,0.0010012,1.8717,1.9438,6.5591,74.315,75.128,1502.8,-0.022146,892.54,0.60847,liquid
298.0,41.0,998.88,0.0010011,1.8716,1.9455,6.5587,74.31,75.122,1503.0,-0.022146,892.53,0.60853,liquid
298.0,42.0,998.93,0.0010011,1.8714,1.9472,6.5582,74.304,75.117,1503.2,-0.022145,892.51,0.60858,liquid
298.0,43.0,998.97,0.001001,1.8713,1.9488,6.5577,74.298,75.112,1503.3,-0.022145,892.5,0.60864,liquid
298.0,44.0,999.02,0.001001,1.8711,1.9505,6.5573,74.292,75.107,1503.5,-0.022145,892.49,0.6087,liquid
298.0,45.0,999.06,0.0010009,1.871,1.9521,6.5568,74.286,75.102,1503.7,-0.022144,892.47,0.60875,liquid
298.0,46.0,999.11,0.0010009,1.8709,1.9538,6.5563,74.28,75.097,1503.8,-0.022144,892.46,0.60881,liquid
298.0,47.0,999.15,0.0010008,1.8707,1.9555,6.5558,74.274,75.092,1504.0,-0.022144,892.45,0.60886,liquid
298.0,48.0,999.2,0.0010008,1.8706,1.9571,6.5554,74.268,75.087,1504.2,-0.022144,892.44,0.60892,liquid
298.0,49.0,999.24,0.0010008,1.8705,1.9588,6.5549,74.262,75.082,1504.3,-0.022143,892.42,0.60898,liquid
298.0,50.0,999.29,0.0010007,1.8703,1.9605,6.5544,74.256,75.077,1504.5,-0.022143,892.41,0.60903,liquid
298.0,51.0,999.33,0.0010007,1.8702,1.9621,6.554,74.25,75.072,1504.7,-0.022143,892.4,0.60909,liquid
298.0,52.0,999.37,0.0010006,1.87,1.9638,6.5535,74.244,75.067,1504.8,-0.022142,892.38,0.60914,liquid
298.0,53.0,999.42,0.0010006,1.8699,1.9655,6.553,74.238,75.062,1505.0,-0.022142,892.37,0.6092,liquid
298.0,54.0,999.46,0.0010005,1.8698,1.9671,6.5525,74.233,75.057,1505.2,-0.022142,892.36,0.60926,liquid
298.0,55.0,999.51,0.0010005,1.8696,1.9688,6.5521,74.227,75.052,1505.3,-0.022142,892.35,0.60931,liquid
298.0,56.0,999.55,0.0010004,1.8695,1.9704,6.5516,74.221,75.047,1505.5,-0.022141,892.33,0.60937,liquid
298.0,57.0,999.6,0.0010004,1.8694,1.9721,6.5511,74.215,75.042,1505.7,-0.022141,892.32,0.60942,liquid
298.0,58.0,999.64,0.0010004,1.8692,1.9738,6.5507,74.209,75.037,1505.8,-0.022141,892.31,0.60948,liquid
298.0,59.0,999.69,0.0010003,1.8691,1.9754,6.5502,74.203,75.032,1506.0,-0.02214,892.3,0.60953,liquid
298.0,60.0,999.73,0.0010003,1.869,1.9771,6.5497,74.197,75.027,1506.2,-0.02214,892.28,0.60959,liquid
298.0,61.0,999.78,0.0010002,1.8688,1.9787,6.5492,74.191,75.022,1506.3,-0.02214,892.27,0.60965,liquid
298.0,62.0,999.82,0.0010002,1.8687,1.9804,6.5488,74.185,75.017,1506.5,-0.022139,892.26,0.6097,liquid
298.0,63.0,999.87,0.0010001,1.8686,1.9821,6.5483,74.18,75.012,1506.7,-0.022139,892.25,0.60976,liquid
298.0,64.0,999.91,0.0010001,1.8684,1.9837,6.5478,74.174,75.007,1506.8,-0.022139,892.24,0.60981,liquid
298.0,65.0,999.95,0.001,1.8683,1.9854,6.5473,74.168,75.002,1507.0,-0.022139,892.22,0.60987,liquid
298.0,66.0,1000.0,0.001,1.8681,1.987,6.5469,74.162,74.997,1507.2,-0.022138,892.21,0.60992,liquid
298.0,67.0,1000.0,0.00099996,1.868,1.9887,6.5464,74.156,74.992,1507.3,-0.022138,892.2,0.60998,liquid
298.0,68.0,1000.1,0.00099991,1.8679,1.9904,6.5459,74.15,74.987,1507.5,-0.022138,892.19,0.61004,liquid
298.0,69.0,1000.1,0.00099987,1.8677,1.992,6.5454,74.144,74.982,1507.7,-0.022137,892.17,0.61009,liquid
298.0,70.0,1000.2,0.00099982,1.8676,1.9937,6.545,74.138,74.977,1507.8,-0.022137,892.16,0.61015,liquid
298.0,71.0,1000.2,0.00099978,1.8675,1.9953,6.5445,74.133,74.972,1508.0,-0.022137,892.15,0.6102,liquid
298.0,72.0,1000.3,0.00099973,1.8673,1.997,6.544,74.127,74.967,1508.2,-0.022136,892.14,0.61026,liquid
298.0,73.0,1000.3,0.00099969,1.8672,1.9987,6.5435,74.121,74.962,1508.3,-0.022136,892.13,0.61031,liquid
298.0,74.0,1000.4,0.00099965,1.8671,2.0003,6.5431,74.115,74.957,1508.5,-0.022136,892.12,0.61037,liquid
298.0,75.0,1000.4,0.0009996,1.8669,2.002,6.5426,74.109,74.952,1508.7,-0.022135,892.1,0.61042,liquid
298.0,76.0,1000.4,0.00099956,1.8668,2.0036,6.5421,74.103,74.947,1508.9,-0.022135,892.09,0.61048,liquid
298.0,77.0,1000.5,0.00099951,1.8667,2.0053,6.5416,74.098,74.942,1509.0,-0.022135,892.08,0.61053,liquid
298.0,78.0,1000.5,0.00099947,1.8665,2.007,6.5412,74.092,74.937,1509.2,-0.022135,892.07,0.61059,liquid
298.0,79.0,1000.6,0.00099942,1.8664,2.0086,6.5407,74.086,74.932,1509.4,-0.022134,892.06,0.61065,liquid
298.0,80.0,1000.6,0.00099938,1.8662,2.0103,6.5402,74.08,74.927,1509.5,-0.022134,892.04,0.6107,liquid
298.0,81.0,1000.7,0.00099933,1.8661,2.0119,6.5397,74.074,74.922,1509.7,-0.022134,892.03,0.61076,liquid
298.0,82.0,1000.7,0.00099929,1.866,2.0136,6.5393,74.069,74.917,1509.9,-0.022133,892.02,0.61081,liquid
298.0,83.0,1000.8,0.00099925,1.8658,2.0153,6.5388,74.063,74.912,1510.0,-0.022133,892.01,0.61087,liquid
298.0,84.0,1000.8,0.0009992,1.8657,2.0169,6.5383,74.057,74.907,1510.2,-0.022133,892.0,0.61092,liquid
298.0,85.0,1000.8,0.00099916,1.8656,2.0186,6.5378,74.051,74.902,1510.4,-0.022132,891.99,0.61098,liquid
298.0,86.0,1000.9,0.00099911,1.8654,2.0202,6.5374,74.045,74.898,1510.5,-0.022132,891.97,0.61103,liquid
298.0,87.0,1000.9,0.00099907,1.8653,2.0219,6.5369,74.04,74.893,1510.7,-0.022132,891.96,0.61109,liquid
298.0,88.0,1001.0,0.00099902,1.8652,2.0235,6.5364,74.034,74.888,1510.9,-0.022131,891.95,0.61114,liquid
298.0,89.0,1001.0,0.00099898,1.865,2.0252,6.5359,74.028,74.883,1511.0,-0.022131,891.94,0.6112,liquid
298.0,90.0,1001.1,0.00099894,1.8649,2.0269,6.5354,74.022,74.878,1511.2,-0.022131,891.93,0.61125,liquid
298.0,91.0,1001.1,0.00099889,1.8648,2.0285,6.535,74.016,74.873,1511.4,-0.022131,891.92,0.61131,liquid
298.0,92.0,1001.2,0.00099885,1.8646,2.0302,6.5345,74.011,74.868,1511.5,-0.02213,891.91,0.61136,liquid
298.0,93.0,1001.2,0.0009988,1.8645,2.0318,6.534,74.005,74.863,1511.7,-0.02213,891.9,0.61142,liquid
298.0,94.0,1001.2,0.00099876,1.8643,2.0335,6.5335,73.999,74.858,1511.9,-0.02213,891.88,0.61147,liquid
298.0,95.0,1001.3,0.00099872,1.8642,2.0351,6.5331,73.993,74.853,1512.0,-0.022129,891.87,0.61153,liquid
298.0,96.0,1001.3,0.00099867,1.8641,2.0368,6.5326,73.987,74.849,1512.2,-0.022129,891.86,0.61158,liquid
298.0,97.0,1001.4,0.00099863,1.8639,2.0385,6.5321,73.982,74.844,1512.4,-0.022129,891.85,0.61164,liquid
298.0,98.0,1001.4,0.00099858,1.8638,2.0401,6.5316,73.976,74.839,1512.5,-0.022128,891.84,0.61169,liquid
298.0,99.0,1001.5,0.00099854,1.8637,2.0418,6.5311,73.97,74.834,1512.7,-0.022128,891.83,0.61175,liquid
298.0,100.0,1001.5,0.0009985,1.8635,2.0434,6.5307,73.964,74.829,1512.9,-0.022128,891.82,0.6118,liquid
298.0,200.0,1005.9,0.00099415,1.8501,2.2083,6.4818,73.405,74.36,1529.6,-0.022093,890.89,0.61722,liquid
298.0,300.0,1010.2,0.00098993,1.837,2.372,6.4313,72.875,73.924,1546.2,-0.022054,890.29,0.62246,liquid
298.0,400.0,1014.4,0.00098583,1.824,2.5344,6.3791,72.374,73.52,1562.9,-0.022012,890.03,0.62754,liquid
298.0,500.0,1018.5,0.00098185,1.8113,2.6957,6.3254,71.898,73.144,1579.6,-0.021966,890.09,0.63246,liquid
298.0,600.0,1022.5,0.00097797,1.7987,2.8558,6.2703,71.448,72.796,1596.2,-0.021917,890.48,0.63722,liquid
298.0,700.0,1026.5,0.0009742,1.7863,3.0148,6.2138,71.021,72.473,1612.9,-0.021867,891.18,0.64184,liquid
298.0,800.0,1030.4,0.00097053,1.774,3.1727,6.156,70.617,72.173,1629.5,-0.021814,892.2,0.64633,liquid
298.0,900.0,1034.2,0.00096695,1.7619,3.3297,6.097,70.233,71.894,1646.1,-0.02176,893.52,0.65067,liquid
298.0,1000.0,1037.9,0.00096346,1.75,3.4856,6.0369,69.868,71.636,1662.7,-0.021706,895.14,0.65489,liquid
298.0,1100.0,1041.6,0.00096006,1.7381,3.6407,5.9757,69.522,71.397,1679.2,-0.02165,897.05,0.65898,liquid
298.0,1200.0,1045.2,0.00095674,1.7265,3.7948,5.9136,69.193,71.175,1695.6,-0.021594,899.25,0.66296,liquid
298.0,1300.0,1048.8,0.00095351,1.715,3.9481,5.8505,68.881,70.968,1712.0,-0.021538,901.74,0.66682,liquid
298.0,1400.0,1052.2,0.00095035,1.7036,4.1005,5.7866,68.584,70.777,1728.3,-0.021482,904.49,0.67057,liquid
298.0,1500.0,1055.7,0.00094727,1.6924,4.2522,5.7219,68.301,70.599,1744.4,-0.021426,907.52,0.67422,liquid
298.0,1600.0,1059.0,0.00094425,1.6813,4.4031,5.6565,68.033,70.433,1760.5,-0.02137,910.81,0.67776,liquid
298.0,1700.0,1062.3,0.00094131,1.6704,4.5532,5.5904,67.777,70.279,1776.5,-0.021315,914.35,0.68121,liquid
298.0,1800.0,1065.6,0.00093843,1.6596,4.7027,5.5238,67.533,70.136,1792.3,-0.021261,918.15,0.68457,liquid
298.0,1900.0,1068.8,0.00093561,1.6489,4.8515,5.4566,67.301,70.003,1808.1,-0.021207,922.19,0.68784,liquid
298.0,2000.0,1072.0,0.00093286,1.6385,4.9996,5.3889,67.079,69.878,1823.7,-0.021154,926.47,0.69103,liquid
298.0,2100.0,1075.1,0.00093016,1.6281,5.1471,5.3208,66.868,69.762,1839.1,-0.021102,930.99,0.69413,liquid
298.0,2200.0,1078.1,0.00092752,1.6179,5.294,5.2522,66.666,69.654,1854.4,-0.02105,935.74,0.69715,liquid
298.0,2300.0,1081.2,0.00092493,1.6079,5.4404,5.1834,66.474,69.552,1869.6,-0.021,940.71,0.70011,liquid
298.0,2400.0,1084.1,0.0009224,1.598,5.5861,5.1142,66.29,69.457,1884.6,-0.02095,945.91,0.70298,liquid
298.0,2500.0,1087.1,0.00091991,1.5883,5.7314,5.0447,66.113,69.368,1899.5,-0.020901,951.32,0.70579,liquid
298.0,2600.0,1089.9,0.00091748,1.5787,5.8761,4.975,65.945,69.285,1914.3,-0.020853,956.95,0.70854,liquid
298.0,2700.0,1092.8,0.00091509,1.5693,6.0204,4.9051,65.783,69.207,1928.9,-0.020806,962.78,0.71122,liquid
298.0,2800.0,1095.6,0.00091274,1.56,6.1641,4.835,65.628,69.133,1943.3,-0.02076,968.82,0.71384,liquid
298.0,2900.0,1098.4,0.00091044,1.5509,6.3074,4.7648,65.48,69.064,1957.6,-0.020715,975.07,0.7164,liquid
298.0,3000.0,1101.1,0.00090818,1.5419,6.4503,4.6944,65.338,68.998,1971.7,-0.020671,981.51,0.7189,liquid
298.0,3100.0,1103.8,0.00090596,1.5331,6.5927,4.624,65.201,68.936,1985.7,-0.020628,988.14,0.72136,liquid
298.0,3200.0,1106.5,0.00090378,1.5245,6.7347,4.5534,65.069,68.878,1999.6,-0.020586,994.97,0.72376,liquid
298.0,3300.0,1109.1,0.00090163,1.516,6.8763,4.4829,64.943,68.823,2013.3,-0.020544,1002.0,0.72611,liquid
298.0,3400.0,1111.7,0.00089952,1.5077,7.0175,4.4122,64.821,68.77,2026.9,-0.020504,1009.2,0.72841,liquid
298.0,3500.0,1114.3,0.00089745,1.4995,7.1583,4.3416,64.704,68.721,2040.3,-0.020464,1016.6,0.73066,liquid
298.0,3600.0,1116.8,0.00089541,1.4915,7.2987,4.271,64.591,68.674,2053.6,-0.020425,1024.1,0.73288,liquid
298.0,3700.0,1119.3,0.00089341,1.4836,7.4388,4.2003,64.483,68.629,2066.8,-0.020386,1031.9,0.73505,liquid
298.0,3800.0,1121.8,0.00089144,1.4759,7.5785,4.1298,64.378,68.586,2079.8,-0.020349,1039.8,0.73717,liquid
298.0,3900.0,1124.2,0.00088949,1.4684,7.7179,4.0592,64.276,68.545,2092.7,-0.020312,1047.8,0.73926,liquid
298.0,4000.0,1126.7,0.00088758,1.461,7.857,3.9887,64.178,68.507,2105.5,-0.020276,1056.1,0.74131,liquid
298.0,4100.0,1129.0,0.0008857,1.4537,7.9958,3.9183,64.084,68.469,2118.2,-0.020241,1064.5,0.74333,liquid
298.0,4200.0,1131.4,0.00088385,1.4466,8.1342,3.848,63.992,68.434,2130.7,-0.020206,1073.1,0.74531,liquid
298.0,4300.0,1133.8,0.00088202,1.4397,8.2723,3.7777,63.903,68.4,2143.1,-0.020172,1081.8,0.74726,liquid
298.0,4400.0,1136.1,0.00088022,1.4329,8.4101,3.7076,63.818,68.367,2155.4,-0.020139,1090.7,0.74917,liquid
298.0,4500.0,1138.4,0.00087845,1.4262,8.5477,3.6375,63.735,68.336,2167.6,-0.020106,1099.7,0.75105,liquid
298.0,4600.0,1140.6,0.0008767,1.4197,8.6849,3.5676,63.654,68.306,2179.7,-0.020074,1108.9,0.7529,liquid
298.0,4700.0,1142.9,0.00087497,1.4134,8.8219,3.4978,63.576,68.277,2191.7,-0.020042,1118.3,0.75473,liquid
298.0,4800.0,1145.1,0.00087327,1.4071,8.9586,3.4281,63.5,68.249,2203.6,-0.020011,1127.8,0.75652,liquid
298.0,4900.0,1147.3,0.0008716,1.4011,9.0951,3.3586,63.426,68.223,2215.3,-0.019981,1137.4,0.75829,liquid
298.0,5000.0,1149.5,0.00086994,1.3951,9.2313,3.2891,63.355,68.197,2227.0,-0.019951,1147.2,0.76003,liquid
400.0,0.1,0.054226,18.441,46.016,49.338,154.6,26.061,34.439,493.39,4.6509,13.347,0.02647,vapor
400.0,0.2,0.10857,9.2109,46.003,49.322,148.8,26.177,34.618,493.06,4.6602,13.339,0.026509,vapor
400.0,0.3,0.16302,6.134,45.991,49.306,145.4,26.294,34.801,492.72,4.6691,13.332,0.026548,vapor
400.0,0.4,0.2176,4.5956,45.978,49.29,142.98,26.414,34.986,492.38,4.6778,13.324,0.026587,vapor
400.0,0.5,0.27229,3.6725,45.965,49.273,141.09,26.535,35.175,492.04,4.6862,13.316,0.026626,vapor
400.0,0.6,0.32711,3.0571,45.952,49.257,139.54,26.658,35.367,491.7,4.6944,13.308,0.026666,vapor
400.0,0.7,0.38205,2.6175,45.939,49.24,138.23,26.783,35.563,491.35,4.7024,13.301,0.026705,vapor
400.0,0.8,0.43711,2.2878,45.926,49.223,137.08,26.91,35.762,491.01,4.7101,13.293,0.026745,vapor
400.0,0.9,0.49229,2.0313,45.913,49.206,136.07,27.039,35.964,490.66,4.7178,13.285,0.026785,vapor
400.0,1.0,0.54761,1.8261,45.9,49.189,135.16,27.17,36.17,490.31,4.7254,13.278,0.026825,vapor
400.0,1.1,0.60305,1.6582,45.886,49.172,134.33,27.304,36.38,489.95,4.7331,13.27,0.026865,vapor
400.0,1.2,0.65862,1.5183,45.873,49.155,133.58,27.44,36.595,489.6,4.7409,13.262,0.026905,vapor
400.0,1.3,0.71432,1.3999,45.859,49.138,132.88,27.579,36.813,489.24,4.7489,13.254,0.026946,vapor
400.0,1.4,0.77015,1.2984,45.845,49.12,132.23,27.721,37.037,488.87,4.7573,13.247,0.026987,vapor
400.0,1.5,0.82612,1.2105,45.831,49.102,131.62,27.867,37.267,488.51,4.7662,13.239,0.027027,vapor
400.0,1.6,0.88223,1.1335,45.817,49.084,131.04,28.017,37.502,488.14,4.7759,13.231,0.027068,vapor
400.0,1.7,0.93848,1.0656,45.803,49.066,130.5,28.172,37.745,487.76,4.7864,13.223,0.027109,vapor
400.0,1.8,0.99487,1.0052,45.789,49.048,129.99,28.332,37.996,487.38,4.798,13.215,0.027151,vapor
400.0,1.9,1.0514,0.95112,45.774,49.03,129.51,28.498,38.256,486.99,4.8108,13.208,0.027192,vapor
400.0,2.0,1.1081,0.90247,45.76,49.011,129.04,28.672,38.527,486.6,4.8252,13.2,0.027234,vapor
400.0,2.1,1.1649,0.85845,45.745,48.993,128.6,28.855,38.811,486.2,4.8414,13.192,0.027276,vapor
400.0,2.2,1.2219,0.81842,45.73,48.974,128.18,29.048,39.109,485.79,4.8597,13.184,0.027318,vapor
400.0,2.3,1.279,0.78186,45.715,48.955,127.77,29.254,39.425,485.36,4.8803,13.176,0.02736,vapor
400.0,2.4,1.3363,0.74834,45.7,48.935,127.37,29.474,39.76,484.93,4.9034,13.168,0.027402,vapor
400.0,2.4577,1.3694,0.73024,45.691,48.924,127.15,29.608,39.963,484.67,4.9181,13.164,0.027427,vapor
400.0,2.4577,937.49,0.0010667,9.5966,9.6013,28.847,65.438,76.664,1509.5,-0.016092,218.62,0.68285,liquid
400.0,2.5,937.49,0.0010667,9.5965,9.6013,28.847,65.438,76.664,1509.5,-0.016093,218.63,0.68285,liquid
400.0,2.6,937.49,0.0010667,9.5965,9.6015,28.847,65.438,76.664,1509.5,-0.016093,218.63,0.68286,liquid
400.0,2.7,937.5,0.0010667,9.5964,9.6016,28.847,65.438,76.663,1509.5,-0.016093,218.63,0.68287,liquid
400.0,2.8,937.5,0.0010667,9.5963,9.6017,28.847,65.437,76.663,1509.6,-0.016093,218.63,0.68287,liquid
400.0,2.9,937.51,0.0010667,9.5963,9.6018,28.846,65.437,76.662,1509.6,-0.016094,218.64,0.68288,liquid
400.0,3.0,937.51,0.0010667,9.5962,9.602,28.846,65.437,76.662,1509.6,-0.016094,218.64,0.68289,liquid
400.0,3.1,937.52,0.0010666,9.5961,9.6021,28.846,65.437,76.661,1509.6,-0.016094,218.64,0.68289,liquid
400.0,3.2,937.52,0.0010666,9.5961,9.6022,28.846,65.437,76.661,1509.6,-0.016094,218.64,0.6829,liquid
400.0,3.3,937.53,0.0010666,9.596,9.6023,28.846,65.436,76.66,1509.7,-0.016095,218.65,0.6829,liquid
400.0,3.4,937.53,0.0010666,9.5959,9.6024,28.846,65.436,76.66,1509.7,-0.016095,218.65,0.68291,liquid
400.0,3.5,937.54,0.0010666,9.5958,9.6026,28.845,65.436,76.659,1509.7,-0.016095,218.65,0.68292,liquid
400.0,3.6,937.54,0.0010666,9.5958,9.6027,28.845,65.436,76.659,1509.7,-0.016096,218.65,0.68292,liquid
400.0,3.7,937.55,0.0010666,9.5957,9.6028,28.845,65.436,76.658,1509.8,-0.016096,218.66,0.68293,liquid
400.0,3.8,937.56,0.0010666,9.5956,9.6029,28.845,65.435,76.658,1509.8,-0.016096,218.66,0.68294,liquid
400.0,3.9,937.56,0.0010666,9.5956,9.6031,28.845,65.435,76.657,1509.8,-0.016096,218.66,0.68294,liquid
400.0,4.0,937.57,0.0010666,9.5955,9.6032,28.845,65.435,76.657,1509.8,-0.016097,218.67,0.68295,liquid
400.0,4.1,937.57,0.0010666,9.5954,9.6033,28.844,65.435,76.656,1509.9,-0.016097,218.67,0.68295,liquid
400.0,4.2,937.58,0.0010666,9.5954,9.6034,28.844,65.434,76.656,1509.9,-0.016097,218.67,0.68296,liquid
400.0,4.3,937.58,0.0010666,9.5953,9.6036,28.844,65.434,76.655,1509.9,-0.016098,218.67,0.68297,liquid
400.0,4.4,937.59,0.0010666,9.5952,9.6037,28.844,65.434,76.655,1509.9,-0.016098,218.68,0.68297,liquid
400.0,4.5,937.59,0.0010666,9.5952,9.6038,28.844,65.434,76.654,1510.0,-0.016098,218.68,0.68298,liquid
400.0,4.6,937.6,0.0010666,9.5951,9.6039,28.844,65.434,76.654,1510.0,-0.016098,218.68,0.68299,liquid
400.0,4.7,937.6,0.0010666,9.595,9.6041,28.843,65.433,76.653,1510.0,-0.016099,218.68,0.68299,liquid
400.0,4.8,937.61,0.0010665,9.595,9.6042,28.843,65.433,76.653,1510.0,-0.016099,218.69,0.683,liquid
400.0,4.9,937.61,0.0010665,9.5949,9.6043,28.843,65.433,76.652,1510.1,-0.016099,218.69,0.683,liquid
400.0,5.0,937.62,0.0010665,9.5948,9.6044,28.843,65.433,76.652,1510.1,-0.016099,218.69,0.68301,liquid
400.0,5.1,937.62,0.0010665,9.5947,9.6045,28.843,65.433,76.651,1510.1,-0.0161,218.69,0.68302,liquid
400.0,5.2,937.63,0.0010665,9.5947,9.6047,28.843,65.432,76.651,1510.1,-0.0161,218.7,0.68302,liquid
400.0,5.3,937.63,0.0010665,9.5946,9.6048,28.842,65.432,76.65,1510.2,-0.0161,218.7,0.68303,liquid
400.0,5.4,937.64,0.0010665,9.5945,9.6049,28.842,65.432,76.65,1510.2,-0.016101,218.7,0.68304,liquid
400.0,5.5,937.64,0.0010665,9.5945,9.605,28.842,65.432,76.649,1510.2,-0.016101,218.7,0.68304,liquid
400.0,5.6,937.65,0.0010665,9.5944,9.6052,28.842,65.431,76.649,1510.2,-0.016101,218.71,0.68305,liquid
400.0,5.7,937.65,0.0010665,9.5943,9.6053,28.842,65.431,76.649,1510.3,-0.016101,218.71,0.68305,liquid
400.0,5.8,937.66,0.0010665,9.5943,9.6054,28.841,65.431,76.648,1510.3,-0.016102,218.71,0.68306,liquid
400.0,5.9,937.66,0.0010665,9.5942,9.6055,28.841,65.431,76.648,1510.3,-0.016102,218.72,0.68307,liquid
400.0,6.0,937.67,0.0010665,9.5941,9.6057,28.841,65.431,76.647,1510.3,-0.016102,218.72,0.68307,liquid
400.0,6.1,937.67,0.0010665,9.5941,9.6058,28.841,65.43,76.647,1510.3,-0.016103,218.72,0.68308,liquid
400.0,6.2,937.68,0.0010665,9.594,9.6059,28.841,65.43,76.646,1510.4,-0.016103,218.72,0.68309,liquid
400.0,6.3,937.68,0.0010665,9.5939,9.606,28.841,65.43,76.646,1510.4,-0.016103,218.73,0.68309,liquid
400.0,6.4,937.69,0.0010665,9.5939,9.6062,28.84,65.43,76.645,1510.4,-0.016103,218.73,0.6831,liquid
400.0,6.5,937.69,0.0010664,9.5938,9.6063,28.84,65.43,76.645,1510.4,-0.016104,218.73,0.6831,liquid
400.0,6.6,937.7,0.0010664,9.5937,9.6064,28.84,65.429,76.644,1510.5,-0.016104,218.73,0.68311,liquid
400.0,6.7,937.7,0.0010664,9.5936,9.6065,28.84,65.429,76.644,1510.5,-0.016104,218.74,0.68312,liquid
400.0,6.8,937.71,0.0010664,9.5936,9.6066,28.84,65.429,76.643,1510.5,-0.016104,218.74,0.68312,liquid
400.0,6.9,937.71,0.0010664,9.5935,9.6068,28.84,65.429,76.643,1510.5,-0.016105,218.74,0.68313,liquid
400.0,7.0,937.72,0.0010664,9.5934,9.6069,28.839,65.428,76.642,1510.6,-0.016105,218.74,0.68313,liquid
400.0,7.1,937.72,0.0010664,9.5934,9.607,28.839,65.428,76.642,1510.6,-0.016105,218.75,0.68314,liquid
400.0,7.2,937.73,0.0010664,9.5933,9.6071,28.839,65.428,76.641,1510.6,-0.016106,218.75,0.68315,liquid
400.0,7.3,937.73,0.0010664,9.5932,9.6073,28.839,65.428,76.641,1510.6,-0.016106,218.75,0.68315,liquid
400.0,7.4,937.74,0.0010664,9.5932,9.6074,28.839,65.428,76.64,1510.7,-0.016106,218.75,0.68316,liquid
400.0,7.5,937.75,0.0010664,9.5931,9.6075,28.839,65.427,76.64,1510.7,-0.016106,218.76,0.68317,liquid
400.0,7.6,937.75,0.0010664,9.593,9.6076,28.838,65.427,76.639,1510.7,-0.016107,218.76,0.68317,liquid
400.0,7.7,937.76,0.0010664,9.593,9.6078,28.838,65.427,76.639,1510.7,-0.016107,218.76,0.68318,liquid
400.0,7.8,937.76,0.0010664,9.5929,9.6079,28.838,65.427,76.638,1510.8,-0.016107,218.76,0.68318,liquid
400.0,7.9,937.77,0.0010664,9.5928,9.608,28.838,65.427,76.638,1510.8,-0.016108,218.77,0.68319,liquid
400.0,8.0,937.77,0.0010664,9.5928,9.6081,28.838,65.426,76.637,1510.8,-0.016108,218.77,0.6832,liquid
400.0,8.1,937.78,0.0010664,9.5927,9.6082,28.838,65.426,76.637,1510.8,-0.016108,218.77,0.6832,liquid
400.0,8.2,937.78,0.0010663,9.5926,9.6084,28.837,65.426,76.636,1510.9,-0.016108,218.78,0.68321,liquid
400.0,8.3,937.79,0.0010663,9.5926,9.6085,28.837,65.426,76.636,1510.9,-0.016109,218.78,0.68322,liquid
400.0,8.4,937.79,0.0010663,9.5925,9.6086,28.837,65.426,76.635,1510.9,-0.016109,218.78,0.68322,liquid
400.0,8.5,937.8,0.0010663,9.5924,9.6087,28.837,65.425,76.635,1510.9,-0.016109,218.78,0.68323,liquid
400.0,8.6,937.8,0.0010663,9.5923,9.6089,28.837,65.425,76.635,1511.0,-0.016109,218.79,0.68323,liquid
400.0,8.7,937.81,0.0010663,9.5923,9.609,28.836,65.425,76.634,1511.0,-0.01611,218.79,0.68324,liquid
400.0,8.8,937.81,0.0010663,9.5922,9.6091,28.836,65.425,76.634,1511.0,-0.01611,218.79,0.68325,liquid
400.0,8.9,937.82,0.0010663,9.5921,9.6092,28.836,65.424,76.633,1511.0,-0.01611,218.79,0.68325,liquid
400.0,9.0,937.82,0.0010663,9.5921,9.6094,28.836,65.424,76.633,1511.1,-0.016111,218.8,0.68326,liquid
400.0,9.1,937.83,0.0010663,9.592,9.6095,28.836,65.424,76.632,1511.1,-0.016111,218.8,0.68327,liquid
400.0,9.2,937.83,0.0010663,9.5919,9.6096,28.836,65.424,76.632,1511.1,-0.016111,218.8,0.68327,liquid
400.0,9.3,937.84,0.0010663,9.5919,9.6097,28.835,65.424,76.631,1511.1,-0.016111,218.8,0.68328,liquid
400.0,9.4,937.84,0.0010663,9.5918,9.6099,28.835,65.423,76.631,1511.1,-0.016112,218.81,0.68328,liquid
400.0,9.5,937.85,0.0010663,9.5917,9.61,28.835,65.423,76.63,1511.2,-0.016112,218.81,0.68329,liquid
400.0,9.6,937.85,0.0010663,9.5917,9.6101,28.835,65.423,76.63,1511.2,-0.016112,218.81,0.6833,liquid
400.0,9.7,937.86,0.0010663,9.5916,9.6102,28.835,65.423,76.629,1511.2,-0.016113,218.81,0.6833,liquid
400.0,9.8,937.86,0.0010663,9.5915,9.6103,28.835,65.423,76.629,1511.2,-0.016113,218.82,0.68331,liquid
400.0,9.9,937.87,0.0010662,9.5915,9.6105,28.834,65.422,76.628,1511.3,-0.016113,218.82,0.68332,liquid
400.0,10.0,937.87,0.0010662,9.5914,9.6106,28.834,65.422,76.628,1511.3,-0.016113,218.82,0.68332,liquid
400.0,11.0,937.92,0.0010662,9.5907,9.6118,28.833,65.42,76.623,1511.5,-0.016116,218.85,0.68338,liquid
400.0,12.0,937.98,0.0010661,9.59,9.6131,28.831,65.418,76.618,1511.8,-0.016119,218.88,0.68345,liquid
400.0,13.0,938.03,0.0010661,9.5893,9.6143,28.829,65.416,76.613,1512.0,-0.016122,218.9,0.68351,liquid
400.0,14.0,938.08,0.001066,9.5886,9.6155,28.827,65.414,76.609,1512.3,-0.016124,218.93,0.68357,liquid
400.0,15.0,938.13,0.001066,9.588,9.6168,28.826,65.411,76.604,1512.5,-0.016127,218.95,0.68363,liquid
400.0,16.0,938.18,0.0010659,9.5873,9.618,28.824,65.409,76.599,1512.7,-0.01613,218.98,0.68369,liquid
400.0,17.0,938.23,0.0010658,9.5866,9.6192,28.822,65.407,76.594,1513.0,-0.016133,219.01,0.68376,liquid
400.0,18.0,938.28,0.0010658,9.5859,9.6205,28.821,65.405,76.589,1513.2,-0.016135,219.03,0.68382,liquid
400.0,19.0,938.33,0.0010657,9.5852,9.6217,28.819,65.403,76.585,1513.5,-0.016138,219.06,0.68388,liquid
400.0,20.0,938.39,0.0010657,9.5846,9.6229,28.817,65.401,76.58,1513.7,-0.016141,219.08,0.68394,liquid
400.0,21.0,938.44,0.0010656,9.5839,9.6242,28.815,65.399,76.575,1513.9,-0.016144,219.11,0.68401,liquid
400.0,22.0,938.49,0.0010655,9.5832,9.6254,28.814,65.397,76.57,1514.2,-0.016146,219.14,0.68407,liquid
400.0,23.0,938.54,0.0010655,9.5825,9.6267,28.812,65.394,76.566,1514.4,-0.016149,219.16,0.68413,liquid
400.0,24.0,938.59,0.0010654,9.5818,9.6279,28.81,65.392,76.561,1514.7,-0.016152,219.19,0.68419,liquid
400.0,25.0,938.64,0.0010654,9.5811,9.6291,28.809,65.39,76.556,1514.9,-0.016155,219.22,0.68425,liquid
400.0,26.0,938.69,0.0010653,9.5805,9.6304,28.807,65.388,76.551,1515.2,-0.016157,219.24,0.68432,liquid
400.0,27.0,938.74,0.0010653,9.5798,9.6316,28.805,65.386,76.546,1515.4,-0.01616,219.27,0.68438,liquid
400.0,28.0,938.79,0.0010652,9.5791,9.6328,28.803,65.384,76.542,1515.6,-0.016163,219.29,0.68444,liquid
400.0,29.0,938.84,0.0010651,9.5784,9.6341,28.802,65.382,76.537,1515.9,-0.016165,219.32,0.6845,liquid
400.0,30.0,938.9,0.0010651,9.5778,9.6353,28.8,65.38,76.532,1516.1,-0.016168,219.35,0.68456,liquid
400.0,31.0,938.95,0.001065,9.5771,9.6366,28.798,65.377,76.528,1516.4,-0.016171,219.37,0.68463,liquid
400.0,32.0,939.0,0.001065,9.5764,9.6378,28.797,65.375,76.523,1516.6,-0.016174,219.4,0.68469,liquid
400.0,33.0,939.05,0.0010649,9.5757,9.639,28.795,65.373,76.518,1516.8,-0.016176,219.43,0.68475,liquid
400.0,34.0,939.1,0.0010649,9.575,9.6403,28.793,65.371,76.513,1517.1,-0.016179,219.45,0.68481,liquid
400.0,35.0,939.15,0.0010648,9.5744,9.6415,28.792,65.369,76.509,1517.3,-0.016182,219.48,0.68487,liquid
400.0,36.0,939.2,0.0010647,9.5737,9.6427,28.79,65.367,76.504,1517.5,-0.016184,219.5,0.68494,liquid
400.0,37.0,939.25,0.0010647,9.573,9.644,28.788,65.365,76.499,1517.8,-0.016187,219.53,0.685,liquid
400.0,38.0,939.3,0.0010646,9.5723,9.6452,28.786,65.363,76.494,1518.0,-0.01619,219.56,0.68506,liquid
400.0,39.0,939.35,0.0010646,9.5717,9.6465,28.785,65.361,76.49,1518.3,-0.016192,219.58,0.68512,liquid
400.0,40.0,939.4,0.0010645,9.571,9.6477,28.783,65.358,76.485,1518.5,-0.016195,219.61,0.68518,liquid
400.0,41.0,939.45,0.0010644,9.5703,9.6489,28.781,65.356,76.48,1518.7,-0.016198,219.63,0.68525,liquid
400.0,42.0,939.51,0.0010644,9.5696,9.6502,28.78,65.354,76.476,1519.0,-0.016201,219.66,0.68531,liquid
400.0,43.0,939.56,0.0010643,9.569,9.6514,28.778,65.352,76.471,1519.2,-0.016203,219.69,0.68537,liquid
400.0,44.0,939.61,0.0010643,9.5683,9.6527,28.776,65.35,76.466,1519.5,-0.016206,219.71,0.68543,liquid
400.0,45.0,939.66,0.0010642,9.5676,9.6539,28.775,65.348,76.462,1519.7,-0.016209,219.74,0.68549,liquid
400.0,46.0,939.71,0.0010642,9.5669,9.6551,28.773,65.346,76.457,1519.9,-0.016211,219.76,0.68555,liquid
400.0,47.0,939.76,0.0010641,9.5663,9.6564,28.771,65.344,76.452,1520.2,-0.016214,219.79,0.68562,liquid
400.0,48.0,939.81,0.001064,9.5656,9.6576,28.77,65.342,76.447,1520.4,-0.016217,219.82,0.68568,liquid
400.0,49.0,939.86,0.001064,9.5649,9.6589,28.768,65.339,76.443,1520.7,-0.016219,219.84,0.68574,liquid
400.0,50.0,939.91,0.0010639,9.5643,9.6601,28.766,65.337,76.438,1520.9,-0.016222,219.87,0.6858,liquid
400.0,51.0,939.96,0.0010639,9.5636,9.6613,28.764,65.335,76.433,1521.1,-0.016225,219.89,0.68586,liquid
400.0,52.0,940.01,0.0010638,9.5629,9.6626,28.763,65.333,76.429,1521.4,-0.016227,219.92,0.68593,liquid
400.0,53.0,940.06,0.0010638,9.5622,9.6638,28.761,65.331,76.424,1521.6,-0.01623,219.95,0.68599,liquid
400.0,54.0,940.11,0.0010637,9.5616,9.6651,28.759,65.329,76.419,1521.8,-0.016232,219.97,0.68605,liquid
400.0,55.0,940.16,0.0010636,9.5609,9.6663,28.758,65.327,76.415,1522.1,-0.016235,220.0,0.68611,liquid
400.0,56.0,940.21,0.0010636,9.5602,9.6675,28.756,65.325,76.41,1522.3,-0.016238,220.03,0.68617,liquid
400.0,57.0,940.26,0.0010635,9.5596,9.6688,28.754,65.323,76.405,1522.6,-0.01624,220.05,0.68623,liquid
400.0,58.0,940.31,0.0010635,9.5589,9.67,28.753,65.32,76.401,1522.8,-0.016243,220.08,0.6863,liquid
400.0,59.0,940.36,0.0010634,9.5582,9.6713,28.751,65.318,76.396,1523.0,-0.016246,220.1,0.68636,liquid
400.0,60.0,940.42,0.0010634,9.5576,9.6725,28.749,65.316,76.392,1523.3,-0.016248,220.13,0.68642,liquid
400.0,61.0,940.47,0.0010633,9.5569,9.6737,28.748,65.314,76.387,1523.5,-0.016251,220.16,0.68648,liquid
400.0,62.0,940.52,0.0010632,9.5562,9.675,28.746,65.312,76.382,1523.7,-0.016254,220.18,0.68654,liquid
400.0,63.0,940.57,0.0010632,9.5556,9.6762,28.744,65.31,76.378,1524.0,-0.016256,220.21,0.6866,liquid
400.0,64.0,940.62,0.0010631,9.5549,9.6775,28.742,65.308,76.373,1524.2,-0.016259,220.23,0.68667,liquid
400.0,65.0,940.67,0.0010631,9.5542,9.6787,28.741,65.306,76.368,1524.5,-0.016261,220.26,0.68673,liquid
400.0,66.0,940.72,0.001063,9.5536,9.6799,28.739,65.304,76.364,1524.7,-0.016264,220.29,0.68679,liquid
400.0,67.0,940.77,0.001063,9.5529,9.6812,28.737,65.302,76.359,1524.9,-0.016267,220.31,0.68685,liquid
400.0,68.0,940.82,0.0010629,9.5522,9.6824,28.736,65.299,76.354,1525.2,-0.016269,220.34,0.68691,liquid
400.0,69.0,940.87,0.0010628,9.5516,9.6837,28.734,65.297,76.35,1525.4,-0.016272,220.36,0.68697,liquid
400.0,70.0,940.92,0.0010628,9.5509,9.6849,28.732,65.295,76.345,1525.6,-0.016274,220.39,0.68703,liquid
400.0,71.0,940.97,0.0010627,9.5502,9.6862,28.731,65.293,76.341,1525.9,-0.016277,220.42,0.6871,liquid
400.0,72.0,941.02,0.0010627,9.5496,9.6874,28.729,65.291,76.336,1526.1,-0.01628,220.44,0.68716,liquid
400.0,73.0,941.07,0.0010626,9.5489,9.6886,28.727,65.289,76.331,1526.3,-0.016282,220.47,0.68722,liquid
400.0,74.0,941.12,0.0010626,9.5482,9.6899,28.726,65.287,76.327,1526.6,-0.016285,220.49,0.68728,liquid
400.0,75.0,941.17,0.0010625,9.5476,9.6911,28.724,65.285,76.322,1526.8,-0.016287,220.52,0.68734,liquid
400.0,76.0,941.22,0.0010625,9.5469,9.6924,28.722,65.283,76.318,1527.1,-0.01629,220.55,0.6874,liquid
400.0,77.0,941.27,0.0010624,9.5462,9.6936,28.721,65.281,76.313,1527.3,-0.016293,220.57,0.68747,liquid
400.0,78.0,941.32,0.0010623,9.5456,9.6949,28.719,65.279,76.309,1527.5,-0.016295,220.6,0.68753,liquid
400.0,79.0,941.37,0.0010623,9.5449,9.6961,28.717,65.276,76.304,1527.8,-0.016298,220.62,0.68759,liquid
400.0,80.0,941.42,0.0010622,9.5443,9.6973,28.716,65.274,76.299,1528.0,-0.0163,220.65,0.68765,liquid
400.0,81.0,941.47,0.0010622,9.5436,9.6986,28.714,65.272,76.295,1528.2,-0.016303,220.67,0.68771,liquid
400.0,82.0,941.52,0.0010621,9.5429,9.6998,28.712,65.27,76.29,1528.5,-0.016306,220.7,0.68777,liquid
400.0,83.0,941.57,0.0010621,9.5423,9.7011,28.711,65.268,76.286,1528.7,-0.016308,220.73,0.68783,liquid
400.0,84.0,941.62,0.001062,9.5416,9.7023,28.709,65.266,76.281,1528.9,-0.016311,220.75,0.6879,liquid
400.0,85.0,941.67,0.0010619,9.541,9.7036,28.707,65.264,76.277,1529.2,-0.016313,220.78,0.68796,liquid
400.0,86.0,941.72,0.0010619,9.5403,9.7048,28.706,65.262,76.272,1529.4,-0.016316,220.8,0.68802,liquid
400.0,87.0,941.77,0.0010618,9.5396,9.7061,28.704,65.26,76.267,1529.6,-0.016318,220.83,0.68808,liquid
400.0,88.0,941.82,0.0010618,9.539,9.7073,28.702,65.258,76.263,1529.9,-0.016321,220.86,0.68814,liquid
400.0,89.0,941.87,0.0010617,9.5383,9.7085,28.701,65.256,76.258,1530.1,-0.016323,220.88,0.6882,liquid
400.0,90.0,941.92,0.0010617,9.5377,9.7098,28.699,65.253,76.254,1530.4,-0.016326,220.91,0.68826,liquid
400.0,91.0,941.97,0.0010616,9.537,9.711,28.697,65.251,76.249,1530.6,-0.016329,220.93,0.68833,liquid
400.0,92.0,942.02,0.0010615,9.5363,9.7123,28.696,65.249,76.245,1530.8,-0.016331,220.96,0.68839,liquid
400.0,93.0,942.07,0.0010615,9.5357,9.7135,28.694,65.247,76.24,1531.1,-0.016334,220.99,0.68845,liquid
400.0,94.0,942.12,0.0010614,9.535,9.7148,28.692,65.245,76.236,1531.3,-0.016336,221.01,0.68851,liquid
400.0,95.0,942.17,0.0010614,9.5344,9.716,28.691,65.243,76.231,1531.5,-0.016339,221.04,0.68857,liquid
400.0,96.0,942.22,0.0010613,9.5337,9.7173,28.689,65.241,76.227,1531.8,-0.016341,221.06,0.68863,liquid
400.0,97.0,942.27,0.0010613,9.5331,9.7185,28.687,65.239,76.222,1532.0,-0.016344,221.09,0.68869,liquid
400.0,98.0,942.32,0.0010612,9.5324,9.7198,28.686,65.237,76.218,1532.2,-0.016346,221.12,0.68875,liquid
400.0,99.0,942.37,0.0010612,9.5317,9.721,28.684,65.235,76.213,1532.5,-0.016349,221.14,0.68882,liquid
400.0,100.0,942.42,0.0010611,9.5311,9.7222,28.682,65.233,76.208,1532.7,-0.016351,221.17,0.68888,liquid
400.0,200.0,947.31,0.0010556,9.4671,9.8474,28.519,65.028,75.772,1555.7,-0.016592,223.73,0.69495,liquid
400.0,300.0,952.05,0.0010504,9.406,9.9736,28.36,64.829,75.364,1577.9,-0.01681,226.27,0.70092,liquid
400.0,400.0,956.65,0.0010453,9.3475,10.101,28.206,64.635,74.981,1599.5,-0.017009,228.77,0.7068,liquid
400.0,500.0,961.12,0.0010404,9.2915,10.229,28.056,64.447,74.62,1620.4,-0.017191,231.24,0.7126,liquid
400.0,600.0,965.47,0.0010358,9.2377,10.357,27.91,64.264,74.28,1640.8,-0.017358,233.7,0.71831,liquid
400.0,700.0,969.71,0.0010312,9.1861,10.487,27.767,64.086,73.958,1660.6,-0.017512,236.13,0.72394,liquid
400.0,800.0,973.85,0.0010269,9.1364,10.616,27.628,63.913,73.652,1680.0,-0.017654,238.54,0.72949,liquid
400.0,900.0,977.88,0.0010226,9.0885,10.747,27.493,63.745,73.362,1698.8,-0.017784,240.94,0.73498,liquid
400.0,1000.0,981.82,0.0010185,9.0423,10.877,27.36,63.582,73.086,1717.3,-0.017905,243.33,0.74039,liquid
400.0,1100.0,985.68,0.0010145,8.9978,11.008,27.229,63.423,72.823,1735.3,-0.018017,245.71,0.74574,liquid
400.0,1200.0,989.45,0.0010107,8.9547,11.14,27.102,63.268,72.572,1753.0,-0.018122,248.07,0.75102,liquid
400.0,1300.0,993.15,0.0010069,8.9131,11.271,26.977,63.118,72.333,1770.3,-0.018219,250.43,0.75624,liquid
400.0,1400.0,996.77,0.0010032,8.8729,11.403,26.854,62.972,72.104,1787.2,-0.018309,252.78,0.7614,liquid
400.0,1500.0,1000.3,0.00099968,8.8339,11.535,26.733,62.83,71.884,1803.9,-0.018393,255.13,0.7665,liquid
400.0,1600.0,1003.8,0.00099622,8.7961,11.668,26.614,62.692,71.674,1820.2,-0.018471,257.47,0.77155,liquid
400.0,1700.0,1007.2,0.00099283,8.7594,11.8,26.497,62.558,71.472,1836.2,-0.018544,259.81,0.77654,liquid
400.0,1800.0,1010.6,0.00098953,8.7239,11.933,26.383,62.427,71.278,1852.0,-0.018613,262.15,0.78148,liquid
400.0,1900.0,1013.9,0.00098631,8.6893,12.065,26.269,62.3,71.092,1867.4,-0.018677,264.48,0.78636,liquid
400.0,2000.0,1017.1,0.00098317,8.6558,12.198,26.158,62.176,70.913,1882.7,-0.018737,266.82,0.7912,liquid
400.0,2100.0,1020.3,0.00098009,8.6232,12.331,26.048,62.056,70.74,1897.6,-0.018793,269.15,0.79599,liquid
400.0,2200.0,1023.5,0.00097708,8.5916,12.464,25.94,61.939,70.574,1912.4,-0.018846,271.49,0.80073,liquid
400.0,2300.0,1026.5,0.00097414,8.5608,12.597,25.833,61.825,70.415,1926.9,-0.018895,273.82,0.80542,liquid
400.0,2400.0,1029.6,0.00097126,8.5308,12.73,25.728,61.714,70.26,1941.2,-0.018941,276.16,0.81007,liquid
400.0,2500.0,1032.6,0.00096844,8.5016,12.863,25.623,61.606,70.111,1955.3,-0.018984,278.5,0.81468,liquid
400.0,2600.0,1035.5,0.00096568,8.4732,12.996,25.521,61.501,69.968,1969.2,-0.019025,280.84,0.81924,liquid
400.0,2700.0,1038.5,0.00096297,8.4455,13.13,25.419,61.398,69.829,1982.9,-0.019063,283.19,0.82376,liquid
400.0,2800.0,1041.3,0.00096031,8.4185,13.263,25.319,61.298,69.695,1996.5,-0.019099,285.54,0.82824,liquid
400.0,2900.0,1044.2,0.00095771,8.3923,13.396,25.22,61.201,69.565,2009.8,-0.019132,287.89,0.83268,liquid
400.0,3000.0,1047.0,0.00095515,8.3666,13.529,25.122,61.107,69.44,2023.0,-0.019163,290.25,0.83707,liquid
400.0,3100.0,1049.7,0.00095264,8.3416,13.662,25.025,61.014,69.319,2036.0,-0.019193,292.61,0.84143,liquid
400.0,3200.0,1052.4,0.00095017,8.3172,13.795,24.929,60.924,69.201,2048.9,-0.01922,294.98,0.84575,liquid
400.0,3300.0,1055.1,0.00094775,8.2934,13.928,24.834,60.837,69.088,2061.6,-0.019246,297.35,0.85003,liquid
400.0,3400.0,1057.8,0.00094537,8.2702,14.061,24.74,60.751,68.978,2074.2,-0.01927,299.73,0.85428,liquid
400.0,3500.0,1060.4,0.00094304,8.2475,14.194,24.647,60.668,68.871,2086.6,-0.019292,302.11,0.85849,liquid
400.0,3600.0,1063.0,0.00094074,8.2254,14.327,24.555,60.586,68.768,2098.9,-0.019313,304.5,0.86266,liquid
400.0,3700.0,1065.6,0.00093847,8.2038,14.459,24.463,60.507,68.667,2111.1,-0.019333,306.89,0.8668,liquid
400.0,3800.0,1068.1,0.00093625,8.1827,14.592,24.373,60.43,68.57,2123.1,-0.019351,309.29,0.8709,liquid
400.0,3900.0,1070.6,0.00093406,8.162,14.725,24.284,60.354,68.476,2135.0,-0.019368,311.7,0.87497,liquid
400.0,4000.0,1073.1,0.00093191,8.1419,14.857,24.195,60.281,68.385,2146.8,-0.019383,314.11,0.879,liquid
400.0,4100.0,1075.5,0.00092978,8.1222,14.99,24.107,60.209,68.296,2158.4,-0.019398,316.53,0.88301,liquid
400.0,4200.0,1077.9,0.0009277,8.1029,15.122,24.02,60.139,68.21,2170.0,-0.019411,318.96,0.88698,liquid
400.0,4300.0,1080.3,0.00092564,8.0841,15.255,23.933,60.07,68.126,2181.4,-0.019424,321.39,0.89091,liquid
400.0,4400.0,1082.7,0.00092361,8.0657,15.387,23.848,60.003,68.045,2192.8,-0.019435,323.83,0.89482,liquid
400.0,4500.0,1085.1,0.00092161,8.0477,15.519,23.763,59.938,67.966,2204.0,-0.019446,326.28,0.89869,liquid
400.0,4600.0,1087.4,0.00091965,8.0301,15.651,23.678,59.874,67.889,2215.1,-0.019455,328.73,0.90254,liquid
400.0,4700.0,1089.7,0.00091771,8.0129,15.783,23.595,59.812,67.814,2226.2,-0.019464,331.19,0.90635,liquid
400.0,4800.0,1092.0,0.00091579,7.9961,15.915,23.512,59.752,67.742,2237.1,-0.019472,333.66,0.91013,liquid
400.0,4900.0,1094.2,0.00091391,7.9796,16.047,23.429,59.692,67.672,2248.0,-0.019479,336.13,0.91388,liquid
400.0,5000.0,1096.4,0.00091204,7.9635,16.179,23.347,59.634,67.603,2258.7,-0.019486,338.61,0.91761,liquid
500.0,0.1,0.043353,23.066,48.665,52.82,162.36,26.937,35.272,549.47,1.9221,17.324,0.035805,vapor
500.0,0.2,0.086741,11.529,48.66,52.813,156.59,26.963,35.318,549.34,1.923,17.321,0.03583,vapor
500.0,0.3,0.13017,7.6825,48.655,52.807,153.21,26.988,35.364,549.21,1.9238,17.318,0.035855,vapor
500.0,0.4,0.17363,5.7595,48.649,52.8,150.81,27.014,35.41,549.08,1.9247,17.315,0.035881,vapor
500.0,0.5,0.21712,4.6057,48.644,52.793,148.94,27.04,35.457,548.96,1.9256,17.313,0.035906,vapor
500.0,0.6,0.26065,3.8365,48.639,52.786,147.41,27.065,35.503,548.83,1.9264,17.31,0.035931,vapor
500.0,0.7,0.30422,3.2871,48.634,52.779,146.12,27.091,35.55,548.7,1.9273,17.307,0.035956,vapor
500.0,0.8,0.34782,2.875,48.629,52.773,145.0,27.118,35.598,548.57,1.9281,17.305,0.035981,vapor
500.0,0.9,0.39146,2.5545,48.624,52.766,144.01,27.144,35.645,548.44,1.9289,17.302,0.036007,vapor
500.0,1.0,0.43514,2.2981,48.619,52.759,143.13,27.17,35.693,548.31,1.9298,17.299,0.036032,vapor
500.0,1.1,0.47885,2.0883,48.613,52.752,142.32,27.197,35.741,548.18,1.9306,17.296,0.036057,vapor
500.0,1.2,0.5226,1.9135,48.608,52.745,141.59,27.223,35.789,548.06,1.9314,17.294,0.036083,vapor
500.0,1.3,0.56639,1.7656,48.603,52.738,140.91,27.25,35.837,547.93,1.9322,17.291,0.036108,vapor
500.0,1.4,0.61021,1.6388,48.598,52.731,140.29,27.277,35.886,547.8,1.933,17.288,0.036133,vapor
500.0,1.5,0.65407,1.5289,48.593,52.724,139.7,27.304,35.935,547.67,1.9338,17.285,0.036159,vapor
500.0,1.6,0.69797,1.4327,48.587,52.717,139.16,27.331,35.984,547.54,1.9346,17.283,0.036184,vapor
500.0,1.7,0.74191,1.3479,48.582,52.71,138.64,27.359,36.034,547.41,1.9353,17.28,0.03621,vapor
500.0,1.8,0.78588,1.2725,48.577,52.703,138.16,27.386,36.083,547.28,1.9361,17.277,0.036236,vapor
500.0,1.9,0.82989,1.205,48.572,52.696,137.7,27.413,36.133,547.14,1.9368,17.275,0.036261,vapor
500.0,2.0,0.87394,1.1442,48.566,52.689,137.26,27.441,36.183,547.01,1.9376,17.272,0.036287,vapor
500.0,2.1,0.91802,1.0893,48.561,52.682,136.84,27.469,36.233,546.88,1.9383,17.269,0.036313,vapor
500.0,2.2,0.96214,1.0393,48.556,52.675,136.45,27.497,36.284,546.75,1.9391,17.266,0.036338,vapor
500.0,2.3,1.0063,0.99373,48.551,52.668,136.06,27.525,36.335,546.62,1.9398,17.264,0.036364,vapor
500.0,2.4,1.0505,0.95192,48.545,52.661,135.7,27.553,36.386,546.49,1.9405,17.261,0.03639,vapor
500.0,2.5,1.0947,0.91346,48.54,52.654,135.35,27.581,36.437,546.35,1.9412,17.258,0.036416,vapor
500.0,2.6,1.139,0.87795,48.535,52.647,135.01,27.61,36.489,546.22,1.9419,17.256,0.036442,vapor
500.0,2.7,1.1833,0.84507,48.529,52.64,134.69,27.638,36.541,546.09,1.9426,17.253,0.036468,vapor
500.0,2.8,1.2277,0.81454,48.524,52.633,134.38,27.667,36.593,545.96,1.9433,17.25,0.036494,vapor
500.0,2.9,1.2721,0.78611,48.519,52.626,134.07,27.696,36.645,545.82,1.944,17.247,0.03652,vapor
500.0,3.0,1.3165,0.75958,48.513,52.619,133.78,27.725,36.698,545.69,1.9446,17.245,0.036546,vapor
500.0,3.1,1.361,0.73476,48.508,52.611,133.5,27.754,36.75,545.56,1.9453,17.242,0.036572,vapor
500.0,3.2,1.4055,0.71149,48.503,52.604,133.22,27.783,36.804,545.42,1.9459,17.239,0.036598,vapor
500.0,3.3,1.45,0.68963,48.497,52.597,132.96,27.812,36.857,545.29,1.9466,17.236,0.036624,vapor
500.0,3.4,1.4946,0.66906,48.492,52.59,132.7,27.841,36.911,545.15,1.9472,17.234,0.03665,vapor
500.0,3.5,1.5393,0.64966,48.486,52.583,132.44,27.871,36.964,545.02,1.9479,17.231,0.036676,vapor
500.0,3.6,1.5839,0.63134,48.481,52.575,132.2,27.901,37.018,544.88,1.9485,17.228,0.036703,vapor
500.0,3.7,1.6286,0.61401,48.475,52.568,131.96,27.931,37.073,544.75,1.9491,17.226,0.036729,vapor
500.0,3.8,1.6734,0.59759,48.47,52.561,131.73,27.961,37.127,544.61,1.9497,17.223,0.036755,vapor
500.0,3.9,1.7182,0.58201,48.465,52.554,131.5,27.991,37.182,544.48,1.9503,17.22,0.036782,vapor
500.0,4.0,1.763,0.56721,48.459,52.547,131.28,28.021,37.237,544.34,1.9509,17.217,0.036808,vapor
500.0,4.1,1.8079,0.55314,48.454,52.539,131.06,28.051,37.293,544.21,1.9515,17.215,0.036835,vapor
500.0,4.2,1.8528,0.53973,48.448,52.532,130.85,28.082,37.348,544.07,1.9521,17.212,0.036861,vapor
500.0,4.3,1.8977,0.52694,48.443,52.525,130.64,28.112,37.404,543.93,1.9527,17.209,0.036888,vapor
500.0,4.4,1.9427,0.51474,48.437,52.517,130.44,28.143,37.461,543.8,1.9532,17.207,0.036914,vapor
500.0,4.5,1.9878,0.50308,48.432,52.51,130.24,28.174,37.517,543.66,1.9538,17.204,0.036941,vapor
500.0,4.6,2.0328,0.49192,48.426,52.503,130.05,28.205,37.574,543.52,1.9543,17.201,0.036968,vapor
500.0,4.7,2.0779,0.48124,48.421,52.495,129.86,28.236,37.631,543.39,1.9549,17.198,0.036994,vapor
500.0,4.8,2.1231,0.47101,48.415,52.488,129.67,28.267,37.688,543.25,1.9554,17.196,0.037021,vapor
500.0,4.9,2.1683,0.46119,48.409,52.481,129.49,28.299,37.746,543.11,1.9559,17.193,0.037048,vapor
500.0,5.0,2.2135,0.45176,48.404,52.473,129.31,28.33,37.803,542.97,1.9565,17.19,0.037075,vapor
500.0,5.1,2.2588,0.44271,48.398,52.466,129.14,28.362,37.861,542.83,1.957,17.187,0.037101,vapor
500.0,5.2,2.3041,0.434,48.393,52.458,128.96,28.394,37.92,542.7,1.9575,17.185,0.037128,vapor
500.0,5.3,2.3495,0.42562,48.387,52.451,128.79,28.426,37.978,542.56,1.958,17.182,0.037155,vapor
500.0,5.4,2.3949,0.41755,48.382,52.444,128.63,28.458,38.037,542.42,1.9585,17.179,0.037182,vapor
500.0,5.5,2.4404,0.40977,48.376,52.436,128.46,28.49,38.096,542.28,1.959,17.177,0.037209,vapor
500.0,5.6,2.4859,0.40227,48.37,52.429,128.3,28.522,38.156,542.14,1.9595,17.174,0.037236,vapor
500.0,5.7,2.5314,0.39504,48.365,52.421,128.14,28.555,38.216,542.0,1.9599,17.171,0.037264,vapor
500.0,5.8,2.577,0.38805,48.359,52.414,127.99,28.587,38.276,541.86,1.9604,17.168,0.037291,vapor
500.0,5.9,2.6226,0.3813,48.353,52.406,127.83,28.62,38.336,541.72,1.9609,17.166,0.037318,vapor
500.0,6.0,2.6683,0.37477,48.348,52.399,127.68,28.653,38.396,541.58,1.9613,17.163,0.037345,vapor
500.0,6.1,2.714,0.36846,48.342,52.391,127.53,28.686,38.457,541.44,1.9618,17.16,0.037373,vapor
500.0,6.2,2.7597,0.36235,48.336,52.384,127.39,28.719,38.518,541.3,1.9622,17.157,0.0374,vapor
500.0,6.3,2.8055,0.35644,48.331,52.376,127.24,28.752,38.58,541.15,1.9626,17.155,0.037427,vapor
500.0,6.4,2.8514,0.35071,48.325,52.368,127.1,28.786,38.641,541.01,1.9631,17.152,0.037455,vapor
500.0,6.5,2.8973,0.34515,48.319,52.361,126.96,28.819,38.703,540.87,1.9635,17.149,0.037482,vapor
500.0,6.6,2.9432,0.33977,48.313,52.353,126.82,28.853,38.766,540.73,1.9639,17.147,0.03751,vapor
500.0,6.7,2.9892,0.33454,48.308,52.346,126.68,28.887,38.828,540.59,1.9643,17.144,0.037537,vapor
500.0,6.8,3.0352,0.32947,48.302,52.338,126.55,28.921,38.891,540.44,1.9647,17.141,0.037565,vapor
500.0,6.9,3.0812,0.32454,48.296,52.33,126.42,28.955,38.954,540.3,1.9651,17.138,0.037593,vapor
500.0,7.0,3.1274,0.31976,48.29,52.323,126.28,28.989,39.018,540.16,1.9655,17.136,0.03762,vapor
500.0,7.1,3.1735,0.31511,48.284,52.315,126.15,29.023,39.081,540.01,1.9658,17.133,0.037648,vapor
500.0,7.2,3.2197,0.31059,48.279,52.307,126.03,29.058,39.145,539.87,1.9662,17.13,0.037676,vapor
500.0,7.3,3.2659,0.30619,48.273,52.3,125.9,29.093,39.21,539.73,1.9666,17.127,0.037704,vapor
500.0,7.4,3.3122,0.30191,48.267,52.292,125.78,29.127,39.274,539.58,1.9669,17.125,0.037731,vapor
500.0,7.5,3.3586,0.29775,48.261,52.284,125.65,29.162,39.339,539.44,1.9673,17.122,0.037759,vapor
500.0,7.6,3.405,0.29369,48.255,52.276,125.53,29.198,39.405,539.29,1.9676,17.119,0.037787,vapor
500.0,7.7,3.4514,0.28974,48.249,52.269,125.41,29.233,39.47,539.15,1.968,17.117,0.037815,vapor
500.0,7.8,3.4978,0.28589,48.244,52.261,125.29,29.268,39.536,539.0,1.9683,17.114,0.037843,vapor
500.0,7.9,3.5444,0.28214,48.238,52.253,125.17,29.304,39.602,538.86,1.9686,17.111,0.037872,vapor
500.0,8.0,3.5909,0.27848,48.232,52.245,125.06,29.339,39.669,538.71,1.969,17.108,0.0379,vapor
500.0,8.1,3.6375,0.27491,48.226,52.237,124.94,29.375,39.735,538.57,1.9693,17.106,0.037928,vapor
500.0,8.2,3.6842,0.27143,48.22,52.23,124.83,29.411,39.802,538.42,1.9696,17.103,0.037956,vapor
500.0,8.3,3.7309,0.26803,48.214,52.222,124.71,29.447,39.87,538.27,1.9699,17.1,0.037984,vapor
500.0,8.4,3.7777,0.26471,48.208,52.214,124.6,29.483,39.938,538.13,1.9702,17.097,0.038013,vapor
500.0,8.5,3.8245,0.26147,48.202,52.206,124.49,29.52,40.006,537.98,1.9705,17.095,0.038041,vapor
500.0,8.6,3.8713,0.25831,48.196,52.198,124.38,29.556,40.074,537.83,1.9708,17.092,0.03807,vapor
500.0,8.7,3.9182,0.25522,48.19,52.19,124.27,29.593,40.143,537.68,1.971,17.089,0.038098,vapor
500.0,8.8,3.9652,0.2522,48.184,52.182,124.17,29.63,40.212,537.54,1.9713,17.086,0.038127,vapor
500.0,8.9,4.0121,0.24924,48.178,52.174,124.06,29.667,40.281,537.39,1.9716,17.084,0.038155,vapor
500.0,9.0,4.0592,0.24635,48.172,52.166,123.95,29.704,40.351,537.24,1.9718,17.081,0.038184,vapor
500.0,9.1,4.1063,0.24353,48.166,52.158,123.85,29.741,40.421,537.09,1.9721,17.078,0.038212,vapor
500.0,9.2,4.1534,0.24077,48.16,52.15,123.75,29.779,40.491,536.94,1.9723,17.075,0.038241,vapor
500.0,9.3,4.2006,0.23806,48.154,52.142,123.64,29.817,40.561,536.79,1.9726,17.073,0.03827,vapor
500.0,9.4,4.2478,0.23541,48.148,52.134,123.54,29.854,40.632,536.64,1.9728,17.07,0.038299,vapor
500.0,9.5,4.2951,0.23282,48.142,52.126,123.44,29.892,40.704,536.49,1.973,17.067,0.038328,vapor
500.0,9.6,4.3425,0.23028,48.136,52.118,123.34,29.93,40.775,536.34,1.9733,17.065,0.038357,vapor
500.0,9.7,4.3898,0.2278,48.13,52.11,123.24,29.969,40.847,536.19,1.9735,17.062,0.038386,vapor
500.0,9.8,4.4373,0.22536,48.123,52.102,123.15,30.007,40.92,536.04,1.9737,17.059,0.038415,vapor
500.0,9.9,4.4848,0.22298,48.117,52.094,123.05,30.045,40.992,535.89,1.9739,17.056,0.038444,vapor
500.0,10.0,4.5323,0.22064,48.111,52.086,122.95,30.084,41.065,535.74,1.9741,17.054,0.038473,vapor
500.0,11.0,5.0104,0.19958,48.049,52.004,122.03,30.48,41.815,534.21,1.9758,17.026,0.038767,vapor
500.0,12.0,5.4938,0.18202,47.986,51.921,121.18,30.893,42.602,532.65,1.977,16.999,0.039066,vapor
500.0,13.0,5.9826,0.16715,47.921,51.836,120.38,31.324,43.43,531.06,1.9776,16.971,0.039371,vapor
500.0,14.0,6.4771,0.15439,47.855,51.749,119.63,31.775,44.301,529.43,1.9778,16.944,0.039682,vapor
500.0,15.0,6.9775,0.14332,47.788,51.661,118.92,32.248,45.221,527.77,1.9776,16.916,0.039999,vapor
500.0,16.0,7.4841,0.13362,47.719,51.57,118.24,32.745,46.194,526.06,1.977,16.888,0.040323,vapor
500.0,17.0,7.9972,0.12504,47.648,51.478,117.59,33.271,47.227,524.32,1.9759,16.86,0.040653,vapor
500.0,18.0,8.5169,0.11741,47.576,51.383,116.96,33.828,48.328,522.52,1.9745,16.832,0.040991,vapor
500.0,19.0,9.0438,0.11057,47.502,51.287,116.36,34.423,49.507,520.68,1.9728,16.804,0.041336,vapor
500.0,20.0,9.5781,0.10441,47.426,51.188,115.77,35.061,50.776,518.77,1.9706,16.776,0.04169,vapor
500.0,21.0,10.12,0.098813,47.348,51.087,115.21,35.752,52.149,516.8,1.9681,16.748,0.042052,vapor
500.0,22.0,10.671,0.093716,47.268,50.983,114.65,36.504,53.646,514.75,1.9651,16.72,0.042425,vapor
500.0,23.0,11.23,0.08905,47.186,50.876,114.11,37.33,55.288,512.61,1.9617,16.691,0.042807,vapor
500.0,24.0,11.798,0.08476,47.101,50.766,113.57,38.246,57.105,510.38,1.9576,16.663,0.043201,vapor
500.0,25.0,12.376,0.0808,47.013,50.652,113.05,39.27,59.132,508.03,1.9529,16.634,0.043608,vapor
500.0,26.0,12.965,0.07713,46.922,50.535,112.53,40.425,61.413,505.56,1.9474,16.605,0.044028,vapor
500.0,26.392,13.199,0.075764,46.885,50.487,112.33,40.92,62.388,504.55,1.945,16.594,0.044197,vapor
500.0,26.392,831.31,0.0012029,17.515,17.573,46.498,58.109,84.013,1239.6,-0.0045781,117.9,0.63944,liquid
500.0,27.0,831.37,0.0012028,17.514,17.573,46.496,58.108,84.004,1239.8,-0.0045877,117.91,0.6395,liquid
500.0,28.0,831.46,0.0012027,17.513,17.573,46.492,58.107,83.988,1240.3,-0.0046036,117.94,0.63959,liquid
500.0,29.0,831.56,0.0012026,17.511,17.574,46.489,58.106,83.972,1240.7,-0.0046195,117.97,0.63969,liquid
500.0,30.0,831.65,0.0012024,17.509,17.574,46.485,58.104,83.956,1241.2,-0.0046353,117.99,0.63978,liquid
500.0,31.0,831.75,0.0012023,17.507,17.574,46.482,58.103,83.94,1241.6,-0.0046511,118.02,0.63988,liquid
500.0,32.0,831.84,0.0012022,17.506,17.575,46.478,58.102,83.924,1242.0,-0.0046669,118.05,0.63998,liquid
500.0,33.0,831.93,0.001202,17.504,17.575,46.475,58.101,83.908,1242.5,-0.0046826,118.07,0.64007,liquid
500.0,34.0,832.03,0.0012019,17.502,17.576,46.471,58.1,83.892,1242.9,-0.0046983,118.1,0.64017,liquid
500.0,35.0,832.12,0.0012017,17.5,17.576,46.468,58.099,83.876,1243.4,-0.004714,118.13,0.64026,liquid
500.0,36.0,832.21,0.0012016,17.498,17.576,46.464,58.098,83.861,1243.8,-0.0047296,118.15,0.64036,liquid
500.0,37.0,832.31,0.0012015,17.497,17.577,46.461,58.097,83.845,1244.3,-0.0047452,118.18,0.64046,liquid
500.0,38.0,832.4,0.0012013,17.495,17.577,46.457,58.095,83.829,1244.7,-0.0047608,118.21,0.64055,liquid
500.0,39.0,832.49,0.0012012,17.493,17.578,46.454,58.094,83.813,1245.1,-0.0047763,118.23,0.64065,liquid
500.0,40.0,832.59,0.0012011,17.491,17.578,46.45,58.093,83.798,1245.6,-0.0047918,118.26,0.64074,liquid
500.0,41.0,832.68,0.0012009,17.49,17.578,46.446,58.092,83.782,1246.0,-0.0048073,118.29,0.64084,liquid
500.0,42.0,832.77,0.0012008,17.488,17.579,46.443,58.091,83.767,1246.5,-0.0048227,118.31,0.64093,liquid
500.0,43.0,832.86,0.0012007,17.486,17.579,46.439,58.09,83.751,1246.9,-0.0048382,118.34,0.64103,liquid
500.0,44.0,832.96,0.0012005,17.484,17.58,46.436,58.089,83.735,1247.3,-0.0048535,118.37,0.64112,liquid
500.0,45.0,833.05,0.0012004,17.483,17.58,46.432,58.088,83.72,1247.8,-0.0048689,118.39,0.64122,liquid
500.0,46.0,833.14,0.0012003,17.481,17.58,46.429,58.086,83.704,1248.2,-0.0048842,118.42,0.64132,liquid
500.0,47.0,833.24,0.0012001,17.479,17.581,46.425,58.085,83.689,1248.7,-0.0048995,118.45,0.64141,liquid
500.0,48.0,833.33,0.0012,17.477,17.581,46.422,58.084,83.674,1249.1,-0.0049148,118.47,0.64151,liquid
500.0,49.0,833.42,0.0011999,17.476,17.582,46.418,58.083,83.658,1249.5,-0.00493,118.5,0.6416,liquid
500.0,50.0,833.51,0.0011997,17.474,17.582,46.415,58.082,83.643,1250.0,-0.0049452,118.53,0.6417,liquid
500.0,51.0,833.6,0.0011996,17.472,17.582,46.411,58.081,83.628,1250.4,-0.0049604,118.55,0.64179,liquid
500.0,52.0,833.7,0.0011995,17.471,17.583,46.408,58.08,83.612,1250.8,-0.0049755,118.58,0.64189,liquid
500.0,53.0,833.79,0.0011993,17.469,17.583,46.404,58.079,83.597,1251.3,-0.0049907,118.61,0.64198,liquid
500.0,54.0,833.88,0.0011992,17.467,17.584,46.401,58.078,83.582,1251.7,-0.0050057,118.63,0.64208,liquid
500.0,55.0,833.97,0.0011991,17.465,17.584,46.397,58.077,83.567,1252.1,-0.0050208,118.66,0.64217,liquid
500.0,56.0,834.06,0.0011989,17.464,17.585,46.394,58.075,83.551,1252.6,-0.0050358,118.68,0.64227,liquid
500.0,57.0,834.16,0.0011988,17.462,17.585,46.39,58.074,83.536,1253.0,-0.0050508,118.71,0.64236,liquid
500.0,58.0,834.25,0.0011987,17.46,17.585,46.387,58.073,83.521,1253.4,-0.0050658,118.74,0.64246,liquid
500.0,59.0,834.34,0.0011986,17.458,17.586,46.384,58.072,83.506,1253.9,-0.0050807,118.76,0.64255,liquid
500.0,60.0,834.43,0.0011984,17.457,17.586,46.38,58.071,83.491,1254.3,-0.0050956,118.79,0.64265,liquid
500.0,61.0,834.52,0.0011983,17.455,17.587,46.377,58.07,83.476,1254.7,-0.0051105,118.82,0.64274,liquid
500.0,62.0,834.61,0.0011982,17.453,17.587,46.373,58.069,83.461,1255.2,-0.0051253,118.84,0.64284,liquid
500.0,63.0,834.7,0.001198,17.452,17.588,46.37,58.068,83.446,1255.6,-0.0051402,118.87,0.64293,liquid
500.0,64.0,834.79,0.0011979,17.45,17.588,46.366,58.067,83.431,1256.0,-0.005155,118.89,0.64303,liquid
500.0,65.0,834.89,0.0011978,17.448,17.588,46.363,58.066,83.416,1256.5,-0.0051697,118.92,0.64312,liquid
500.0,66.0,834.98,0.0011976,17.446,17.589,46.359,58.065,83.401,1256.9,-0.0051845,118.95,0.64321,liquid
500.0,67.0,835.07,0.0011975,17.445,17.589,46.356,58.063,83.386,1257.3,-0.0051992,118.97,0.64331,liquid
500.0,68.0,835.16,0.0011974,17.443,17.59,46.352,58.062,83.371,1257.8,-0.0052138,119.0,0.6434,liquid
500.0,69.0,835.25,0.0011972,17.441,17.59,46.349,58.061,83.357,1258.2,-0.0052285,119.03,0.6435,liquid
500.0,70.0,835.34,0.0011971,17.44,17.591,46.346,58.06,83.342,1258.6,-0.0052431,119.05,0.64359,liquid
500.0,71.0,835.43,0.001197,17.438,17.591,46.342,58.059,83.327,1259.0,-0.0052577,119.08,0.64369,liquid
500.0,72.0,835.52,0.0011969,17.436,17.591,46.339,58.058,83.312,1259.5,-0.0052723,119.1,0.64378,liquid
500.0,73.0,835.61,0.0011967,17.435,17.592,46.335,58.057,83.298,1259.9,-0.0052868,119.13,0.64388,liquid
500.0,74.0,835.7,0.0011966,17.433,17.592,46.332,58.056,83.283,1260.3,-0.0053013,119.16,0.64397,liquid
500.0,75.0,835.79,0.0011965,17.431,17.593,46.328,58.055,83.268,1260.7,-0.0053158,119.18,0.64406,liquid
500.0,76.0,835.88,0.0011963,17.429,17.593,46.325,58.054,83.254,1261.2,-0.0053302,119.21,0.64416,liquid
500.0,77.0,835.97,0.0011962,17.428,17.594,46.322,58.053,83.239,1261.6,-0.0053447,119.23,0.64425,liquid
500.0,78.0,836.06,0.0011961,17.426,17.594,46.318,58.052,83.224,1262.0,-0.0053591,119.26,0.64435,liquid
500.0,79.0,836.15,0.001196,17.424,17.595,46.315,58.05,83.21,1262.4,-0.0053734,119.29,0.64444,liquid
500.0,80.0,836.24,0.0011958,17.423,17.595,46.311,58.049,83.195,1262.9,-0.0053878,119.31,0.64453,liquid
500.0,81.0,836.33,0.0011957,17.421,17.595,46.308,58.048,83.181,1263.3,-0.0054021,119.34,0.64463,liquid
500.0,82.0,836.42,0.0011956,17.419,17.596,46.304,58.047,83.166,1263.7,-0.0054164,119.36,0.64472,liquid
500.0,83.0,836.51,0.0011954,17.418,17.596,46.301,58.046,83.152,1264.1,-0.0054306,119.39,0.64482,liquid
500.0,84.0,836.6,0.0011953,17.416,17.597,46.298,58.045,83.138,1264.6,-0.0054449,119.42,0.64491,liquid
500.0,85.0,836.69,0.0011952,17.414,17.597,46.294,58.044,83.123,1265.0,-0.0054591,119.44,0.645,liquid
500.0,86.0,836.78,0.0011951,17.413,17.598,46.291,58.043,83.109,1265.4,-0.0054733,119.47,0.6451,liquid
500.0,87.0,836.87,0.0011949,17.411,17.598,46.287,58.042,83.094,1265.8,-0.0054874,119.49,0.64519,liquid
500.0,88.0,836.96,0.0011948,17.409,17.599,46.284,58.041,83.08,1266.3,-0.0055016,119.52,0.64529,liquid
500.0,89.0,837.05,0.0011947,17.408,17.599,46.281,58.04,83.066,1266.7,-0.0055157,119.54,0.64538,liquid
500.0,90.0,837.14,0.0011945,17.406,17.6,46.277,58.039,83.052,1267.1,-0.0055297,119.57,0.64547,liquid
500.0,91.0,837.23,0.0011944,17.404,17.6,46.274,58.038,83.037,1267.5,-0.0055438,119.6,0.64557,liquid
500.0,92.0,837.32,0.0011943,17.403,17.6,46.271,58.037,83.023,1267.9,-0.0055578,119.62,0.64566,liquid
500.0,93.0,837.4,0.0011942,17.401,17.601,46.267,58.036,83.009,1268.4,-0.0055718,119.65,0.64575,liquid
500.0,94.0,837.49,0.001194,17.399,17.601,46.264,58.035,82.995,1268.8,-0.0055858,119.67,0.64585,liquid
500.0,95.0,837.58,0.0011939,17.398,17.602,46.26,58.034,82.981,1269.2,-0.0055997,119.7,0.64594,liquid
500.0,96.0,837.67,0.0011938,17.396,17.602,46.257,58.032,82.967,1269.6,-0.0056136,119.73,0.64603,liquid
500.0,97.0,837.76,0.0011937,17.394,17.603,46.254,58.031,82.952,1270.0,-0.0056275,119.75,0.64613,liquid
500.0,98.0,837.85,0.0011935,17.393,17.603,46.25,58.03,82.938,1270.4,-0.0056414,119.78,0.64622,liquid
500.0,99.0,837.94,0.0011934,17.391,17.604,46.247,58.029,82.924,1270.9,-0.0056552,119.8,0.64631,liquid
500.0,100.0,838.02,0.0011933,17.389,17.604,46.244,58.028,82.91,1271.3,-0.005669,119.83,0.64641,liquid
500.0,200.0,846.53,0.0011813,17.231,17.656,45.92,57.929,81.623,1311.3,-0.0069326,122.33,0.65557,liquid
500.0,300.0,854.45,0.0011703,17.084,17.717,45.617,57.838,80.523,1348.3,-0.008002,124.73,0.66442,liquid
500.0,400.0,861.88,0.0011603,16.948,17.785,45.333,57.753,79.565,1382.9,-0.0089212,127.04,0.673,liquid
500.0,500.0,868.88,0.0011509,16.822,17.858,45.064,57.673,78.722,1415.4,-0.0097214,129.26,0.68135,liquid
500.0,600.0,875.52,0.0011422,16.703,17.937,44.809,57.597,77.97,1446.2,-0.010425,131.43,0.68948,liquid
500.0,700.0,881.84,0.001134,16.591,18.021,44.566,57.525,77.294,1475.4,-0.011049,133.53,0.69743,liquid
500.0,800.0,887.88,0.0011263,16.485,18.108,44.333,57.455,76.68,1503.3,-0.011608,135.59,0.7052,liquid
500.0,900.0,893.66,0.001119,16.384,18.199,44.11,57.389,76.121,1530.0,-0.01211,137.6,0.7128,liquid
500.0,1000.0,899.21,0.0011121,16.289,18.292,43.895,57.324,75.607,1555.7,-0.012564,139.57,0.72025,liquid
500.0,1100.0,904.57,0.0011055,16.198,18.389,43.688,57.262,75.133,1580.4,-0.012976,141.51,0.72753,liquid
500.0,1200.0,909.73,0.0010992,16.111,18.487,43.489,57.202,74.694,1604.2,-0.013353,143.42,0.7345,liquid
500.0,1300.0,914.72,0.0010932,16.028,18.588,43.295,57.144,74.285,1627.1,-0.013699,145.3,0.74171,liquid
500.0,1400.0,919.55,0.0010875,15.948,18.691,43.108,57.087,73.903,1649.4,-0.014017,147.15,0.74881,liquid
500.0,1500.0,924.24,0.001082,15.871,18.795,42.926,57.032,73.546,1671.0,-0.01431,148.98,0.7558,liquid
500.0,1600.0,928.79,0.0010767,15.798,18.901,42.749,56.979,73.21,1691.9,-0.014581,150.79,0.7627,liquid
500.0,1700.0,933.22,0.0010716,15.727,19.008,42.577,56.927,72.893,1712.3,-0.014833,152.58,0.76949,liquid
500.0,1800.0,937.53,0.0010666,15.658,19.117,42.409,56.877,72.594,1732.1,-0.015067,154.35,0.7762,liquid
500.0,1900.0,941.73,0.0010619,15.593,19.227,42.246,56.828,72.312,1751.4,-0.015285,156.1,0.78282,liquid
500.0,2000.0,945.83,0.0010573,15.529,19.338,42.086,56.78,72.043,1770.3,-0.015489,157.84,0.78936,liquid
500.0,2100.0,949.83,0.0010528,15.467,19.45,41.93,56.733,71.789,1788.7,-0.01568,159.57,0.79581,liquid
500.0,2200.0,953.74,0.0010485,15.408,19.563,41.777,56.688,71.546,1806.6,-0.015859,161.28,0.8022,liquid
500.0,2300.0,957.56,0.0010443,15.35,19.677,41.628,56.644,71.315,1824.2,-0.016026,162.97,0.8085,liquid
500.0,2400.0,961.31,0.0010402,15.294,19.792,41.482,56.6,71.095,1841.4,-0.016184,164.66,0.81474,liquid
500.0,2500.0,964.97,0.0010363,15.24,19.907,41.339,56.558,70.884,1858.3,-0.016333,166.34,0.82091,liquid
500.0,2600.0,968.57,0.0010325,15.188,20.023,41.198,56.517,70.682,1874.8,-0.016473,168.0,0.82702,liquid
500.0,2700.0,972.09,0.0010287,15.136,20.14,41.06,56.477,70.489,1890.9,-0.016605,169.66,0.83306,liquid
500.0,2800.0,975.55,0.0010251,15.087,20.258,40.925,56.438,70.303,1906.8,-0.01673,171.31,0.83904,liquid
500.0,2900.0,978.95,0.0010215,15.039,20.375,40.792,56.4,70.125,1922.4,-0.016848,172.94,0.84496,liquid
500.0,3000.0,982.28,0.001018,14.992,20.494,40.662,56.363,69.954,1937.7,-0.01696,174.57,0.85082,liquid
500.0,3100.0,985.56,0.0010147,14.946,20.613,40.533,56.326,69.789,1952.8,-0.017066,176.2,0.85663,liquid
500.0,3200.0,988.78,0.0010113,14.902,20.732,40.407,56.291,69.631,1967.6,-0.017166,177.81,0.86238,liquid
500.0,3300.0,991.95,0.0010081,14.858,20.852,40.282,56.256,69.478,1982.1,-0.017262,179.42,0.86808,liquid
500.0,3400.0,995.07,0.001005,14.816,20.972,40.16,56.222,69.331,1996.4,-0.017352,181.02,0.87372,liquid
500.0,3500.0,998.14,0.0010019,14.775,21.092,40.039,56.189,69.188,2010.5,-0.017438,182.62,0.87931,liquid
500.0,3600.0,1001.2,0.00099884,14.735,21.213,39.921,56.156,69.051,2024.4,-0.01752,184.21,0.88485,liquid
500.0,3700.0,1004.1,0.00099588,14.696,21.334,39.803,56.124,68.918,2038.1,-0.017598,185.79,0.89034,liquid
500.0,3800.0,1007.1,0.00099298,14.658,21.456,39.688,56.093,68.79,2051.6,-0.017673,187.37,0.89579,liquid
500.0,3900.0,1010.0,0.00099013,14.621,21.577,39.574,56.063,68.665,2064.9,-0.017743,188.94,0.90119,liquid
500.0,4000.0,1012.8,0.00098734,14.584,21.699,39.462,56.033,68.545,2078.0,-0.017811,190.5,0.90654,liquid
500.0,4100.0,1015.6,0.00098461,14.549,21.822,39.351,56.004,68.428,2091.0,-0.017875,192.07,0.91184,liquid
500.0,4200.0,1018.4,0.00098193,14.514,21.944,39.242,55.976,68.315,2103.8,-0.017937,193.62,0.9171,liquid
500.0,4300.0,1021.1,0.00097929,14.481,22.067,39.134,55.948,68.206,2116.4,-0.017995,195.17,0.92231,liquid
500.0,4400.0,1023.9,0.0009767,14.447,22.19,39.027,55.921,68.099,2128.9,-0.018051,196.72,0.92749,liquid
500.0,4500.0,1026.5,0.00097416,14.415,22.313,38.921,55.894,67.996,2141.2,-0.018105,198.26,0.93262,liquid
500.0,4600.0,1029.2,0.00097167,14.383,22.436,38.817,55.868,67.896,2153.4,-0.018156,199.8,0.9377,liquid
500.0,4700.0,1031.8,0.00096921,14.353,22.559,38.714,55.843,67.799,2165.4,-0.018205,201.34,0.94275,liquid
500.0,4800.0,1034.3,0.0009668,14.322,22.683,38.613,55.818,67.704,2177.3,-0.018252,202.87,0.94775,liquid
500.0,4900.0,1036.9,0.00096443,14.293,22.806,38.512,55.793,67.612,2189.1,-0.018296,204.39,0.95272,liquid
500.0,5000.0,1039.4,0.0009621,14.264,22.93,38.412,55.769,67.522,2200.7,-0.018339,205.91,0.95764,liquid
600.0,0.1,0.03612,27.686,51.412,56.4,168.89,28.02,36.344,599.19,1.056,21.432,0.046291,vapor
600.0,0.2,0.072254,13.84,51.41,56.396,163.12,28.029,36.362,599.13,1.0561,21.432,0.046306,vapor
600.0,0.3,0.1084,9.2248,51.407,56.392,159.74,28.038,36.381,599.06,1.0562,21.431,0.04632,vapor
600.0,0.4,0.14457,6.9172,51.404,56.389,157.35,28.047,36.4,599.0,1.0563,21.43,0.046335,vapor
600.0,0.5,0.18075,5.5327,51.401,56.385,155.49,28.057,36.418,598.93,1.0563,21.429,0.04635,vapor
600.0,0.6,0.21694,4.6096,51.398,56.381,153.97,28.066,36.437,598.87,1.0564,21.428,0.046365,vapor
600.0,0.7,0.25314,3.9503,51.395,56.377,152.68,28.075,36.456,598.8,1.0565,21.427,0.046379,vapor
600.0,0.8,0.28937,3.4558,51.393,56.373,151.56,28.084,36.475,598.74,1.0566,21.426,0.046394,vapor
600.0,0.9,0.3256,3.0712,51.39,56.369,150.58,28.094,36.494,598.67,1.0566,21.425,0.046409,vapor
600.0,1.0,0.36185,2.7635,51.387,56.365,149.7,28.103,36.513,598.61,1.0567,21.425,0.046424,vapor
600.0,1.1,0.39812,2.5118,51.384,56.362,148.9,28.112,36.532,598.54,1.0568,21.424,0.046439,vapor
600.0,1.2,0.4344,2.302,51.381,56.358,148.17,28.122,36.551,598.48,1.0569,21.423,0.046454,vapor
600.0,1.3,0.4707,2.1245,51.378,56.354,147.5,28.131,36.57,598.41,1.0569,21.422,0.046468,vapor
600.0,1.4,0.50701,1.9724,51.375,56.35,146.88,28.14,36.589,598.35,1.057,21.421,0.046483,vapor
600.0,1.5,0.54333,1.8405,51.373,56.346,146.3,28.15,36.608,598.28,1.0571,21.42,0.046498,vapor
600.0,1.6,0.57967,1.7251,51.37,56.342,145.76,28.159,36.627,598.21,1.0572,21.419,0.046513,vapor
600.0,1.7,0.61603,1.6233,51.367,56.338,145.25,28.169,36.646,598.15,1.0572,21.419,0.046528,vapor
600.0,1.8,0.65239,1.5328,51.364,56.334,144.77,28.178,36.665,598.08,1.0573,21.418,0.046543,vapor
600.0,1.9,0.68878,1.4518,51.361,56.331,144.32,28.187,36.685,598.02,1.0574,21.417,0.046558,vapor
600.0,2.0,0.72518,1.379,51.358,56.327,143.89,28.197,36.704,597.95,1.0574,21.416,0.046573,vapor
600.0,2.1,0.76159,1.313,51.355,56.323,143.48,28.206,36.723,597.89,1.0575,21.415,0.046588,vapor
600.0,2.2,0.79802,1.2531,51.352,56.319,143.09,28.216,36.743,597.82,1.0576,21.414,0.046603,vapor
600.0,2.3,0.83446,1.1984,51.35,56.315,142.71,28.225,36.762,597.76,1.0577,21.413,0.046618,vapor
600.0,2.4,0.87092,1.1482,51.347,56.311,142.35,28.235,36.781,597.69,1.0577,21.412,0.046633,vapor
600.0,2.5,0.9074,1.1021,51.344,56.307,142.01,28.244,36.801,597.63,1.0578,21.412,0.046648,vapor
600.0,2.6,0.94388,1.0595,51.341,56.303,141.68,28.254,36.82,597.56,1.0579,21.411,0.046663,vapor
600.0,2.7,0.98039,1.02,51.338,56.299,141.36,28.263,36.84,597.49,1.0579,21.41,0.046678,vapor
600.0,2.8,1.0169,0.98338,51.335,56.296,141.05,28.273,36.859,597.43,1.058,21.409,0.046693,vapor
600.0,2.9,1.0534,0.94927,51.332,56.292,140.76,28.283,36.879,597.36,1.0581,21.408,0.046708,vapor
600.0,3.0,1.09,0.91744,51.329,56.288,140.47,28.292,36.898,597.3,1.0581,21.407,0.046723,vapor
600.0,3.1,1.1266,0.88766,51.326,56.284,140.19,28.302,36.918,597.23,1.0582,21.406,0.046738,vapor
600.0,3.2,1.1631,0.85975,51.324,56.28,139.92,28.312,36.938,597.16,1.0583,21.406,0.046753,vapor
600.0,3.3,1.1997,0.83352,51.321,56.276,139.66,28.321,36.957,597.1,1.0583,21.405,0.046768,vapor
600.0,3.4,1.2363,0.80884,51.318,56.272,139.41,28.331,36.977,597.03,1.0584,21.404,0.046783,vapor
600.0,3.5,1.273,0.78557,51.315,56.268,139.16,28.341,36.997,596.97,1.0585,21.403,0.046798,vapor
600.0,3.6,1.3096,0.76359,51.312,56.264,138.92,28.35,37.017,596.9,1.0585,21.402,0.046813,vapor
600.0,3.7,1.3463,0.7428,51.309,56.26,138.69,28.36,37.037,596.83,1.0586,21.401,0.046828,vapor
600.0,3.8,1.3829,0.72311,51.306,56.256,138.47,28.37,37.056,596.77,1.0586,21.4,0.046843,vapor
600.0,3.9,1.4196,0.70442,51.303,56.253,138.24,28.379,37.076,596.7,1.0587,21.4,0.046859,vapor
600.0,4.0,1.4563,0.68667,51.3,56.249,138.03,28.389,37.096,596.64,1.0588,21.399,0.046874,vapor
600.0,4.1,1.493,0.66978,51.297,56.245,137.82,28.399,37.116,596.57,1.0588,21.398,0.046889,vapor
600.0,4.2,1.5298,0.6537,51.295,56.241,137.61,28.409,37.136,596.5,1.0589,21.397,0.046904,vapor
600.0,4.3,1.5665,0.63837,51.292,56.237,137.41,28.418,37.156,596.44,1.0589,21.396,0.046919,vapor
600.0,4.4,1.6033,0.62373,51.289,56.233,137.22,28.428,37.176,596.37,1.059,21.395,0.046934,vapor
600.0,4.5,1.64,0.60974,51.286,56.229,137.03,28.438,37.197,596.3,1.0591,21.394,0.04695,vapor
600.0,4.6,1.6768,0.59636,51.283,56.225,136.84,28.448,37.217,596.24,1.0591,21.394,0.046965,vapor
600.0,4.7,1.7136,0.58355,51.28,56.221,136.65,28.458,37.237,596.17,1.0592,21.393,0.04698,vapor
600.0,4.8,1.7505,0.57128,51.277,56.217,136.47,28.468,37.257,596.1,1.0592,21.392,0.046995,vapor
600.0,4.9,1.7873,0.5595,51.274,56.213,136.3,28.478,37.277,596.04,1.0593,21.391,0.04701,vapor
600.0,5.0,1.8242,0.5482,51.271,56.209,136.13,28.487,37.298,595.97,1.0593,21.39,0.047026,vapor
600.0,5.1,1.861,0.53734,51.268,56.205,135.96,28.497,37.318,595.9,1.0594,21.389,0.047041,vapor
600.0,5.2,1.8979,0.5269,51.265,56.201,135.79,28.507,37.338,595.84,1.0595,21.389,0.047056,vapor
600.0,5.3,1.9348,0.51685,51.262,56.197,135.63,28.517,37.359,595.77,1.0595,21.388,0.047071,vapor
600.0,5.4,1.9717,0.50717,51.26,56.193,135.47,28.527,37.379,595.7,1.0596,21.387,0.047087,vapor
600.0,5.5,2.0087,0.49784,51.257,56.189,135.31,28.537,37.4,595.64,1.0596,21.386,0.047102,vapor
600.0,5.6,2.0456,0.48885,51.254,56.185,135.15,28.547,37.42,595.57,1.0597,21.385,0.047117,vapor
600.0,5.7,2.0826,0.48018,51.251,56.181,135.0,28.557,37.441,595.5,1.0597,21.384,0.047133,vapor
600.0,5.8,2.1195,0.4718,51.248,56.178,134.85,28.567,37.461,595.44,1.0598,21.383,0.047148,vapor
600.0,5.9,2.1565,0.46371,51.245,56.174,134.7,28.577,37.482,595.37,1.0598,21.383,0.047163,vapor
600.0,6.0,2.1936,0.45588,51.242,56.17,134.56,28.587,37.502,595.3,1.0599,21.382,0.047179,vapor
600.0,6.1,2.2306,0.44831,51.239,56.166,134.42,28.597,37.523,595.23,1.0599,21.381,0.047194,vapor
600.0,6.2,2.2676,0.44099,51.236,56.162,134.28,28.607,37.544,595.17,1.06,21.38,0.047209,vapor
600.0,6.3,2.3047,0.4339,51.233,56.158,134.14,28.618,37.565,595.1,1.06,21.379,0.047225,vapor
600.0,6.4,2.3417,0.42703,51.23,56.154,134.0,28.628,37.585,595.03,1.0601,21.378,0.04724,vapor
600.0,6.5,2.3788,0.42037,51.227,56.15,133.87,28.638,37.606,594.97,1.0601,21.378,0.047256,vapor
600.0,6.6,2.4159,0.41392,51.224,56.146,133.74,28.648,37.627,594.9,1.0602,21.377,0.047271,vapor
600.0,6.7,2.4531,0.40765,51.221,56.142,133.61,28.658,37.648,594.83,1.0602,21.376,0.047287,vapor
600.0,6.8,2.4902,0.40157,51.218,56.138,133.48,28.668,37.669,594.76,1.0603,21.375,0.047302,vapor
600.0,6.9,2.5274,0.39567,51.215,56.134,133.35,28.678,37.69,594.7,1.0603,21.374,0.047317,vapor
600.0,7.0,2.5645,0.38994,51.212,56.13,133.23,28.689,37.711,594.63,1.0604,21.373,0.047333,vapor
600.0,7.1,2.6017,0.38436,51.209,56.126,133.11,28.699,37.732,594.56,1.0604,21.373,0.047348,vapor
600.0,7.2,2.6389,0.37895,51.206,56.122,132.98,28.709,37.753,594.49,1.0605,21.372,0.047364,vapor
600.0,7.3,2.6761,0.37368,51.203,56.118,132.87,28.719,37.774,594.43,1.0605,21.371,0.047379,vapor
600.0,7.4,2.7134,0.36855,51.2,56.114,132.75,28.73,37.795,594.36,1.0605,21.37,0.047395,vapor
600.0,7.5,2.7506,0.36356,51.198,56.11,132.63,28.74,37.816,594.29,1.0606,21.369,0.04741,vapor
600.0,7.6,2.7879,0.3587,51.195,56.106,132.52,28.75,37.838,594.22,1.0606,21.368,0.047426,vapor
600.0,7.7,2.8251,0.35396,51.192,56.102,132.4,28.76,37.859,594.16,1.0607,21.368,0.047441,vapor
600.0,7.8,2.8624,0.34935,51.189,56.098,132.29,28.771,37.88,594.09,1.0607,21.367,0.047457,vapor
600.0,7.9,2.8998,0.34486,51.186,56.094,132.18,28.781,37.901,594.02,1.0608,21.366,0.047473,vapor
600.0,8.0,2.9371,0.34047,51.183,56.09,132.07,28.791,37.923,593.95,1.0608,21.365,0.047488,vapor
600.0,8.1,2.9744,0.3362,51.18,56.086,131.96,28.802,37.944,593.88,1.0608,21.364,0.047504,vapor
600.0,8.2,3.0118,0.33203,51.177,56.082,131.85,28.812,37.966,593.82,1.0609,21.363,0.047519,vapor
600.0,8.3,3.0492,0.32796,51.174,56.078,131.75,28.823,37.987,593.75,1.0609,21.363,0.047535,vapor
600.0,8.4,3.0866,0.32399,51.171,56.073,131.64,28.833,38.009,593.68,1.061,21.362,0.047551,vapor
600.0,8.5,3.124,0.32011,51.168,56.069,131.54,28.843,38.03,593.61,1.061,21.361,0.047566,vapor
600.0,8.6,3.1614,0.31632,51.165,56.065,131.44,28.854,38.052,593.54,1.061,21.36,0.047582,vapor
600.0,8.7,3.1988,0.31261,51.162,56.061,131.34,28.864,38.073,593.48,1.0611,21.359,0.047597,vapor
600.0,8.8,3.2363,0.309,51.159,56.057,131.24,28.875,38.095,593.41,1.0611,21.358,0.047613,vapor
600.0,8.9,3.2738,0.30546,51.156,56.053,131.14,28.885,38.117,593.34,1.0611,21.358,0.047629,vapor
600.0,9.0,3.3113,0.302,51.153,56.049,131.04,28.896,38.138,593.27,1.0612,21.357,0.047645,vapor
600.0,9.1,3.3488,0.29862,51.15,56.045,130.94,28.906,38.16,593.2,1.0612,21.356,0.04766,vapor
600.0,9.2,3.3863,0.29531,51.147,56.041,130.85,28.917,38.182,593.13,1.0613,21.355,0.047676,vapor
600.0,9.3,3.4238,0.29207,51.144,56.037,130.75,28.927,38.204,593.07,1.0613,21.354,0.047692,vapor
600.0,9.4,3.4614,0.2889,51.141,56.033,130.66,28.938,38.226,593.0,1.0613,21.354,0.047707,vapor
600.0,9.5,3.499,0.2858,51.138,56.029,130.56,28.949,38.247,592.93,1.0614,21.353,0.047723,vapor
600.0,9.6,3.5365,0.28276,51.135,56.025,130.47,28.959,38.269,592.86,1.0614,21.352,0.047739,vapor
600.0,9.7,3.5742,0.27979,51.132,56.021,130.38,28.97,38.291,592.79,1.0614,21.351,0.047755,vapor
600.0,9.8,3.6118,0.27687,51.129,56.017,130.29,28.98,38.313,592.72,1.0615,21.35,0.04777,vapor
600.0,9.9,3.6494,0.27402,51.126,56.013,130.2,28.991,38.335,592.65,1.0615,21.349,0.047786,vapor
600.0,10.0,3.6871,0.27122,51.123,56.009,130.11,29.002,38.358,592.58,1.0615,21.349,0.047802,vapor
600.0,11.0,4.0645,0.24603,51.092,55.968,129.27,29.109,38.581,591.89,1.0618,21.34,0.047961,vapor
600.0,12.0,4.4437,0.22504,51.062,55.927,128.49,29.218,38.807,591.2,1.0621,21.332,0.04812,vapor
600.0,13.0,4.8246,0.20727,51.031,55.885,127.78,29.328,39.038,590.5,1.0623,21.324,0.048281,vapor
600.0,14.0,5.2072,0.19204,51.0,55.844,127.11,29.44,39.273,589.8,1.0624,21.316,0.048444,vapor
600.0,15.0,5.5915,0.17884,50.969,55.802,126.48,29.554,39.511,589.09,1.0625,21.309,0.048607,vapor
600.0,16.0,5.9777,0.16729,50.938,55.76,125.89,29.669,39.754,588.38,1.0626,21.301,0.048772,vapor
600.0,17.0,6.3656,0.15709,50.906,55.717,125.34,29.786,40.001,587.66,1.0626,21.293,0.048938,vapor
600.0,18.0,6.7554,0.14803,50.875,55.675,124.81,29.904,40.252,586.94,1.0626,21.285,0.049105,vapor
600.0,19.0,7.1471,0.13992,50.843,55.632,124.3,30.024,40.507,586.22,1.0625,21.278,0.049274,vapor
600.0,20.0,7.5406,0.13262,50.811,55.589,123.82,30.146,40.767,585.49,1.0624,21.27,0.049444,vapor
600.0,21.0,7.9361,0.12601,50.778,55.545,123.36,30.269,41.03,584.75,1.0622,21.263,0.049615,vapor
600.0,22.0,8.3335,0.12,50.746,55.502,122.92,30.394,41.299,584.01,1.062,21.255,0.049788,vapor
600.0,23.0,8.7329,0.11451,50.713,55.458,122.5,30.52,41.572,583.26,1.0618,21.248,0.049962,vapor
600.0,24.0,9.1343,0.10948,50.68,55.413,122.09,30.648,41.85,582.51,1.0615,21.241,0.050137,vapor
600.0,25.0,9.5377,0.10485,50.647,55.369,121.69,30.778,42.132,581.76,1.0612,21.234,0.050314,vapor
600.0,26.0,9.9432,0.10057,50.613,55.324,121.31,30.91,42.419,581.0,1.0608,21.227,0.050493,vapor
600.0,27.0,10.351,0.096611,50.579,55.279,120.94,31.043,42.711,580.23,1.0604,21.22,0.050673,vapor
600.0,28.0,10.761,0.092932,50.546,55.233,120.57,31.178,43.008,579.46,1.06,21.213,0.050854,vapor
600.0,29.0,11.172,0.089506,50.511,55.188,120.22,31.314,43.311,578.69,1.0595,21.206,0.051037,vapor
600.0,30.0,11.587,0.086307,50.477,55.142,119.88,31.453,43.618,577.91,1.0589,21.199,0.051222,vapor
600.0,31.0,12.003,0.083313,50.442,55.095,119.55,31.593,43.931,577.12,1.0584,21.192,0.051409,vapor
600.0,32.0,12.422,0.080505,50.407,55.049,119.23,31.735,44.249,576.33,1.0578,21.186,0.051597,vapor
600.0,33.0,12.843,0.077866,50.372,55.002,118.91,31.878,44.573,575.53,1.0571,21.179,0.051786,vapor
600.0,34.0,13.266,0.075382,50.337,54.954,118.6,32.024,44.902,574.73,1.0564,21.173,0.051978,vapor
600.0,35.0,13.692,0.073038,50.301,54.907,118.3,32.171,45.237,573.92,1.0557,21.166,0.052171,vapor
600.0,36.0,14.12,0.070823,50.266,54.859,118.01,32.32,45.578,573.11,1.055,21.16,0.052366,vapor
600.0,37.0,14.55,0.068728,50.229,54.811,117.72,32.471,45.925,572.29,1.0542,21.154,0.052563,vapor
600.0,38.0,14.983,0.066741,50.193,54.762,117.43,32.624,46.278,571.46,1.0533,21.148,0.052762,vapor
600.0,39.0,15.419,0.064855,50.156,54.713,117.15,32.779,46.637,570.63,1.0525,21.142,0.052963,vapor
600.0,40.0,15.857,0.063063,50.119,54.664,116.88,32.935,47.002,569.79,1.0516,21.136,0.053165,vapor
600.0,41.0,16.298,0.061357,50.082,54.614,116.61,33.094,47.375,568.95,1.0506,21.13,0.05337,vapor
600.0,42.0,16.742,0.059731,50.045,54.564,116.34,33.254,47.753,568.1,1.0497,21.124,0.053577,vapor
600.0,43.0,17.188,0.05818,50.007,54.514,116.08,33.417,48.139,567.24,1.0487,21.118,0.053786,vapor
600.0,44.0,17.637,0.056699,49.969,54.463,115.83,33.581,48.532,566.38,1.0476,21.113,0.053997,vapor
600.0,45.0,18.089,0.055282,49.931,54.412,115.57,33.748,48.932,565.51,1.0465,21.107,0.05421,vapor
600.0,46.0,18.544,0.053926,49.892,54.361,115.32,33.916,49.339,564.64,1.0454,21.102,0.054426,vapor
600.0,47.0,19.002,0.052627,49.853,54.309,115.08,34.087,49.753,563.76,1.0443,21.096,0.054643,vapor
600.0,48.0,19.462,0.051381,49.814,54.257,114.83,34.259,50.176,562.87,1.0431,21.091,0.054863,vapor
600.0,49.0,19.926,0.050185,49.774,54.204,114.59,34.434,50.606,561.97,1.0419,21.086,0.055086,vapor
600.0,50.0,20.393,0.049036,49.734,54.151,114.36,34.611,51.045,561.07,1.0407,21.081,0.055311,vapor
600.0,51.0,20.863,0.047931,49.694,54.098,114.12,34.789,51.491,560.16,1.0394,21.076,0.055539,vapor
600.0,52.0,21.337,0.046868,49.654,54.044,113.89,34.971,51.946,559.24,1.0381,21.071,0.055769,vapor
600.0,53.0,21.813,0.045844,49.613,53.99,113.66,35.154,52.41,558.32,1.0368,21.066,0.056002,vapor
600.0,54.0,22.293,0.044857,49.572,53.936,113.43,35.34,52.883,557.39,1.0354,21.062,0.056237,vapor
600.0,55.0,22.777,0.043905,49.531,53.881,113.21,35.527,53.366,556.45,1.034,21.057,0.056475,vapor
600.0,56.0,23.263,0.042986,49.489,53.825,112.99,35.718,53.857,555.5,1.0326,21.053,0.056717,vapor
600.0,57.0,23.754,0.042098,49.447,53.77,112.77,35.91,54.359,554.55,1.0312,21.049,0.056961,vapor
600.0,58.0,24.248,0.041241,49.404,53.713,112.55,36.105,54.87,553.59,1.0297,21.044,0.057208,vapor
600.0,59.0,24.746,0.040411,49.361,53.657,112.33,36.302,55.392,552.62,1.0282,21.04,0.057458,vapor
600.0,60.0,25.247,0.039608,49.318,53.599,112.11,36.502,55.924,551.64,1.0267,21.036,0.057711,vapor
600.0,61.0,25.753,0.038831,49.274,53.542,111.9,36.704,56.467,550.66,1.0251,21.033,0.057968,vapor
600.0,62.0,26.262,0.038078,49.23,53.484,111.69,36.909,57.022,549.66,1.0235,21.029,0.058228,vapor
600.0,63.0,26.775,0.037348,49.186,53.425,111.48,37.116,57.588,548.66,1.0219,21.025,0.058492,vapor
600.0,64.0,27.293,0.03664,49.141,53.366,111.27,37.326,58.166,547.65,1.0203,21.022,0.058759,vapor
600.0,65.0,27.815,0.035952,49.096,53.306,111.06,37.539,58.757,546.62,1.0186,21.019,0.05903,vapor
600.0,66.0,28.341,0.035285,49.051,53.246,110.85,37.754,59.36,545.59,1.0169,21.016,0.059305,vapor
600.0,67.0,28.871,0.034637,49.005,53.186,110.65,37.972,59.977,544.56,1.0152,21.012,0.059583,vapor
600.0,68.0,29.406,0.034007,48.958,53.124,110.44,38.193,60.607,543.51,1.0134,21.01,0.059866,vapor
600.0,69.0,29.945,0.033394,48.912,53.063,110.24,38.416,61.251,542.45,1.0116,21.007,0.060152,vapor
600.0,70.0,30.49,0.032798,48.864,53.0,110.03,38.643,61.91,541.38,1.0098,21.004,0.060443,vapor
600.0,71.0,31.039,0.032218,48.817,52.938,109.83,38.873,62.584,540.3,1.008,21.002,0.060739,vapor
600.0,72.0,31.593,0.031653,48.769,52.874,109.63,39.105,63.273,539.21,1.0062,20.999,0.061039,vapor
600.0,73.0,32.152,0.031103,48.72,52.81,109.43,39.341,63.979,538.12,1.0043,20.997,0.061343,vapor
600.0,74.0,32.716,0.030566,48.671,52.746,109.23,39.58,64.701,537.01,1.0024,20.995,0.061653,vapor
600.0,75.0,33.285,0.030043,48.621,52.681,109.03,39.822,65.441,535.89,1.0005,20.993,0.061968,vapor
600.0,76.0,33.86,0.029533,48.571,52.615,108.83,40.068,66.199,534.75,0.9985,20.992,0.062288,vapor
600.0,77.0,34.441,0.029035,48.521,52.548,108.63,40.317,66.976,533.61,0.99652,20.99,0.062613,vapor
600.0,78.0,35.027,0.028549,48.47,52.481,108.43,40.569,67.772,532.46,0.99451,20.989,0.062944,vapor
600.0,79.0,35.62,0.028074,48.418,52.414,108.24,40.825,68.588,531.29,0.99248,20.988,0.063281,vapor
600.0,80.0,36.218,0.027611,48.366,52.345,108.04,41.085,69.426,530.11,0.99043,20.987,0.063624,vapor
600.0,81.0,36.822,0.027157,48.313,52.276,107.84,41.349,70.285,528.92,0.98835,20.986,0.063973,vapor
600.0,82.0,37.433,0.026714,48.26,52.206,107.64,41.616,71.168,527.72,0.98624,20.986,0.064328,vapor
600.0,83.0,38.05,0.026281,48.206,52.136,107.45,41.888,72.074,526.5,0.98411,20.985,0.064691,vapor
600.0,84.0,38.675,0.025857,48.152,52.064,107.25,42.163,73.006,525.27,0.98196,20.985,0.06506,vapor
600.0,85.0,39.306,0.025442,48.096,51.992,107.05,42.443,73.963,524.02,0.97978,20.985,0.065437,vapor
600.0,86.0,39.944,0.025035,48.041,51.919,106.86,42.727,74.948,522.76,0.97757,20.985,0.065822,vapor
600.0,87.0,40.589,0.024637,47.984,51.846,106.66,43.016,75.962,521.49,0.97534,20.986,0.066215,vapor
600.0,88.0,41.243,0.024247,47.927,51.771,106.46,43.31,77.005,520.2,0.97308,20.987,0.066616,vapor
600.0,89.0,41.904,0.023864,47.87,51.696,106.26,43.608,78.08,518.89,0.9708,20.988,0.067025,vapor
600.0,90.0,42.573,0.023489,47.811,51.62,106.06,43.911,79.188,517.57,0.96849,20.989,0.067444,vapor
600.0,91.0,43.25,0.023121,47.752,51.543,105.87,44.22,80.331,516.23,0.96615,20.99,0.067872,vapor
600.0,92.0,43.936,0.02276,47.692,51.464,105.67,44.534,81.511,514.88,0.96379,20.992,0.068311,vapor
600.0,93.0,44.631,0.022406,47.631,51.385,105.47,44.854,82.729,513.5,0.9614,20.994,0.06876,vapor
600.0,94.0,45.335,0.022058,47.57,51.305,105.27,45.179,83.987,512.11,0.95898,20.996,0.06922,vapor
600.0,95.0,46.049,0.021716,47.508,51.224,105.07,45.511,85.289,510.7,0.95653,20.999,0.069691,vapor
600.0,96.0,46.772,0.02138,47.445,51.142,104.86,45.849,86.636,509.27,0.95405,21.002,0.070175,vapor
600.0,97.0,47.506,0.02105,47.381,51.059,104.66,46.193,88.031,507.82,0.95154,21.005,0.070672,vapor
600.0,98.0,48.25,0.020725,47.316,50.975,104.46,46.545,89.477,506.35,0.949,21.008,0.071182,vapor
600.0,99.0,49.006,0.020406,47.25,50.889,104.25,46.904,90.977,504.86,0.94643,21.012,0.071707,vapor
600.0,100.0,49.773,0.020091,47.183,50.802,104.05,47.271,92.535,503.34,0.94382,21.017,0.072247,vapor
600.0,101.0,50.551,0.019782,47.115,50.714,103.84,47.645,94.154,501.8,0.94118,21.021,0.072803,vapor
600.0,102.0,51.342,0.019477,47.046,50.625,103.64,48.029,95.839,500.23,0.93851,21.026,0.073376,vapor
600.0,103.0,52.146,0.019177,46.976,50.535,103.43,48.421,97.594,498.64,0.9358,21.031,0.073967,vapor
600.0,104.0,52.964,0.018881,46.905,50.442,103.22,48.822,99.424,497.03,0.93305,21.037,0.074578,vapor
600.0,105.0,53.795,0.018589,46.833,50.349,103.0,49.234,101.34,495.38,0.93027,21.044,0.075209,vapor
600.0,106.0,54.641,0.018301,46.759,50.254,102.79,49.656,103.33,493.7,0.92744,21.05,0.075862,vapor
600.0,107.0,55.503,0.018017,46.684,50.157,102.57,50.09,105.42,492.0,0.92457,21.057,0.076539,vapor
600.0,108.0,56.381,0.017737,46.608,50.059,102.36,50.535,107.62,490.26,0.92166,21.065,0.077241,vapor
600.0,109.0,57.275,0.01746,46.53,49.959,102.14,50.994,109.92,488.48,0.9187,21.073,0.07797,vapor
600.0,110.0,58.188,0.017186,46.451,49.857,101.92,51.466,112.34,486.67,0.91569,21.082,0.078729,vapor
600.0,111.0,59.119,0.016915,46.371,49.753,101.69,51.953,114.89,484.82,0.91262,21.091,0.079519,vapor
600.0,112.0,60.07,0.016647,46.288,49.647,101.46,52.456,117.58,482.93,0.9095,21.101,0.080344,vapor
600.0,113.0,61.041,0.016382,46.204,49.539,101.23,52.977,120.43,481.0,0.90633,21.112,0.081206,vapor
600.0,114.0,62.035,0.01612,46.118,49.429,101.0,53.515,123.45,479.02,0.90309,21.123,0.082108,vapor
600.0,115.0,63.053,0.01586,46.03,49.316,100.77,54.074,126.66,476.99,0.89978,21.136,0.083055,vapor
600.0,116.0,64.095,0.015602,45.94,49.201,100.53,54.656,130.08,474.91,0.89641,21.148,0.084052,vapor
600.0,117.0,65.164,0.015346,45.848,49.083,100.28,55.261,133.73,472.78,0.89295,21.162,0.085102,vapor
600.0,118.0,66.261,0.015092,45.754,48.962,100.04,55.892,137.65,470.58,0.88942,21.177,0.086211,vapor
600.0,119.0,67.389,0.014839,45.657,48.838,99.785,56.553,141.86,468.32,0.88579,21.192,0.087387,vapor
600.0,120.0,68.549,0.014588,45.557,48.711,99.528,57.246,146.41,465.99,0.88207,21.209,0.088638,vapor
600.0,121.0,69.745,0.014338,45.454,48.58,99.266,57.975,151.34,463.59,0.87825,21.227,0.089972,vapor
600.0,122.0,70.979,0.014089,45.348,48.445,98.999,58.744,156.7,461.1,0.87431,21.246,0.0914,vapor
600.0,123.0,72.256,0.01384,45.239,48.305,98.725,59.558,162.58,458.52,0.87024,21.267,0.092936,vapor
600.0,123.45,72.842,0.013728,45.188,48.242,98.6,59.939,165.4,457.33,0.86837,21.276,0.093664,vapor
600.0,123.45,649.41,0.0015399,26.777,27.119,63.396,54.902,125.26,749.57,0.046172,75.667,0.50767,liquid
600.0,124.0,649.64,0.0015393,26.772,27.116,63.389,54.893,125.1,750.42,0.046023,75.702,0.50781,liquid
600.0,125.0,650.04,0.0015384,26.764,27.111,63.374,54.878,124.81,751.97,0.045757,75.764,0.50807,liquid
600.0,126.0,650.44,0.0015374,26.756,27.105,63.36,54.863,124.52,753.51,0.045493,75.826,0.50832,liquid
600.0,127.0,650.84,0.0015365,26.748,27.099,63.346,54.848,124.23,755.03,0.045233,75.887,0.50858,liquid
600.0,128.0,651.23,0.0015355,26.74,27.094,63.332,54.834,123.95,756.55,0.044975,75.948,0.50883,liquid
600.0,129.0,651.63,0.0015346,26.731,27.088,63.318,54.819,123.68,758.06,0.04472,76.009,0.50908,liquid
600.0,130.0,652.02,0.0015337,26.723,27.083,63.305,54.805,123.4,759.56,0.044468,76.069,0.50933,liquid
600.0,131.0,652.41,0.0015328,26.715,27.077,63.291,54.791,123.13,761.04,0.044219,76.13,0.50958,liquid
600.0,132.0,652.8,0.0015319,26.707,27.072,63.277,54.777,122.87,762.52,0.043972,76.189,0.50983,liquid
600.0,133.0,653.18,0.001531,26.699,27.066,63.264,54.764,122.6,763.99,0.043728,76.249,0.51008,liquid
600.0,134.0,653.56,0.0015301,26.692,27.061,63.25,54.75,122.34,765.45,0.043486,76.308,0.51032,liquid
600.0,135.0,653.94,0.0015292,26.684,27.056,63.237,54.737,122.09,766.91,0.043247,76.367,0.51057,liquid
600.0,136.0,654.32,0.0015283,26.676,27.05,63.223,54.724,121.83,768.35,0.043011,76.426,0.51082,liquid
600.0,137.0,654.7,0.0015274,26.668,27.045,63.21,54.711,121.58,769.79,0.042777,76.484,0.51106,liquid
600.0,138.0,655.07,0.0015266,26.66,27.04,63.197,54.698,121.34,771.21,0.042545,76.543,0.5113,liquid
600.0,139.0,655.44,0.0015257,26.653,27.035,63.184,54.685,121.09,772.63,0.042315,76.6,0.51155,liquid
600.0,140.0,655.81,0.0015248,26.645,27.03,63.171,54.673,120.85,774.04,0.042088,76.658,0.51179,liquid
600.0,141.0,656.18,0.001524,26.638,27.025,63.158,54.66,120.61,775.45,0.041863,76.715,0.51203,liquid
600.0,142.0,656.55,0.0015231,26.63,27.02,63.145,54.648,120.38,776.84,0.041641,76.773,0.51227,liquid
600.0,143.0,656.91,0.0015223,26.622,27.015,63.132,54.636,120.15,778.23,0.04142,76.829,0.51251,liquid
600.0,144.0,657.27,0.0015214,26.615,27.01,63.119,54.624,119.92,779.61,0.041202,76.886,0.51275,liquid
600.0,145.0,657.63,0.0015206,26.608,27.005,63.106,54.612,119.69,780.98,0.040985,76.942,0.51299,liquid
600.0,146.0,657.99,0.0015198,26.6,27.0,63.093,54.6,119.47,782.35,0.040771,76.998,0.51323,liquid
600.0,147.0,658.35,0.001519,26.593,26.995,63.081,54.589,119.24,783.71,0.040559,77.054,0.51347,liquid
600.0,148.0,658.7,0.0015181,26.585,26.99,63.068,54.577,119.03,785.06,0.040349,77.11,0.5137,liquid
600.0,149.0,659.06,0.0015173,26.578,26.985,63.056,54.566,118.81,786.4,0.04014,77.165,0.51394,liquid
600.0,150.0,659.41,0.0015165,26.571,26.981,63.043,54.555,118.59,787.74,0.039934,77.22,0.51417,liquid
600.0,151.0,659.76,0.0015157,26.564,26.976,63.031,54.544,118.38,789.07,0.039729,77.275,0.51441,liquid
600.0,152.0,660.1,0.0015149,26.556,26.971,63.018,54.533,118.17,790.39,0.039527,77.33,0.51464,liquid
600.0,153.0,660.45,0.0015141,26.549,26.967,63.006,54.522,117.97,791.71,0.039326,77.384,0.51487,liquid
600.0,154.0,660.79,0.0015133,26.542,26.962,62.994,54.511,117.76,793.02,0.039127,77.438,0.51511,liquid
600.0,155.0,661.14,0.0015125,26.535,26.957,62.982,54.5,117.56,794.32,0.038929,77.492,0.51534,liquid
600.0,156.0,661.48,0.0015118,26.528,26.953,62.97,54.49,117.36,795.61,0.038734,77.546,0.51557,liquid
600.0,157.0,661.82,0.001511,26.521,26.948,62.957,54.479,117.16,796.91,0.03854,77.6,0.5158,liquid
600.0,158.0,662.16,0.0015102,26.514,26.944,62.945,54.469,116.96,798.19,0.038348,77.653,0.51603,liquid
600.0,159.0,662.49,0.0015095,26.507,26.939,62.933,54.459,116.77,799.47,0.038158,77.706,0.51626,liquid
600.0,160.0,662.83,0.0015087,26.5,26.935,62.922,54.449,116.58,800.74,0.037969,77.759,0.51648,liquid
600.0,161.0,663.16,0.0015079,26.493,26.93,62.91,54.439,116.38,802.0,0.037781,77.812,0.51671,liquid
600.0,162.0,663.49,0.0015072,26.486,26.926,62.898,54.429,116.2,803.26,0.037596,77.865,0.51694,liquid
600.0,163.0,663.82,0.0015064,26.479,26.922,62.886,54.419,116.01,804.52,0.037412,77.917,0.51716,liquid
600.0,164.0,664.15,0.0015057,26.473,26.917,62.874,54.41,115.82,805.77,0.037229,77.969,0.51739,liquid
600.0,165.0,664.48,0.0015049,26.466,26.913,62.863,54.4,115.64,807.01,0.037048,78.021,0.51762,liquid
600.0,166.0,664.8,0.0015042,26.459,26.909,62.851,54.391,115.46,808.25,0.036869,78.073,0.51784,liquid
600.0,167.0,665.13,0.0015035,26.452,26.905,62.839,54.381,115.28,809.48,0.03669,78.124,0.51806,liquid
600.0,168.0,665.45,0.0015027,26.446,26.9,62.828,54.372,115.1,810.7,0.036514,78.176,0.51829,liquid
600.0,169.0,665.77,0.001502,26.439,26.896,62.816,54.363,114.93,811.92,0.036339,78.227,0.51851,liquid
600.0,170.0,666.09,0.0015013,26.432,26.892,62.805,54.353,114.75,813.14,0.036165,78.278,0.51873,liquid
600.0,171.0,666.41,0.0015006,26.426,26.888,62.793,54.344,114.58,814.35,0.035992,78.328,0.51895,liquid
600.0,172.0,666.73,0.0014999,26.419,26.884,62.782,54.335,114.41,815.55,0.035821,78.379,0.51917,liquid
600.0,173.0,667.04,0.0014992,26.412,26.88,62.771,54.327,114.24,816.75,0.035652,78.43,0.51939,liquid
600.0,174.0,667.36,0.0014984,26.406,26.876,62.76,54.318,114.07,817.94,0.035483,78.48,0.51961,liquid
600.0,175.0,667.67,0.0014977,26.399,26.872,62.748,54.309,113.91,819.13,0.035316,78.53,0.51983,liquid
600.0,176.0,667.98,0.001497,26.393,26.868,62.737,54.3,113.74,820.32,0.035151,78.58,0.52005,liquid
600.0,177.0,668.29,0.0014963,26.386,26.864,62.726,54.292,113.58,821.5,0.034986,78.629,0.52027,liquid
600.0,178.0,668.6,0.0014957,26.38,26.86,62.715,54.283,113.42,822.67,0.034823,78.679,0.52049,liquid
600.0,179.0,668.91,0.001495,26.374,26.856,62.704,54.275,113.26,823.84,0.034661,78.728,0.5207,liquid
600.0,180.0,669.22,0.0014943,26.367,26.852,62.693,54.267,113.1,825.0,0.0345,78.778,0.52092,liquid
600.0,181.0,669.52,0.0014936,26.361,26.848,62.682,54.258,112.94,826.16,0.034341,78.827,0.52114,liquid
600.0,182.0,669.83,0.0014929,26.355,26.844,62.671,54.25,112.79,827.32,0.034182,78.876,0.52135,liquid
600.0,183.0,670.13,0.0014922,26.348,26.84,62.66,54.242,112.63,828.47,0.034025,78.924,0.52157,liquid
600.0,184.0,670.43,0.0014916,26.342,26.836,62.649,54.234,112.48,829.61,0.033869,78.973,0.52178,liquid
600.0,185.0,670.73,0.0014909,26.336,26.833,62.638,54.226,112.33,830.75,0.033714,79.021,0.52199,liquid
600.0,186.0,671.03,0.0014902,26.329,26.829,62.628,54.218,112.18,831.89,0.03356,79.07,0.52221,liquid
600.0,187.0,671.33,0.0014896,26.323,26.825,62.617,54.21,112.03,833.02,0.033408,79.118,0.52242,liquid
600.0,188.0,671.63,0.0014889,26.317,26.821,62.606,54.203,111.88,834.15,0.033256,79.166,0.52263,liquid
600.0,189.0,671.92,0.0014883,26.311,26.818,62.596,54.195,111.73,835.27,0.033106,79.213,0.52284,liquid
600.0,190.0,672.22,0.0014876,26.305,26.814,62.585,54.187,111.59,836.39,0.032956,79.261,0.52306,liquid
600.0,191.0,672.51,0.001487,26.299,26.81,62.574,54.18,111.44,837.51,0.032808,79.309,0.52327,liquid
600.0,192.0,672.81,0.0014863,26.292,26.807,62.564,54.172,111.3,838.62,0.032661,79.356,0.52348,liquid
600.0,193.0,673.1,0.0014857,26.286,26.803,62.553,54.165,111.16,839.72,0.032515,79.403,0.52369,liquid
600.0,194.0,673.39,0.001485,26.28,26.799,62.543,54.157,111.02,840.82,0.03237,79.45,0.5239,liquid
600.0,195.0,673.68,0.0014844,26.274,26.796,62.532,54.15,110.88,841.92,0.032225,79.497,0.5241,liquid
600.0,196.0,673.97,0.0014838,26.268,26.792,62.522,54.143,110.74,843.02,0.032082,79.544,0.52431,liquid
600.0,197.0,674.25,0.0014831,26.262,26.789,62.512,54.136,110.6,844.11,0.03194,79.591,0.52452,liquid
600.0,198.0,674.54,0.0014825,26.256,26.785,62.501,54.129,110.46,845.19,0.031799,79.637,0.52473,liquid
600.0,199.0,674.82,0.0014819,26.25,26.782,62.491,54.121,110.33,846.27,0.031658,79.683,0.52493,liquid
600.0,200.0,675.11,0.0014812,26.244,26.778,62.481,54.114,110.2,847.35,0.031519,79.73,0.52514,liquid
600.0,300.0,699.47,0.0014296,25.734,26.507,61.592,53.613,100.52,940.02,0.021025,83.811,0.54391,liquid
600.0,400.0,718.58,0.0013916,25.333,26.336,60.884,53.33,94.806,1013.3,0.014451,87.189,0.56012,liquid
600.0,500.0,734.55,0.0013614,24.998,26.224,60.285,53.149,90.905,1075.1,0.0098221,90.148,0.5747,liquid
600.0,600.0,748.41,0.0013362,24.708,26.153,59.76,53.024,88.014,1129.2,0.0063352,92.823,0.58815,liquid
600.0,700.0,760.73,0.0013145,24.452,26.11,59.291,52.934,85.755,1177.7,0.0035888,95.289,0.60074,liquid
600.0,800.0,771.87,0.0012956,24.222,26.089,58.865,52.867,83.924,1221.8,0.0013562,97.596,0.61266,liquid
600.0,900.0,782.07,0.0012787,24.013,26.086,58.473,52.816,82.4,1262.5,-0.00050251,99.775,0.62402,liquid
600.0,1000.0,791.49,0.0012634,23.82,26.097,58.109,52.776,81.104,1300.4,-0.0020786,101.85,0.63492,liquid
600.0,1100.0,800.28,0.0012496,23.643,26.119,57.769,52.745,79.983,1335.9,-0.0034349,103.83,0.64542,liquid
600.0,1200.0,808.51,0.0012368,23.477,26.151,57.449,52.72,79.002,1369.4,-0.0046163,105.74,0.65558,liquid
600.0,1300.0,816.28,0.0012251,23.322,26.191,57.147,52.7,78.133,1401.2,-0.0056557,107.59,0.66544,liquid
600.0,1400.0,823.64,0.0012141,23.177,26.239,56.86,52.684,77.356,1431.4,-0.0065781,109.37,0.67502,liquid
600.0,1500.0,830.63,0.0012039,23.04,26.293,56.587,52.672,76.656,1460.3,-0.0074025,111.11,0.68436,liquid
600.0,1600.0,837.3,0.0011943,22.91,26.352,56.326,52.662,76.022,1487.9,-0.0081441,112.79,0.69348,liquid
600.0,1700.0,843.68,0.0011853,22.786,26.416,56.076,52.654,75.442,1514.5,-0.008815,114.44,0.70239,liquid
600.0,1800.0,849.8,0.0011767,22.669,26.485,55.836,52.647,74.911,1540.1,-0.0094248,116.05,0.71112,liquid
600.0,1900.0,855.68,0.0011687,22.557,26.558,55.604,52.643,74.422,1564.7,-0.0099816,117.62,0.71968,liquid
600.0,2000.0,861.35,0.001161,22.451,26.634,55.381,52.639,73.969,1588.6,-0.010492,119.16,0.72807,liquid
600.0,2100.0,866.83,0.0011536,22.348,26.713,55.166,52.637,73.548,1611.7,-0.010961,120.67,0.73631,liquid
600.0,2200.0,872.12,0.0011466,22.25,26.795,54.957,52.635,73.156,1634.1,-0.011395,122.16,0.74441,liquid
600.0,2300.0,877.24,0.0011399,22.156,26.879,54.755,52.634,72.79,1655.8,-0.011796,123.62,0.75238,liquid
600.0,2400.0,882.21,0.0011335,22.065,26.966,54.559,52.634,72.447,1676.9,-0.012168,125.05,0.76021,liquid
600.0,2500.0,887.03,0.0011274,21.978,27.056,54.368,52.635,72.124,1697.5,-0.012514,126.46,0.76792,liquid
600.0,2600.0,891.72,0.0011214,21.894,27.147,54.182,52.636,71.82,1717.5,-0.012837,127.85,0.77551,liquid
600.0,2700.0,896.29,0.0011157,21.813,27.24,54.002,52.637,71.534,1737.0,-0.013138,129.21,0.78296,liquid
600.0,2800.0,900.74,0.0011102,21.735,27.335,53.826,52.639,71.262,1756.0,-0.013421,130.56,0.79022,liquid
600.0,2900.0,905.07,0.0011049,21.659,27.431,53.654,52.642,71.006,1774.6,-0.013685,131.89,0.7975,liquid
600.0,3000.0,909.3,0.0010997,21.585,27.529,53.486,52.644,70.762,1792.8,-0.013934,133.2,0.8048,liquid
600.0,3100.0,913.44,0.0010948,21.514,27.628,53.322,52.647,70.53,1810.6,-0.014168,134.49,0.81201,liquid
600.0,3200.0,917.48,0.0010899,21.445,27.729,53.161,52.65,70.309,1828.0,-0.014388,135.77,0.81912,liquid
600.0,3300.0,921.43,0.0010853,21.379,27.831,53.005,52.654,70.099,1845.1,-0.014596,137.03,0.82616,liquid
600.0,3400.0,925.3,0.0010807,21.314,27.933,52.851,52.657,69.898,1861.8,-0.014793,138.27,0.83311,liquid
600.0,3500.0,929.09,0.0010763,21.251,28.037,52.7,52.661,69.706,1878.2,-0.014979,139.5,0.83998,liquid
600.0,3600.0,932.81,0.001072,21.19,28.142,52.552,52.665,69.522,1894.3,-0.015155,140.71,0.84677,liquid
600.0,3700.0,936.45,0.0010679,21.13,28.248,52.408,52.669,69.346,1910.1,-0.015322,141.91,0.8535,liquid
600.0,3800.0,940.02,0.0010638,21.072,28.355,52.265,52.674,69.178,1925.6,-0.01548,143.1,0.86014,liquid
600.0,3900.0,943.53,0.0010598,21.016,28.462,52.126,52.678,69.016,1940.9,-0.01563,144.27,0.86672,liquid
600.0,4000.0,946.98,0.001056,20.961,28.57,51.988,52.683,68.86,1955.9,-0.015773,145.43,0.87324,liquid
600.0,4100.0,950.37,0.0010522,20.907,28.679,51.854,52.688,68.71,1970.6,-0.015909,146.57,0.87968,liquid
600.0,4200.0,953.7,0.0010485,20.855,28.789,51.721,52.692,68.566,1985.1,-0.016039,147.71,0.88606,liquid
600.0,4300.0,956.97,0.001045,20.805,28.899,51.59,52.697,68.428,1999.4,-0.016162,148.83,0.89238,liquid
600.0,4400.0,960.2,0.0010415,20.755,29.01,51.462,52.702,68.294,2013.5,-0.01628,149.93,0.89864,liquid
600.0,4500.0,963.37,0.001038,20.707,29.122,51.336,52.707,68.165,2027.4,-0.016392,151.03,0.90483,liquid
600.0,4600.0,966.49,0.0010347,20.659,29.234,51.211,52.712,68.041,2041.0,-0.016499,152.11,0.91097,liquid
600.0,4700.0,969.57,0.0010314,20.613,29.346,51.088,52.718,67.921,2054.5,-0.016602,153.18,0.91705,liquid
600.0,4800.0,972.6,0.0010282,20.568,29.459,50.968,52.723,67.805,2067.8,-0.0167,154.24,0.92308,liquid
600.0,4900.0,975.58,0.001025,20.524,29.573,50.848,52.728,67.692,2080.9,-0.016793,155.29,0.92905,liquid
600.0,5000.0,978.53,0.0010219,20.481,29.687,50.731,52.734,67.584,2093.8,-0.016883,156.33,0.93496,liquid
700.0,0.1,0.030957,32.303,54.272,60.092,174.58,29.185,37.505,644.25,0.66447,25.563,0.057695,vapor
700.0,0.2,0.061921,16.15,54.271,60.089,168.81,29.19,37.515,644.22,0.66447,25.563,0.057705,vapor
700.0,0.3,0.092892,10.765,54.269,60.087,165.44,29.194,37.524,644.18,0.66446,25.562,0.057715,vapor
700.0,0.4,0.12387,8.073,54.267,60.084,163.04,29.199,37.534,644.14,0.66446,25.562,0.057724,vapor
700.0,0.5,0.15485,6.4577,54.265,60.082,161.18,29.203,37.544,644.11,0.66446,25.562,0.057734,vapor
700.0,0.6,0.18585,5.3808,54.263,60.079,159.67,29.207,37.553,644.07,0.66445,25.562,0.057743,vapor
700.0,0.7,0.21685,4.6116,54.261,60.077,158.38,29.212,37.563,644.03,0.66445,25.562,0.057753,vapor
700.0,0.8,0.24785,4.0347,54.26,60.074,157.27,29.216,37.573,643.99,0.66445,25.562,0.057763,vapor
700.0,0.9,0.27886,3.586,54.258,60.072,156.29,29.22,37.582,643.96,0.66444,25.562,0.057772,vapor
700.0,1.0,0.30988,3.227,54.256,60.069,155.41,29.225,37.592,643.92,0.66444,25.562,0.057782,vapor
700.0,1.1,0.34091,2.9333,54.254,60.067,154.61,29.229,37.602,643.88,0.66444,25.562,0.057791,vapor
700.0,1.2,0.37194,2.6886,54.252,60.064,153.89,29.234,37.611,643.85,0.66443,25.562,0.057801,vapor
700.0,1.3,0.40298,2.4815,54.25,60.062,153.22,29.238,37.621,643.81,0.66443,25.561,0.057811,vapor
700.0,1.4,0.43403,2.304,54.248,60.059,152.6,29.242,37.631,643.77,0.66443,25.561,0.05782,vapor
700.0,1.5,0.46508,2.1502,54.247,60.057,152.02,29.247,37.641,643.74,0.66442,25.561,0.05783,vapor
700.0,1.6,0.49614,2.0155,54.245,60.054,151.48,29.251,37.65,643.7,0.66442,25.561,0.05784,vapor
700.0,1.7,0.52721,1.8968,54.243,60.052,150.98,29.255,37.66,643.66,0.66442,25.561,0.057849,vapor
700.0,1.8,0.55829,1.7912,54.241,60.049,150.5,29.26,37.67,643.62,0.66441,25.561,0.057859,vapor
700.0,1.9,0.58937,1.6967,54.239,60.047,150.05,29.264,37.68,643.59,0.66441,25.561,0.057868,vapor
700.0,2.0,0.62046,1.6117,54.237,60.044,149.62,29.269,37.689,643.55,0.6644,25.561,0.057878,vapor
700.0,2.1,0.65155,1.5348,54.235,60.042,149.21,29.273,37.699,643.51,0.6644,25.561,0.057888,vapor
700.0,2.2,0.68265,1.4649,54.234,60.039,148.82,29.278,37.709,643.48,0.66439,25.561,0.057897,vapor
700.0,2.3,0.71376,1.401,54.232,60.037,148.45,29.282,37.719,643.44,0.66439,25.56,0.057907,vapor
700.0,2.4,0.74488,1.3425,54.23,60.034,148.09,29.286,37.729,643.4,0.66439,25.56,0.057917,vapor
700.0,2.5,0.776,1.2887,54.228,60.032,147.75,29.291,37.738,643.36,0.66438,25.56,0.057926,vapor
700.0,2.6,0.80714,1.2389,54.226,60.029,147.42,29.295,37.748,643.33,0.66438,25.56,0.057936,vapor
700.0,2.7,0.83827,1.1929,54.224,60.027,147.1,29.3,37.758,643.29,0.66437,25.56,0.057946,vapor
700.0,2.8,0.86942,1.1502,54.222,60.024,146.8,29.304,37.768,643.25,0.66437,25.56,0.057955,vapor
700.0,2.9,0.90057,1.1104,54.221,60.022,146.5,29.308,37.778,643.22,0.66436,25.56,0.057965,vapor
700.0,3.0,0.93173,1.0733,54.219,60.019,146.22,29.313,37.787,643.18,0.66436,25.56,0.057975,vapor
700.0,3.1,0.96289,1.0385,54.217,60.017,145.94,29.317,37.797,643.14,0.66435,25.56,0.057985,vapor
700.0,3.2,0.99407,1.006,54.215,60.014,145.68,29.322,37.807,643.1,0.66435,25.56,0.057994,vapor
700.0,3.3,1.0252,0.97538,54.213,60.012,145.42,29.326,37.817,643.07,0.66435,25.56,0.058004,vapor
700.0,3.4,1.0564,0.94658,54.211,60.009,145.17,29.331,37.827,643.03,0.66434,25.56,0.058014,vapor
700.0,3.5,1.0876,0.91943,54.209,60.007,144.93,29.335,37.837,642.99,0.66434,25.559,0.058023,vapor
700.0,3.6,1.1188,0.89379,54.208,60.004,144.69,29.339,37.847,642.95,0.66433,25.559,0.058033,vapor
700.0,3.7,1.15,0.86954,54.206,60.002,144.46,29.344,37.857,642.92,0.66433,25.559,0.058043,vapor
700.0,3.8,1.1812,0.84656,54.204,59.999,144.23,29.348,37.866,642.88,0.66432,25.559,0.058053,vapor
700.0,3.9,1.2125,0.82476,54.202,59.997,144.01,29.353,37.876,642.84,0.66431,25.559,0.058062,vapor
700.0,4.0,1.2437,0.80405,54.2,59.994,143.8,29.357,37.886,642.81,0.66431,25.559,0.058072,vapor
700.0,4.1,1.2749,0.78435,54.198,59.992,143.59,29.362,37.896,642.77,0.6643,25.559,0.058082,vapor
700.0,4.2,1.3062,0.76559,54.196,59.989,143.39,29.366,37.906,642.73,0.6643,25.559,0.058092,vapor
700.0,4.3,1.3374,0.7477,54.195,59.987,143.19,29.371,37.916,642.69,0.66429,25.559,0.058101,vapor
700.0,4.4,1.3687,0.73063,54.193,59.984,143.0,29.375,37.926,642.66,0.66429,25.559,0.058111,vapor
700.0,4.5,1.4,0.71431,54.191,59.982,142.81,29.38,37.936,642.62,0.66428,25.559,0.058121,vapor
700.0,4.6,1.4312,0.6987,54.189,59.979,142.62,29.384,37.946,642.58,0.66428,25.559,0.058131,vapor
700.0,4.7,1.4625,0.68376,54.187,59.977,142.44,29.389,37.956,642.54,0.66427,25.558,0.05814,vapor
700.0,4.8,1.4938,0.66944,54.185,59.974,142.26,29.393,37.966,642.51,0.66426,25.558,0.05815,vapor
700.0,4.9,1.5251,0.6557,54.183,59.972,142.09,29.398,37.976,642.47,0.66426,25.558,0.05816,vapor
700.0,5.0,1.5564,0.64252,54.181,59.969,141.92,29.402,37.986,642.43,0.66425,25.558,0.05817,vapor
700.0,5.1,1.5877,0.62985,54.18,59.966,141.75,29.406,37.996,642.39,0.66425,25.558,0.058179,vapor
700.0,5.2,1.619,0.61766,54.178,59.964,141.59,29.411,38.006,642.36,0.66424,25.558,0.058189,vapor
700.0,5.3,1.6503,0.60594,54.176,59.961,141.43,29.415,38.016,642.32,0.66423,25.558,0.058199,vapor
700.0,5.4,1.6817,0.59465,54.174,59.959,141.27,29.42,38.026,642.28,0.66423,25.558,0.058209,vapor
700.0,5.5,1.713,0.58378,54.172,59.956,141.11,29.424,38.036,642.24,0.66422,25.558,0.058219,vapor
700.0,5.6,1.7443,0.57329,54.17,59.954,140.96,29.429,38.046,642.21,0.66422,25.558,0.058228,vapor
700.0,5.7,1.7757,0.56317,54.168,59.951,140.81,29.433,38.056,642.17,0.66421,25.558,0.058238,vapor
700.0,5.8,1.807,0.55339,54.166,59.949,140.66,29.438,38.066,642.13,0.6642,25.558,0.058248,vapor
700.0,5.9,1.8384,0.54395,54.165,59.946,140.52,29.442,38.076,642.09,0.6642,25.558,0.058258,vapor
700.0,6.0,1.8698,0.53483,54.163,59.944,140.38,29.447,38.086,642.06,0.66419,25.558,0.058268,vapor
700.0,6.1,1.9011,0.526,54.161,59.941,140.24,29.451,38.096,642.02,0.66418,25.557,0.058277,vapor
700.0,6.2,1.9325,0.51746,54.159,59.939,140.1,29.456,38.106,641.98,0.66418,25.557,0.058287,vapor
700.0,6.3,1.9639,0.50918,54.157,59.936,139.96,29.46,38.116,641.94,0.66417,25.557,0.058297,vapor
700.0,6.4,1.9953,0.50117,54.155,59.934,139.83,29.465,38.126,641.91,0.66416,25.557,0.058307,vapor
700.0,6.5,2.0267,0.4934,54.153,59.931,139.7,29.469,38.137,641.87,0.66416,25.557,0.058317,vapor
700.0,6.6,2.0581,0.48587,54.151,59.929,139.57,29.474,38.147,641.83,0.66415,25.557,0.058327,vapor
700.0,6.7,2.0896,0.47857,54.15,59.926,139.44,29.479,38.157,641.79,0.66414,25.557,0.058336,vapor
700.0,6.8,2.121,0.47148,54.148,59.923,139.31,29.483,38.167,641.76,0.66413,25.557,0.058346,vapor
700.0,6.9,2.1524,0.46459,54.146,59.921,139.19,29.488,38.177,641.72,0.66413,25.557,0.058356,vapor
700.0,7.0,2.1839,0.4579,54.144,59.918,139.07,29.492,38.187,641.68,0.66412,25.557,0.058366,vapor
700.0,7.1,2.2153,0.4514,54.142,59.916,138.95,29.497,38.197,641.64,0.66411,25.557,0.058376,vapor
700.0,7.2,2.2468,0.44508,54.14,59.913,138.83,29.501,38.207,641.61,0.66411,25.557,0.058386,vapor
700.0,7.3,2.2782,0.43893,54.138,59.911,138.71,29.506,38.218,641.57,0.6641,25.557,0.058396,vapor
700.0,7.4,2.3097,0.43295,54.136,59.908,138.6,29.51,38.228,641.53,0.66409,25.557,0.058406,vapor
700.0,7.5,2.3412,0.42713,54.135,59.906,138.48,29.515,38.238,641.49,0.66408,25.557,0.058415,vapor
700.0,7.6,2.3727,0.42146,54.133,59.903,138.37,29.519,38.248,641.46,0.66408,25.556,0.058425,vapor
700.0,7.7,2.4042,0.41594,54.131,59.901,138.26,29.524,38.258,641.42,0.66407,25.556,0.058435,vapor
700.0,7.8,2.4357,0.41056,54.129,59.898,138.15,29.528,38.269,641.38,0.66406,25.556,0.058445,vapor
700.0,7.9,2.4672,0.40532,54.127,59.896,138.04,29.533,38.279,641.34,0.66405,25.556,0.058455,vapor
700.0,8.0,2.4987,0.40021,54.125,59.893,137.93,29.538,38.289,641.3,0.66404,25.556,0.058465,vapor
700.0,8.1,2.5302,0.39522,54.123,59.89,137.83,29.542,38.299,641.27,0.66404,25.556,0.058475,vapor
700.0,8.2,2.5618,0.39036,54.121,59.888,137.72,29.547,38.309,641.23,0.66403,25.556,0.058485,vapor
700.0,8.3,2.5933,0.38561,54.119,59.885,137.62,29.551,38.32,641.19,0.66402,25.556,0.058495,vapor
700.0,8.4,2.6248,0.38098,54.118,59.883,137.51,29.556,38.33,641.15,0.66401,25.556,0.058505,vapor
700.0,8.5,2.6564,0.37645,54.116,59.88,137.41,29.56,38.34,641.12,0.664,25.556,0.058515,vapor
700.0,8.6,2.6879,0.37203,54.114,59.878,137.31,29.565,38.35,641.08,0.664,25.556,0.058524,vapor
700.0,8.7,2.7195,0.36771,54.112,59.875,137.21,29.57,38.361,641.04,0.66399,25.556,0.058534,vapor
700.0,8.8,2.7511,0.36349,54.11,59.873,137.12,29.574,38.371,641.0,0.66398,25.556,0.058544,vapor
700.0,8.9,2.7827,0.35937,54.108,59.87,137.02,29.579,38.381,640.96,0.66397,25.556,0.058554,vapor
700.0,9.0,2.8143,0.35533,54.106,59.868,136.92,29.583,38.391,640.93,0.66396,25.556,0.058564,vapor
700.0,9.1,2.8458,0.35139,54.104,59.865,136.83,29.588,38.402,640.89,0.66395,25.556,0.058574,vapor
700.0,9.2,2.8775,0.34753,54.102,59.862,136.74,29.592,38.412,640.85,0.66395,25.556,0.058584,vapor
700.0,9.3,2.9091,0.34375,54.101,59.86,136.64,29.597,38.422,640.81,0.66394,25.555,0.058594,vapor
700.0,9.4,2.9407,0.34006,54.099,59.857,136.55,29.602,38.433,640.78,0.66393,25.555,0.058604,vapor
700.0,9.5,2.9723,0.33644,54.097,59.855,136.46,29.606,38.443,640.74,0.66392,25.555,0.058614,vapor
700.0,9.6,3.0039,0.3329,54.095,59.852,136.37,29.611,38.453,640.7,0.66391,25.555,0.058624,vapor
700.0,9.7,3.0356,0.32943,54.093,59.85,136.28,29.615,38.464,640.66,0.6639,25.555,0.058634,vapor
700.0,9.8,3.0672,0.32603,54.091,59.847,136.2,29.62,38.474,640.62,0.66389,25.555,0.058644,vapor
700.0,9.9,3.0989,0.3227,54.089,59.845,136.11,29.625,38.484,640.59,0.66388,25.555,0.058654,vapor
700.0,10.0,3.1305,0.31943,54.087,59.842,136.02,29.629,38.495,640.55,0.66387,25.555,0.058664,vapor
700.0,11.0,3.4476,0.29006,54.068,59.816,135.2,29.675,38.599,640.17,0.66378,25.555,0.058764,vapor
700.0,12.0,3.7653,0.26558,54.049,59.791,134.45,29.722,38.704,639.79,0.66368,25.554,0.058865,vapor
700.0,13.0,4.0838,0.24487,54.03,59.765,133.76,29.769,38.809,639.41,0.66357,25.554,0.058966,vapor
700.0,14.0,4.4031,0.22711,54.011,59.739,133.11,29.816,38.916,639.02,0.66346,25.554,0.059067,vapor
700.0,15.0,4.7231,0.21173,53.992,59.713,132.51,29.863,39.023,638.64,0.66334,25.553,0.059169,vapor
700.0,16.0,5.0438,0.19826,53.973,59.688,131.95,29.91,39.131,638.26,0.66321,25.553,0.059272,vapor
700.0,17.0,5.3654,0.18638,53.953,59.662,131.42,29.958,39.24,637.87,0.66308,25.553,0.059375,vapor
700.0,18.0,5.6877,0.17582,53.934,59.635,130.91,30.006,39.349,637.48,0.66294,25.553,0.059478,vapor
700.0,19.0,6.0108,0.16637,53.915,59.609,130.44,30.054,39.46,637.1,0.6628,25.553,0.059582,vapor
700.0,20.0,6.3346,0.15786,53.895,59.583,129.98,30.103,39.571,636.71,0.66265,25.553,0.059686,vapor
700.0,21.0,6.6593,0.15017,53.876,59.557,129.55,30.151,39.683,636.32,0.66249,25.553,0.059791,vapor
700.0,22.0,6.9847,0.14317,53.856,59.531,129.13,30.201,39.796,635.93,0.66233,25.553,0.059896,vapor
700.0,23.0,7.311,0.13678,53.837,59.504,128.74,30.25,39.909,635.54,0.66216,25.553,0.060002,vapor
700.0,24.0,7.638,0.13092,53.817,59.478,128.35,30.299,40.024,635.15,0.66198,25.554,0.060108,vapor
700.0,25.0,7.9658,0.12554,53.797,59.451,127.99,30.349,40.139,634.75,0.6618,25.554,0.060215,vapor
700.0,26.0,8.2945,0.12056,53.778,59.425,127.63,30.399,40.256,634.36,0.66161,25.554,0.060322,vapor
700.0,27.0,8.624,0.11596,53.758,59.398,127.29,30.449,40.373,633.96,0.66142,25.555,0.060429,vapor
700.0,28.0,8.9543,0.11168,53.738,59.371,126.96,30.5,40.491,633.57,0.66122,25.555,0.060538,vapor
700.0,29.0,9.2855,0.1077,53.718,59.344,126.64,30.551,40.609,633.17,0.66102,25.556,0.060646,vapor
700.0,30.0,9.6174,0.10398,53.698,59.318,126.33,30.602,40.729,632.77,0.66081,25.556,0.060756,vapor
700.0,31.0,9.9503,0.1005,53.678,59.291,126.03,30.653,40.85,632.37,0.66059,25.557,0.060865,vapor
700.0,32.0,10.284,0.097239,53.658,59.264,125.73,30.705,40.971,631.97,0.66037,25.558,0.060975,vapor
700.0,33.0,10.618,0.094176,53.638,59.236,125.45,30.757,41.094,631.57,0.66014,25.559,0.061086,vapor
700.0,34.0,10.954,0.091292,53.617,59.209,125.17,30.809,41.217,631.17,0.6599,25.56,0.061198,vapor
700.0,35.0,11.29,0.088573,53.597,59.182,124.9,30.861,41.341,630.76,0.65966,25.56,0.061309,vapor
700.0,36.0,11.627,0.086005,53.577,59.155,124.64,30.914,41.466,630.36,0.65942,25.561,0.061422,vapor
700.0,37.0,11.965,0.083575,53.557,59.127,124.38,30.967,41.592,629.95,0.65916,25.563,0.061535,vapor
700.0,38.0,12.304,0.081273,53.536,59.1,124.13,31.02,41.719,629.55,0.65891,25.564,0.061648,vapor
700.0,39.0,12.644,0.079089,53.516,59.072,123.88,31.073,41.847,629.14,0.65864,25.565,0.061762,vapor
700.0,40.0,12.985,0.077014,53.495,59.045,123.64,31.127,41.976,628.73,0.65837,25.566,0.061877,vapor
700.0,41.0,13.326,0.07504,53.474,59.017,123.41,31.181,42.106,628.32,0.6581,25.567,0.061992,vapor
700.0,42.0,13.669,0.07316,53.454,58.989,123.18,31.235,42.236,627.91,0.65782,25.569,0.062108,vapor
700.0,43.0,14.012,0.071367,53.433,58.962,122.95,31.29,42.368,627.5,0.65753,25.57,0.062224,vapor
700.0,44.0,14.357,0.069655,53.412,58.934,122.73,31.344,42.501,627.09,0.65724,25.572,0.062341,vapor
700.0,45.0,14.702,0.068019,53.391,58.906,122.51,31.399,42.635,626.67,0.65694,25.573,0.062458,vapor
700.0,46.0,15.048,0.066454,53.371,58.878,122.3,31.455,42.769,626.26,0.65663,25.575,0.062576,vapor
700.0,47.0,15.395,0.064955,53.35,58.85,122.09,31.51,42.905,625.84,0.65632,25.577,0.062695,vapor
700.0,48.0,15.743,0.063519,53.329,58.821,121.88,31.566,43.042,625.42,0.65601,25.578,0.062814,vapor
700.0,49.0,16.092,0.062141,53.308,58.793,121.68,31.622,43.179,625.01,0.65569,25.58,0.062934,vapor
700.0,50.0,16.442,0.060818,53.286,58.765,121.48,31.678,43.318,624.59,0.65536,25.582,0.063054,vapor
700.0,51.0,16.793,0.059547,53.265,58.736,121.29,31.735,43.458,624.17,0.65503,25.584,0.063175,vapor
700.0,52.0,17.145,0.058325,53.244,58.708,121.1,31.792,43.599,623.74,0.65469,25.586,0.063297,vapor
700.0,53.0,17.498,0.057148,53.223,58.679,120.91,31.849,43.741,623.32,0.65435,25.588,0.063419,vapor
700.0,54.0,17.852,0.056015,53.201,58.651,120.72,31.906,43.883,622.9,0.654,25.59,0.063542,vapor
700.0,55.0,18.207,0.054923,53.18,58.622,120.54,31.964,44.027,622.47,0.65365,25.593,0.063666,vapor
700.0,56.0,18.563,0.05387,53.158,58.593,120.35,32.022,44.173,622.05,0.65329,25.595,0.06379,vapor
700.0,57.0,18.92,0.052853,53.137,58.564,120.18,32.08,44.319,621.62,0.65292,25.597,0.063915,vapor
700.0,58.0,19.278,0.051872,53.115,58.535,120.0,32.138,44.466,621.19,0.65255,25.6,0.06404,vapor
700.0,59.0,19.637,0.050923,53.093,58.506,119.83,32.197,44.614,620.77,0.65218,25.602,0.064167,vapor
700.0,60.0,19.998,0.050006,53.072,58.477,119.65,32.256,44.764,620.34,0.65179,25.605,0.064293,vapor
700.0,61.0,20.359,0.049119,53.05,58.448,119.49,32.315,44.914,619.9,0.65141,25.607,0.064421,vapor
700.0,62.0,20.721,0.04826,53.028,58.418,119.32,32.375,45.066,619.47,0.65102,25.61,0.064549,vapor
700.0,63.0,21.084,0.047429,53.006,58.389,119.15,32.435,45.219,619.04,0.65062,25.613,0.064678,vapor
700.0,64.0,21.449,0.046623,52.984,58.36,118.99,32.495,45.373,618.6,0.65022,25.616,0.064808,vapor
700.0,65.0,21.814,0.045842,52.962,58.33,118.83,32.555,45.528,618.17,0.64981,25.619,0.064938,vapor
700.0,66.0,22.18,0.045085,52.94,58.3,118.67,32.616,45.684,617.73,0.64939,25.622,0.065069,vapor
700.0,67.0,22.548,0.04435,52.918,58.271,118.51,32.676,45.842,617.29,0.64898,25.625,0.0652,vapor
700.0,68.0,22.917,0.043636,52.895,58.241,118.36,32.738,46.001,616.86,0.64855,25.628,0.065333,vapor
700.0,69.0,23.287,0.042943,52.873,58.211,118.2,32.799,46.16,616.42,0.64812,25.631,0.065466,vapor
700.0,70.0,23.658,0.04227,52.851,58.181,118.05,32.861,46.322,615.97,0.64769,25.635,0.0656,vapor
700.0,71.0,24.03,0.041615,52.828,58.151,117.9,32.923,46.484,615.53,0.64725,25.638,0.065735,vapor
700.0,72.0,24.403,0.040979,52.806,58.121,117.75,32.985,46.648,615.09,0.6468,25.642,0.06587,vapor
700.0,73.0,24.777,0.04036,52.783,58.091,117.6,33.047,46.812,614.64,0.64635,25.645,0.066006,vapor
700.0,74.0,25.153,0.039757,52.76,58.06,117.45,33.11,46.978,614.2,0.6459,25.649,0.066143,vapor
700.0,75.0,25.53,0.03917,52.737,58.03,117.31,33.173,47.146,613.75,0.64544,25.652,0.066281,vapor
700.0,76.0,25.907,0.038599,52.715,57.999,117.17,33.236,47.314,613.3,0.64497,25.656,0.066419,vapor
700.0,77.0,26.286,0.038042,52.692,57.969,117.02,33.3,47.484,612.86,0.6445,25.66,0.066558,vapor
700.0,78.0,26.667,0.0375,52.669,57.938,116.88,33.364,47.656,612.41,0.64402,25.664,0.066698,vapor
700.0,79.0,27.048,0.036971,52.646,57.908,116.74,33.428,47.828,611.95,0.64354,25.668,0.066839,vapor
700.0,80.0,27.431,0.036455,52.623,57.877,116.6,33.492,48.002,611.5,0.64306,25.672,0.066981,vapor
700.0,81.0,27.815,0.035952,52.6,57.846,116.47,33.557,48.177,611.05,0.64256,25.677,0.067123,vapor
700.0,82.0,28.2,0.035461,52.576,57.815,116.33,33.622,48.354,610.59,0.64207,25.681,0.067266,vapor
700.0,83.0,28.586,0.034982,52.553,57.784,116.2,33.687,48.532,610.14,0.64157,25.685,0.06741,vapor
700.0,84.0,28.974,0.034514,52.53,57.753,116.06,33.752,48.711,609.68,0.64106,25.69,0.067555,vapor
700.0,85.0,29.363,0.034057,52.506,57.721,115.93,33.818,48.892,609.22,0.64055,25.694,0.067701,vapor
700.0,86.0,29.753,0.03361,52.483,57.69,115.8,33.884,49.074,608.76,0.64003,25.699,0.067848,vapor
700.0,87.0,30.144,0.033174,52.459,57.658,115.67,33.951,49.257,608.3,0.63951,25.704,0.067995,vapor
700.0,88.0,30.537,0.032747,52.435,57.627,115.54,34.017,49.442,607.84,0.63898,25.708,0.068144,vapor
700.0,89.0,30.931,0.03233,52.412,57.595,115.41,34.084,49.629,607.38,0.63845,25.713,0.068293,vapor
700.0,90.0,31.327,0.031922,52.388,57.564,115.28,34.151,49.817,606.91,0.63792,25.718,0.068443,vapor
700.0,91.0,31.723,0.031523,52.364,57.532,115.15,34.218,50.006,606.45,0.63737,25.723,0.068594,vapor
700.0,92.0,32.121,0.031132,52.34,57.5,115.03,34.286,50.197,605.98,0.63683,25.728,0.068746,vapor
700.0,93.0,32.521,0.03075,52.316,57.468,114.9,34.354,50.389,605.51,0.63628,25.734,0.068899,vapor
700.0,94.0,32.921,0.030375,52.292,57.436,114.78,34.422,50.583,605.04,0.63572,25.739,0.069053,vapor
700.0,95.0,33.323,0.030009,52.268,57.403,114.65,34.491,50.778,604.57,0.63516,25.745,0.069208,vapor
700.0,96.0,33.727,0.02965,52.243,57.371,114.53,34.56,50.975,604.1,0.63459,25.75,0.069364,vapor
700.0,97.0,34.132,0.029298,52.219,57.339,114.41,34.629,51.174,603.63,0.63402,25.756,0.06952,vapor
700.0,98.0,34.538,0.028954,52.195,57.306,114.29,34.698,51.374,603.16,0.63345,25.761,0.069678,vapor
700.0,99.0,34.946,0.028616,52.17,57.274,114.17,34.768,51.575,602.68,0.63286,25.767,0.069837,vapor
700.0,100.0,35.355,0.028285,52.145,57.241,114.05,34.838,51.779,602.2,0.63228,25.773,0.069997,vapor
700.0,110.0,39.527,0.025299,51.895,56.909,112.88,35.552,53.903,597.37,0.62616,25.838,0.071651,vapor
700.0,120.0,43.857,0.022801,51.636,56.566,111.77,36.295,56.208,592.42,0.61956,25.913,0.073418,vapor
700.0,130.0,48.358,0.020679,51.369,56.212,110.71,37.066,58.714,587.33,0.6125,25.999,0.075313,vapor
700.0,140.0,53.047,0.018851,51.092,55.846,109.68,37.866,61.444,582.11,0.60498,26.099,0.07735,vapor
700.0,150.0,57.942,0.017259,50.804,55.468,108.68,38.695,64.426,576.75,0.597,26.212,0.079549,vapor
700.0,160.0,63.065,0.015857,50.506,55.077,107.69,39.553,67.692,571.25,0.58855,26.341,0.081933,vapor
700.0,170.0,68.44,0.014611,50.196,54.671,106.72,40.439,71.281,565.6,0.57965,26.487,0.084529,vapor
700.0,180.0,74.095,0.013496,49.874,54.25,105.76,41.354,75.236,559.81,0.57027,26.652,0.087369,vapor
700.0,190.0,80.062,0.01249,49.537,53.813,104.8,42.296,79.613,553.86,0.5604,26.84,0.090491,vapor
700.0,200.0,86.38,0.011577,49.186,53.357,103.84,43.266,84.474,547.76,0.55004,27.053,0.093941,vapor
700.0,210.0,93.093,0.010742,48.819,52.883,102.87,44.262,89.895,541.5,0.53916,27.294,0.097776,vapor
700.0,220.0,100.25,0.0099749,48.434,52.387,101.9,45.281,95.97,535.08,0.52773,27.568,0.10206,vapor
700.0,230.0,107.92,0.0092661,48.03,51.869,100.91,46.322,102.81,528.5,0.51571,27.88,0.10689,vapor
700.0,230.0,107.92,0.0092661,48.03,51.869,100.91,46.322,102.81,528.5,0.51571,27.88,0.10689,supercritical
700.0,230.0,107.92,0.0092661,48.03,51.869,100.91,46.322,102.81,528.5,0.51571,27.88,0.10689,supercritical
700.0,240.0,116.17,0.008608,47.604,51.326,99.905,47.38,110.54,521.78,0.50308,28.237,0.11234,supercritical
700.0,250.0,125.09,0.0079941,47.156,50.756,98.877,48.451,119.34,514.91,0.48978,28.646,0.11855,supercritical
700.0,260.0,134.79,0.007419,46.681,50.156,97.822,49.528,129.39,507.93,0.47574,29.118,0.12566,supercritical
700.0,270.0,145.39,0.0068781,46.179,49.524,96.735,50.6,140.9,500.86,0.46088,29.665,0.13383,supercritical
700.0,280.0,157.04,0.0063676,45.645,48.857,95.611,51.656,154.13,493.78,0.44511,30.301,0.14325,supercritical
700.0,290.0,169.93,0.0058848,45.077,48.151,94.446,52.678,169.28,486.77,0.4283,31.047,0.15414,supercritical
700.0,300.0,184.24,0.0054278,44.473,47.406,93.236,53.641,186.48,480.01,0.41031,31.923,0.16666,supercritical
700.0,310.0,200.17,0.0049958,43.831,46.621,91.981,54.514,205.54,473.75,0.39097,32.956,0.18094,supercritical
700.0,320.0,217.87,0.0045899,43.155,45.801,90.686,55.26,225.68,468.38,0.37016,34.17,0.19691,supercritical
700.0,330.0,237.38,0.0042127,42.451,44.955,89.364,55.835,245.19,464.42,0.34789,35.582,0.21426,supercritical
700.0,340.0,258.47,0.0038689,41.733,44.103,88.042,56.197,261.3,462.48,0.32442,37.19,0.23228,supercritical
700.0,350.0,280.63,0.0035635,41.023,43.269,86.756,56.32,271.07,463.12,0.30039,38.962,0.25005,supercritical
700.0,360.0,303.07,0.0032996,40.343,42.483,85.544,56.226,273.19,466.6,0.27669,40.835,0.26678,supercritical
700.0,370.0,325.02,0.0030767,39.712,41.762,84.433,55.995,268.77,472.74,0.25419,42.737,0.28205,supercritical
700.0,380.0,345.87,0.0028913,39.138,41.118,83.435,55.693,259.94,481.11,0.23345,44.601,0.29579,supercritical
700.0,390.0,365.26,0.0027377,38.624,40.548,82.549,55.335,248.51,491.45,0.21462,46.382,0.30804,supercritical
700.0,400.0,383.02,0.0026108,38.168,40.049,81.768,54.925,235.62,503.64,0.19756,48.052,0.31885,supercritical
700.0,410.0,399.09,0.0025057,37.764,39.614,81.081,54.493,222.24,517.32,0.18212,49.593,0.32837,supercritical
700.0,420.0,413.54,0.0024181,37.407,39.237,80.478,54.073,209.38,531.87,0.16829,51.004,0.33682,supercritical
700.0,430.0,426.53,0.0023445,37.091,38.907,79.946,53.687,197.74,546.66,0.15605,52.292,0.34444,supercritical
700.0,440.0,438.26,0.0022818,36.808,38.617,79.472,53.343,187.59,561.27,0.1453,53.473,0.35141,supercritical
700.0,450.0,448.92,0.0022276,36.554,38.36,79.046,53.039,178.86,575.48,0.13587,54.56,0.35785,supercritical
700.0,460.0,458.67,0.0021802,36.322,38.129,78.66,52.773,171.35,589.21,0.12755,55.567,0.36385,supercritical
700.0,470.0,467.66,0.0021383,36.111,37.921,78.308,52.536,164.87,602.46,0.12017,56.506,0.36948,supercritical
700.0,480.0,476.0,0.0021009,35.915,37.732,77.983,52.326,159.2,615.28,0.11357,57.387,0.37477,supercritical
700.0,490.0,483.76,0.0020671,35.734,37.559,77.682,52.137,154.21,627.69,0.10762,58.216,0.37977,supercritical
700.0,500.0,491.03,0.0020365,35.565,37.399,77.401,51.967,149.76,639.75,0.10222,59.0,0.38452,supercritical
700.0,600.0,545.71,0.0018325,34.308,36.289,75.32,50.865,122.26,745.39,0.066538,65.177,0.42212,supercritical
700.0,700.0,582.34,0.0017172,33.476,35.641,73.939,50.298,108.83,830.89,0.047464,69.65,0.44961,supercritical
700.0,800.0,610.12,0.001639,32.849,35.211,72.893,49.962,100.84,902.64,0.03552,73.265,0.47206,supercritical
700.0,900.0,632.67,0.0015806,32.343,34.905,72.043,49.749,95.478,964.82,0.027259,76.367,0.49148,supercritical
700.0,1000.0,651.77,0.0015343,31.916,34.68,71.32,49.61,91.576,1020.0,0.021155,79.123,0.50887,supercritical
700.0,1100.0,668.41,0.0014961,31.547,34.512,70.69,49.52,88.58,1069.8,0.016434,81.629,0.52481,supercritical
700.0,1200.0,683.19,0.0014637,31.221,34.385,70.128,49.463,86.191,1115.4,0.012658,83.945,0.53964,supercritical
700.0,1300.0,696.53,0.0014357,30.929,34.291,69.621,49.428,84.231,1157.6,0.0095608,86.108,0.55359,supercritical
700.0,1400.0,708.71,0.001411,30.664,34.222,69.156,49.409,82.586,1196.9,0.0069681,88.147,0.56682,supercritical
700.0,1500.0,719.92,0.001389,30.421,34.175,68.728,49.403,81.182,1233.8,0.0047626,90.082,0.57946,supercritical
700.0,1600.0,730.34,0.0013692,30.197,34.144,68.329,49.405,79.966,1268.7,0.0028612,91.927,0.59159,supercritical
700.0,1700.0,740.07,0.0013512,29.99,34.128,67.956,49.413,78.9,1301.8,0.0012038,93.695,0.60328,supercritical
700.0,1800.0,749.21,0.0013347,29.796,34.124,67.606,49.427,77.957,1333.3,-0.00025468,95.395,0.61459,supercritical
700.0,1900.0,757.84,0.0013195,29.615,34.131,67.274,49.445,77.115,1363.4,-0.0015485,97.033,0.62556,supercritical
700.0,2000.0,766.01,0.0013055,29.444,34.148,66.96,49.465,76.357,1392.3,-0.0027045,98.616,0.63622,supercritical
700.0,2100.0,773.78,0.0012924,29.283,34.172,66.661,49.488,75.671,1420.0,-0.0037435,100.15,0.6466,supercritical
700.0,2200.0,781.19,0.0012801,29.131,34.204,66.375,49.513,75.047,1446.7,-0.0046826,101.63,0.65674,supercritical
700.0,2300.0,788.27,0.0012686,28.986,34.242,66.102,49.539,74.475,1472.5,-0.0055354,103.08,0.66664,supercritical
700.0,2400.0,795.07,0.0012578,28.848,34.286,65.84,49.567,73.95,1497.5,-0.0063132,104.48,0.67633,supercritical
700.0,2500.0,801.59,0.0012475,28.717,34.336,65.587,49.595,73.466,1521.6,-0.0070255,105.85,0.68583,supercritical
700.0,2600.0,807.87,0.0012378,28.592,34.389,65.345,49.624,73.017,1545.0,-0.0076799,107.18,0.69514,supercritical
700.0,2700.0,813.92,0.0012286,28.471,34.448,65.11,49.653,72.6,1567.8,-0.0082832,108.48,0.70428,supercritical
700.0,2800.0,819.77,0.0012199,28.356,34.51,64.884,49.682,72.212,1589.9,-0.008841,109.75,0.71326,supercritical
700.0,2900.0,825.43,0.0012115,28.246,34.575,64.665,49.712,71.849,1611.4,-0.0093581,110.99,0.72209,supercritical
700.0,3000.0,830.91,0.0012035,28.14,34.644,64.452,49.742,71.508,1632.3,-0.0098386,112.2,0.73078,supercritical
700.0,3100.0,836.22,0.0011959,28.037,34.716,64.246,49.772,71.189,1652.8,-0.010286,113.38,0.73933,supercritical
700.0,3200.0,841.38,0.0011885,27.939,34.79,64.046,49.802,70.888,1672.7,-0.010704,114.54,0.74776,supercritical
700.0,3300.0,846.4,0.0011815,27.844,34.868,63.851,49.832,70.605,1692.2,-0.011095,115.67,0.75606,supercritical
700.0,3400.0,851.28,0.0011747,27.752,34.947,63.661,49.862,70.337,1711.2,-0.011461,116.78,0.76424,supercritical
700.0,3500.0,856.04,0.0011682,27.663,35.029,63.477,49.892,70.084,1729.8,-0.011805,117.87,0.77232,supercritical
700.0,3600.0,860.67,0.0011619,27.577,35.112,63.296,49.922,69.843,1748.0,-0.012128,118.93,0.78028,supercritical
700.0,3700.0,865.2,0.0011558,27.494,35.198,63.12,49.951,69.615,1765.9,-0.012432,119.97,0.78814,supercritical
700.0,3800.0,869.62,0.0011499,27.413,35.285,62.949,49.981,69.398,1783.4,-0.012719,120.99,0.7959,supercritical
700.0,3900.0,873.93,0.0011443,27.335,35.375,62.781,50.01,69.192,1800.5,-0.012989,121.99,0.80356,supercritical
700.0,4000.0,878.15,0.0011388,27.259,35.465,62.616,50.039,68.995,1817.3,-0.013245,122.96,0.81112,supercritical
700.0,4100.0,882.28,0.0011334,27.186,35.557,62.456,50.067,68.807,1833.9,-0.013488,123.92,0.81859,supercritical
700.0,4200.0,886.33,0.0011283,27.114,35.651,62.298,50.096,68.628,1850.1,-0.013717,124.86,0.82595,supercritical
700.0,4300.0,890.29,0.0011232,27.044,35.746,62.144,50.124,68.456,1866.0,-0.013935,125.78,0.83318,supercritical
700.0,4400.0,894.17,0.0011184,26.977,35.842,61.992,50.152,68.292,1881.7,-0.014142,126.68,0.84035,supercritical
700.0,4500.0,897.98,0.0011136,26.911,35.939,61.844,50.18,68.135,1897.0,-0.014338,127.56,0.84757,supercritical
700.0,4600.0,901.72,0.001109,26.847,36.037,61.698,50.207,67.984,1912.2,-0.014525,128.43,0.85472,supercritical
700.0,4700.0,905.39,0.0011045,26.784,36.136,61.555,50.234,67.839,1927.1,-0.014703,129.27,0.86179,supercritical
700.0,4800.0,908.99,0.0011001,26.723,36.236,61.415,50.261,67.699,1941.8,-0.014872,130.1,0.86879,supercritical
700.0,4900.0,912.54,0.0010958,26.664,36.337,61.277,50.288,67.565,1956.2,-0.015034,130.92,0.87572,supercritical
700.0,5000.0,916.02,0.0010917,26.606,36.439,61.141,50.315,67.436,1970.5,-0.015188,131.71,0.88258,supercritical
800.0,0.1,0.027086,36.919,57.252,63.903,179.66,30.409,38.727,685.67,0.45175,29.655,0.06984,vapor
800.0,0.2,0.054176,18.458,57.251,63.901,173.9,30.412,38.733,685.65,0.45174,29.655,0.069848,vapor
800.0,0.3,0.08127,12.305,57.249,63.9,170.53,30.414,38.738,685.62,0.45174,29.655,0.069855,vapor
800.0,0.4,0.10837,9.2279,57.248,63.898,168.13,30.417,38.744,685.6,0.45173,29.656,0.069863,vapor
800.0,0.5,0.13547,7.3819,57.247,63.896,166.28,30.419,38.75,685.58,0.45172,29.656,0.06987,vapor
800.0,0.6,0.16257,6.1511,57.245,63.894,164.76,30.421,38.756,685.56,0.45171,29.656,0.069878,vapor
800.0,0.7,0.18968,5.2721,57.244,63.893,163.47,30.424,38.761,685.54,0.4517,29.656,0.069885,vapor
800.0,0.8,0.21679,4.6127,57.243,63.891,162.36,30.426,38.767,685.51,0.45169,29.657,0.069893,vapor
800.0,0.9,0.24391,4.0999,57.242,63.889,161.38,30.429,38.773,685.49,0.45168,29.657,0.0699,vapor
800.0,1.0,0.27102,3.6897,57.24,63.887,160.5,30.431,38.778,685.47,0.45167,29.657,0.069908,vapor
800.0,1.1,0.29815,3.3541,57.239,63.886,159.71,30.434,38.784,685.45,0.45166,29.657,0.069915,vapor
800.0,1.2,0.32527,3.0744,57.238,63.884,158.98,30.436,38.79,685.43,0.45165,29.658,0.069923,vapor
800.0,1.3,0.3524,2.8377,57.236,63.882,158.32,30.438,38.796,685.4,0.45164,29.658,0.06993,vapor
800.0,1.4,0.37953,2.6348,57.235,63.88,157.7,30.441,38.801,685.38,0.45163,29.658,0.069938,vapor
800.0,1.5,0.40667,2.459,57.234,63.879,157.12,30.443,38.807,685.36,0.45162,29.658,0.069945,vapor
800.0,1.6,0.43381,2.3052,57.232,63.877,156.59,30.446,38.813,685.34,0.45161,29.659,0.069953,vapor
800.0,1.7,0.46095,2.1694,57.231,63.875,156.08,30.448,38.818,685.32,0.4516,29.659,0.06996,vapor
800.0,1.8,0.4881,2.0488,57.23,63.873,155.6,30.451,38.824,685.29,0.45159,29.659,0.069968,vapor
800.0,1.9,0.51525,1.9408,57.228,63.872,155.15,30.453,38.83,685.27,0.45159,29.659,0.069975,vapor
800.0,2.0,0.54241,1.8436,57.227,63.87,154.72,30.455,38.836,685.25,0.45158,29.659,0.069983,vapor
800.0,2.1,0.56956,1.7557,57.226,63.868,154.32,30.458,38.841,685.23,0.45157,29.66,0.06999,vapor
800.0,2.2,0.59673,1.6758,57.224,63.866,153.93,30.46,38.847,685.21,0.45156,29.66,0.069998,vapor
800.0,2.3,0.62389,1.6028,57.223,63.865,153.56,30.463,38.853,685.18,0.45155,29.66,0.070005,vapor
800.0,2.4,0.65106,1.536,57.222,63.863,153.2,30.465,38.859,685.16,0.45154,29.66,0.070013,vapor
800.0,2.5,0.67823,1.4744,57.22,63.861,152.86,30.468,38.864,685.14,0.45153,29.661,0.07002,vapor
800.0,2.6,0.70541,1.4176,57.219,63.859,152.53,30.47,38.87,685.12,0.45152,29.661,0.070028,vapor
800.0,2.7,0.73259,1.365,57.218,63.857,152.22,30.472,38.876,685.1,0.45151,29.661,0.070035,vapor
800.0,2.8,0.75977,1.3162,57.217,63.856,151.91,30.475,38.882,685.07,0.4515,29.661,0.070043,vapor
800.0,2.9,0.78696,1.2707,57.215,63.854,151.62,30.477,38.887,685.05,0.45149,29.662,0.07005,vapor
800.0,3.0,0.81415,1.2283,57.214,63.852,151.34,30.48,38.893,685.03,0.45148,29.662,0.070058,vapor
800.0,3.1,0.84134,1.1886,57.213,63.85,151.06,30.482,38.899,685.01,0.45147,29.662,0.070065,vapor
800.0,3.2,0.86854,1.1514,57.211,63.849,150.8,30.485,38.905,684.98,0.45146,29.662,0.070073,vapor
800.0,3.3,0.89574,1.1164,57.21,63.847,150.54,30.487,38.91,684.96,0.45145,29.663,0.07008,vapor
800.0,3.4,0.92295,1.0835,57.209,63.845,150.29,30.489,38.916,684.94,0.45144,29.663,0.070088,vapor
800.0,3.5,0.95015,1.0525,57.207,63.843,150.05,30.492,38.922,684.92,0.45143,29.663,0.070096,vapor
800.0,3.6,0.97737,1.0232,57.206,63.842,149.81,30.494,38.928,684.9,0.45142,29.663,0.070103,vapor
800.0,3.7,1.0046,0.99544,57.205,63.84,149.58,30.497,38.933,684.87,0.45141,29.664,0.070111,vapor
800.0,3.8,1.0318,0.96918,57.203,63.838,149.36,30.499,38.939,684.85,0.4514,29.664,0.070118,vapor
800.0,3.9,1.059,0.94427,57.202,63.836,149.14,30.502,38.945,684.83,0.45139,29.664,0.070126,vapor
800.0,4.0,1.0863,0.9206,57.201,63.835,148.93,30.504,38.951,684.81,0.45138,29.664,0.070133,vapor
800.0,4.1,1.1135,0.89808,57.199,63.833,148.72,30.506,38.957,684.79,0.45137,29.665,0.070141,vapor
800.0,4.2,1.1407,0.87664,57.198,63.831,148.52,30.509,38.962,684.76,0.45136,29.665,0.070148,vapor
800.0,4.3,1.168,0.8562,57.197,63.829,148.32,30.511,38.968,684.74,0.45135,29.665,0.070156,vapor
800.0,4.4,1.1952,0.83668,57.195,63.828,148.13,30.514,38.974,684.72,0.45134,29.666,0.070163,vapor
800.0,4.5,1.2224,0.81804,57.194,63.826,147.94,30.516,38.98,684.7,0.45133,29.666,0.070171,vapor
800.0,4.6,1.2497,0.8002,57.193,63.824,147.76,30.519,38.985,684.68,0.45132,29.666,0.070179,vapor
800.0,4.7,1.2769,0.78312,57.191,63.822,147.58,30.521,38.991,684.65,0.45131,29.666,0.070186,vapor
800.0,4.8,1.3042,0.76676,57.19,63.821,147.4,30.524,38.997,684.63,0.4513,29.667,0.070194,vapor
800.0,4.9,1.3315,0.75106,57.189,63.819,147.23,30.526,39.003,684.61,0.45129,29.667,0.070201,vapor
800.0,5.0,1.3587,0.73599,57.188,63.817,147.06,30.528,39.009,684.59,0.45128,29.667,0.070209,vapor
800.0,5.1,1.386,0.72151,57.186,63.815,146.89,30.531,39.014,684.56,0.45127,29.667,0.070217,vapor
800.0,5.2,1.4133,0.70759,57.185,63.814,146.73,30.533,39.02,684.54,0.45126,29.668,0.070224,vapor
800.0,5.3,1.4405,0.69419,57.184,63.812,146.57,30.536,39.026,684.52,0.45125,29.668,0.070232,vapor
800.0,5.4,1.4678,0.68129,57.182,63.81,146.41,30.538,39.032,684.5,0.45124,29.668,0.070239,vapor
800.0,5.5,1.4951,0.66886,57.181,63.808,146.26,30.541,39.038,684.48,0.45123,29.668,0.070247,vapor
800.0,5.6,1.5224,0.65687,57.18,63.806,146.1,30.543,39.043,684.45,0.45122,29.669,0.070254,vapor
800.0,5.7,1.5497,0.6453,57.178,63.805,145.96,30.546,39.049,684.43,0.45121,29.669,0.070262,vapor
800.0,5.8,1.5769,0.63414,57.177,63.803,145.81,30.548,39.055,684.41,0.4512,29.669,0.07027,vapor
800.0,5.9,1.6042,0.62335,57.176,63.801,145.67,30.55,39.061,684.39,0.45119,29.669,0.070277,vapor
800.0,6.0,1.6315,0.61292,57.174,63.799,145.52,30.553,39.067,684.37,0.45118,29.67,0.070285,vapor
800.0,6.1,1.6588,0.60283,57.173,63.798,145.39,30.555,39.073,684.34,0.45117,29.67,0.070292,vapor
800.0,6.2,1.6862,0.59307,57.172,63.796,145.25,30.558,39.078,684.32,0.45116,29.67,0.0703,vapor
800.0,6.3,1.7135,0.58361,57.17,63.794,145.11,30.56,39.084,684.3,0.45115,29.67,0.070308,vapor
800.0,6.4,1.7408,0.57446,57.169,63.792,144.98,30.563,39.09,684.28,0.45114,29.671,0.070315,vapor
800.0,6.5,1.7681,0.56558,57.168,63.791,144.85,30.565,39.096,684.25,0.45113,29.671,0.070323,vapor
800.0,6.6,1.7954,0.55697,57.166,63.789,144.72,30.568,39.102,684.23,0.45112,29.671,0.070331,vapor
800.0,6.7,1.8227,0.54862,57.165,63.787,144.6,30.57,39.108,684.21,0.45111,29.671,0.070338,vapor
800.0,6.8,1.8501,0.54052,57.164,63.785,144.47,30.572,39.113,684.19,0.4511,29.672,0.070346,vapor
800.0,6.9,1.8774,0.53265,57.162,63.784,144.35,30.575,39.119,684.17,0.45109,29.672,0.070353,vapor
800.0,7.0,1.9047,0.52501,57.161,63.782,144.23,30.577,39.125,684.14,0.45108,29.672,0.070361,vapor
800.0,7.1,1.9321,0.51758,57.16,63.78,144.11,30.58,39.131,684.12,0.45107,29.673,0.070369,vapor
800.0,7.2,1.9594,0.51036,57.158,63.778,143.99,30.582,39.137,684.1,0.45106,29.673,0.070376,vapor
800.0,7.3,1.9868,0.50333,57.157,63.777,143.87,30.585,39.143,684.08,0.45105,29.673,0.070384,vapor
800.0,7.4,2.0141,0.4965,57.156,63.775,143.76,30.587,39.148,684.05,0.45104,29.673,0.070392,vapor
800.0,7.5,2.0415,0.48984,57.154,63.773,143.64,30.59,39.154,684.03,0.45103,29.674,0.070399,vapor
800.0,7.6,2.0688,0.48337,57.153,63.771,143.53,30.592,39.16,684.01,0.45102,29.674,0.070407,vapor
800.0,7.7,2.0962,0.47706,57.152,63.769,143.42,30.595,39.166,683.99,0.45101,29.674,0.070414,vapor
800.0,7.8,2.1236,0.47091,57.151,63.768,143.31,30.597,39.172,683.97,0.451,29.674,0.070422,vapor
800.0,7.9,2.1509,0.46492,57.149,63.766,143.21,30.599,39.178,683.94,0.45099,29.675,0.07043,vapor
800.0,8.0,2.1783,0.45907,57.148,63.764,143.1,30.602,39.184,683.92,0.45098,29.675,0.070437,vapor
800.0,8.1,2.2057,0.45338,57.147,63.762,142.99,30.604,39.189,683.9,0.45097,29.675,0.070445,vapor
800.0,8.2,2.2331,0.44782,57.145,63.761,142.89,30.607,39.195,683.88,0.45096,29.675,0.070453,vapor
800.0,8.3,2.2604,0.44239,57.144,63.759,142.79,30.609,39.201,683.85,0.45095,29.676,0.07046,vapor
800.0,8.4,2.2878,0.4371,57.143,63.757,142.69,30.612,39.207,683.83,0.45094,29.676,0.070468,vapor
800.0,8.5,2.3152,0.43193,57.141,63.755,142.59,30.614,39.213,683.81,0.45093,29.676,0.070476,vapor
800.0,8.6,2.3426,0.42687,57.14,63.754,142.49,30.617,39.219,683.79,0.45092,29.677,0.070483,vapor
800.0,8.7,2.37,0.42194,57.139,63.752,142.39,30.619,39.225,683.77,0.45091,29.677,0.070491,vapor
800.0,8.8,2.3974,0.41712,57.137,63.75,142.29,30.622,39.231,683.74,0.4509,29.677,0.070499,vapor
800.0,8.9,2.4248,0.4124,57.136,63.748,142.2,30.624,39.236,683.72,0.45088,29.677,0.070506,vapor
800.0,9.0,2.4522,0.40779,57.135,63.746,142.1,30.627,39.242,683.7,0.45087,29.678,0.070514,vapor
800.0,9.1,2.4796,0.40328,57.133,63.745,142.01,30.629,39.248,683.68,0.45086,29.678,0.070522,vapor
800.0,9.2,2.5071,0.39887,57.132,63.743,141.92,30.631,39.254,683.65,0.45085,29.678,0.070529,vapor
800.0,9.3,2.5345,0.39456,57.131,63.741,141.83,30.634,39.26,683.63,0.45084,29.678,0.070537,vapor
800.0,9.4,2.5619,0.39034,57.129,63.739,141.73,30.636,39.266,683.61,0.45083,29.679,0.070545,vapor
800.0,9.5,2.5893,0.3862,57.128,63.738,141.65,30.639,39.272,683.59,0.45082,29.679,0.070552,vapor
800.0,9.6,2.6168,0.38215,57.127,63.736,141.56,30.641,39.278,683.57,0.45081,29.679,0.07056,vapor
800.0,9.7,2.6442,0.37819,57.125,63.734,141.47,30.644,39.284,683.54,0.4508,29.68,0.070568,vapor
800.0,9.8,2.6716,0.3743,57.124,63.732,141.38,30.646,39.289,683.52,0.45079,29.68,0.070576,vapor
800.0,9.9,2.6991,0.3705,57.123,63.731,141.3,30.649,39.295,683.5,0.45078,29.68,0.070583,vapor
800.0,10.0,2.7265,0.36677,57.121,63.729,141.21,30.651,39.301,683.48,0.45077,29.68,0.070591,vapor
800.0,11.0,3.0012,0.3332,57.108,63.711,140.4,30.676,39.36,683.25,0.45066,29.683,0.070668,vapor
800.0,12.0,3.2762,0.30523,57.095,63.693,139.66,30.701,39.42,683.03,0.45055,29.686,0.070745,vapor
800.0,13.0,3.5516,0.28156,57.081,63.676,138.98,30.726,39.48,682.81,0.45044,29.689,0.070823,vapor
800.0,14.0,3.8274,0.26127,57.068,63.658,138.35,30.75,39.539,682.58,0.45033,29.692,0.070901,vapor
800.0,15.0,4.1036,0.24369,57.055,63.64,137.76,30.775,39.599,682.36,0.45022,29.695,0.070979,vapor
800.0,16.0,4.3801,0.2283,57.041,63.622,137.2,30.8,39.66,682.14,0.4501,29.698,0.071057,vapor
800.0,17.0,4.657,0.21473,57.028,63.604,136.68,30.825,39.72,681.91,0.44998,29.701,0.071136,vapor
800.0,18.0,4.9343,0.20266,57.015,63.586,136.19,30.851,39.781,681.69,0.44987,29.704,0.071215,vapor
800.0,19.0,5.212,0.19186,57.001,63.568,135.72,30.876,39.842,681.46,0.44975,29.707,0.071294,vapor
800.0,20.0,5.4901,0.18215,56.988,63.55,135.28,30.901,39.903,681.24,0.44963,29.71,0.071374,vapor
800.0,21.0,5.7685,0.17336,56.974,63.533,134.86,30.926,39.965,681.01,0.4495,29.713,0.071453,vapor
800.0,22.0,6.0473,0.16536,56.961,63.515,134.45,30.952,40.026,680.79,0.44938,29.717,0.071533,vapor
800.0,23.0,6.3266,0.15806,56.947,63.497,134.07,30.977,40.088,680.56,0.44925,29.72,0.071613,vapor
800.0,24.0,6.6062,0.15137,56.934,63.479,133.7,31.002,40.15,680.34,0.44913,29.723,0.071694,vapor
800.0,25.0,6.8861,0.14522,56.92,63.46,133.34,31.028,40.213,680.11,0.449,29.726,0.071774,vapor
800.0,26.0,7.1665,0.13954,56.907,63.442,133.0,31.053,40.275,679.89,0.44887,29.73,0.071855,vapor
800.0,27.0,7.4473,0.13428,56.893,63.424,132.67,31.079,40.338,679.66,0.44874,29.733,0.071937,vapor
800.0,28.0,7.7285,0.12939,56.879,63.406,132.35,31.105,40.401,679.43,0.4486,29.737,0.072018,vapor
800.0,29.0,8.01,0.12484,56.866,63.388,132.04,31.13,40.464,679.21,0.44847,29.74,0.0721,vapor
800.0,30.0,8.292,0.1206,56.852,63.37,131.74,31.156,40.528,678.98,0.44834,29.744,0.072182,vapor
800.0,31.0,8.5744,0.11663,56.838,63.352,131.45,31.182,40.592,678.75,0.4482,29.747,0.072264,vapor
800.0,32.0,8.8571,0.1129,56.825,63.334,131.17,31.208,40.656,678.52,0.44806,29.751,0.072347,vapor
800.0,33.0,9.1403,0.10941,56.811,63.315,130.89,31.234,40.72,678.3,0.44792,29.755,0.07243,vapor
800.0,34.0,9.4239,0.10611,56.797,63.297,130.63,31.26,40.784,678.07,0.44778,29.758,0.072513,vapor
800.0,35.0,9.7078,0.10301,56.784,63.279,130.37,31.286,40.849,677.84,0.44764,29.762,0.072596,vapor
800.0,36.0,9.9922,0.10008,56.77,63.26,130.12,31.312,40.914,677.61,0.44749,29.766,0.07268,vapor
800.0,37.0,10.277,0.097305,56.756,63.242,129.87,31.338,40.979,677.38,0.44735,29.77,0.072764,vapor
800.0,38.0,10.562,0.094678,56.742,63.224,129.64,31.364,41.044,677.15,0.4472,29.774,0.072848,vapor
800.0,39.0,10.848,0.092185,56.729,63.205,129.4,31.391,41.11,676.92,0.44705,29.778,0.072932,vapor
800.0,40.0,11.134,0.089817,56.715,63.187,129.17,31.417,41.176,676.69,0.4469,29.782,0.073017,vapor
800.0,41.0,11.42,0.087564,56.701,63.169,128.95,31.443,41.242,676.47,0.44675,29.786,0.073102,vapor
800.0,42.0,11.707,0.085419,56.687,63.15,128.73,31.47,41.308,676.24,0.44659,29.79,0.073187,vapor
800.0,43.0,11.994,0.083373,56.673,63.132,128.52,31.496,41.375,676.01,0.44644,29.794,0.073273,vapor
800.0,44.0,12.282,0.08142,56.659,63.113,128.31,31.523,41.442,675.78,0.44628,29.798,0.073359,vapor
800.0,45.0,12.57,0.079554,56.645,63.095,128.11,31.549,41.509,675.55,0.44613,29.802,0.073445,vapor
800.0,46.0,12.859,0.077769,56.631,63.076,127.91,31.576,41.576,675.31,0.44597,29.806,0.073531,vapor
800.0,47.0,13.148,0.07606,56.618,63.058,127.71,31.602,41.644,675.08,0.44581,29.811,0.073618,vapor
800.0,48.0,13.437,0.074422,56.604,63.039,127.52,31.629,41.712,674.85,0.44565,29.815,0.073705,vapor
800.0,49.0,13.727,0.072851,56.59,63.021,127.33,31.656,41.78,674.62,0.44548,29.819,0.073793,vapor
800.0,50.0,14.017,0.071343,56.576,63.002,127.14,31.683,41.848,674.39,0.44532,29.824,0.07388,vapor
800.0,51.0,14.307,0.069893,56.562,62.983,126.96,31.71,41.917,674.16,0.44515,29.828,0.073968,vapor
800.0,52.0,14.599,0.0685,56.548,62.965,126.78,31.737,41.986,673.93,0.44499,29.832,0.074056,vapor
800.0,53.0,14.89,0.067159,56.533,62.946,126.61,31.764,42.055,673.7,0.44482,29.837,0.074145,vapor
800.0,54.0,15.182,0.065868,56.519,62.927,126.43,31.791,42.124,673.46,0.44465,29.842,0.074234,vapor
800.0,55.0,15.474,0.064623,56.505,62.908,126.26,31.818,42.194,673.23,0.44448,29.846,0.074323,vapor
800.0,56.0,15.767,0.063423,56.491,62.89,126.09,31.845,42.264,673.0,0.4443,29.851,0.074412,vapor
800.0,57.0,16.06,0.062265,56.477,62.871,125.93,31.872,42.334,672.77,0.44413,29.856,0.074502,vapor
800.0,58.0,16.354,0.061147,56.463,62.852,125.77,31.899,42.404,672.53,0.44395,29.86,0.074592,vapor
800.0,59.0,16.648,0.060067,56.449,62.833,125.61,31.927,42.475,672.3,0.44377,29.865,0.074682,vapor
800.0,60.0,16.943,0.059022,56.435,62.814,125.45,31.954,42.546,672.07,0.4436,29.87,0.074773,vapor
800.0,61.0,17.238,0.058012,56.42,62.795,125.29,31.981,42.617,671.83,0.44342,29.875,0.074864,vapor
800.0,62.0,17.533,0.057035,56.406,62.777,125.14,32.009,42.688,671.6,0.44323,29.88,0.074955,vapor
800.0,63.0,17.829,0.056088,56.392,62.758,124.99,32.036,42.76,671.37,0.44305,29.885,0.075046,vapor
800.0,64.0,18.125,0.055171,56.378,62.739,124.84,32.064,42.832,671.13,0.44287,29.89,0.075138,vapor
800.0,65.0,18.422,0.054282,56.363,62.72,124.69,32.092,42.904,670.9,0.44268,29.895,0.07523,vapor
800.0,66.0,18.72,0.05342,56.349,62.701,124.55,32.119,42.976,670.67,0.44249,29.9,0.075323,vapor
800.0,67.0,19.017,0.052584,56.335,62.682,124.41,32.147,43.049,670.43,0.4423,29.905,0.075416,vapor
800.0,68.0,19.315,0.051772,56.32,62.663,124.26,32.175,43.122,670.2,0.44211,29.91,0.075509,vapor
800.0,69.0,19.614,0.050984,56.306,62.644,124.12,32.202,43.195,669.96,0.44192,29.915,0.075602,vapor
800.0,70.0,19.913,0.050218,56.292,62.624,123.99,32.23,43.269,669.73,0.44173,29.921,0.075696,vapor
800.0,71.0,20.213,0.049474,56.277,62.605,123.85,32.258,43.343,669.49,0.44154,29.926,0.07579,vapor
800.0,72.0,20.513,0.048751,56.263,62.586,123.72,32.286,43.417,669.26,0.44134,29.931,0.075884,vapor
800.0,73.0,20.813,0.048047,56.248,62.567,123.58,32.314,43.491,669.02,0.44114,29.937,0.075979,vapor
800.0,74.0,21.114,0.047362,56.234,62.548,123.45,32.342,43.566,668.79,0.44094,29.942,0.076074,vapor
800.0,75.0,21.415,0.046695,56.219,62.529,123.32,32.37,43.641,668.55,0.44074,29.948,0.076169,vapor
800.0,76.0,21.717,0.046046,56.205,62.509,123.19,32.399,43.716,668.31,0.44054,29.953,0.076265,vapor
800.0,77.0,22.02,0.045414,56.19,62.49,123.07,32.427,43.791,668.08,0.44034,29.959,0.076361,vapor
800.0,78.0,22.322,0.044798,56.176,62.471,122.94,32.455,43.867,667.84,0.44014,29.965,0.076458,vapor
800.0,79.0,22.626,0.044198,56.161,62.451,122.82,32.483,43.943,667.61,0.43993,29.97,0.076554,vapor
800.0,80.0,22.929,0.043612,56.147,62.432,122.69,32.512,44.019,667.37,0.43972,29.976,0.076651,vapor
800.0,81.0,23.234,0.043041,56.132,62.413,122.57,32.54,44.095,667.13,0.43952,29.982,0.076749,vapor
800.0,82.0,23.538,0.042484,56.117,62.393,122.45,32.569,44.172,666.9,0.43931,29.988,0.076846,vapor
800.0,83.0,23.844,0.04194,56.103,62.374,122.33,32.597,44.249,666.66,0.4391,29.993,0.076944,vapor
800.0,84.0,24.149,0.041409,56.088,62.354,122.21,32.626,44.327,666.42,0.43888,29.999,0.077043,vapor
800.0,85.0,24.455,0.040891,56.073,62.335,122.1,32.654,44.404,666.19,0.43867,30.005,0.077141,vapor
800.0,86.0,24.762,0.040384,56.059,62.315,121.98,32.683,44.482,665.95,0.43845,30.011,0.077241,vapor
800.0,87.0,25.069,0.03989,56.044,62.296,121.87,32.712,44.56,665.71,0.43824,30.017,0.07734,vapor
800.0,88.0,25.377,0.039406,56.029,62.276,121.75,32.74,44.639,665.47,0.43802,30.024,0.07744,vapor
800.0,89.0,25.685,0.038933,56.014,62.257,121.64,32.769,44.717,665.24,0.4378,30.03,0.07754,vapor
800.0,90.0,25.994,0.038471,56.0,62.237,121.53,32.798,44.797,665.0,0.43758,30.036,0.07764,vapor
800.0,91.0,26.303,0.038019,55.985,62.218,121.42,32.827,44.876,664.76,0.43736,30.042,0.077741,vapor
800.0,92.0,26.612,0.037577,55.97,62.198,121.31,32.856,44.955,664.52,0.43713,30.049,0.077842,vapor
800.0,93.0,26.922,0.037144,55.955,62.178,121.2,32.885,45.035,664.28,0.43691,30.055,0.077944,vapor
800.0,94.0,27.233,0.03672,55.94,62.159,121.09,32.914,45.116,664.04,0.43668,30.061,0.078046,vapor
800.0,95.0,27.544,0.036305,55.925,62.139,120.98,32.943,45.196,663.81,0.43645,30.068,0.078148,vapor
800.0,96.0,27.856,0.035899,55.911,62.119,120.88,32.972,45.277,663.57,0.43622,30.074,0.07825,vapor
800.0,97.0,28.168,0.035502,55.896,62.099,120.77,33.001,45.358,663.33,0.43599,30.081,0.078353,vapor
800.0,98.0,28.48,0.035112,55.881,62.08,120.67,33.03,45.439,663.09,0.43576,30.088,0.078457,vapor
800.0,99.0,28.794,0.03473,55.866,62.06,120.57,33.06,45.521,662.85,0.43553,30.094,0.07856,vapor
800.0,100.0,29.107,0.034356,55.851,62.04,120.46,33.089,45.603,662.61,0.43529,30.101,0.078664,vapor
800.0,200.0,63.396,0.015774,54.243,59.926,112.65,36.229,55.456,638.5,0.40508,31.057,0.091266,vapor
800.0,300.0,105.0,0.0095235,52.399,57.546,106.92,39.616,69.255,615.89,0.36241,32.731,0.10995,vapor
800.0,300.0,105.0,0.0095235,52.399,57.546,106.92,39.616,69.255,615.89,0.36241,32.731,0.10995,supercritical
800.0,300.0,105.0,0.0095235,52.399,57.546,106.92,39.616,69.255,615.89,0.36241,32.731,0.10995,supercritical
800.0,400.0,156.3,0.0063981,50.319,54.929,101.89,42.858,87.261,599.19,0.30962,35.422,0.13801,supercritical
800.0,500.0,218.07,0.0045857,48.087,52.217,97.281,45.393,106.36,595.46,0.25087,39.376,0.17772,supercritical
800.0,600.0,285.65,0.0035008,45.932,49.716,93.254,46.812,118.1,612.52,0.19298,44.363,0.22528,supercritical
800.0,700.0,349.35,0.0028624,44.109,47.718,90.047,47.295,118.47,650.9,0.14464,49.549,0.2715,supercritical
800.0,800.0,403.06,0.002481,42.683,46.258,87.624,47.338,112.97,702.59,0.10895,54.253,0.31101,supercritical
800.0,900.0,446.63,0.002239,41.577,45.208,85.781,47.251,106.58,758.65,0.083763,58.318,0.34369,supercritical
800.0,1000.0,482.23,0.0020737,40.7,44.435,84.331,47.143,101.08,813.97,0.065939,61.842,0.37117,supercritical
800.0,1100.0,511.95,0.0019533,39.98,43.851,83.148,47.05,96.611,866.8,0.052906,64.952,0.3949,supercritical
800.0,1200.0,537.3,0.0018612,39.375,43.399,82.153,46.983,92.972,916.63,0.043029,67.746,0.41593,supercritical
800.0,1300.0,559.34,0.0017878,38.855,43.042,81.297,46.94,89.978,963.37,0.035323,70.296,0.43492,supercritical
800.0,1400.0,578.82,0.0017277,38.399,42.756,80.545,46.918,87.486,1007.2,0.029163,72.652,0.45237,supercritical
800.0,1500.0,596.26,0.0016771,37.995,42.527,79.874,46.914,85.385,1048.3,0.024136,74.849,0.46861,supercritical
800.0,1600.0,612.05,0.0016338,37.632,42.341,79.269,46.922,83.592,1087.1,0.019958,76.916,0.48387,supercritical
800.0,1700.0,626.49,0.0015962,37.302,42.191,78.718,46.941,82.042,1123.7,0.016432,78.873,0.49833,supercritical
800.0,1800.0,639.8,0.001563,37.001,42.07,78.211,46.967,80.689,1158.6,0.013414,80.734,0.51212,supercritical
800.0,1900.0,652.14,0.0015334,36.724,41.973,77.741,47.0,79.496,1191.8,0.010803,82.511,0.52533,supercritical
800.0,2000.0,663.65,0.0015068,36.468,41.897,77.304,47.038,78.435,1223.5,0.0085215,84.215,0.53806,supercritical
800.0,2100.0,674.45,0.0014827,36.229,41.838,76.894,47.079,77.487,1254.0,0.0065107,85.851,0.55036,supercritical
800.0,2200.0,684.62,0.0014607,36.006,41.795,76.509,47.123,76.632,1283.2,0.0047254,87.428,0.56227,supercritical
800.0,2300.0,694.22,0.0014405,35.797,41.765,76.145,47.168,75.858,1311.4,0.00313,88.948,0.57385,supercritical
800.0,2400.0,703.34,0.0014218,35.6,41.747,75.8,47.216,75.154,1338.6,0.0016962,90.418,0.58512,supercritical
800.0,2500.0,712.01,0.0014045,35.414,41.739,75.472,47.264,74.51,1365.0,0.00040094,91.839,0.59611,supercritical
800.0,2600.0,720.27,0.0013884,35.238,41.741,75.16,47.314,73.92,1390.4,-0.00077453,93.217,0.60684,supercritical
800.0,2700.0,728.18,0.0013733,35.071,41.751,74.861,47.364,73.375,1415.2,-0.0018457,94.552,0.61735,supercritical
800.0,2800.0,735.75,0.0013592,34.912,41.768,74.575,47.414,72.873,1439.2,-0.0028255,95.848,0.62763,supercritical
800.0,2900.0,743.03,0.0013458,34.76,41.791,74.3,47.464,72.407,1462.6,-0.0037248,97.106,0.63772,supercritical
800.0,3000.0,750.02,0.0013333,34.616,41.821,74.036,47.514,71.974,1485.3,-0.0045527,98.328,0.64762,supercritical
800.0,3100.0,756.77,0.0013214,34.477,41.857,73.781,47.565,71.57,1507.5,-0.0053171,99.515,0.65735,supercritical
800.0,3200.0,763.27,0.0013101,34.344,41.897,73.535,47.615,71.193,1529.1,-0.0060247,100.67,0.66691,supercritical
800.0,3300.0,769.56,0.0012994,34.217,41.942,73.298,47.664,70.84,1550.2,-0.0066814,101.79,0.67632,supercritical
800.0,3400.0,775.65,0.0012892,34.095,41.992,73.068,47.714,70.509,1570.8,-0.0072922,102.89,0.68558,supercritical
800.0,3500.0,781.55,0.0012795,33.977,42.045,72.846,47.763,70.197,1590.9,-0.0078615,103.95,0.6947,supercritical
800.0,3600.0,787.27,0.0012702,33.864,42.102,72.63,47.811,69.904,1610.6,-0.0083932,104.98,0.7037,supercritical
800.0,3700.0,792.82,0.0012613,33.755,42.162,72.42,47.86,69.628,1629.9,-0.0088906,105.99,0.71256,supercritical
800.0,3800.0,798.22,0.0012528,33.65,42.226,72.216,47.907,69.367,1648.8,-0.0093568,106.97,0.72131,supercritical
800.0,3900.0,803.48,0.0012446,33.548,42.292,72.018,47.955,69.119,1667.3,-0.0097944,107.92,0.72994,supercritical
800.0,4000.0,808.59,0.0012367,33.449,42.361,71.825,48.002,68.885,1685.5,-0.010206,108.85,0.73846,supercritical
800.0,4100.0,813.58,0.0012291,33.354,42.433,71.637,48.048,68.663,1703.3,-0.010593,109.75,0.74688,supercritical
800.0,4200.0,818.45,0.0012218,33.262,42.507,71.453,48.094,68.452,1720.7,-0.010958,110.63,0.75519,supercritical
800.0,4300.0,823.2,0.0012148,33.172,42.583,71.274,48.139,68.251,1737.9,-0.011303,111.49,0.76341,supercritical
800.0,4400.0,827.84,0.001208,33.086,42.661,71.099,48.184,68.06,1754.8,-0.011629,112.32,0.77153,supercritical
800.0,4500.0,832.37,0.0012014,33.002,42.741,70.928,48.228,67.878,1771.3,-0.011937,113.13,0.77955,supercritical
800.0,4600.0,836.81,0.001195,32.92,42.823,70.76,48.272,67.703,1787.6,-0.012229,113.91,0.78749,supercritical
800.0,4700.0,841.15,0.0011888,32.84,42.907,70.596,48.315,67.537,1803.6,-0.012506,114.67,0.79535,supercritical
800.0,4800.0,845.41,0.0011829,32.763,42.992,70.436,48.358,67.378,1819.4,-0.012769,115.41,0.80311,supercritical
800.0,4900.0,849.57,0.0011771,32.688,43.079,70.279,48.4,67.226,1834.9,-0.013018,116.13,0.8108,supercritical
800.0,5000.0,853.66,0.0011714,32.615,43.167,70.124,48.442,67.08,1850.1,-0.013256,116.83,0.81841,supercritical
900.0,0.1,0.024076,41.535,60.356,67.839,184.3,31.674,39.99,724.14,0.32287,33.677,0.082584,vapor
900.0,0.2,0.048154,20.767,60.355,67.837,178.53,31.675,39.994,724.13,0.32286,33.677,0.082591,vapor
900.0,0.3,0.072234,13.844,60.354,67.836,175.16,31.677,39.998,724.12,0.32285,33.678,0.082598,vapor
900.0,0.4,0.096316,10.382,60.353,67.835,172.77,31.678,40.001,724.11,0.32285,33.678,0.082605,vapor
900.0,0.5,0.1204,8.3056,60.352,67.834,170.91,31.68,40.005,724.09,0.32284,33.678,0.082612,vapor
900.0,0.6,0.14449,6.9211,60.351,67.832,169.39,31.681,40.009,724.08,0.32283,33.679,0.082619,vapor
900.0,0.7,0.16857,5.9321,60.35,67.831,168.11,31.683,40.012,724.07,0.32282,33.679,0.082626,vapor
900.0,0.8,0.19266,5.1904,60.349,67.83,167.0,31.684,40.016,724.05,0.32282,33.68,0.082633,vapor
900.0,0.9,0.21676,4.6135,60.348,67.828,166.02,31.686,40.02,724.04,0.32281,33.68,0.08264,vapor
900.0,1.0,0.24085,4.152,60.347,67.827,165.14,31.687,40.024,724.03,0.3228,33.68,0.082647,vapor
900.0,1.1,0.26494,3.7744,60.346,67.826,164.35,31.689,40.027,724.01,0.32279,33.681,0.082654,vapor
900.0,1.2,0.28904,3.4597,60.345,67.824,163.62,31.69,40.031,724.0,0.32279,33.681,0.082661,vapor
900.0,1.3,0.31314,3.1934,60.344,67.823,162.96,31.692,40.035,723.99,0.32278,33.681,0.082668,vapor
900.0,1.4,0.33724,2.9652,60.343,67.822,162.34,31.693,40.038,723.97,0.32277,33.682,0.082675,vapor
900.0,1.5,0.36135,2.7674,60.342,67.821,161.77,31.695,40.042,723.96,0.32276,33.682,0.082682,vapor
900.0,1.6,0.38545,2.5944,60.341,67.819,161.23,31.696,40.046,723.95,0.32276,33.683,0.082689,vapor
900.0,1.7,0.40956,2.4416,60.34,67.818,160.72,31.698,40.049,723.94,0.32275,33.683,0.082696,vapor
900.0,1.8,0.43367,2.3059,60.339,67.817,160.25,31.699,40.053,723.92,0.32274,33.683,0.082703,vapor
900.0,1.9,0.45778,2.1844,60.338,67.815,159.8,31.701,40.057,723.91,0.32274,33.684,0.082709,vapor
900.0,2.0,0.48189,2.0751,60.337,67.814,159.37,31.702,40.06,723.9,0.32273,33.684,0.082716,vapor
900.0,2.1,0.50601,1.9762,60.336,67.813,158.96,31.703,40.064,723.88,0.32272,33.685,0.082723,vapor
900.0,2.2,0.53013,1.8863,60.335,67.812,158.57,31.705,40.068,723.87,0.32271,33.685,0.08273,vapor
900.0,2.3,0.55425,1.8043,60.334,67.81,158.2,31.706,40.071,723.86,0.32271,33.685,0.082737,vapor
900.0,2.4,0.57837,1.729,60.333,67.809,157.85,31.708,40.075,723.84,0.3227,33.686,0.082744,vapor
900.0,2.5,0.60249,1.6598,60.332,67.808,157.51,31.709,40.079,723.83,0.32269,33.686,0.082751,vapor
900.0,2.6,0.62662,1.5959,60.331,67.806,157.18,31.711,40.083,723.82,0.32268,33.687,0.082758,vapor
900.0,2.7,0.65074,1.5367,60.33,67.805,156.87,31.712,40.086,723.8,0.32268,33.687,0.082765,vapor
900.0,2.8,0.67487,1.4818,60.329,67.804,156.56,31.714,40.09,723.79,0.32267,33.687,0.082772,vapor
900.0,2.9,0.699,1.4306,60.328,67.802,156.27,31.715,40.094,723.78,0.32266,33.688,0.082779,vapor
900.0,3.0,0.72314,1.3829,60.327,67.801,155.99,31.717,40.097,723.77,0.32265,33.688,0.082786,vapor
900.0,3.1,0.74727,1.3382,60.326,67.8,155.71,31.718,40.101,723.75,0.32265,33.689,0.082793,vapor
900.0,3.2,0.77141,1.2963,60.325,67.799,155.45,31.72,40.105,723.74,0.32264,33.689,0.0828,vapor
900.0,3.3,0.79555,1.257,60.324,67.797,155.19,31.721,40.108,723.73,0.32263,33.689,0.082807,vapor
900.0,3.4,0.81969,1.22,60.323,67.796,154.94,31.723,40.112,723.71,0.32262,33.69,0.082814,vapor
900.0,3.5,0.84383,1.1851,60.322,67.795,154.7,31.724,40.116,723.7,0.32262,33.69,0.082821,vapor
900.0,3.6,0.86798,1.1521,60.321,67.793,154.46,31.726,40.12,723.69,0.32261,33.69,0.082829,vapor
900.0,3.7,0.89212,1.1209,60.32,67.792,154.24,31.727,40.123,723.67,0.3226,33.691,0.082836,vapor
900.0,3.8,0.91627,1.0914,60.319,67.791,154.01,31.729,40.127,723.66,0.32259,33.691,0.082843,vapor
900.0,3.9,0.94042,1.0634,60.318,67.79,153.8,31.73,40.131,723.65,0.32259,33.692,0.08285,vapor
900.0,4.0,0.96457,1.0367,60.317,67.788,153.58,31.732,40.134,723.63,0.32258,33.692,0.082857,vapor
900.0,4.1,0.98873,1.0114,60.317,67.787,153.38,31.733,40.138,723.62,0.32257,33.692,0.082864,vapor
900.0,4.2,1.0129,0.98728,60.316,67.786,153.18,31.735,40.142,723.61,0.32256,33.693,0.082871,vapor
900.0,4.3,1.037,0.96428,60.315,67.784,152.98,31.736,40.145,723.6,0.32256,33.693,0.082878,vapor
900.0,4.4,1.0612,0.94232,60.314,67.783,152.79,31.738,40.149,723.58,0.32255,33.694,0.082885,vapor
900.0,4.5,1.0854,0.92135,60.313,67.782,152.6,31.739,40.153,723.57,0.32254,33.694,0.082892,vapor
900.0,4.6,1.1095,0.90128,60.312,67.78,152.41,31.741,40.157,723.56,0.32253,33.694,0.082899,vapor
900.0,4.7,1.1337,0.88207,60.311,67.779,152.24,31.742,40.16,723.54,0.32253,33.695,0.082906,vapor
900.0,4.8,1.1579,0.86366,60.31,67.778,152.06,31.744,40.164,723.53,0.32252,33.695,0.082913,vapor
900.0,4.9,1.182,0.846,60.309,67.777,151.89,31.745,40.168,723.52,0.32251,33.696,0.08292,vapor
900.0,5.0,1.2062,0.82904,60.308,67.775,151.72,31.747,40.171,723.5,0.3225,33.696,0.082927,vapor
900.0,5.1,1.2304,0.81275,60.307,67.774,151.55,31.748,40.175,723.49,0.3225,33.696,0.082934,vapor
900.0,5.2,1.2546,0.79709,60.306,67.773,151.39,31.75,40.179,723.48,0.32249,33.697,0.082941,vapor
900.0,5.3,1.2787,0.78202,60.305,67.771,151.23,31.751,40.183,723.46,0.32248,33.697,0.082948,vapor
900.0,5.4,1.3029,0.76751,60.304,67.77,151.07,31.753,40.186,723.45,0.32247,33.698,0.082955,vapor
900.0,5.5,1.3271,0.75352,60.303,67.769,150.92,31.754,40.19,723.44,0.32247,33.698,0.082962,vapor
900.0,5.6,1.3513,0.74004,60.302,67.768,150.77,31.756,40.194,723.42,0.32246,33.698,0.082969,vapor
900.0,5.7,1.3755,0.72702,60.301,67.766,150.62,31.757,40.197,723.41,0.32245,33.699,0.082976,vapor
900.0,5.8,1.3997,0.71446,60.3,67.765,150.47,31.759,40.201,723.4,0.32244,33.699,0.082983,vapor
900.0,5.9,1.4239,0.70232,60.299,67.764,150.33,31.76,40.205,723.39,0.32244,33.7,0.08299,vapor
900.0,6.0,1.448,0.69059,60.298,67.762,150.19,31.761,40.209,723.37,0.32243,33.7,0.082997,vapor
900.0,6.1,1.4722,0.67924,60.297,67.761,150.05,31.763,40.212,723.36,0.32242,33.7,0.083004,vapor
900.0,6.2,1.4964,0.66825,60.296,67.76,149.92,31.764,40.216,723.35,0.32241,33.701,0.083011,vapor
900.0,6.3,1.5206,0.65762,60.295,67.758,149.78,31.766,40.22,723.33,0.32241,33.701,0.083018,vapor
900.0,6.4,1.5448,0.64732,60.294,67.757,149.65,31.767,40.224,723.32,0.3224,33.702,0.083026,vapor
900.0,6.5,1.569,0.63733,60.293,67.756,149.52,31.769,40.227,723.31,0.32239,33.702,0.083033,vapor
900.0,6.6,1.5932,0.62765,60.292,67.755,149.39,31.77,40.231,723.29,0.32238,33.702,0.08304,vapor
900.0,6.7,1.6174,0.61826,60.291,67.753,149.27,31.772,40.235,723.28,0.32237,33.703,0.083047,vapor
900.0,6.8,1.6417,0.60914,60.29,67.752,149.14,31.773,40.238,723.27,0.32237,33.703,0.083054,vapor
900.0,6.9,1.6659,0.60029,60.289,67.751,149.02,31.775,40.242,723.25,0.32236,33.704,0.083061,vapor
900.0,7.0,1.6901,0.59169,60.288,67.749,148.9,31.776,40.246,723.24,0.32235,33.704,0.083068,vapor
900.0,7.1,1.7143,0.58333,60.287,67.748,148.78,31.778,40.25,723.23,0.32234,33.704,0.083075,vapor
900.0,7.2,1.7385,0.57521,60.286,67.747,148.66,31.779,40.253,723.21,0.32234,33.705,0.083082,vapor
900.0,7.3,1.7627,0.5673,60.285,67.745,148.55,31.781,40.257,723.2,0.32233,33.705,0.083089,vapor
900.0,7.4,1.7869,0.55961,60.284,67.744,148.43,31.782,40.261,723.19,0.32232,33.706,0.083096,vapor
900.0,7.5,1.8112,0.55213,60.283,67.743,148.32,31.784,40.265,723.18,0.32231,33.706,0.083103,vapor
900.0,7.6,1.8354,0.54484,60.282,67.742,148.21,31.785,40.268,723.16,0.32231,33.706,0.08311,vapor
900.0,7.7,1.8596,0.53775,60.281,67.74,148.1,31.787,40.272,723.15,0.3223,33.707,0.083117,vapor
900.0,7.8,1.8838,0.53083,60.28,67.739,147.99,31.788,40.276,723.14,0.32229,33.707,0.083125,vapor
900.0,7.9,1.9081,0.52409,60.279,67.738,147.88,31.79,40.279,723.12,0.32228,33.708,0.083132,vapor
900.0,8.0,1.9323,0.51752,60.278,67.736,147.78,31.791,40.283,723.11,0.32228,33.708,0.083139,vapor
900.0,8.1,1.9565,0.51111,60.277,67.735,147.67,31.793,40.287,723.1,0.32227,33.708,0.083146,vapor
900.0,8.2,1.9808,0.50485,60.276,67.734,147.57,31.794,40.291,723.08,0.32226,33.709,0.083153,vapor
900.0,8.3,2.005,0.49875,60.275,67.733,147.47,31.796,40.294,723.07,0.32225,33.709,0.08316,vapor
900.0,8.4,2.0293,0.49279,60.274,67.731,147.37,31.797,40.298,723.06,0.32224,33.71,0.083167,vapor
900.0,8.5,2.0535,0.48697,60.273,67.73,147.27,31.799,40.302,723.04,0.32224,33.71,0.083174,vapor
900.0,8.6,2.0777,0.48129,60.272,67.729,147.17,31.8,40.306,723.03,0.32223,33.711,0.083181,vapor
900.0,8.7,2.102,0.47574,60.271,67.727,147.07,31.802,40.309,723.02,0.32222,33.711,0.083188,vapor
900.0,8.8,2.1262,0.47032,60.27,67.726,146.98,31.803,40.313,723.0,0.32221,33.711,0.083196,vapor
900.0,8.9,2.1505,0.46501,60.269,67.725,146.88,31.805,40.317,722.99,0.32221,33.712,0.083203,vapor
900.0,9.0,2.1747,0.45983,60.268,67.723,146.79,31.806,40.321,722.98,0.3222,33.712,0.08321,vapor
900.0,9.1,2.199,0.45475,60.267,67.722,146.69,31.808,40.324,722.97,0.32219,33.713,0.083217,vapor
900.0,9.2,2.2232,0.44979,60.266,67.721,146.6,31.809,40.328,722.95,0.32218,33.713,0.083224,vapor
900.0,9.3,2.2475,0.44494,60.265,67.72,146.51,31.811,40.332,722.94,0.32217,33.713,0.083231,vapor
900.0,9.4,2.2718,0.44019,60.264,67.718,146.42,31.812,40.336,722.93,0.32217,33.714,0.083238,vapor
900.0,9.5,2.296,0.43554,60.263,67.717,146.33,31.814,40.339,722.91,0.32216,33.714,0.083245,vapor
900.0,9.6,2.3203,0.43098,60.262,67.716,146.24,31.815,40.343,722.9,0.32215,33.715,0.083252,vapor
900.0,9.7,2.3446,0.42652,60.261,67.714,146.16,31.817,40.347,722.89,0.32214,33.715,0.083259,vapor
900.0,9.8,2.3688,0.42215,60.26,67.713,146.07,31.818,40.351,722.87,0.32214,33.715,0.083267,vapor
900.0,9.9,2.3931,0.41787,60.259,67.712,145.98,31.82,40.354,722.86,0.32213,33.716,0.083274,vapor
900.0,10.0,2.4174,0.41367,60.258,67.71,145.9,31.821,40.358,722.85,0.32212,33.716,0.083281,vapor
900.0,11.0,2.6602,0.37591,60.248,67.697,145.1,31.836,40.396,722.72,0.32204,33.72,0.083352,vapor
900.0,12.0,2.9032,0.34444,60.238,67.684,144.36,31.851,40.433,722.58,0.32196,33.725,0.083424,vapor
900.0,13.0,3.1465,0.31782,60.228,67.671,143.68,31.866,40.471,722.45,0.32188,33.729,0.083495,vapor
900.0,14.0,3.3899,0.295,60.218,67.658,143.06,31.881,40.509,722.32,0.3218,33.733,0.083567,vapor
900.0,15.0,3.6335,0.27522,60.208,67.645,142.47,31.896,40.547,722.19,0.32172,33.737,0.083639,vapor
900.0,16.0,3.8773,0.25791,60.198,67.632,141.92,31.911,40.585,722.06,0.32164,33.741,0.083711,vapor
900.0,17.0,4.1214,0.24264,60.188,67.619,141.41,31.926,40.623,721.93,0.32156,33.746,0.083783,vapor
900.0,18.0,4.3656,0.22906,60.178,67.606,140.92,31.941,40.661,721.8,0.32148,33.75,0.083856,vapor
900.0,19.0,4.6101,0.21692,60.168,67.593,140.46,31.956,40.699,721.66,0.32139,33.754,0.083929,vapor
900.0,20.0,4.8547,0.20599,60.158,67.58,140.02,31.971,40.737,721.53,0.32131,33.759,0.084001,vapor
900.0,21.0,5.0996,0.1961,60.148,67.567,139.61,31.987,40.776,721.4,0.32123,33.763,0.084074,vapor
900.0,22.0,5.3446,0.1871,60.138,67.554,139.21,32.002,40.814,721.27,0.32114,33.768,0.084148,vapor
900.0,23.0,5.5899,0.1789,60.128,67.541,138.83,32.017,40.853,721.14,0.32106,33.772,0.084221,vapor
900.0,24.0,5.8353,0.17137,60.118,67.528,138.46,32.032,40.891,721.0,0.32097,33.777,0.084294,vapor
900.0,25.0,6.081,0.16445,60.108,67.514,138.11,32.047,40.93,720.87,0.32089,33.781,0.084368,vapor
900.0,26.0,6.3269,0.15806,60.098,67.501,137.78,32.062,40.969,720.74,0.3208,33.786,0.084442,vapor
900.0,27.0,6.573,0.15214,60.088,67.488,137.45,32.077,41.007,720.61,0.32071,33.79,0.084516,vapor
900.0,28.0,6.8192,0.14664,60.078,67.475,137.14,32.093,41.046,720.48,0.32062,33.795,0.08459,vapor
900.0,29.0,7.0657,0.14153,60.068,67.462,136.83,32.108,41.085,720.35,0.32054,33.799,0.084665,vapor
900.0,30.0,7.3124,0.13675,60.058,67.449,136.54,32.123,41.124,720.21,0.32045,33.804,0.084739,vapor
900.0,31.0,7.5594,0.13229,60.048,67.435,136.26,32.138,41.163,720.08,0.32036,33.809,0.084814,vapor
900.0,32.0,7.8065,0.1281,60.038,67.422,135.98,32.154,41.203,719.95,0.32027,33.813,0.084889,vapor
900.0,33.0,8.0538,0.12416,60.027,67.409,135.72,32.169,41.242,719.82,0.32018,33.818,0.084964,vapor
900.0,34.0,8.3013,0.12046,60.017,67.396,135.46,32.184,41.281,719.69,0.32009,33.823,0.085039,vapor
900.0,35.0,8.5491,0.11697,60.007,67.383,135.2,32.199,41.321,719.55,0.32,33.828,0.085115,vapor
900.0,36.0,8.7971,0.11367,59.997,67.369,134.96,32.215,41.36,719.42,0.3199,33.833,0.08519,vapor
900.0,37.0,9.0452,0.11056,59.987,67.356,134.72,32.23,41.4,719.29,0.31981,33.837,0.085266,vapor
900.0,38.0,9.2936,0.1076,59.977,67.343,134.49,32.245,41.44,719.16,0.31972,33.842,0.085342,vapor
900.0,39.0,9.5422,0.1048,59.967,67.33,134.26,32.261,41.479,719.02,0.31962,33.847,0.085418,vapor
900.0,40.0,9.791,0.10213,59.956,67.316,134.04,32.276,41.519,718.89,0.31953,33.852,0.085494,vapor
900.0,41.0,10.04,0.099601,59.946,67.303,133.82,32.291,41.559,718.76,0.31944,33.857,0.085571,vapor
900.0,42.0,10.289,0.097189,59.936,67.29,133.61,32.307,41.599,718.63,0.31934,33.862,0.085648,vapor
900.0,43.0,10.539,0.094888,59.926,67.277,133.4,32.322,41.639,718.5,0.31924,33.867,0.085724,vapor
900.0,44.0,10.788,0.092693,59.916,67.263,133.2,32.338,41.68,718.36,0.31915,33.872,0.085802,vapor
900.0,45.0,11.038,0.090594,59.906,67.25,133.0,32.353,41.72,718.23,0.31905,33.877,0.085879,vapor
900.0,46.0,11.288,0.088587,59.895,67.237,132.81,32.368,41.76,718.1,0.31895,33.882,0.085956,vapor
900.0,47.0,11.539,0.086666,59.885,67.223,132.62,32.384,41.801,717.97,0.31886,33.887,0.086034,vapor
900.0,48.0,11.789,0.084824,59.875,67.21,132.43,32.399,41.841,717.83,0.31876,33.893,0.086112,vapor
900.0,49.0,12.04,0.083058,59.865,67.197,132.25,32.415,41.882,717.7,0.31866,33.898,0.08619,vapor
900.0,50.0,12.291,0.081362,59.855,67.183,132.07,32.43,41.922,717.57,0.31856,33.903,0.086268,vapor
900.0,51.0,12.542,0.079732,59.844,67.17,131.89,32.446,41.963,717.44,0.31846,33.908,0.086346,vapor
900.0,52.0,12.793,0.078166,59.834,67.157,131.72,32.461,42.004,717.31,0.31836,33.913,0.086425,vapor
900.0,53.0,13.045,0.076658,59.824,67.143,131.55,32.477,42.045,717.17,0.31826,33.919,0.086503,vapor
900.0,54.0,13.297,0.075206,59.814,67.13,131.38,32.492,42.086,717.04,0.31816,33.924,0.086582,vapor
900.0,55.0,13.549,0.073807,59.803,67.116,131.22,32.508,42.127,716.91,0.31805,33.929,0.086661,vapor
900.0,56.0,13.801,0.072458,59.793,67.103,131.06,32.523,42.168,716.78,0.31795,33.935,0.086741,vapor
900.0,57.0,14.054,0.071157,59.783,67.09,130.9,32.539,42.209,716.64,0.31785,33.94,0.08682,vapor
900.0,58.0,14.306,0.0699,59.772,67.076,130.74,32.554,42.251,716.51,0.31774,33.946,0.0869,vapor
900.0,59.0,14.559,0.068686,59.762,67.063,130.59,32.57,42.292,716.38,0.31764,33.951,0.086979,vapor
900.0,60.0,14.812,0.067512,59.752,67.049,130.44,32.586,42.334,716.25,0.31753,33.957,0.087059,vapor
900.0,61.0,15.066,0.066376,59.742,67.036,130.29,32.601,42.375,716.12,0.31743,33.962,0.08714,vapor
900.0,62.0,15.319,0.065278,59.731,67.022,130.14,32.617,42.417,715.98,0.31732,33.968,0.08722,vapor
900.0,63.0,15.573,0.064214,59.721,67.009,130.0,32.632,42.459,715.85,0.31721,33.973,0.087301,vapor
900.0,64.0,15.827,0.063183,59.711,66.995,129.86,32.648,42.501,715.72,0.31711,33.979,0.087381,vapor
900.0,65.0,16.081,0.062184,59.7,66.982,129.71,32.664,42.542,715.59,0.317,33.985,0.087462,vapor
900.0,66.0,16.336,0.061216,59.69,66.969,129.58,32.679,42.584,715.45,0.31689,33.99,0.087544,vapor
900.0,67.0,16.59,0.060276,59.68,66.955,129.44,32.695,42.627,715.32,0.31678,33.996,0.087625,vapor
900.0,68.0,16.845,0.059364,59.669,66.941,129.3,32.711,42.669,715.19,0.31667,34.002,0.087707,vapor
900.0,69.0,17.1,0.058478,59.659,66.928,129.17,32.727,42.711,715.06,0.31656,34.008,0.087788,vapor
900.0,70.0,17.356,0.057618,59.648,66.914,129.04,32.742,42.753,714.93,0.31645,34.013,0.08787,vapor
900.0,71.0,17.611,0.056782,59.638,66.901,128.91,32.758,42.796,714.79,0.31634,34.019,0.087952,vapor
900.0,72.0,17.867,0.055969,59.628,66.887,128.78,32.774,42.838,714.66,0.31623,34.025,0.088035,vapor
900.0,73.0,18.123,0.055178,59.617,66.874,128.66,32.789,42.881,714.53,0.31612,34.031,0.088117,vapor
900.0,74.0,18.379,0.054409,59.607,66.86,128.53,32.805,42.923,714.4,0.31601,34.037,0.0882,vapor
900.0,75.0,18.636,0.05366,59.596,66.847,128.41,32.821,42.966,714.27,0.31589,34.043,0.088283,vapor
900.0,76.0,18.893,0.052931,59.586,66.833,128.29,32.837,43.009,714.14,0.31578,34.049,0.088366,vapor
900.0,77.0,19.15,0.052221,59.576,66.82,128.17,32.853,43.052,714.0,0.31567,34.055,0.088449,vapor
900.0,78.0,19.407,0.051529,59.565,66.806,128.05,32.868,43.095,713.87,0.31555,34.061,0.088533,vapor
900.0,79.0,19.664,0.050854,59.555,66.792,127.93,32.884,43.138,713.74,0.31544,34.067,0.088616,vapor
900.0,80.0,19.922,0.050196,59.544,66.779,127.81,32.9,43.181,713.61,0.31532,34.073,0.0887,vapor
900.0,81.0,20.18,0.049555,59.534,66.765,127.7,32.916,43.224,713.48,0.3152,34.079,0.088784,vapor
900.0,82.0,20.438,0.048929,59.523,66.751,127.59,32.932,43.268,713.35,0.31509,34.085,0.088869,vapor
900.0,83.0,20.696,0.048319,59.513,66.738,127.47,32.947,43.311,713.21,0.31497,34.091,0.088953,vapor
900.0,84.0,20.955,0.047722,59.502,66.724,127.36,32.963,43.355,713.08,0.31485,34.097,0.089038,vapor
900.0,85.0,21.213,0.04714,59.492,66.711,127.25,32.979,43.398,712.95,0.31473,34.104,0.089123,vapor
900.0,86.0,21.472,0.046572,59.481,66.697,127.14,32.995,43.442,712.82,0.31462,34.11,0.089208,vapor
900.0,87.0,21.732,0.046016,59.471,66.683,127.03,33.011,43.486,712.69,0.3145,34.116,0.089293,vapor
900.0,88.0,21.991,0.045473,59.46,66.67,126.93,33.027,43.529,712.56,0.31438,34.123,0.089379,vapor
900.0,89.0,22.251,0.044942,59.45,66.656,126.82,33.043,43.573,712.42,0.31426,34.129,0.089464,vapor
900.0,90.0,22.511,0.044423,59.439,66.642,126.72,33.059,43.617,712.29,0.31413,34.135,0.08955,vapor
900.0,91.0,22.771,0.043916,59.429,66.628,126.61,33.075,43.662,712.16,0.31401,34.142,0.089636,vapor
900.0,92.0,23.031,0.043419,59.418,66.615,126.51,33.091,43.706,712.03,0.31389,34.148,0.089723,vapor
900.0,93.0,23.292,0.042933,59.408,66.601,126.41,33.107,43.75,711.9,0.31377,34.155,0.089809,vapor
900.0,94.0,23.553,0.042458,59.397,66.587,126.31,33.123,43.794,711.77,0.31364,34.161,0.089896,vapor
900.0,95.0,23.814,0.041992,59.387,66.574,126.21,33.139,43.839,711.64,0.31352,34.168,0.089983,vapor
900.0,96.0,24.075,0.041537,59.376,66.56,126.11,33.155,43.883,711.51,0.3134,34.174,0.09007,vapor
900.0,97.0,24.337,0.04109,59.366,66.546,126.01,33.171,43.928,711.38,0.31327,34.181,0.090157,vapor
900.0,98.0,24.599,0.040653,59.355,66.532,125.92,33.187,43.973,711.25,0.31315,34.187,0.090245,vapor
900.0,99.0,24.861,0.040224,59.344,66.518,125.82,33.203,44.017,711.11,0.31302,34.194,0.090332,vapor
900.0,100.0,25.123,0.039804,59.334,66.505,125.72,33.219,44.062,710.98,0.31289,34.201,0.09042,vapor
900.0,200.0,52.615,0.019006,58.237,65.085,118.73,34.861,48.989,698.45,0.29764,35.028,0.10035,vapor
900.0,300.0,82.84,0.012072,57.07,63.594,114.06,36.54,54.781,687.91,0.27754,36.195,0.1129,vapor
900.0,300.0,82.84,0.012072,57.07,63.594,114.06,36.54,54.781,687.91,0.27754,36.195,0.1129,supercritical
900.0,300.0,82.84,0.012072,57.07,63.594,114.06,36.54,54.781,687.91,0.27754,36.195,0.1129,supercritical
900.0,400.0,116.01,0.0086201,55.842,62.054,110.31,38.179,61.308,680.82,0.2535,37.735,0.12858,supercritical
900.0,500.0,152.03,0.0065775,54.575,60.499,107.08,39.696,68.223,678.6,0.22688,39.66,0.14775,supercritical
900.0,600.0,190.4,0.0052522,53.297,58.974,104.21,41.017,74.936,682.42,0.19929,41.945,0.17034,supercritical
900.0,700.0,230.08,0.0043463,52.048,57.529,101.65,42.096,80.708,693.11,0.17216,44.515,0.19567,supercritical
900.0,800.0,269.72,0.0037075,50.866,56.209,99.378,42.922,84.895,710.92,0.1467,47.255,0.22252,supercritical
900.0,900.0,307.92,0.0032476,49.78,55.045,97.392,43.518,87.262,735.39,0.12381,50.04,0.24947,supercritical
900.0,1000.0,343.61,0.0029102,48.805,54.048,95.669,43.932,88.057,765.3,0.10399,52.771,0.27539,supercritical
900.0,1100.0,376.27,0.0026576,47.942,53.209,94.18,44.219,87.769,799.03,0.087322,55.385,0.29966,supercritical
900.0,1200.0,405.82,0.0024641,47.181,52.508,92.89,44.42,86.867,834.99,0.073527,57.86,0.32209,supercritical
900.0,1300.0,432.47,0.0023123,46.509,51.924,91.764,44.569,85.683,871.84,0.062194,60.194,0.34277,supercritical
900.0,1400.0,456.53,0.0021905,45.911,51.436,90.771,44.685,84.417,908.63,0.052877,62.398,0.3619,supercritical
900.0,1500.0,478.34,0.0020906,45.377,51.026,89.887,44.782,83.167,944.79,0.045168,64.486,0.37971,supercritical
900.0,1600.0,498.23,0.0020071,44.895,50.68,89.094,44.867,81.978,980.02,0.038727,66.471,0.39639,supercritical
900.0,1700.0,516.47,0.0019362,44.458,50.388,88.374,44.946,80.864,1014.2,0.033285,68.367,0.41213,supercritical
900.0,1800.0,533.29,0.0018752,44.059,50.139,87.717,45.022,79.826,1047.2,0.028638,70.183,0.42708,supercritical
900.0,1900.0,548.87,0.0018219,43.692,49.928,87.112,45.096,78.863,1079.0,0.02463,71.928,0.44134,supercritical
900.0,2000.0,563.38,0.001775,43.354,49.749,86.553,45.168,77.97,1109.8,0.021142,73.609,0.45502,supercritical
900.0,2100.0,576.94,0.0017333,43.04,49.597,86.034,45.24,77.142,1139.5,0.018081,75.231,0.4682,supercritical
900.0,2200.0,589.67,0.0016959,42.748,49.469,85.548,45.312,76.373,1168.2,0.015376,76.799,0.48093,supercritical
900.0,2300.0,601.67,0.001662,42.475,49.362,85.093,45.383,75.659,1196.0,0.012968,78.318,0.49327,supercritical
900.0,2400.0,613.01,0.0016313,42.219,49.272,84.664,45.454,74.993,1222.9,0.010813,79.789,0.50527,supercritical
900.0,2500.0,623.75,0.0016032,41.978,49.199,84.258,45.525,74.373,1249.1,0.0088717,81.217,0.51696,supercritical
900.0,2600.0,633.97,0.0015774,41.751,49.14,83.874,45.595,73.794,1274.5,0.0071158,82.602,0.52836,supercritical
900.0,2700.0,643.7,0.0015535,41.537,49.093,83.51,45.665,73.252,1299.2,0.0055202,83.948,0.53951,supercritical
900.0,2800.0,652.99,0.0015314,41.334,49.058,83.162,45.734,72.744,1323.2,0.0040644,85.256,0.55043,supercritical
900.0,2900.0,661.88,0.0015108,41.141,49.034,82.83,45.802,72.268,1346.7,0.0027316,86.527,0.56113,supercritical
900.0,3000.0,670.4,0.0014916,40.957,49.019,82.513,45.87,71.821,1369.6,0.0015074,87.763,0.57163,supercritical
900.0,3100.0,678.58,0.0014737,40.782,49.012,82.209,45.937,71.401,1392.0,0.00037963,88.965,0.58195,supercritical
900.0,3200.0,686.45,0.0014568,40.615,49.013,81.917,46.004,71.006,1413.8,-0.00066213,90.134,0.59209,supercritical
900.0,3300.0,694.03,0.0014409,40.455,49.021,81.636,46.069,70.633,1435.2,-0.0016268,91.27,0.60207,supercritical
900.0,3400.0,701.35,0.0014258,40.302,49.036,81.365,46.134,70.282,1456.1,-0.0025221,92.375,0.61189,supercritical
900.0,3500.0,708.41,0.0014116,40.156,49.056,81.104,46.198,69.95,1476.6,-0.0033547,93.45,0.62158,supercritical
900.0,3600.0,715.24,0.0013981,40.015,49.083,80.852,46.262,69.637,1496.7,-0.0041307,94.494,0.63112,supercritical
900.0,3700.0,721.85,0.0013853,39.88,49.114,80.608,46.324,69.34,1516.5,-0.0048551,95.51,0.64054,supercritical
900.0,3800.0,728.26,0.0013731,39.75,49.15,80.372,46.386,69.059,1535.8,-0.0055325,96.496,0.64983,supercritical
900.0,3900.0,734.48,0.0013615,39.624,49.19,80.143,46.447,68.793,1554.8,-0.0061669,97.455,0.659,supercritical
900.0,4000.0,740.52,0.0013504,39.503,49.235,79.921,46.507,68.54,1573.4,-0.0067621,98.386,0.66806,supercritical
900.0,4100.0,746.39,0.0013398,39.387,49.283,79.705,46.567,68.3,1591.7,-0.0073212,99.29,0.67701,supercritical
900.0,4200.0,752.1,0.0013296,39.274,49.334,79.496,46.625,68.072,1609.7,-0.0078471,100.17,0.68585,supercritical
900.0,4300.0,757.66,0.0013198,39.165,49.39,79.292,46.683,67.856,1627.4,-0.0083424,101.02,0.6946,supercritical
900.0,4400.0,763.08,0.0013105,39.06,49.448,79.093,46.74,67.649,1644.8,-0.0088095,101.85,0.70325,supercritical
900.0,4500.0,768.37,0.0013015,38.958,49.509,78.899,46.797,67.453,1661.9,-0.0092504,102.65,0.7118,supercritical
900.0,4600.0,773.52,0.0012928,38.859,49.572,78.71,46.852,67.265,1678.7,-0.0096672,103.42,0.72027,supercritical
900.0,4700.0,778.56,0.0012844,38.763,49.639,78.526,46.907,67.086,1695.2,-0.010061,104.17,0.72865,supercritical
900.0,4800.0,783.48,0.0012764,38.67,49.707,78.346,46.962,66.916,1711.6,-0.010435,104.9,0.73694,supercritical
900.0,4900.0,788.29,0.0012686,38.58,49.778,78.17,47.015,66.752,1727.6,-0.010789,105.6,0.74515,supercritical
900.0,5000.0,792.99,0.001261,38.492,49.851,77.998,47.068,66.596,1743.4,-0.011124,106.28,0.75328,supercritical
1000.0,0.1,0.021668,46.151,63.588,71.902,188.58,32.954,41.27,760.23,0.2389,37.611,0.095812,vapor
1000.0,0.2,0.043337,23.075,63.587,71.901,182.81,32.955,41.272,760.22,0.23889,37.612,0.095819,vapor
1000.0,0.3,0.065008,15.383,63.586,71.9,179.44,32.956,41.275,760.22,0.23889,37.612,0.095826,vapor
1000.0,0.4,0.086679,11.537,63.585,71.899,177.05,32.957,41.277,760.21,0.23888,37.613,0.095834,vapor
1000.0,0.5,0.10835,9.2292,63.584,71.898,175.19,32.958,41.28,760.2,0.23887,37.613,0.095841,vapor
1000.0,0.6,0.13003,7.6908,63.584,71.897,173.68,32.959,41.282,760.2,0.23887,37.613,0.095848,vapor
1000.0,0.7,0.1517,6.5919,63.583,71.896,172.39,32.96,41.285,760.19,0.23886,37.614,0.095855,vapor
1000.0,0.8,0.17338,5.7678,63.582,71.895,171.28,32.961,41.288,760.18,0.23886,37.614,0.095862,vapor
1000.0,0.9,0.19505,5.1268,63.581,71.894,170.3,32.962,41.29,760.17,0.23885,37.615,0.09587,vapor
1000.0,1.0,0.21673,4.614,63.581,71.893,169.43,32.963,41.293,760.17,0.23885,37.615,0.095877,vapor
1000.0,1.1,0.23841,4.1944,63.58,71.892,168.63,32.964,41.295,760.16,0.23884,37.616,0.095884,vapor
1000.0,1.2,0.26009,3.8448,63.579,71.891,167.91,32.965,41.298,760.15,0.23884,37.616,0.095891,vapor
1000.0,1.3,0.28177,3.549,63.578,71.89,167.24,32.966,41.3,760.14,0.23883,37.616,0.095899,vapor
1000.0,1.4,0.30345,3.2954,63.577,71.889,166.62,32.967,41.303,760.14,0.23883,37.617,0.095906,vapor
1000.0,1.5,0.32514,3.0756,63.577,71.888,166.05,32.968,41.305,760.13,0.23882,37.617,0.095913,vapor
1000.0,1.6,0.34682,2.8833,63.576,71.887,165.51,32.969,41.308,760.12,0.23882,37.618,0.09592,vapor
1000.0,1.7,0.36851,2.7136,63.575,71.886,165.01,32.97,41.31,760.11,0.23881,37.618,0.095928,vapor
1000.0,1.8,0.3902,2.5628,63.574,71.885,164.53,32.971,41.313,760.11,0.23881,37.619,0.095935,vapor
1000.0,1.9,0.41188,2.4279,63.574,71.884,164.08,32.972,41.315,760.1,0.2388,37.619,0.095942,vapor
1000.0,2.0,0.43357,2.3064,63.573,71.883,163.65,32.973,41.318,760.09,0.2388,37.62,0.095949,vapor
1000.0,2.1,0.45526,2.1965,63.572,71.882,163.25,32.974,41.32,760.08,0.23879,37.62,0.095957,vapor
1000.0,2.2,0.47696,2.0966,63.571,71.881,162.86,32.974,41.323,760.08,0.23879,37.62,0.095964,vapor
1000.0,2.3,0.49865,2.0054,63.57,71.88,162.49,32.975,41.326,760.07,0.23878,37.621,0.095971,vapor
1000.0,2.4,0.52034,1.9218,63.57,71.879,162.14,32.976,41.328,760.06,0.23878,37.621,0.095979,vapor
1000.0,2.5,0.54204,1.8449,63.569,71.878,161.8,32.977,41.331,760.05,0.23877,37.622,0.095986,vapor
1000.0,2.6,0.56373,1.7739,63.568,71.877,161.47,32.978,41.333,760.05,0.23877,37.622,0.095993,vapor
1000.0,2.7,0.58543,1.7082,63.567,71.876,161.15,32.979,41.336,760.04,0.23876,37.623,0.096,vapor
1000.0,2.8,0.60713,1.6471,63.567,71.875,160.85,32.98,41.338,760.03,0.23876,37.623,0.096008,vapor
1000.0,2.9,0.62883,1.5903,63.566,71.874,160.56,32.981,41.341,760.03,0.23875,37.623,0.096015,vapor
1000.0,3.0,0.65053,1.5372,63.565,71.873,160.28,32.982,41.343,760.02,0.23875,37.624,0.096022,vapor
1000.0,3.1,0.67223,1.4876,63.564,71.872,160.0,32.983,41.346,760.01,0.23874,37.624,0.096029,vapor
1000.0,3.2,0.69393,1.4411,63.563,71.871,159.74,32.984,41.348,760.0,0.23873,37.625,0.096037,vapor
1000.0,3.3,0.71563,1.3974,63.563,71.87,159.48,32.985,41.351,760.0,0.23873,37.625,0.096044,vapor
1000.0,3.4,0.73734,1.3562,63.562,71.869,159.23,32.986,41.353,759.99,0.23872,37.626,0.096051,vapor
1000.0,3.5,0.75904,1.3174,63.561,71.868,158.99,32.987,41.356,759.98,0.23872,37.626,0.096058,vapor
1000.0,3.6,0.78075,1.2808,63.56,71.867,158.75,32.988,41.358,759.97,0.23871,37.627,0.096066,vapor
1000.0,3.7,0.80246,1.2462,63.56,71.866,158.53,32.989,41.361,759.97,0.23871,37.627,0.096073,vapor
1000.0,3.8,0.82417,1.2133,63.559,71.865,158.3,32.99,41.364,759.96,0.2387,37.627,0.09608,vapor
1000.0,3.9,0.84588,1.1822,63.558,71.864,158.09,32.991,41.366,759.95,0.2387,37.628,0.096088,vapor
1000.0,4.0,0.86759,1.1526,63.557,71.863,157.88,32.992,41.369,759.94,0.23869,37.628,0.096095,vapor
1000.0,4.1,0.8893,1.1245,63.557,71.862,157.67,32.993,41.371,759.94,0.23869,37.629,0.096102,vapor
1000.0,4.2,0.91102,1.0977,63.556,71.861,157.47,32.994,41.374,759.93,0.23868,37.629,0.096109,vapor
1000.0,4.3,0.93273,1.0721,63.555,71.86,157.27,32.995,41.376,759.92,0.23868,37.63,0.096117,vapor
1000.0,4.4,0.95445,1.0477,63.554,71.859,157.08,32.996,41.379,759.91,0.23867,37.63,0.096124,vapor
1000.0,4.5,0.97616,1.0244,63.553,71.858,156.89,32.997,41.381,759.91,0.23867,37.631,0.096131,vapor
1000.0,4.6,0.99788,1.0021,63.553,71.857,156.71,32.998,41.384,759.9,0.23866,37.631,0.096139,vapor
1000.0,4.7,1.0196,0.98078,63.552,71.856,156.53,32.999,41.386,759.89,0.23866,37.631,0.096146,vapor
1000.0,4.8,1.0413,0.96032,63.551,71.855,156.35,33.0,41.389,759.89,0.23865,37.632,0.096153,vapor
1000.0,4.9,1.063,0.9407,63.55,71.854,156.18,33.001,41.392,759.88,0.23865,37.632,0.09616,vapor
1000.0,5.0,1.0848,0.92186,63.55,71.853,156.01,33.002,41.394,759.87,0.23864,37.633,0.096168,vapor
1000.0,5.1,1.1065,0.90376,63.549,71.852,155.85,33.003,41.397,759.86,0.23863,37.633,0.096175,vapor
1000.0,5.2,1.1282,0.88636,63.548,71.851,155.69,33.004,41.399,759.86,0.23863,37.634,0.096182,vapor
1000.0,5.3,1.1499,0.86961,63.547,71.85,155.53,33.005,41.402,759.85,0.23862,37.634,0.09619,vapor
1000.0,5.4,1.1717,0.85349,63.546,71.849,155.37,33.006,41.404,759.84,0.23862,37.635,0.096197,vapor
1000.0,5.5,1.1934,0.83795,63.546,71.848,155.22,33.007,41.407,759.83,0.23861,37.635,0.096204,vapor
1000.0,5.6,1.2151,0.82296,63.545,71.847,155.07,33.008,41.409,759.83,0.23861,37.635,0.096212,vapor
1000.0,5.7,1.2369,0.8085,63.544,71.846,154.92,33.009,41.412,759.82,0.2386,37.636,0.096219,vapor
1000.0,5.8,1.2586,0.79454,63.543,71.845,154.77,33.01,41.414,759.81,0.2386,37.636,0.096226,vapor
1000.0,5.9,1.2803,0.78106,63.543,71.844,154.63,33.011,41.417,759.8,0.23859,37.637,0.096233,vapor
1000.0,6.0,1.302,0.76802,63.542,71.843,154.49,33.012,41.42,759.8,0.23859,37.637,0.096241,vapor
1000.0,6.1,1.3238,0.75541,63.541,71.842,154.35,33.013,41.422,759.79,0.23858,37.638,0.096248,vapor
1000.0,6.2,1.3455,0.74321,63.54,71.841,154.21,33.014,41.425,759.78,0.23858,37.638,0.096255,vapor
1000.0,6.3,1.3673,0.73139,63.539,71.84,154.08,33.015,41.427,759.77,0.23857,37.639,0.096263,vapor
1000.0,6.4,1.389,0.71995,63.539,71.839,153.95,33.016,41.43,759.77,0.23857,37.639,0.09627,vapor
1000.0,6.5,1.4107,0.70885,63.538,71.838,153.82,33.017,41.432,759.76,0.23856,37.64,0.096277,vapor
1000.0,6.6,1.4325,0.69809,63.537,71.838,153.69,33.018,41.435,759.75,0.23856,37.64,0.096285,vapor
1000.0,6.7,1.4542,0.68766,63.536,71.837,153.57,33.019,41.437,759.75,0.23855,37.64,0.096292,vapor
1000.0,6.8,1.476,0.67753,63.536,71.836,153.44,33.02,41.44,759.74,0.23854,37.641,0.096299,vapor
1000.0,6.9,1.4977,0.66769,63.535,71.835,153.32,33.021,41.442,759.73,0.23854,37.641,0.096307,vapor
1000.0,7.0,1.5194,0.65813,63.534,71.834,153.2,33.022,41.445,759.72,0.23853,37.642,0.096314,vapor
1000.0,7.1,1.5412,0.64885,63.533,71.833,153.08,33.023,41.448,759.72,0.23853,37.642,0.096321,vapor
1000.0,7.2,1.5629,0.63982,63.532,71.832,152.96,33.024,41.45,759.71,0.23852,37.643,0.096328,vapor
1000.0,7.3,1.5847,0.63104,63.532,71.831,152.85,33.025,41.453,759.7,0.23852,37.643,0.096336,vapor
1000.0,7.4,1.6064,0.6225,63.531,71.83,152.73,33.025,41.455,759.69,0.23851,37.644,0.096343,vapor
1000.0,7.5,1.6282,0.61418,63.53,71.829,152.62,33.026,41.458,759.69,0.23851,37.644,0.09635,vapor
1000.0,7.6,1.6499,0.60608,63.529,71.828,152.51,33.027,41.46,759.68,0.2385,37.644,0.096358,vapor
1000.0,7.7,1.6717,0.5982,63.529,71.827,152.4,33.028,41.463,759.67,0.2385,37.645,0.096365,vapor
1000.0,7.8,1.6934,0.59051,63.528,71.826,152.29,33.029,41.465,759.66,0.23849,37.645,0.096372,vapor
1000.0,7.9,1.7152,0.58302,63.527,71.825,152.19,33.03,41.468,759.66,0.23849,37.646,0.09638,vapor
1000.0,8.0,1.737,0.57572,63.526,71.824,152.08,33.031,41.471,759.65,0.23848,37.646,0.096387,vapor
1000.0,8.1,1.7587,0.5686,63.525,71.823,151.98,33.032,41.473,759.64,0.23847,37.647,0.096394,vapor
1000.0,8.2,1.7805,0.56165,63.525,71.822,151.87,33.033,41.476,759.63,0.23847,37.647,0.096402,vapor
1000.0,8.3,1.8022,0.55487,63.524,71.821,151.77,33.034,41.478,759.63,0.23846,37.648,0.096409,vapor
1000.0,8.4,1.824,0.54825,63.523,71.82,151.67,33.035,41.481,759.62,0.23846,37.648,0.096416,vapor
1000.0,8.5,1.8457,0.54179,63.522,71.819,151.57,33.036,41.483,759.61,0.23845,37.649,0.096424,vapor
1000.0,8.6,1.8675,0.53547,63.522,71.818,151.48,33.037,41.486,759.61,0.23845,37.649,0.096431,vapor
1000.0,8.7,1.8893,0.5293,63.521,71.817,151.38,33.038,41.488,759.6,0.23844,37.649,0.096438,vapor
1000.0,8.8,1.911,0.52328,63.52,71.816,151.28,33.039,41.491,759.59,0.23844,37.65,0.096446,vapor
1000.0,8.9,1.9328,0.51738,63.519,71.815,151.19,33.04,41.494,759.58,0.23843,37.65,0.096453,vapor
1000.0,9.0,1.9546,0.51162,63.518,71.814,151.09,33.041,41.496,759.58,0.23843,37.651,0.09646,vapor
1000.0,9.1,1.9763,0.50599,63.518,71.813,151.0,33.042,41.499,759.57,0.23842,37.651,0.096468,vapor
1000.0,9.2,1.9981,0.50047,63.517,71.812,150.91,33.043,41.501,759.56,0.23842,37.652,0.096475,vapor
1000.0,9.3,2.0199,0.49508,63.516,71.811,150.82,33.044,41.504,759.55,0.23841,37.652,0.096482,vapor
1000.0,9.4,2.0417,0.4898,63.515,71.81,150.73,33.045,41.506,759.55,0.2384,37.653,0.09649,vapor
1000.0,9.5,2.0634,0.48463,63.515,71.809,150.64,33.046,41.509,759.54,0.2384,37.653,0.096497,vapor
1000.0,9.6,2.0852,0.47957,63.514,71.808,150.55,33.047,41.511,759.53,0.23839,37.654,0.096504,vapor
1000.0,9.7,2.107,0.47461,63.513,71.807,150.47,33.048,41.514,759.52,0.23839,37.654,0.096512,vapor
1000.0,9.8,2.1287,0.46976,63.512,71.806,150.38,33.049,41.517,759.52,0.23838,37.654,0.096519,vapor
1000.0,9.9,2.1505,0.465,63.511,71.805,150.3,33.05,41.519,759.51,0.23838,37.655,0.096527,vapor
1000.0,10.0,2.1723,0.46034,63.511,71.804,150.21,33.051,41.522,759.5,0.23837,37.655,0.096534,vapor
1000.0,11.0,2.3901,0.41838,63.503,71.794,149.41,33.061,41.547,759.43,0.23832,37.66,0.096607,vapor
1000.0,12.0,2.6081,0.38342,63.495,71.784,148.68,33.071,41.573,759.35,0.23826,37.665,0.096681,vapor
1000.0,13.0,2.8262,0.35384,63.487,71.774,148.01,33.081,41.599,759.28,0.23821,37.669,0.096755,vapor
1000.0,14.0,3.0443,0.32848,63.48,71.764,147.38,33.09,41.624,759.21,0.23815,37.674,0.096829,vapor
1000.0,15.0,3.2626,0.3065,63.472,71.754,146.8,33.1,41.65,759.13,0.2381,37.678,0.096903,vapor
1000.0,16.0,3.481,0.28727,63.464,71.744,146.26,33.11,41.676,759.06,0.23804,37.683,0.096977,vapor
1000.0,17.0,3.6996,0.2703,63.456,71.734,145.74,33.12,41.702,758.99,0.23799,37.688,0.097052,vapor
1000.0,18.0,3.9182,0.25522,63.448,71.725,145.26,33.13,41.727,758.91,0.23793,37.692,0.097126,vapor
1000.0,19.0,4.1369,0.24173,63.441,71.715,144.8,33.14,41.753,758.84,0.23787,37.697,0.097201,vapor
1000.0,20.0,4.3558,0.22958,63.433,71.705,144.37,33.149,41.779,758.77,0.23782,37.702,0.097275,vapor
1000.0,21.0,4.5747,0.21859,63.425,71.695,143.96,33.159,41.805,758.69,0.23776,37.707,0.09735,vapor
1000.0,22.0,4.7938,0.2086,63.417,71.685,143.56,33.169,41.831,758.62,0.2377,37.711,0.097425,vapor
1000.0,23.0,5.013,0.19948,63.409,71.675,143.18,33.179,41.857,758.55,0.23765,37.716,0.0975,vapor
1000.0,24.0,5.2323,0.19112,63.402,71.665,142.82,33.189,41.883,758.47,0.23759,37.721,0.097575,vapor
1000.0,25.0,5.4517,0.18343,63.394,71.655,142.48,33.199,41.909,758.4,0.23753,37.726,0.097651,vapor
1000.0,26.0,5.6713,0.17633,63.386,71.645,142.14,33.209,41.935,758.33,0.23747,37.731,0.097726,vapor
1000.0,27.0,5.8909,0.16975,63.378,71.635,141.82,33.219,41.961,758.25,0.23741,37.736,0.097802,vapor
1000.0,28.0,6.1107,0.16365,63.37,71.625,141.51,33.228,41.987,758.18,0.23735,37.74,0.097877,vapor
1000.0,29.0,6.3306,0.15796,63.362,71.615,141.21,33.238,42.014,758.11,0.23729,37.745,0.097953,vapor
1000.0,30.0,6.5506,0.15266,63.355,71.605,140.92,33.248,42.04,758.03,0.23723,37.75,0.098029,vapor
1000.0,31.0,6.7707,0.1477,63.347,71.595,140.64,33.258,42.066,757.96,0.23718,37.755,0.098105,vapor
1000.0,32.0,6.9909,0.14304,63.339,71.585,140.37,33.268,42.092,757.89,0.23712,37.76,0.098181,vapor
1000.0,33.0,7.2112,0.13867,63.331,71.575,140.1,33.278,42.119,757.81,0.23705,37.765,0.098258,vapor
1000.0,34.0,7.4317,0.13456,63.323,71.565,139.85,33.288,42.145,757.74,0.23699,37.77,0.098334,vapor
1000.0,35.0,7.6522,0.13068,63.315,71.555,139.6,33.298,42.171,757.67,0.23693,37.775,0.098411,vapor
1000.0,36.0,7.8729,0.12702,63.308,71.545,139.36,33.308,42.198,757.59,0.23687,37.78,0.098487,vapor
1000.0,37.0,8.0937,0.12355,63.3,71.535,139.12,33.318,42.224,757.52,0.23681,37.785,0.098564,vapor
1000.0,38.0,8.3146,0.12027,63.292,71.525,138.89,33.327,42.251,757.45,0.23675,37.79,0.098641,vapor
1000.0,39.0,8.5356,0.11716,63.284,71.515,138.67,33.337,42.277,757.37,0.23669,37.796,0.098718,vapor
1000.0,40.0,8.7568,0.1142,63.276,71.505,138.45,33.347,42.304,757.3,0.23663,37.801,0.098796,vapor
1000.0,41.0,8.978,0.11138,63.268,71.495,138.24,33.357,42.33,757.23,0.23656,37.806,0.098873,vapor
1000.0,42.0,9.1994,0.1087,63.26,71.485,138.03,33.367,42.357,757.16,0.2365,37.811,0.09895,vapor
1000.0,43.0,9.4209,0.10615,63.252,71.475,137.82,33.377,42.383,757.08,0.23644,37.816,0.099028,vapor
1000.0,44.0,9.6425,0.10371,63.245,71.465,137.63,33.387,42.41,757.01,0.23637,37.821,0.099106,vapor
1000.0,45.0,9.8642,0.10138,63.237,71.455,137.43,33.397,42.437,756.94,0.23631,37.827,0.099183,vapor
1000.0,46.0,10.086,0.099147,63.229,71.445,137.24,33.407,42.463,756.87,0.23625,37.832,0.099261,vapor
1000.0,47.0,10.308,0.097012,63.221,71.435,137.05,33.417,42.49,756.79,0.23618,37.837,0.099339,vapor
1000.0,48.0,10.53,0.094966,63.213,71.425,136.87,33.427,42.517,756.72,0.23612,37.842,0.099418,vapor
1000.0,49.0,10.752,0.093004,63.205,71.415,136.69,33.437,42.544,756.65,0.23605,37.848,0.099496,vapor
1000.0,50.0,10.975,0.09112,63.197,71.405,136.52,33.447,42.571,756.57,0.23599,37.853,0.099575,vapor
1000.0,51.0,11.197,0.08931,63.189,71.395,136.34,33.457,42.597,756.5,0.23592,37.858,0.099653,vapor
1000.0,52.0,11.419,0.08757,63.181,71.385,136.17,33.467,42.624,756.43,0.23586,37.864,0.099732,vapor
1000.0,53.0,11.642,0.085895,63.173,71.375,136.01,33.476,42.651,756.36,0.23579,37.869,0.099811,vapor
1000.0,54.0,11.865,0.084282,63.166,71.365,135.84,33.486,42.678,756.29,0.23573,37.874,0.09989,vapor
1000.0,55.0,12.088,0.082728,63.158,71.355,135.68,33.496,42.705,756.21,0.23566,37.88,0.099969,vapor
1000.0,56.0,12.311,0.08123,63.15,71.345,135.53,33.506,42.732,756.14,0.2356,37.885,0.10005,vapor
1000.0,57.0,12.534,0.079784,63.142,71.335,135.37,33.516,42.759,756.07,0.23553,37.891,0.10013,vapor
1000.0,58.0,12.757,0.078387,63.134,71.324,135.22,33.526,42.786,756.0,0.23546,37.896,0.10021,vapor
1000.0,59.0,12.98,0.077039,63.126,71.314,135.07,33.536,42.814,755.92,0.23539,37.902,0.10029,vapor
1000.0,60.0,13.204,0.075735,63.118,71.304,134.92,33.546,42.841,755.85,0.23533,37.907,0.10037,vapor
1000.0,61.0,13.428,0.074474,63.11,71.294,134.77,33.556,42.868,755.78,0.23526,37.913,0.10045,vapor
1000.0,62.0,13.651,0.073253,63.102,71.284,134.63,33.566,42.895,755.71,0.23519,37.918,0.10053,vapor
1000.0,63.0,13.875,0.072072,63.094,71.274,134.49,33.576,42.922,755.64,0.23512,37.924,0.10061,vapor
1000.0,64.0,14.099,0.070927,63.086,71.264,134.35,33.586,42.95,755.57,0.23505,37.93,0.10069,vapor
1000.0,65.0,14.323,0.069817,63.078,71.254,134.22,33.596,42.977,755.49,0.23499,37.935,0.10077,vapor
1000.0,66.0,14.547,0.068741,63.07,71.244,134.08,33.606,43.004,755.42,0.23492,37.941,0.10085,vapor
1000.0,67.0,14.772,0.067698,63.062,71.234,133.95,33.616,43.032,755.35,0.23485,37.946,0.10093,vapor
1000.0,68.0,14.996,0.066684,63.054,71.224,133.82,33.626,43.059,755.28,0.23478,37.952,0.10101,vapor
1000.0,69.0,15.221,0.065701,63.046,71.213,133.69,33.636,43.086,755.21,0.23471,37.958,0.10109,vapor
1000.0,70.0,15.445,0.064745,63.039,71.203,133.56,33.646,43.114,755.14,0.23464,37.963,0.10117,vapor
1000.0,71.0,15.67,0.063816,63.031,71.193,133.43,33.656,43.141,755.06,0.23457,37.969,0.10125,vapor
1000.0,72.0,15.895,0.062913,63.023,71.183,133.31,33.666,43.169,754.99,0.2345,37.975,0.10133,vapor
1000.0,73.0,16.12,0.062035,63.015,71.173,133.19,33.676,43.197,754.92,0.23443,37.981,0.10142,vapor
1000.0,74.0,16.345,0.061181,63.007,71.163,133.07,33.686,43.224,754.85,0.23435,37.986,0.1015,vapor
1000.0,75.0,16.57,0.060349,62.999,71.153,132.95,33.696,43.252,754.78,0.23428,37.992,0.10158,vapor
1000.0,76.0,16.796,0.059539,62.991,71.143,132.83,33.706,43.279,754.71,0.23421,37.998,0.10166,vapor
1000.0,77.0,17.021,0.058751,62.983,71.132,132.71,33.716,43.307,754.64,0.23414,38.004,0.10174,vapor
1000.0,78.0,17.247,0.057982,62.975,71.122,132.6,33.726,43.335,754.57,0.23407,38.01,0.10182,vapor
1000.0,79.0,17.472,0.057233,62.967,71.112,132.48,33.736,43.363,754.5,0.23399,38.016,0.10191,vapor
1000.0,80.0,17.698,0.056503,62.959,71.102,132.37,33.746,43.39,754.43,0.23392,38.022,0.10199,vapor
1000.0,81.0,17.924,0.05579,62.951,71.092,132.26,33.756,43.418,754.35,0.23385,38.027,0.10207,vapor
1000.0,82.0,18.15,0.055095,62.943,71.082,132.15,33.766,43.446,754.28,0.23378,38.033,0.10215,vapor
1000.0,83.0,18.377,0.054417,62.935,71.072,132.04,33.776,43.474,754.21,0.2337,38.039,0.10224,vapor
1000.0,84.0,18.603,0.053755,62.927,71.061,131.93,33.786,43.502,754.14,0.23363,38.045,0.10232,vapor
1000.0,85.0,18.829,0.053109,62.919,71.051,131.82,33.796,43.53,754.07,0.23355,38.051,0.1024,vapor
1000.0,86.0,19.056,0.052477,62.911,71.041,131.72,33.806,43.558,754.0,0.23348,38.057,0.10249,vapor
1000.0,87.0,19.283,0.05186,62.903,71.031,131.62,33.816,43.586,753.93,0.23341,38.063,0.10257,vapor
1000.0,88.0,19.509,0.051257,62.895,71.021,131.51,33.826,43.614,753.86,0.23333,38.069,0.10265,vapor
1000.0,89.0,19.736,0.050668,62.887,71.011,131.41,33.836,43.642,753.79,0.23326,38.076,0.10274,vapor
1000.0,90.0,19.963,0.050092,62.879,71.0,131.31,33.846,43.67,753.72,0.23318,38.082,0.10282,vapor
1000.0,91.0,20.191,0.049528,62.871,70.99,131.21,33.857,43.698,753.65,0.2331,38.088,0.1029,vapor
1000.0,92.0,20.418,0.048977,62.863,70.98,131.11,33.867,43.726,753.58,0.23303,38.094,0.10299,vapor
1000.0,93.0,20.645,0.048437,62.855,70.97,131.01,33.877,43.754,753.51,0.23295,38.1,0.10307,vapor
1000.0,94.0,20.873,0.047909,62.846,70.96,130.92,33.887,43.783,753.44,0.23288,38.106,0.10316,vapor
1000.0,95.0,21.101,0.047392,62.838,70.949,130.82,33.897,43.811,753.37,0.2328,38.112,0.10324,vapor
1000.0,96.0,21.328,0.046886,62.83,70.939,130.72,33.907,43.839,753.3,0.23272,38.119,0.10333,vapor
1000.0,97.0,21.556,0.04639,62.822,70.929,130.63,33.917,43.867,753.23,0.23264,38.125,0.10341,vapor
1000.0,98.0,21.784,0.045905,62.814,70.919,130.54,33.927,43.896,753.16,0.23257,38.131,0.1035,vapor
1000.0,99.0,22.012,0.045429,62.806,70.909,130.44,33.937,43.924,753.09,0.23249,38.137,0.10358,vapor
1000.0,100.0,22.241,0.044963,62.798,70.898,130.35,33.947,43.952,753.03,0.23241,38.144,0.10367,vapor
1000.0,200.0,45.696,0.021884,61.978,69.863,123.77,34.958,46.944,746.67,0.22333,38.871,0.11289,vapor
1000.0,300.0,70.42,0.0142,61.131,68.805,119.55,35.965,50.207,741.96,0.21191,39.795,0.12362,vapor
1000.0,300.0,70.42,0.0142,61.131,68.805,119.55,35.965,50.207,741.96,0.21191,39.795,0.12362,supercritical
1000.0,300.0,70.42,0.0142,61.131,68.805,119.55,35.965,50.207,741.96,0.21191,39.795,0.12362,supercritical
1000.0,400.0,96.389,0.010375,60.263,67.739,116.31,36.945,53.668,739.56,0.19856,40.911,0.13597,supercritical
1000.0,500.0,123.48,0.0080984,59.384,66.679,113.6,37.877,57.222,740.02,0.18385,42.209,0.14995,supercritical
1000.0,600.0,151.47,0.0066019,58.504,65.64,111.25,38.742,60.733,743.72,0.16841,43.668,0.16548,supercritical
1000.0,700.0,180.05,0.0055541,57.634,64.638,109.15,39.527,64.058,750.82,0.15285,45.26,0.18236,supercritical
1000.0,800.0,208.83,0.0047885,56.785,63.686,107.27,40.222,67.059,761.38,0.13762,46.954,0.20029,supercritical
1000.0,900.0,237.43,0.0042117,55.967,62.796,105.57,40.827,69.622,775.33,0.12308,48.713,0.21889,supercritical
1000.0,1000.0,265.45,0.0037673,55.188,61.975,104.04,41.345,71.678,792.5,0.10944,50.506,0.23777,supercritical
1000.0,1100.0,292.54,0.0034184,54.454,61.228,102.64,41.784,73.209,812.61,0.096853,52.303,0.25655,supercritical
1000.0,1200.0,318.44,0.0031403,53.768,60.556,101.38,42.152,74.248,835.28,0.085404,54.082,0.27495,supercritical
1000.0,1300.0,342.99,0.0029155,53.13,59.959,100.24,42.462,74.87,860.01,0.075129,55.83,0.29276,supercritical
1000.0,1400.0,366.11,0.0027314,52.541,59.43,99.202,42.723,75.164,886.29,0.066008,57.537,0.30987,supercritical
1000.0,1500.0,387.79,0.0025787,51.996,58.964,98.259,42.947,75.217,913.59,0.057978,59.199,0.32623,supercritical
1000.0,1600.0,408.1,0.0024504,51.492,58.555,97.397,43.141,75.103,941.45,0.050946,60.816,0.34186,supercritical
1000.0,1700.0,427.11,0.0023413,51.026,58.197,96.607,43.312,74.88,969.48,0.044802,62.388,0.3568,supercritical
1000.0,1800.0,444.92,0.0022476,50.594,57.882,95.88,43.464,74.59,997.4,0.039434,63.919,0.3711,supercritical
1000.0,1900.0,461.65,0.0021662,50.192,57.607,95.207,43.603,74.26,1025.0,0.034732,65.41,0.38484,supercritical
1000.0,2000.0,477.38,0.0020948,49.818,57.365,94.581,43.73,73.91,1052.1,0.030599,66.864,0.39806,supercritical
1000.0,2100.0,492.21,0.0020316,49.467,57.153,93.998,43.849,73.549,1078.7,0.026949,68.284,0.41083,supercritical
1000.0,2200.0,506.23,0.0019754,49.138,56.968,93.451,43.961,73.186,1104.7,0.023709,69.671,0.4232,supercritical
1000.0,2300.0,519.52,0.0019249,48.83,56.805,92.938,44.068,72.825,1130.1,0.020816,71.028,0.43522,supercritical
1000.0,2400.0,532.13,0.0018792,48.538,56.664,92.454,44.17,72.467,1154.9,0.018219,72.356,0.44692,supercritical
1000.0,2500.0,544.14,0.0018378,48.264,56.541,91.996,44.267,72.116,1179.1,0.015877,73.656,0.45833,supercritical
1000.0,2600.0,555.58,0.0017999,48.003,56.434,91.562,44.362,71.772,1202.8,0.013754,74.929,0.4695,supercritical
1000.0,2700.0,566.52,0.0017652,47.757,56.343,91.149,44.454,71.436,1225.9,0.011821,76.175,0.48043,supercritical
1000.0,2800.0,576.98,0.0017332,47.522,56.265,90.756,44.543,71.108,1248.4,0.010053,77.395,0.49115,supercritical
1000.0,2900.0,587.01,0.0017035,47.299,56.199,90.381,44.63,70.788,1270.5,0.0084296,78.59,0.50168,supercritical
1000.0,3000.0,596.64,0.001676,47.087,56.145,90.023,44.715,70.478,1292.2,0.0069347,79.76,0.51204,supercritical
1000.0,3100.0,605.9,0.0016504,46.884,56.101,89.679,44.798,70.176,1313.3,0.0055532,80.905,0.52224,supercritical
1000.0,3200.0,614.82,0.0016265,46.69,56.067,89.35,44.88,69.883,1334.1,0.0042728,82.025,0.53228,supercritical
1000.0,3300.0,623.41,0.0016041,46.505,56.041,89.033,44.959,69.599,1354.5,0.0030832,83.12,0.54219,supercritical
1000.0,3400.0,631.7,0.001583,46.327,56.024,88.728,45.038,69.324,1374.5,0.0019751,84.19,0.55196,supercritical
1000.0,3500.0,639.71,0.0015632,46.157,56.014,88.435,45.114,69.059,1394.2,0.00094089,85.236,0.56161,supercritical
1000.0,3600.0,647.45,0.0015445,45.994,56.011,88.152,45.19,68.802,1413.5,-2.6312e-05,86.258,0.57114,supercritical
1000.0,3700.0,654.95,0.0015268,45.837,56.014,87.879,45.264,68.553,1432.6,-0.00093242,87.255,0.58056,supercritical
1000.0,3800.0,662.22,0.0015101,45.686,56.023,87.614,45.337,68.314,1451.3,-0.0017826,88.227,0.58987,supercritical
1000.0,3900.0,669.27,0.0014942,45.54,56.038,87.359,45.408,68.083,1469.7,-0.0025816,89.176,0.59908,supercritical
1000.0,4000.0,676.11,0.0014791,45.4,56.058,87.111,45.479,67.86,1487.8,-0.0033334,90.1,0.6082,supercritical
1000.0,4100.0,682.75,0.0014647,45.265,56.083,86.871,45.548,67.645,1505.7,-0.0040417,90.999,0.61722,supercritical
1000.0,4200.0,689.21,0.0014509,45.134,56.113,86.638,45.616,67.438,1523.3,-0.0047098,91.875,0.62615,supercritical
1000.0,4300.0,695.5,0.0014378,45.008,56.147,86.412,45.684,67.239,1540.7,-0.0053406,92.726,0.635,supercritical
1000.0,4400.0,701.62,0.0014253,44.887,56.185,86.192,45.75,67.048,1557.8,-0.0059369,93.554,0.64376,supercritical
1000.0,4500.0,707.58,0.0014133,44.769,56.226,85.977,45.815,66.863,1574.6,-0.006501,94.357,0.65243,supercritical
1000.0,4600.0,713.39,0.0014018,44.655,56.271,85.769,45.879,66.686,1591.3,-0.0070351,95.137,0.66103,supercritical
1000.0,4700.0,719.06,0.0013907,44.545,56.32,85.566,45.942,66.515,1607.7,-0.0075413,95.893,0.66956,supercritical
1000.0,4800.0,724.59,0.0013801,44.438,56.372,85.368,46.004,66.351,1623.9,-0.0080214,96.626,0.67801,supercritical
1000.0,4900.0,730.0,0.0013699,44.334,56.426,85.175,46.066,66.193,1639.9,-0.0084771,97.335,0.68638,supercritical
1000.0,5000.0,735.28,0.00136,44.233,56.484,84.987,46.126,66.041,1655.7,-0.00891,98.022,0.69469,supercritical
